Name,Institution_Paid,Province,Program_Name,Competition_CD,PRC_Name,Project_Title,CIHR_Contribution,CIHR_Equipment,Term_Years,Primary_Institute,Research_Categories,Funding_Start,title_keywords,Patents,companies,companies_count,company_position,grant_id,researcher_id
,,,,,,,,,,,,1/1/2017,,,,,,316,1
"Afilalo, Jonathan",McGill University,Quebec,Proof of Principle Program - Phase I,201209PPP,Proof of Principle,Buccal Lamin A as a Novel Biomarker for Frailty,160000.0,0.0,1.0,Aging,AGING; CARDIOLOGY; CELL BIOLOGY,4/1/2013,"Buccal, Lamin A, Biomarker",2.0,,0.0,,27,2
"Agrawal, Babita",University of Alberta,Alberta,Proof of Principle Program - Phase I,201202PPP,Proof of Principle,Novel cross-protective (universal) vaccine for influenza infections,159990.0,0.0,1.0,Infection and Immunity,VIRAL; IMMUNOLOGY-TRANSPLANTATION,10/1/2012,"cross-protective, influenza, vaccine",2.0,,0.0,,28,3
"Agrawal, Babita",University of Alberta,Alberta,Proof of Principle Program - Phase I,201302PPP,Proof of Principle,New dual-mode antiviral agents for the treatment of hepatitis C virus infection,159984.0,0.0,1.0,Infection and Immunity,VIRAL; DRUG RESEARCH; VIROLOGY,10/1/2013,"antiviral agents, hepatitis C virus, infection",1.0,,0.0,,29,3
"Agrawal, Babita",University of Alberta,Alberta,Project Grant,201903PJT,Commercialization,Development of a novel universal (cross-protective) vaccine technology for influenza viruses,367200.0,0.0,3.0,Infection and Immunity,"Commercialization-Intellectual Property; Immunology and Infection-Antiviral Drug Resistance, Viral Vaccine Development and Therapeutics (including vaccines)",10/1/2019,"vaccine, influenza, cross-protective",0.0,,0.0,,30,3
"Akbari, Mohsen",University of Victoria (British Columbia),British Columbia,Project Grant,202303PJT,Commercialization,Towards commercialization of GelDerm-a smart dressing for continuous wound monitoring,332776.0,0.0,2.0,Musculoskeletal Health and Arthritis,Commercialization-Industry Research & Development,10/1/2023,"GelDerm, smart dressing, wound monitoring",0.0,,0.0,,31,4
"Alain, Tommy",Children's Hospital of Eastern Ontario Research Institute Inc,Ontario,Project Grant - PA: Breast Cancer Research,202309PLL,Commercialization,Viralyzing transgenes to improve oncolytic immunotherapy.,100000.0,0.0,1.0,Cancer Research,"Biomedical Engineering-Biomaterials, Nanotechnology and Biomechanics; Genetics-Genomics, Transcriptomics and Proteomics; Immunology and Infection-Virology",4/1/2024,"Viralyzing, transgenes, immunotherapy",0.0,,0.0,,32,5
"Alain, Tommy",Children's Hospital of Eastern Ontario Research Institute Inc,Ontario,Project Grant - PA: Breast Cancer Research,202403PLL,Commercialization,Viralyzing transgenes to improve oncolytic immunotherapy.,100000.0,0.0,1.0,Cancer Research,"Biomedical Engineering-Biomaterials, Nanotechnology and Biomechanics; Genetics-Genomics, Transcriptomics and Proteomics; Immunology and Infection-Virology",10/1/2024,"Viralyzing, transgenes, immunotherapy",0.0,,0.0,,33,5
"Alaoui-Jamali, Moulay A",McGill University,Quebec,Proof of Principle Program - Phase I,201102PPP,Proof of Principle,Triple Targeted Kinase Inhibitors Capable of Inhibiting Breast Cancer Metastases,160000.0,0.0,1.0,Cancer Research,BREAST CANCER THERAPY; BREAST CANCER; CANCER; DRUG RESEARCH,10/1/2011,"Kinase inhibitors, breast cancer, metastases",3.0,,0.0,,34,6
"Alfieri, Carolina","Centre hospitalier universitaire Sainte-Justine (Montreal, Quebec)",Quebec,Proof of Principle Program - Phase I,201402PPP,Proof of Principle,Development of a peptide mimetic vaccine for prevention of Epstein-Barr virus infectious mononucleosis and related cancers.,159612.0,0.0,1.0,Infection and Immunity,VIRAL; INFECTIOUS AND PARASITIC; VIROLOGY; IMMUNOLOGY-TRANSPLANTATION,10/1/2014,"peptide, vaccine, Epstein-Barr virus",0.0,,0.0,,35,7
"Allard, Michael F",University of British Columbia,British Columbia,Proof of Principle Program - Phase I,200904PPP,Proof of Principle,Modulation of heart metabolism by hydrophobically modified hyperbranched polyglycerols,150000.0,0.0,1.0,Circulatory and Respiratory Health,MYOCARDIAL INFARCTION; DRUGS- PHARMACEUTICAL SCIENCE/CHEMISTRY & NON MEDICAL USE OF DRUGS; CARDIOVASCULAR; DRUG RESEARCH,7/1/2009,"heart, metabolism, polyglycerols",0.0,,0.0,,36,8
"Alman, Benjamin A",Hospital for Sick Children (Toronto),Ontario,Proof of Principle Program - Phase I,201003PPP,Proof of Principle,Nefopam as an agent to prevent and treat hyperplastic scars,159975.0,0.0,1.0,Musculoskeletal Health and Arthritis,"SKIN AND SUBCUTANEOUS TISSUS; MUSCULO SKELETAL; MUSCLE, BONE, OR JOINT; DRUG RESEARCH",10/1/2010,"Nefopam, hyperplastic scars",1.0,,0.0,,37,9
"Andersen, Raymond J",University of British Columbia,British Columbia,Proof of Principle Program - Phase I,201003PPP,Proof of Principle,"Latonduine A, A Potent delF508-CFTR Trafficking Defect Corrector With Potential for Treating Cystic Fibrosis",159750.0,0.0,1.0,Circulatory and Respiratory Health,RESPIRATION; INFECTIOUS AND PARASITIC; DRUG RESEARCH,10/1/2010,"Latonduine, CFTR, Cystic Fibrosis",0.0,,0.0,,38,10
"Arthur, Gilbert",University of Manitoba,Manitoba,Proof of Principle Program - Phase I,200904PPP,Proof of Principle,Preclinical development of glycerophosphocarbamates as prostate-selective anticancer drugs,137617.0,0.0,1.0,Cancer Research,PROSTATE AND BLADDER CANCER THERAPY; CANCER THERAPY GENERAL; CANCER; DRUG RESEARCH,7/1/2009,"glycerophosphocarbamates, prostate, anticancer",0.0,,0.0,,315,11
"Banerjee, Diponkar",University of British Columbia,British Columbia,Proof of Principle Program - Phase I,200810PPP,Proof of Principle,Validation of Tissue and Cytology Microarray Spotter (TCMS) for Simultaneous Multiple Biomarker Detection in Cells,150000.0,0.0,1.0,Cancer Research,NEOPLASMS; NONE OF THE ABOVE; CANCER; MOLECULAR BIOLOGY,1/1/2009,"Tissue, Cytology, Microarray",0.0,,0.0,,39,12
"Bear, Christine E",Hospital for Sick Children (Toronto),Ontario,Project Grant,202403PJT,Commercialization,Preclinical studies of a novel CFTR potentiator for commercialization as a therapy for chronic obstructive pulmonary disease.,325125.0,0.0,2.0,Circulatory and Respiratory Health,Commercialization-Technology Transfer,10/1/2024,"CFTR, potentiator, pulmonary disease",0.0,,0.0,,40,13
"Beaulieu, Jean-Franeois",Universite de Sherbrooke,Quebec,Proof of Principle Program - Phase I,201309PPP,Proof of Principle,Improving the diagnosis of colorectal cancer using fecal mRNA and protein markers: The integrin alpha 6A subunit,160000.0,0.0,1.0,Cancer Research,GASTRO-INTESTINAL CANCER; GASTRO-INTESTINAL CANCER THERAPY; GASTROINTESTINAL (LIVER); CANCER,4/1/2014,"colorectal cancer, fecal mRNA, integrin alpha 6A",0.0,,0.0,,41,14
"Beaulieu, Martin",Universite Laval,Quebec,Proof of Principle Program - Phase I,201302PPP,Proof of Principle,Cells lines for screening GPCR/Nav signaling compound,160000.0,0.0,1.0,"Neurosciences, Mental Health and Addiction",DRUGS- PHARMACEUTICAL SCIENCE/CHEMISTRY & NON MEDICAL USE OF DRUGS; DRUG RESEARCH; CELL BIOLOGY,10/1/2013,"cells, GPCR, signaling",1.0,,0.0,,42,15
"Beg, Mirza Faisal","Simon Fraser University (Burnaby, B.C.)",British Columbia,Project Grant - Priority Announcement: Cancer Research,202209PJS,Commercialization,Novel end-to-end platform for extraction of body composition measurements from CT images for research and integration into clinical workflows for precision medicine,100000.0,0.0,1.0,Cancer Research,Biomedical Engineering-Biomedical Imaging; Artificial Intelligence-Machine Learning; Commercialization-Industry Research & Development,3/1/2023,"body composition, CT images, precision medicine",0.0,,0.0,,43,16
"Beg, Mirza Faisal","Simon Fraser University (Burnaby, B.C.)",British Columbia,Project Grant,202303PJT,Commercialization,Staging the host in Cancer: AI-based automated comprehensive body composition assessment for Precision Medicine,956250.0,0.0,3.0,Cancer Research,Biomedical Engineering-Biomedical Imaging; Artificial Intelligence-Machine Learning; Commercialization-Industry Research & Development,10/1/2023,"AI, body composition, cancer",0.0,,0.0,,44,16
"Bell, John C",Ottawa Hospital Research Institute,Ontario,Proof of Principle Program - Phase I,201009PPP,Proof of Principle,Increasing vaccine manufacturing output using viral sensitizer technology,136750.0,0.0,1.0,Infection and Immunity,INFECTIOUS AND PARASITIC; VIRAL; HEALTH RESEARCH; VIROLOGY,4/1/2011,"vaccine, manufacturing, viral sensitizer",3.0,Turnstone Limited Partnership (Turnstone Biologics inc.),1.0,C-suite,24,17
"Bell, John C",Ottawa Hospital Research Institute,Ontario,Proof of Principle Program - Phase I,201309PPP,Proof of Principle,Biological Viral Sensitizers for GMP Manufacturing,123000.0,37000.0,1.0,Cancer Research,CANCER THERAPY GENERAL; VIRAL; CANCER; VIROLOGY,4/1/2014,"Viral, Sensitizers, Manufacturing",4.0,Turnstone Limited Partnership (Turnstone Biologics inc.),1.0,C-suite,25,17
"Benard, Francois",University of British Columbia,British Columbia,Proof of Principle Program - Phase I,201502PPP,Proof of Principle,"Advancing the clinical development of [18F]AMBF3-TATE, a novel imaging probe for neuroendocrine tumours",160000.0,0.0,1.0,Cancer Research,CANCER THERAPY GENERAL; CANCER; IMAGING,10/1/2015,"[18F], imaging, neuroendocrine",8.0,Alpha-9 Oncology Inc.,1.0,C-suite,1,18
"Bergeron, Michel G",Universite Laval,Quebec,Proof of Principle Program - Phase I,201409PPP,Proof of Principle,"Developpement, optimisation et multiplexage d'un oligonucleotide synthetique permettant l'amplification d'ADN et l'hybridation sur support solide en une seule etape. PDP PhaseI",160000.0,0.0,1.0,Infection and Immunity,INFECTIOUS AND PARASITIC; MOLECULAR BIOLOGY; BACTERIOLOGY,4/1/2015,"oligonucleotide, amplification, hybridation",0.0,,0.0,,45,19
"Bernatchez, Pascal N",University of British Columbia,British Columbia,Proof of Principle Program - Phase I,201209PPP,Proof of Principle,Novel compounds for treatment of pulmonary hypertension,158389.0,0.0,1.0,Circulatory and Respiratory Health,HYPERTENSION; CARDIOVASCULAR; RESPIRATION,4/1/2013,"compounds,pulmonary hypertension",0.0,,0.0,,46,20
"Biddiss, Elaine A",Holland Bloorview Kids Rehabilitation Hospital (Toronto),Ontario,Project Grant,201909PJT,Commercialization,"BootleBlast, a movement tracking video game for home-based motor therapy - Navigating gaps to market readiness",409276.0,0.0,3.0,"Human Development, Child and Youth Health",Commercialization-Technology Transfer,4/1/2020,"movement tracking, video game, motor therapy",0.0,,0.0,,47,21
"Boerkoel, Cornelius F",University of British Columbia,British Columbia,Proof of Principle Program - Phase I,201102PPP,Proof of Principle,Development of Tdp1 inhibitors for treating cancer,159927.0,0.0,1.0,Cancer Research,CANCER THERAPY GENERAL; NEOPLASMS; DRUG RESEARCH; CANCER,10/1/2011,"Tdp1, inhibitors, cancer",0.0,,0.0,,48,22
"Bohbot, Veronique",CIUSSS de l'Ouest-de-l'Ile-de-Montreal-Douglas Hospital,Quebec,Proof of Principle Program - Phase I,201402PPP,Proof of Principle,Validation of a fully automated virtual reality based spatial memory improvement program that promotes healthy aging,160000.0,0.0,1.0,Aging,ALZHEIMER'S DISEASE; HEALTH PROMOTION,10/1/2014,"virtual reality, spatial memory, aging",1.0,,0.0,,49,23
"Boisselier Mailfait, Elodie",Universite Laval,Quebec,Project Grant,202003PJT,Commercialization,Un nouveau vecteur de medicaments ophtalmiques e base de nanoparticules d'or,550800.0,0.0,5.0,"Neurosciences, Mental Health and Addiction",Commercialization-Intellectual Property,10/1/2020,"vecteur, nanoparticules, ophtalmiques",0.0,,0.0,,50,24
"Boivin, Guy",Universite Laval,Quebec,Proof of Principle Program - Phase I,200910PPP,Proof of Principle,New antiviral agents against herpes simplex viruses,150000.0,0.0,1.0,Infection and Immunity,VIRAL; DRUGS- PHARMACEUTICAL SCIENCE/CHEMISTRY & NON MEDICAL USE OF DRUGS; VIROLOGY; DRUG RESEARCH,4/1/2010,"antiviral, herpes simplex, viruses",4.0,,0.0,,51,25
"Booth, Valerie K",Memorial University of Newfoundland,Newfoundland and Labrador,Proof of Principle Program - Phase I,201009PPP,Proof of Principle,HLA Peptide Development as a Therapeutic for Psoriasis,156920.0,0.0,1.0,Infection and Immunity,SKIN AND SUBCUTANEOUS TISSUS; BIOCHEMISTRY; DRUG RESEARCH,4/1/2011,"HLA, Peptide, Psoriasis",0.0,,0.0,,52,26
"Bosse, Yohan",Universite Laval,Quebec,Proof of Principle Program - Phase I,201302PPP,Proof of Principle,Prognostic gene signature for stage I lung adenocarcinoma,148348.0,0.0,1.0,Cancer Research,LUNG CANCER; SUPPLEMENTARY CLASSIFICATIONS; CANCER; GENETICS,10/1/2013,"gene signature, lung adenocarcinoma, prognostic",0.0,,0.0,,53,27
"Boyd, Daniel",Dalhousie University (Nova Scotia),Nova Scotia,Proof of Principle Program - Phase I,201202PPP,Proof of Principle,Commercialization of a Radiopaque Spherical Embolic Agent.,159097.0,0.0,1.0,"Human Development, Child and Youth Health",NOT CLASSIFIED,10/1/2012,"Radiopaque, Embolic, Agent",3.0,Abk Biomedical Inc,1.0,C-suite,0,28
"Braverman, Nancy E",Research Institute of the McGill University Health Centre,Quebec,Project Grant,202209PJT,Commercialization,Enabling commercialization of retinal gene therapy for Zellweger Spectrum Disorder,1503225.0,0.0,5.0,Genetics,"Commercialization-Technology Transfer; Neurosciences-Sensory Systems (including visual, auditory and pain); Genetic disease",4/1/2023,"retinal gene therapy, Zellweger Spectrum Disorder",0.0,,0.0,,54,29
"Brinkman, Ryan",University of British Columbia,British Columbia,Project Grant,201909PJT,Commercialization,Machine Learning for Flow Cytometry Clinical Data and Trial Analysis,317475.0,0.0,1.833333333,Infection and Immunity,Commercialization-Technology Transfer; Methods Development and Modelling-Quantitative Methods Development for Health Research,4/1/2020,"Machine Learning, Flow Cytometry, Clinical Data",0.0,,0.0,,55,30
"Brodt, Pnina",Research Institute of the McGill University Health Centre,Quebec,Proof of Principle Program - Phase II,201502PP2,Proof of Principle,An IGF-Trap for the treatment of breast cancer: consolidation of the pre-clinical profile and commercialization.,299934.0,0.0,1.0,Cancer Research,BREAST CANCER; BREAST CANCER THERAPY; CANCER; DRUG RESEARCH,10/1/2015,"IGF, breast cancer, trap",1.0,,0.0,,56,31
"Brouillette, Martin",Universite de Sherbrooke,Quebec,Proof of Principle Program - Phase I,201302PPP,Proof of Principle,Device for recanalization of peripheral and coronary arteries,155180.0,0.0,1.0,Circulatory and Respiratory Health,CORONARY CIRCULATION (INCL. INSUFFICIENCY); CARDIOLOGY; CARDIOVASCULAR,10/1/2013,"recanalization, arteries, device",2.0,Soundbite Medical Solutions Inc.,1.0,C-suite,22,32
"Brown, Jeremy A",Dalhousie University (Nova Scotia),Nova Scotia,Proof of Principle Program - Phase I,201003PPP,Proof of Principle,A High-Resolution Ultrasonic Endoscope for the Auditory System,108000.0,10600.0,1.0,Aging,DEAFNESS; DISEASES AFFECTING SPEECH/VISION/HEARING; IMAGING; HEARING,10/1/2010,"Ultrasonic, Endoscope, Auditory",1.0,,0.0,,57,33
"Brukner, Ivan",CIUSSS de Centre-Ouest-de-l'Ile-de-Montreal-Jewish General,Quebec,Proof of Principle Program - Phase I,201502PPP,Proof of Principle,A new qPCR method for the assessment of total/relative bacterial load from stool samples: C difficile show case,131513.0,0.0,1.0,Infection and Immunity,INFECTIOUS AND PARASITIC; MULTIDISCIPLINARY; BACTERIOLOGY; MOLECULAR BIOLOGY,10/1/2015,"qPCR, bacterial load, stool samples",0.0,,0.0,,58,34
"Burns, David H",McGill University,Quebec,Proof of Principle Program - Phase I,200810PPP,Proof of Principle,Smart Ultrasonic Hydrogel Sensors for Point of Care Analysis,150000.0,0.0,1.0,Circulatory and Respiratory Health,null,1/1/2009,"Ultrasonic, Hydrogel, Sensors",1.0,,0.0,,59,35
"Burt, Helen M",University of British Columbia,British Columbia,Proof of Principle Program - Phase I,201109PPP,Proof of Principle,Intravesical Taxanes,157412.0,0.0,1.0,Cancer Research,PROSTATE AND BLADDER CANCER THERAPY; DRUG RESEARCH,4/1/2012,"Intravesical, Taxanes",0.0,,0.0,,60,36
"Burt, Helen M",University of British Columbia,British Columbia,Proof of Principle Program - Phase II,201302PP2,Proof of Principle,Intravesical Docetaxel Formulation for the Treatment of Ta/T1 Stage Bladder Cancer,294600.0,0.0,1.0,Cancer Research,"PROSTATE AND BLADDER CANCER THERAPY; CANCER; RENAL FUNCTION, NEPHROLOGY, UROLOGY",10/1/2013,"Docetaxel, Bladder Cancer, Intravesical",2.0,,0.0,,61,36
"C.-Gaudreault, Rene",Universite Laval,Quebec,Proof of Principle Program - Phase I,201102PPP,Proof of Principle,Optimization and Validation of Highly Cytocidal Substituted Phenyl Imidazolidin-2-one as Antimicrotubule Agents for Cancer Chemotherapy,160000.0,0.0,1.0,Cancer Research,DRUGS- PHARMACEUTICAL SCIENCE/CHEMISTRY & NON MEDICAL USE OF DRUGS; CANCER THERAPY GENERAL; DRUG RESEARCH; CANCER,10/1/2011,"Cytocidal, Phenyl Imidazolidin-2-one, Antimicrotubule",0.0,,0.0,,62,37
"C.-Gaudreault, Rene",Universite Laval,Quebec,Project Grant,201709PJT,Commercialization,Validation of Highly Potent Substituted Phenyl Alkylureas as Antipsoriatic Agents,497250.0,0.0,3.0,Cancer Research,"Pharmacological, Toxicological and Pharmaceutical Sciences-Drug Action, Toxicology and Metabolism; Pharmacological, Toxicological and Pharmaceutical Sciences-Drug Discovery, Design and Delivery",4/1/2018,"Potent, Phenyl Alkylureas, Antipsoriatic",0.0,,0.0,,63,37
"Cashman, Neil R",University of British Columbia,British Columbia,Proof of Principle Program - Phase II,201209PP2,Proof of Principle,A defined cyclic peptide epitope specific to Abeta oligomers:   Active and passive vaccination in mouse models of Alzheimer's disease,300000.0,0.0,1.0,Aging,ALZHEIMER'S DISEASE; AGING; NERVOUS SYSTEM,4/1/2013,"cyclic peptide, Abeta oligomers, vaccination",17.0,,0.0,,64,38
"Chan, Tak Hang",McGill University,Quebec,Proof of Principle Program - Phase II,201109PP2,Proof of Principle,Evaluation of novel flavonoids in models of hematological cancer,300000.0,0.0,1.0,Cancer Research,CANCER THERAPY GENERAL; NEOPLASMS; DRUG RESEARCH; CANCER,4/1/2012,"flavonoids, hematological cancer, models",4.0,,0.0,,65,39
"Charron, Thierry",CIUSSS du Nord-de-l'Ile-de Montreal - Hepital Sacre Coeur,Quebec,Proof of Principle Program - Phase I,201309PPP,Proof of Principle,Innovative device to reduce myocardial infarct size and no-reflow : Proof of concepts in humans,159300.0,0.0,1.0,Circulatory and Respiratory Health,MYOCARDIAL INFARCTION; CARDIOLOGY; CARDIOVASCULAR,4/1/2014,"myocardial infarct, no-reflow, device",2.0,,0.0,,66,40
"Chauhan, Vijay S",University Health Network (Toronto),Ontario,Proof of Principle Program - Phase I,201409PPP,Proof of Principle,Rotor Mapping in Human Atrial Fibrillation,149015.0,10634.0,1.0,Circulatory and Respiratory Health,ARRHYTHMIAS; CARDIOLOGY; CARDIOVASCULAR; HEALTH RESEARCH,4/1/2015,"Rotor, Mapping, Atrial Fibrillation",1.0,,0.0,,67,41
"Chemtob, Sylvain","Centre hospitalier universitaire Sainte-Justine (Montreal, Quebec)",Quebec,Proof of Principle Program - Phase II,201003PP2,Proof of Principle,IL-1  Allosteramers to treat diabetes and its complications,300000.0,0.0,1.0,"Nutrition, Metabolism and Diabetes",DRUGS- PHARMACEUTICAL SCIENCE/CHEMISTRY & NON MEDICAL USE OF DRUGS; METABOLISM/DIABETES; VISION,10/1/2010,"IL-1, Allosteramers, diabetes",1.0,,0.0,,68,42
"Chen, Yen-I",Research Institute of the McGill University Health Centre,Quebec,Project Grant,202309PJT,Commercialization,A novel through-the-scope exchangeable double balloon catheter to guide endoscopic bypass:  a practice-changing technology in the management of malignant gastric outlet obstruction,451350.0,0.0,2.0,"Nutrition, Metabolism and Diabetes",null,3/1/2024,"double balloon, endoscopic, gastric outlet obstruction",0.0,,0.0,,69,43
"Cherkasov, Artem",University of British Columbia,British Columbia,Proof of Principle Program - Phase I,201402PPP,Proof of Principle,First-in-Class Small-molecule Inhibitors Selectively Targeting the DNA-binding Domain of Human Androgen Receptor and Its Splice Variants for the Treatment of Resistant Prostate Cancer,150030.0,0.0,1.0,Cancer Research,PROSTATE AND BLADDER CANCER THERAPY; CANCER THERAPY GENERAL; CANCER; DRUG RESEARCH,10/1/2014,"small-molecule, androgen receptor, prostate cancer",2.0,,0.0,,70,44
"Chopra, Rajiv","Sunnybrook Health Sciences Centre (Toronto, Ontario)",Ontario,Proof of Principle Program - Phase I,201009PPP,Proof of Principle,Development of endorectal MR elastography for prostate cancer detection,153344.0,0.0,1.0,Cancer Research,PROSTATE AND BLADDER CANCER; IMAGING; CANCER,4/1/2011,"MR elastography, prostate cancer, detection",0.0,,0.0,,71,45
"Chopra, Rajiv","Sunnybrook Health Sciences Centre (Toronto, Ontario)",Ontario,Proof of Principle Program - Phase II,201102PP2,Proof of Principle,Evaluation of MRI-controlled interstitial ultrasound therapy for the treatment of cerebral neoplasms,147500.0,0.0,1.0,Cancer Research,BRAIN TUMORS THERAPY; IMAGING; CANCER,10/1/2011,"MRI, ultrasound, neoplasms",0.0,,0.0,,72,45
"Coderre, Terence J",McGill University,Quebec,Proof of Principle Program - Phase I,201202PPP,Proof of Principle,Synergistic topical combinations for chronic pain aimed at treating microvascular dysfunction.,160000.0,0.0,1.0,"Neurosciences, Mental Health and Addiction",MULTIPLE DISEASE RELEVANCE; DRUGS- PHARMACEUTICAL SCIENCE/CHEMISTRY & NON MEDICAL USE OF DRUGS; DRUG RESEARCH; NERVOUS SYSTEM,10/1/2012,"topical, microvascular, pain",0.0,,0.0,,73,46
"Coles, John G",Hospital for Sick Children (Toronto),Ontario,Project Grant,201709PJT,Commercialization,Integrin Linked Kinase as a Novel Therapeutic Target for Heart Failure,512550.0,0.0,3.0,Circulatory and Respiratory Health,"Cardiovascular, Respiratory and Circulatory Systems-Cardiovascular and Circulatory Sciences",4/1/2018,"Integrin, Kinase, Heart Failure",0.0,,0.0,,74,47
"Conway, Edward M",University of British Columbia,British Columbia,Proof of Principle Program - Phase I,201402PPP,Proof of Principle,Novel therapeutic approach for 'wet' and 'dry' age-related macular degeneration,160000.0,0.0,1.0,Aging,DISEASES AFFECTING SPEECH/VISION/HEARING; DRUGS- PHARMACEUTICAL SCIENCE/CHEMISTRY & NON MEDICAL USE OF DRUGS; DRUG RESEARCH; AGING,10/1/2014,"age-related macular degeneration, therapeutic, dry wet",0.0,,0.0,,75,48
"Cripton, Peter A",University of British Columbia,British Columbia,Proof of Principle Program - Phase I,200904PPP,Proof of Principle,Pro-Neck-Tor: A helmet to prevent spinal cord injuries occuring during sports and transportation,149752.0,0.0,1.0,Musculoskeletal Health and Arthritis,"INJURY, REGENERATION; MUSCULO SKELETAL; MUSCLE, BONE, OR JOINT; NERVOUS SYSTEM",7/1/2009,"helmet, spinal cord, injuries",2.0,,0.0,,76,49
"Crystal, Eugene","Sunnybrook Health Sciences Centre (Toronto, Ontario)",Ontario,Proof of Principle Program - Phase I,200910PPP,Proof of Principle,Three-dimensional Catheter Tracking using a Single Two-dimensional Image,130077.0,12873.0,1.0,Circulatory and Respiratory Health,CARDIOLOGY; ARRHYTHMIAS; IMAGING; CARDIOVASCULAR,4/1/2010,"catheter, tracking, imaging",4.0,,0.0,,77,50
"Cummins, Carolyn L",University of Toronto,Ontario,Proof of Principle Program - Phase I,201309PPP,Proof of Principle,Developing a Novel Therapeutic for Cushing's Syndrome,160000.0,0.0,1.0,"Nutrition, Metabolism and Diabetes",ENDOCRINOLOGY; MUSCULO SKELETAL; DRUG RESEARCH,4/1/2014,"Cushing's Syndrome, Therapeutic",0.0,,0.0,,78,51
"Cunningham, Charles H","Sunnybrook Health Sciences Centre (Toronto, Ontario)",Ontario,Proof of Principle Program - Phase I,201003PPP,Proof of Principle,Wire for MRI-Guided Interventions,139840.0,8395.0,1.0,Circulatory and Respiratory Health,CORONARY CIRCULATION (INCL. INSUFFICIENCY); IMAGING; CARDIOVASCULAR,10/1/2010,"Wire, MRI, Interventions",1.0,,0.0,,79,52
"Cynader, Max S",University of British Columbia,British Columbia,Proof of Principle Program - Phase I,201109PPP,Proof of Principle,Novel peptide as potential therapeutic for treatment of ischemic stroke,160000.0,0.0,1.0,"Neurosciences, Mental Health and Addiction","STROKE, HEART FAILURE",4/1/2012,"peptide, ischemic stroke",1.0,,0.0,,80,53
"Dacosta, Ralph S",University Health Network (Toronto),Ontario,Proof of Principle Program - Phase I,201102PPP,Proof of Principle,"Development of PRODIGI, a Handheld Optical Imaging Technology for Real-time Intraoperative-guidance of Breast Tumour Resection",121250.0,24000.0,1.0,Cancer Research,BREAST CANCER; BREAST CANCER THERAPY; IMAGING; CANCER,10/1/2011,"Optical imaging, Intraoperative guidance, Breast tumor",9.0,SBI ALApharma Canada inc.; Moleculight Inc.,2.0,C-suite,20,54
"Daugaard, Mads",University of British Columbia,British Columbia,Project Grant,202403PJT,Commercialization,An integrated AI-powered platform for cell analytics,730576.0,0.0,4.0,Cancer Research,Commercialization-Technology Transfer; Artificial Intelligence-Machine Learning; Methods Development and Modelling-Qualitative Methods Development for Health Research,10/1/2024,"AI, cell, analytics",0.0,,0.0,,81,55
"DeWitte-Orr, Stephanie","Wilfrid Laurier University (Waterloo, Ontario)",Ontario,Project Grant - PA: Pandemic Preparedness and Health Emergencies Research,202209PPE,Commercialization,Developing intranasal dsRNA molecules as broadly effective therapeutics against highly pathogenic coronaviruses,100000.0,0.0,1.0,Infection and Immunity,"Immunology and Infection-Virology; Commercialization-Intellectual Property; Biomedical Engineering-Biomaterials, Nanotechnology and Biomechanics",3/1/2023,"intranasal, dsRNA, coronaviruses",0.0,,0.0,,83,56
"Diallo, Jean-Simon",Ottawa Hospital Research Institute,Ontario,Proof of Principle Program - Phase II,201402PP2,Proof of Principle,Evaluation of viral sensitizer technology in improving egg-based influenza vaccine manufacturing processes,222143.0,77857.0,1.0,Infection and Immunity,VIRAL; NONE OF THE ABOVE; VIROLOGY; BIOCHEMISTRY,10/1/2014,"viral, sensitizer, influenza",5.0,,0.0,,84,57
"Diamandis, Eleftherios P",Sinai Health System (Toronto),Ontario,Project Grant,202203PJT,Commercialization,"KaliDerm Therapeutics: A research/commercialization plan to validate, better define and add value to our proprietary dual KLK5/7 inhibitor as a novel topical therapeutic for Netherton Syndrome.",336600.0,0.0,2.0,Infection and Immunity,"Pharmacological, Toxicological and Pharmaceutical Sciences-Drug Discovery, Design and Delivery",10/1/2022,"KLK5, KLK7, Netherton Syndrome",0.0,,0.0,,85,58
"Dmitrienko, Gary I",University of Waterloo (Ontario),Ontario,Proof of Principle Program Phase I - Drug Development,200904PDD,Proof of Principle,Novel beta lactamase inhibitors to combat antibiotic resistance,150000.0,0.0,1.0,Infection and Immunity,INFECTIOUS AND PARASITIC; DRUG RESEARCH; BACTERIOLOGY,7/1/2009,"beta lactamase, antibiotics, resistance",1.0,,0.0,,86,59
"Dmitrienko, Gary I",University of Waterloo (Ontario),Ontario,Proof of Principle Program - Phase II,201009PP2,Proof of Principle,New drugs for antibiotic resistant bacterial infections,133277.0,0.0,1.0,Infection and Immunity,INFECTIOUS AND PARASITIC; DRUG RESEARCH; BIOCHEMISTRY,4/1/2011,"antibiotic, resistant bacteria, infections",0.0,,0.0,,87,59
"Doschak, Michael R",University of Alberta,Alberta,Proof of Principle Program Phase I - Drug Development,201003PDD,Proof of Principle,Bisphosphonate-conjugated Calcitonin,117929.0,0.0,1.0,Musculoskeletal Health and Arthritis,"DRUGS- PHARMACEUTICAL SCIENCE/CHEMISTRY & NON MEDICAL USE OF DRUGS; MUSCULO SKELETAL; DRUG RESEARCH; MUSCLE, BONE, OR JOINT",10/1/2010,"Bisphosphonate, Calcitonin",2.0,,0.0,,88,60
"Doschak, Michael R",University of Alberta,Alberta,Proof of Principle Program - Phase I,201509PPP,Proof of Principle,Bone-Seeking Iron Oxide Nanoparticles for Imaging Bone Metabolism,160000.0,0.0,1.0,Musculoskeletal Health and Arthritis,"DRUGS- PHARMACEUTICAL SCIENCE/CHEMISTRY & NON MEDICAL USE OF DRUGS; MUSCULO SKELETAL; DRUG RESEARCH; MUSCLE, BONE, OR JOINT",4/1/2016,"Iron oxide, nanoparticles, imaging",0.0,,0.0,,89,60
"Drangova, Maria",Western University (Ontario),Ontario,Project Grant,202010PJT,Commercialization,Contact-force controller to eliminate the effects of motion during cardiac radiofrequency ablation,367200.0,0.0,2.0,Circulatory and Respiratory Health,"Biomedical Engineering-Biophysics, Medical Technologies and Instrumentation",4/1/2021,"contact-force, radiofrequency, ablation",1.0,,0.0,,90,61
"Du, Caigan",University of British Columbia,British Columbia,Proof of Principle Program - Phase I,201409PPP,Proof of Principle,Preclinical Development of a Novel Organ Transplant Solution,160000.0,0.0,1.0,"Nutrition, Metabolism and Diabetes","GENITO/URINARY SYSTEM; MULTIPLE DISEASE RELEVANCE; RENAL FUNCTION, NEPHROLOGY, UROLOGY; DRUG RESEARCH",4/1/2015,"organ transplant, solution",2.0,,0.0,,91,62
"Dumont, Guy A",University of British Columbia,British Columbia,Proof of Principle Program - Phase I,201502PPP,Proof of Principle,Certifiably safe closed-loop control of anesthesia,158740.0,0.0,1.0,Circulatory and Respiratory Health,HEALTH RESEARCH,10/1/2015,"closed-loop, control, anesthesia",2.0,,0.0,,92,63
"Dutta, Tilak",University Health Network (Toronto),Ontario,Proof of Principle Program - Phase I,201509PPP,Proof of Principle,Pressure ulcer prevention: a novel prompting system for patient repositioning,137401.0,0.0,1.0,Aging,SKIN AND SUBCUTANEOUS TISSUS; MULTIPLE DISEASE RELEVANCE; AGING; GERIATRICS,4/1/2016,"pressure ulcer, prompting system, repositioning",0.0,,0.0,,93,64
"Dyck, Jason R",University of Alberta,Alberta,Proof of Principle Program - Phase I,201409PPP,Proof of Principle,Preclinical Development and Optimization of Small Molecules for the Treatment of Atrial Fibrillation,160000.0,0.0,1.0,Circulatory and Respiratory Health,ARRHYTHMIAS; CARDIOLOGY; CARDIOVASCULAR; DRUG RESEARCH,4/1/2015,"Small Molecules, Atrial Fibrillation, Preclinical",0.0,,0.0,,94,65
"Fenster, Aaron",Western University (Ontario),Ontario,Proof of Principle Program - Phase I,201309PPP,Proof of Principle,3D Ultrasound Scanner System For Management Of Intraventricular Hemorrhage In Preterm Neonates,148062.0,0.0,1.0,"Human Development, Child and Youth Health",MULTIDISCIPLINARY; NONE OF THE ABOVE; IMAGING; BIOPHYSICS,4/1/2014,"3D Ultrasound, Intraventricular Hemorrhage, Neonates",1.0,,0.0,,95,66
"Fenster, Aaron",Western University (Ontario),Ontario,Proof of Principle Program - Phase I,201509PPP,Proof of Principle,MR-Guided Focal Ablation of Prostate Cancer,143110.0,10313.0,1.0,Cancer Research,PROSTATE AND BLADDER CANCER THERAPY; IMAGING; CANCER,4/1/2016,"MR, Ablation, Prostate Cancer",0.0,,0.0,,96,66
"Finlay, Barton B",University of British Columbia,British Columbia,Proof of Principle Program - Phase II,201009PP2,Proof of Principle,A sub-unit based vaccine for Salmonella,149685.0,0.0,1.0,Infection and Immunity,GASTRO-INTESTINAL DISEASE; INFECTIOUS AND PARASITIC; BACTERIOLOGY; GASTROINTESTINAL (LIVER),4/1/2011,"sub-unit, vaccine, Salmonella",1.0,,0.0,,97,67
"Flynn, Lauren E",Western University (Ontario),Ontario,Proof of Principle Program - Phase I,201409PPP,Proof of Principle,Development of novel porous extracellular matrix-derived bioscaffolds for cutaneous wound healing,160000.0,0.0,1.0,Musculoskeletal Health and Arthritis,"SKIN AND SUBCUTANEOUS TISSUS; INJURY, REGENERATION; HEALTH RESEARCH; CELL BIOLOGY",4/1/2015,"porous, extracellular matrix, bioscaffolds",1.0,,0.0,,98,68
"Fon, Edward A",McGill University,Quebec,Proof of Principle Program - Phase I,201402PPP,Proof of Principle,Targeting Alpha-Synuclein Propagation in the Treatment of Parkinson's Disease and Other Synucleinopathies,159946.0,0.0,1.0,"Neurosciences, Mental Health and Addiction",PARKINSON'S DISEASE; AGING; NERVOUS SYSTEM; DRUG RESEARCH,10/1/2014,"Alpha-Synuclein, Propagation, Parkinson's Disease",0.0,,0.0,,99,69
"Foster, Leonard J",University of British Columbia,British Columbia,Project Grant - PA: Pandemic Preparedness and Health Emergencies Research,202403PPE,Commercialization,Development and Commercialization of a Safe and Effective Mpox Subunit Vaccine witheGlobaleImpact,100000.0,0.0,1.0,Population and Public Health,"Population and Health-Health Promotion and Disease Prevention; Immunology and Infection-Antiviral Drug Resistance, Viral Vaccine Development and Therapeutics (including vaccines); Commercialization-Industry Research & Development",1/1/2009,"Mpox, Subunit, Vaccine",0.0,,0.0,,100,70
"Foster, Leonard J",University of British Columbia,British Columbia,Project Grant - PA: Pandemic Preparedness and Health Emergencies Research,202309PPE,Commercialization,Development and Commercialization of a Safe and Effective Mpox Subunit Vaccine witheGlobaleImpact,100000.0,0.0,1.0,Population and Public Health,"Population and Health-Health Promotion and Disease Prevention; Immunology and Infection-Antiviral Drug Resistance, Viral Vaccine Development and Therapeutics (including vaccines)",3/1/2024,"Mpox, Subunit, Vaccine",0.0,,0.0,,101,70
"Fraser, Paul E",University of Toronto,Ontario,Proof of Principle Program - Phase I,200810PPP,Proof of Principle,Amyloid-Based Therapies for Type 2 Diabetes,150000.0,0.0,1.0,"Nutrition, Metabolism and Diabetes",DIABETES MELLITUS; METABOLISM AND NUTRITION; METABOLISM/DIABETES; BIOCHEMISTRY,1/1/2009,"Amyloid, Therapies, Diabetes",3.0,,0.0,,102,71
"Frost, Eric H",Universite de Sherbrooke,Quebec,Proof of Principle Program - Phase I,201102PPP,Proof of Principle,"Simultaneous Influenza A detection, subtyping, and oseltamivir resistance determination",95000.0,65000.0,1.0,Infection and Immunity,INFECTIOUS AND PARASITIC; MULTIPLE DISEASE RELEVANCE; VIROLOGY; HEALTH RESEARCH,10/1/2011,"Influenza, detection, resistance",0.0,,0.0,,103,72
"Garnis, Cathie",University of British Columbia,British Columbia,Project Grant,201809PJT,Commercialization,Blood based biomarker for the early detection of recurrent head and neck cancer,539324.0,0.0,4.0,Cancer Research,Cancer-Clinical Oncology,4/1/2019,"blood, biomarker, cancer",0.0,,0.0,,104,73
"Garnis, Cathie",University of British Columbia,British Columbia,Project Grant,202309PJT,Commercialization,Blood based biomarker for the early detection of recurrent oropharyngeal cancer,474300.0,0.0,4.0,Cancer Research,Cancer-Cancer Progression and Metastasis; Cancer-Clinical Oncology,4/1/2024,"blood, biomarker, oropharyngeal cancer",0.0,,0.0,,105,73
"Gatignol, Anne",CIUSSS de Centre-Ouest-de-l'Ile-de-Montreal-Jewish General,Quebec,Proof of Principle Program - Phase I,201309PPP,Proof of Principle,Development of antisense-based small RNA agents targeting the GAG open reading frame of HIV-1 RNA for use in gene and drug therapy against HIV-1 infection.,159550.0,0.0,1.0,Infection and Immunity,AIDS; VIRAL; VIROLOGY; MOLECULAR BIOLOGY,4/1/2014,"antisense, RNA, HIV-1",1.0,,0.0,,106,74
"Ghahary, Aziz",University of British Columbia,British Columbia,Proof of Principle Program - Phase I,201109PPP,Proof of Principle,Discovery of a Novel Anti-fibrogenic factor and its Therapeutic evaluation,150932.0,0.0,1.0,Musculoskeletal Health and Arthritis,"SKIN AND SUBCUTANEOUS TISSUS; INJURY, REGENERATION",4/1/2012,"Anti-fibrogenic, factor, therapeutic",3.0,,0.0,,107,75
"Ghahary, Aziz",University of British Columbia,British Columbia,Proof of Principle Program - Phase I,201309PPP,Proof of Principle,Re -constitutable skin substitute powder kit,147089.0,0.0,1.0,Musculoskeletal Health and Arthritis,"SKIN AND SUBCUTANEOUS TISSUS; INJURY, REGENERATION",4/1/2014,"skin, substitute, powder",2.0,,0.0,,108,75
"Gibbings, Derrick J",University of Ottawa,Ontario,Proof of Principle Program - Phase I,201502PPP,Proof of Principle,Technology to build a drug delivery platform for silencing RNAs using exosomes,159941.0,0.0,1.0,Aging,MULTIPLE DISEASE RELEVANCE; MULTIDISCIPLINARY; HEALTH RESEARCH; DRUG RESEARCH,10/1/2015,"drug delivery, exosomes, RNAs",3.0,,0.0,,109,76
"Gleave, Martin E",University of British Columbia,British Columbia,Project Grant,201709PJT,Commercialization,Preclinical development of a novel androgen receptor antagonist to treat castration-resistant prostate cancer,351900.0,0.0,2.0,Cancer Research,Cancer-Cancer Drug Development and Therapeutics,4/1/2018,"androgen receptor, prostate cancer, antagonist",3.0,,0.0,,110,77
"Glogauer, Michael",University of Toronto,Ontario,Proof of Principle Program - Phase II,200904PP2,Proof of Principle,Clinical Evaluation of a Chair-side In Vitro Rinse Test for Predicting Onset and Recurrent Adult Periodontitis,88399.0,0.0,1.0,Musculoskeletal Health and Arthritis,DENTAL DISEASE (INCL. ORAL BIOLOGY); DENTAL SCIENCE - Oral Biology; IMMUNOLOGY-TRANSPLANTATION,7/1/2009,"Chair-side, In Vitro, Periodontitis",0.0,,0.0,,111,78
"Gobbi, Gabriella",McGill University,Quebec,Proof of Principle Program - Phase I,201509PPP,Proof of Principle,Novel first-in-class MT2 melatonin receptor partial agonists for neuropathic pain,160000.0,0.0,1.0,"Neurosciences, Mental Health and Addiction",DRUGS- PHARMACEUTICAL SCIENCE/CHEMISTRY & NON MEDICAL USE OF DRUGS; MENTAL AND BEHAVIOURAL DISEASES; DRUG RESEARCH; NERVOUS SYSTEM,4/1/2016,"MT2, melatonin receptor, neuropathic pain",4.0,,0.0,,112,79
"Gobeil, Fernand J",Universite de Sherbrooke,Quebec,Proof of Principle Program - Phase I,201109PPP,Proof of Principle,Agonistes synthetiques de kinines : Optimiser la livraison et l'efficacite des chimiotherapies des tumeurs cerebrales,149418.0,0.0,1.0,Cancer Research,BRAIN TUMORS THERAPY; BRAIN TUMORS (INCL. RETINAL TUMORS); CANCER; HEALTH RESEARCH,4/1/2012,"kinines, livraison, chimiotherapies",0.0,,0.0,,113,80
"Gong, Siew-Ging",University of Toronto,Ontario,Project Grant,202203PJT,Commercialization,Streptococcus salivarius Probiotics Against Dental Caries Pathogens,535501.0,0.0,4.0,Musculoskeletal Health and Arthritis,"Commercialization-Intellectual Property; Health Determinants-Etiology of Disease and Conditions; Immunology and Infection-Antimicrobial Drug Resistance, Drug Discovery and Therapeutics (including vaccines)",10/1/2022,"Streptococcus salivarius, Probiotics, Dental Caries",1.0,,0.0,,114,81
"Graham, Simon J","Sunnybrook Health Sciences Centre (Toronto, Ontario)",Ontario,Proof of Principle Program - Phase I,201102PPP,Proof of Principle,Tablet Technology for Assessing Dementia,116402.0,0.0,1.0,"Neurosciences, Mental Health and Addiction",ALZHEIMER'S DISEASE; IMAGING; NERVOUS SYSTEM,10/1/2011,"Tablet, Dementia, Assessing",1.0,,0.0,,115,82
"Granville, David J",University of British Columbia,British Columbia,Proof of Principle Program - Phase II,200910PP2,Proof of Principle,Therapeutic antibody development towards granzyme B,101240.0,0.0,1.0,Circulatory and Respiratory Health,NONE OF THE ABOVE; AGING; CARDIOVASCULAR,4/1/2010,"antibody, granzyme B",7.0,,0.0,,116,83
"Gratzer, Paul F",Dalhousie University (Nova Scotia),Nova Scotia,Proof of Principle Program - Phase I,201009PPP,Proof of Principle,Decellularization of Human Skin,149034.0,10900.0,1.0,Musculoskeletal Health and Arthritis,SKIN AND SUBCUTANEOUS TISSUS; IMMUNOLOGY-TRANSPLANTATION; NOT CLASSIFIED,4/1/2011,"Decellularization, Human Skin",1.0,Decell Technologies Inc.,1.0,C-suite,3,84
"Greer, John J",University of Alberta,Alberta,Proof of Principle Program - Phase II,201502PP2,Proof of Principle,Ampakine Therapy for Alleviating Respiratory Depression,145440.0,0.0,1.0,Circulatory and Respiratory Health,RESPIRATION; NONE OF THE ABOVE; NERVOUS SYSTEM,10/1/2015,"Ampakine, Respiratory Depression, Therapy",2.0,,0.0,,117,85
"Grierson, David S",University of British Columbia,British Columbia,Proof of Principle Program - Phase I,201409PPP,Proof of Principle,Development of Specific Inhibitors of HIV pre-mRNA Alternative Splicing: A New Anti-HIV/AIDS Strategy,160000.0,0.0,1.0,Infection and Immunity,DRUGS- PHARMACEUTICAL SCIENCE/CHEMISTRY & NON MEDICAL USE OF DRUGS; AIDS; DRUG RESEARCH; VIROLOGY,4/1/2015,"HIV, pre-mRNA, splicing",4.0,,0.0,,118,86
"Gross, Peter L",McMaster University,Ontario,Project Grant,202203PJT,Commercialization,Benchmarking a point-of-care test kit for detection of direct-oral anticoagulants,279225.0,0.0,2.0,Circulatory and Respiratory Health,"Cardiovascular, Respiratory and Circulatory Systems-Vascular and Endothelial Biology; Commercialization-Intellectual Property; Cardiovascular, Respiratory and Circulatory Systems-Hematology",10/1/2022,"point-of-care, anticoagulants, detection",0.0,,0.0,,119,87
"Grynpas, Marc D",Sinai Health System (Toronto),Ontario,Proof of Principle Program - Phase I,201009PPP,Proof of Principle,"""Calcium Polyphosphate Bone Substitutes""",156022.0,0.0,1.0,Musculoskeletal Health and Arthritis,"OSTEOPOROSIS; AGING; MUSCLE, BONE, OR JOINT",4/1/2011,"Calcium, Polyphosphate, Bone",2.0,,0.0,,120,88
"Guertin, Pierre",Universite Laval,Quebec,Proof of Principle Program - Phase I,201109PPP,Proof of Principle,First-in-class Therapeutic Against Urinary Retention (Continence) in Patients with Chronic Spinal Cord Injury and Related Disorders,160000.0,0.0,1.0,"Neurosciences, Mental Health and Addiction","SPINAL CORD DISEASE; GENITO/URINARY SYSTEM; NERVOUS SYSTEM; RENAL FUNCTION, NEPHROLOGY, UROLOGY",4/1/2012,"Urinary retention, spinal cord injury, continence",2.0,,0.0,,121,89
"Guertin, Pierre",Universite Laval,Quebec,Proof of Principle Program - Phase I,201302PPP,Proof of Principle,A Novel Class of Drug Treatment Against Chronic Constipation in Spinal Cord-Injured People,160000.0,0.0,1.0,"Neurosciences, Mental Health and Addiction",SPINAL CORD DISEASE; GASTRO-INTESTINAL DISEASE; NERVOUS SYSTEM; GASTROINTESTINAL (LIVER),10/1/2013,"Drug, Constipation, Spinal Cord",0.0,,0.0,,122,89
"Haddad, Elie","Centre hospitalier universitaire Sainte-Justine (Montreal, Quebec)",Quebec,Project Grant - PA: Breast Cancer Research,202109PLL,Commercialization,Platform of synthetic specific promoters for immunotherapies and regenerative medicine,100000.0,0.0,1.0,Cancer Research,Commercialization-Intellectual Property; Commercialization-Technology Transfer; Cancer-Cancer Drug Development and Therapeutics,3/1/2022,"synthetic promoters, immunotherapies, regenerative medicine",0.0,,0.0,,123,90
"Haddad, Elie","Centre hospitalier universitaire Sainte-Justine (Montreal, Quebec)",Quebec,Project Grant,202209PJT,Commercialization,Empowering innovative hematopoietic stem cells (HSC)-based cancer immunotherapy through the creation of synthetic specific promoters,765000.0,0.0,4.0,Cancer Research,Commercialization-Intellectual Property; Commercialization-Technology Transfer; Cancer-Cancer Drug Development and Therapeutics,4/1/2023,"hematopoietic stem cells, immunotherapy, synthetic promoters",1.0,,0.0,,124,90
"Hancock, Robert Ernest W",University of British Columbia,British Columbia,Proof of Principle Program Phase I - Drug Development,201102PDD,Proof of Principle,Novel anti-inflammatory treatment for Amyotrophic Lateral Sclerosis,160000.0,0.0,1.0,"Neurosciences, Mental Health and Addiction",DRUGS- PHARMACEUTICAL SCIENCE/CHEMISTRY & NON MEDICAL USE OF DRUGS; AMYOTROPHIC LATERAL SCLEROSIS (ALS); DRUG RESEARCH; NERVOUS SYSTEM,10/1/2011,"anti-inflammatory, Amyotrophic Lateral Sclerosis",1.0,,0.0,,125,91
"Hancock, Robert Ernest W",University of British Columbia,British Columbia,Proof of Principle Program - Phase I,201209PPP,Proof of Principle,Anti-Biofilm Therapy,160000.0,0.0,1.0,Infection and Immunity,DRUGS- PHARMACEUTICAL SCIENCE/CHEMISTRY & NON MEDICAL USE OF DRUGS; INFECTIOUS AND PARASITIC; BACTERIOLOGY; DRUG RESEARCH,4/1/2013,"Anti-biofilm, Therapy",4.0,,0.0,,126,91
"Hanrahan, John W",McGill University,Quebec,Proof of Principle Program - Phase I,201402PPP,Proof of Principle,CFTR modulators as a potential new therapeutic paradigm to treat individuals with COPD,159665.0,0.0,1.0,Circulatory and Respiratory Health,CHRONIC OBSTRUCTIVE LUNG DISEASE; RESPIRATION; HEALTH RESEARCH,10/1/2014,"CFTR, modulators, COPD",2.0,,0.0,,127,92
"Hansen, Carl L",University of British Columbia,British Columbia,Proof of Principle Program - Phase I,201202PPP,Proof of Principle,Pre-commercial development of single cell antibody selection process,154120.0,0.0,1.0,Infection and Immunity,MULTIPLE DISEASE RELEVANCE; MULTIDISCIPLINARY; IMMUNOLOGY-TRANSPLANTATION; HEALTH RESEARCH,10/1/2012,"single cell, antibody, selection",11.0,,0.0,,128,93
"Hassell, John A",McMaster University,Ontario,Proof of Principle Program - Phase I,201109PPP,Proof of Principle,Characterization of small molecule sensitizers to chemotherapy,160000.0,0.0,1.0,Cancer Research,BREAST CANCER THERAPY; BREAST CANCER; CANCER; DRUG RESEARCH,4/1/2012,"small molecule, sensitizers, chemotherapy",0.0,,0.0,,129,94
"Hebert, Marc",Universite Laval,Quebec,Proof of Principle Program - Phase I,201309PPP,Proof of Principle,"Diagnostic differentiel de la schizophrenie, la depression bipolaire et la depression majeure e l'aide de l'electroretinographie",159700.0,0.0,1.0,"Neurosciences, Mental Health and Addiction",DEPRESSION; MENTAL HEALTH,4/1/2014,"diagnostic, electroretinography, schizophrenia",1.0,,0.0,,130,95
"Hess, Robert F",McGill University,Quebec,Proof of Principle Program - Phase I,200810PPP,Proof of Principle,Assessment and Treatment of Binocular Vision in Amblyopia,126802.0,0.0,1.0,"Neurosciences, Mental Health and Addiction",DISEASES AFFECTING SPEECH/VISION/HEARING; VISION,1/1/2009,"Binocular vision, Amblyopia",6.0,,0.0,,131,96
"Houde, Daniel",Universite de Sherbrooke,Quebec,Proof of Principle Program - Phase I,201009PPP,Proof of Principle,Radiotherapie par filamentation laser femtoseconde,112602.0,0.0,1.0,Cancer Research,CANCER THERAPY GENERAL; BRAIN TUMORS THERAPY; CANCER; BIOPHYSICS,4/1/2011,"radiotherapie, laser, femtoseconde",1.0,,0.0,,132,97
"Hunter, Graeme K",Western University (Ontario),Ontario,Proof of Principle Program - Phase I,200904PPP,Proof of Principle,Crystal-binding peptides for prevention of kidney stone disease,116350.0,6000.0,1.0,"Nutrition, Metabolism and Diabetes",GENITO/URINARY SYSTEM; ATHEROSCLEROSIS; DRUG RESEARCH; BIOPHYSICS,7/1/2009,"crystal-binding, peptides, kidney stone",0.0,,0.0,,133,98
"Huntsman, David G",University of British Columbia,British Columbia,Proof of Principle Program - Phase I,200910PPP,Proof of Principle,A Diagnostic Test for Granulosa Cell Tumours of the Ovary,150000.0,0.0,1.0,Cancer Research,CANCER,4/1/2010,"Diagnostic, Granulosa Cells, Tumours",3.0,,0.0,,134,99
"Huntsman, David G",University of British Columbia,British Columbia,Proof of Principle Program - Phase I,201209PPP,Proof of Principle,PrOTYPE: An Enabling Technology to Improve Ovarian Cancer Care,154829.0,0.0,1.0,Cancer Research,"NEOPLASMS; NONE OF THE ABOVE; CANCER; GENOMICS, PROTEOMICS, AND BIOINFORMATICS",4/1/2013,"Ovarian cancer, Enabling technology",1.0,,0.0,,135,99
"Husain, Mansoor",University Health Network (Toronto),Ontario,Proof of Principle Program - Phase II,201202PP2,Proof of Principle,Development of an anti-proliferative therapeutic that disrupts CaM-cyclin E interactions in vivo.,184100.0,10600.0,1.0,Circulatory and Respiratory Health,ATHEROSCLEROSIS; CANCER THERAPY GENERAL; CARDIOVASCULAR; CELL BIOLOGY,10/1/2012,"anti-proliferative, CaM-cyclin E, interactions",0.0,,0.0,,136,100
"Hysi, Eno",Unity Health Toronto,Ontario,Project Grant,202403PJT,Commercialization,Commercialization of H-scan: a new tool for imaging kidney fibrosis,726750.0,0.0,3.0,"Nutrition, Metabolism and Diabetes","Commercialization-Intellectual Property; Biomedical Engineering-Biomedical Imaging; Digestive, Endocrine and Excretory Systems-Nephrology and Urology",10/1/2024,"H-scan, imaging, kidney fibrosis",1.0,,0.0,,137,101
"Jaffray, David A",University Health Network (Toronto),Ontario,Proof of Principle Program - Phase I,201402PPP,Proof of Principle,Advanced Handheld SPECT System for Intraoperative Guidance,159845.0,0.0,1.0,Cancer Research,CANCER THERAPY GENERAL; CANCER,10/1/2014,"Handheld, SPECT, Guidance",0.0,,0.0,,138,102
"Jarvi, Keith A",Sinai Health System (Toronto),Ontario,Proof of Principle Program - Phase I,201009PPP,Proof of Principle,"Novel semen biomarkers to identify sperm production in men with infertility: A non-invasive method to characterize men with azoospermia or no sperm in the semen, into those with and without testicular sperm production",152499.0,0.0,1.0,"Human Development, Child and Youth Health",INFERTILITY MALE; GENITO/URINARY SYSTEM; ENDOCRINOLOGY; REPRODUCTION/PREGNANCY,4/1/2011,"semen biomarkers, azoospermia, sperm production",1.0,,0.0,,139,103
"Jarvi, Keith A",Sinai Health System (Toronto),Ontario,Proof of Principle Program - Phase I,201302PPP,Proof of Principle,Prediction of successful sperm retrieval in patients with non-obstructive azoospermia using a panel of protein biomarkers measured in seminal plasma,154660.0,0.0,1.0,"Human Development, Child and Youth Health","INFERTILITY MALE; PREGNANCY/BIRTH; GENOMICS, PROTEOMICS, AND BIOINFORMATICS; REPRODUCTION/PREGNANCY",10/1/2013,"sperm retrieval, azoospermia, protein biomarkers",0.0,,0.0,,140,103
"Jarvi, Keith A",Sinai Health System (Toronto),Ontario,Proof of Principle Program - Phase I,201509PPP,Proof of Principle,Prediction of successful sperm retrieval in patients with non-obstructive azoospermia using TEX101 protein measured in seminal plasma by ELISA,160000.0,0.0,1.0,"Human Development, Child and Youth Health","INFERTILITY MALE; PREGNANCY/BIRTH; GENOMICS, PROTEOMICS, AND BIOINFORMATICS; REPRODUCTION/PREGNANCY",4/1/2016,"sperm retrieval, TEX101, azoospermia",0.0,,0.0,,141,103
"Jarzem, Peter F",McGill University,Quebec,Proof of Principle Program - Phase I,200910PPP,Proof of Principle,"Minimally Invasive Ready, Highly Expandable Vertebral Body Replacement Device",122826.0,0.0,1.0,Cancer Research,"BONE CANCER; MUSCULO SKELETAL; NERVOUS SYSTEM; MUSCLE, BONE, OR JOINT",4/1/2010,"Vertebral, Expandable, Device",2.0,,0.0,,142,104
"Juncker, David",McGill University,Quebec,Proof of Principle Program - Phase I,200910PPP,Proof of Principle,Clinical validation of an innovative multiplex antibody microarray platform,150000.0,0.0,1.0,Cancer Research,"MULTIDISCIPLINARY; BREAST CANCER; GENOMICS, PROTEOMICS, AND BIOINFORMATICS; CANCER",4/1/2010,"antibody, microarray, platform",7.0,Nomic Bio Inc. (nplex biosciences inc.),1.0,C-suite,14,105
"Kastrup, Christian J",University of British Columbia,British Columbia,Proof of Principle Program - Phase I,201402PPP,Proof of Principle,Self-Propelling Hemostatic Particles that Treat Severe Bleeding,159788.0,0.0,1.0,Circulatory and Respiratory Health,CLOTTING DEFECTS/THROMBOSIS; PREGNANCY/BIRTH; CARDIOVASCULAR; BLOOD,10/1/2014,"Self-Propelling, Hemostatic, Bleeding",1.0,,0.0,,143,106
"Kazem-Moussavi, Zahra M",University of Manitoba,Manitoba,Project Grant,201803PJT,Commercialization,Acoustical Device for Obstructive Sleep Apnea Severity Prediction during Wakefulness,367200.0,0.0,3.0,Circulatory and Respiratory Health,"Biomedical Engineering-Biophysics, Medical Technologies and Instrumentation; Health Determinants-Etiology of Disease and Conditions",10/1/2018,"Acoustical, Sleep Apnea, Prediction",0.0,,0.0,,144,107
"Kelley, Shana O",University of Toronto,Ontario,Proof of Principle Program - Phase I,200810PPP,Proof of Principle,Clinical validation of low-cost ultrasensitive electronic molecular  diagnostics,150000.0,0.0,1.0,Genetics,MULTIPLE DISEASE RELEVANCE; GENETICS,1/1/2009,"ultrasensitive, electronic, diagnostics",5.0,Xagenic Inc.,1.0,C-suite,26,108
"Kelley, Shana O",University of Toronto,Ontario,Proof of Principle Program - Phase I,201109PPP,Proof of Principle,Preclinical testing of a mitochondrially-targeted anticancer agent,160000.0,0.0,1.0,Cancer Research,CANCER THERAPY GENERAL; CANCER; GENETICS,4/1/2012,"mitochondrially-targeted, anticancer, agent",1.0,,0.0,,145,108
"Kelley, Shana O",University of Toronto,Ontario,Proof of Principle Program - Phase I,201402PPP,Proof of Principle,The xViva CTC capture chip: a device for tumor cell sorting and classification,160000.0,0.0,1.0,Genetics,PROSTATE AND BLADDER CANCER; CANCER THERAPY GENERAL; GENETICS; CANCER,10/1/2014,"CTC, capture, sorting",3.0,,0.0,,146,108
"Kim, Peter K",Hospital for Sick Children (Toronto),Ontario,Proof of Principle Program - Phase I,201502PPP,Proof of Principle,A novel therapeutic treatment for Zellweger Spectrum Disorder,160000.0,0.0,1.0,"Human Development, Child and Youth Health",METABOLISM AND NUTRITION; CONGENITAL ANOMALIES; CELL BIOLOGY; GENETICS,10/1/2015,"Zellweger, Spectrum, Disorder",0.0,,0.0,,147,109
"Kizhakkedathu, Jayachandran N",University of British Columbia,British Columbia,Proof of Principle Program - Phase I,201202PPP,Proof of Principle,Novel Polymer Based Glucose-sparing Peritoneal Dialysis Solutions for End-stage Renal Disease,160000.0,0.0,1.0,"Nutrition, Metabolism and Diabetes","RENAL FUNCTION, NEPHROLOGY, UROLOGY",10/1/2012,"Polymer, Glucose-sparing, Dialysis",2.0,,0.0,,148,110
"Kizhakkedathu, Jayachandran N",University of British Columbia,British Columbia,Proof of Principle Program - Phase II,201402PP2,Proof of Principle,Preclinical Development of a Glucose-Free Peritoneal Dialysis Solution,289799.0,5000.0,1.0,"Nutrition, Metabolism and Diabetes","RENAL FUNCTION, NEPHROLOGY, UROLOGY",10/1/2014,"Glucose-Free, Peritoneal Dialysis, Solution",7.0,,0.0,,149,110
"Kizhakkedathu, Jayachandran N",University of British Columbia,British Columbia,Project Grant,202010PJT,Commercialization,Novel Infection Resistant Coating in an Era of Drug Resistant Bacteria for the Treatment and Prevention of Medical Device Infection,520199.0,0.0,3.0,Infection and Immunity,"Commercialization-Intellectual Property; Biomedical Engineering-Biomaterials, Nanotechnology and Biomechanics; Immunology and Infection-Antimicrobial Drug Resistance, Drug Discovery and Therapeutics (including vaccines)",4/1/2021,"Infection, Coating, Bacteria",2.0,,0.0,,150,110
"Kizhakkedathu, Jayachandran N",University of British Columbia,British Columbia,Project Grant,202209PJT,Commercialization,Localized immuno-cloaking organ engineering approach to prevent transplant rejection without immunosuppressants,803250.0,0.0,3.0,Infection and Immunity,"Biomedical Engineering-Biomaterials, Nanotechnology and Biomechanics; Immunology and Infection-Transplantation, Immune Tolerance and Tumor Immunology; Commercialization-Intellectual Property",4/1/2023,"immuno-cloaking, organ engineering, transplant rejection",4.0,,0.0,,151,110
"Koeberle, Paulo D",University of Toronto,Ontario,Proof of Principle Program - Phase I,201409PPP,Proof of Principle,Peptide therapeutics for preventing retinal ganglion cell apoptosis,149949.0,0.0,1.0,"Neurosciences, Mental Health and Addiction",GLAUCOMA; DISEASES AFFECTING SPEECH/VISION/HEARING,4/1/2015,"peptide, retinal ganglion cell, apoptosis",1.0,,0.0,,152,111
"Kotra, Lakshmi P",University Health Network (Toronto),Ontario,Proof of Principle Program - Phase I,201402PPP,Proof of Principle,In vivo efficacy studies on KP-218 as a potential MS therapeutic agent,160000.0,0.0,1.0,"Neurosciences, Mental Health and Addiction",MULTIPLE SCLEROSIS; DRUGS- PHARMACEUTICAL SCIENCE/CHEMISTRY & NON MEDICAL USE OF DRUGS,10/1/2014,"in vivo, MS, therapeutic",4.0,Lucid Psycheceuticals Inc.,1.0,C-suite,11,112
"Kouassi, Edouard",CIUSSS Est-de-l'Ile-de- Montreal-Maisonneuve Rosemont,Quebec,Proof of Principle Program - Phase I,201003PPP,Proof of Principle,Novel methods and compounds for increasing red blood cell survival,160000.0,0.0,1.0,Circulatory and Respiratory Health,BLOOD; ANAEMIAS; DRUG RESEARCH,10/1/2010,"red blood cell, survival, compounds",0.0,,0.0,,153,113
"Kremer, Richard B",Research Institute of the McGill University Health Centre,Quebec,Project Grant,202209PJT,Commercialization,Anti-parathyroid hormone-related protein (PTHrP) monoclonal antibodies against metastatic cancer,665550.0,0.0,3.0,Cancer Research,"Commercialization-Technology Transfer; Musculoskeletal Health-Bone, Skin and Cartilage Sciences; Pharmacological, Toxicological and Pharmaceutical Sciences-Drug Discovery, Design and Delivery",4/1/2023,"parathyroid hormone, monoclonal antibodies, metastatic cancer",1.0,Miramab Bioscience Inc.,1.0,C-suite,12,114
"Kubow, Stanley",McGill University,Quebec,Proof of Principle Program - Phase I,201109PPP,Proof of Principle,Protective Effects of Potato Polyphenol-Rich Extracts Against Lung Damage Caused by Air Pollutants,150525.0,0.0,1.0,Circulatory and Respiratory Health,ENVIRONMENTAL INFLUENCES ON HEALTH; RESPIRATION; NUTRITION,4/1/2012,"potato polyphenols, lung damage, air pollutants",1.0,,0.0,,154,115
"Kumar, Rakesh",University of Alberta,Alberta,Proof of Principle Program - Phase I,201209PPP,Proof of Principle,Development of new class of antiviral drugs for influenza A virus infections,156590.0,0.0,1.0,Infection and Immunity,DRUGS- PHARMACEUTICAL SCIENCE/CHEMISTRY & NON MEDICAL USE OF DRUGS; INFECTIOUS AND PARASITIC; HEALTH RESEARCH; DRUG RESEARCH,4/1/2013,"antiviral, influenza, virus",0.0,,0.0,,155,116
"Kumar, Rakesh",University of Alberta,Alberta,Proof of Principle Program - Phase I,201309PPP,Proof of Principle,Development of novel chemotherapeutics for tuberculosis,159850.0,0.0,1.0,Infection and Immunity,DRUGS- PHARMACEUTICAL SCIENCE/CHEMISTRY & NON MEDICAL USE OF DRUGS; INFECTIOUS AND PARASITIC; DRUG RESEARCH; BACTERIOLOGY,4/1/2014,"chemotherapeutics, tuberculosis",3.0,,0.0,,156,116
"Kushki, Azadeh",Holland Bloorview Kids Rehabilitation Hospital (Toronto),Ontario,Project Grant,202003PJT,Commercialization,A wearable technology approach to managing challenging behaviours in children with autism spectrum disorder (ASD),485774.0,0.0,3.0,"Human Development, Child and Youth Health",Commercialization-Technology Transfer,10/1/2020,"wearable, autism, behaviors",0.0,,0.0,,157,117
"Lam, Stephen",University of British Columbia,British Columbia,Proof of Principle Program - Phase I,201003PPP,Proof of Principle,CTAP III for detection of early lung cancer and monitoring treatment outcome,160000.0,0.0,1.0,Cancer Research,LUNG CANCER; CANCER,10/1/2010,"CTAP, lung cancer, detection",0.0,,0.0,,158,118
"Leavitt, Blair R",University of British Columbia,British Columbia,Project Grant,202203PJT,Commercialization,Lipid Nanoparticle-Mediated Delivery of CRISPR/Cas9 Gene Editing for Neurological Disorders.,761176.0,0.0,5.0,Genetics,"Commercialization-Industry Research & Development; Neurosciences-Neurological disorders; Biomedical Engineering-Biomaterials, Nanotechnology and Biomechanics",10/1/2022,"Lipid Nanoparticle, CRISPR, Gene Editing",3.0,"Incisive Genetics, Inc.",1.0,C-suite,8,119
"Leavitt, Blair R",University of British Columbia,British Columbia,Operating Grant - PA: Genetics (Bridge Funding: Research Priorities),202109OGB,Commercialization,Lipid Nanoparticle-Mediated Delivery of CRISPR/Cas9 Gene Editing for Neurological Disorders.,100000.0,0.0,1.0,Genetics,"Commercialization-Industry Research & Development; Neurosciences-Neurological disorders; Biomedical Engineering-Biomaterials, Nanotechnology and Biomechanics",3/1/2022,"Lipid Nanoparticle, CRISPR, Gene Editing",0.0,,0.0,,159,119
"Legault, Pascale",Universite de Montreal,Quebec,Proof of Principle Program - Phase I,201202PPP,Proof of Principle,The ARiBo technology for isolation of ribonucleoprotein complexes,145412.0,13349.0,1.0,Genetics,"CANCER THERAPY GENERAL; MULTIPLE DISEASE RELEVANCE; BIOCHEMISTRY; GENOMICS, PROTEOMICS, AND BIOINFORMATICS",10/1/2012,"ARiBo, ribonucleoprotein, complexes",0.0,,0.0,,160,120
"Leonardi, Mathew",McMaster University,Ontario,Project Grant,202309PJT,Commercialization,Commercialization of a diagnostic test for endometriosis,634949.0,0.0,3.0,Gender and Health,"Sex-and-Gender Health-Sex-and-Gender-Based Analysis - Clinical, Health Systems and Population Health Research",4/1/2024,"diagnostic test, endometriosis",1.0,,0.0,,161,121
"Lerouge, Sophie",ecole de technologie superieure (Montreal),Quebec,Proof of Principle Program - Phase I,201003PPP,Proof of Principle,A new therapeutic agent for the treatment and prevention of endoleaks after endovascular aneurysm repair,155000.0,0.0,1.0,Circulatory and Respiratory Health,ATHEROSCLEROSIS; CARDIOVASCULAR,10/1/2010,"therapeutic agent, endoleaks, aneurysm repair",3.0,,0.0,,162,122
"Lerouge, Sophie",ecole de technologie superieure (Montreal),Quebec,Proof of Principle Program - Phase I,201509PPP,Proof of Principle,Injectable thermosensitive hydrogel as delivery vehicle of lymphocytes for cancer immunotherapy,141000.0,0.0,1.0,Cancer Research,CANCER THERAPY GENERAL; CANCER,4/1/2016,"injectable, hydrogel, lymphocytes",0.0,,0.0,,163,122
"Li, Shyh-Dar","Ontario Institute for Cancer Research (Toronto, Ontario)",Ontario,Proof of Principle Program - Phase I,201202PPP,Proof of Principle,"Benchmark Cellax, a proprietary nanoparticle formulation for docetaxel, against Taxotere to treat metastatic castration resistant prostate cancer",160000.0,0.0,1.0,Cancer Research,DRUGS- PHARMACEUTICAL SCIENCE/CHEMISTRY & NON MEDICAL USE OF DRUGS; PROSTATE AND BLADDER CANCER THERAPY; DRUG RESEARCH; CANCER,10/1/2012,"nanoparticle, docetaxel, prostate cancer",2.0,,0.0,,164,123
"Li, Shyh-Dar","Ontario Institute for Cancer Research (Toronto, Ontario)",Ontario,Proof of Principle Program - Phase I,201302PPP,Proof of Principle,Heat-triggered Chemotherapy to Treat Refractory Breast Cancer at the Chest Wall,160000.0,0.0,1.0,Cancer Research,DRUG RESEARCH; CANCER,10/1/2013,"Heat, Chemotherapy, Breast Cancer",1.0,,0.0,,165,123
"Li, Shyh-Dar",University of British Columbia,British Columbia,Project Grant,201909PJT,Commercialization,Validation and commercialization of an innovative analgesic for chronic pain,524026.0,0.0,3.0,"Neurosciences, Mental Health and Addiction","Pharmacological, Toxicological and Pharmaceutical Sciences-Drug Discovery, Design and Delivery",4/1/2020,"analgesic, chronic pain",1.0,,0.0,,166,123
"Lin, Sheng-Xiang",Universite Laval,Quebec,Project Grant - PA: Breast Cancer Research,202309PLL,Commercialization,Pre-clinical pharmacokinetic and efficacy assays with an efficient 17beta-hydroxysteroid dehydrogenase type 7 inhibitor for breast cancer therapy,100000.0,0.0,1.0,Cancer Research,"Cancer-Cancer Drug Development and Therapeutics; Digestive, Endocrine and Excretory Systems-Endocrinology",3/1/2024,"pharmacokinetic, 17beta-hydroxysteroid dehydrogenase, breast cancer",0.0,,0.0,,167,124
"Liu, Fang",Centre for Addiction and Mental Health (Toronto),Ontario,Proof of Principle Program - Phase I,200910PPP,Proof of Principle,Therapeutics targeting receptor-receptor interactions for Addiction,150000.0,0.0,1.0,"Neurosciences, Mental Health and Addiction",DRUG RESEARCH; MENTAL HEALTH,4/1/2010,"receptor, interactions, addiction",8.0,,0.0,,168,125
"Liu, Fang",Centre for Addiction and Mental Health (Toronto),Ontario,Proof of Principle Program - Phase I,201109PPP,Proof of Principle,Development of peptide therapeutics via nasal delivery for major depression disorder,150000.0,0.0,1.0,"Neurosciences, Mental Health and Addiction",DEPRESSION; MENTAL AND BEHAVIOURAL DISEASES; MENTAL HEALTH; DRUG RESEARCH,4/1/2012,"peptide, nasal delivery, depression",2.0,,0.0,,169,125
"Liu, Fang",Centre for Addiction and Mental Health (Toronto),Ontario,Proof of Principle Program - Phase II,201509PP2,Proof of Principle,Development and commercialisation of a novel treatment for multiple sclerosis,299101.0,0.0,1.0,"Neurosciences, Mental Health and Addiction",MULTIPLE SCLEROSIS; MENTAL AND BEHAVIOURAL DISEASES; DRUG RESEARCH; NERVOUS SYSTEM,4/1/2016,"multiple sclerosis, treatment",4.0,,0.0,,170,125
"Liu, Fei-Fei",University Health Network (Toronto),Ontario,Proof of Principle Program - Phase I,200910PPP,Proof of Principle,Targeting UROD As A Novel Anti-Cancer Therapeutic Strategy,150000.0,0.0,1.0,Cancer Research,CANCER THERAPY GENERAL; CANCER,4/1/2010,"UROD, Anti-Cancer, Therapeutic",1.0,,0.0,,171,126
"Logsetty, Sarvesh",University of Manitoba,Manitoba,Proof of Principle Program - Phase I,201409PPP,Proof of Principle,The effects of a novel hydrogel coating on commercial antimicrobial dressings.,157633.0,0.0,1.0,Musculoskeletal Health and Arthritis,SKIN AND SUBCUTANEOUS TISSUS; INFECTIOUS AND PARASITIC; BIOCHEMISTRY; DRUG RESEARCH,4/1/2015,"hydrogel, antimicrobial, dressings",3.0,,0.0,,172,127
"Lubell, William D",Universite de Montreal,Quebec,Project Grant,202209PJT,Commercialization,"Treating Age-Related Macular Degeneration by Mitigating Inflammation, Oxidative Stress, and Lipid Accumulation through CD36 Modulation",833851.0,0.0,3.0,"Neurosciences, Mental Health and Addiction","Commercialization-Industry Research & Development; Pharmacological, Toxicological and Pharmaceutical Sciences-Drug Discovery, Design and Delivery; Aging-Geriatric Medicine and Health Sciences",4/1/2023,"Age-Related Macular Degeneration, Inflammation, CD36",0.0,,0.0,,173,128
"Lubell, William D",Universite de Montreal,Quebec,Project Grant,202303PJT,Commercialization,Interleukin-1 Receptor Modulating Therapy for Treating Macular Degeneration,516376.0,0.0,3.0,"Neurosciences, Mental Health and Addiction","Commercialization-Industry Research & Development; Pharmacological, Toxicological and Pharmaceutical Sciences-Drug Discovery, Design and Delivery; Aging-Geriatric Medicine and Health Sciences",10/1/2023,"Interleukin-1, Receptor, Macular Degeneration",0.0,,0.0,,174,128
"Ma, Hongshen",University of British Columbia,British Columbia,Proof of Principle Program - Phase I,201502PPP,Proof of Principle,Pre-commercial Development of Microfluidic Technology for Deformability based Separation of Circulating Tumor Cells,160000.0,0.0,1.0,Cancer Research,PROSTATE AND BLADDER CANCER; BLOOD; CANCER,10/1/2015,"microfluidic, deformability, tumor cells",0.0,,0.0,,175,129
"Ma, Hongshen",University of British Columbia,British Columbia,Project Grant,201909PJT,Commercialization,Non-contact screening technology to expedite cell line development for antibody production,524026.0,0.0,3.0,Cancer Research,"Commercialization-Intellectual Property; Commercialization-Technology Transfer; Biomedical Engineering-Biomaterials, Nanotechnology and Biomechanics",4/1/2020,"non-contact, screening, antibody",0.0,,0.0,,176,129
"Macaulay, Calum E",University of British Columbia,British Columbia,"Proof of Principle - PA: Cancer Early Detection, Imaging/Trans Therapeutics",200904PCA,Proof of Principle,A platform enabling personalized medicine through the detection of cells with specific genetic characterization,149825.0,0.0,1.0,Cancer Research,"CANCER THERAPY GENERAL; MULTIDISCIPLINARY; CANCER; GENOMICS, PROTEOMICS, AND BIOINFORMATICS",7/1/2009,"personalized medicine, genetic characterization, cell detection",0.0,,0.0,,177,130
"Macaulay, Calum E",University of British Columbia,British Columbia,Proof of Principle Program - Phase I,201502PPP,Proof of Principle,Optically-Guided Biopsy for Improved Diagnosis of Peripheral Pulmonary Nodules,146470.0,0.0,1.0,Cancer Research,LUNG CANCER; NEOPLASMS; CANCER; HEALTH RESEARCH,10/1/2015,"Optically-Guided, Biopsy, Pulmonary",1.0,,0.0,,178,130
"Mahony, James B",McMaster University,Ontario,Proof of Principle Program - Phase I,201402PPP,Proof of Principle,Evaluation of a Novel Chlamydia Vaccine Based on Type III Secretion Proteins,159000.0,0.0,1.0,Infection and Immunity,INFECTIOUS AND PARASITIC; INFERTILITY FEMALE; HEALTH RESEARCH; BACTERIOLOGY,10/1/2014,"Chlamydia, Vaccine, Secretion Proteins",1.0,,0.0,,179,131
"Mahuran, Don J",Hospital for Sick Children (Toronto),Ontario,Proof of Principle Program - Phase I,201109PPP,Proof of Principle,Treating Parkinson's Disease with Drugs that Increase Lysosomal B-Glucocerebrosidase Activity,157606.0,0.0,1.0,"Neurosciences, Mental Health and Addiction",PARKINSON'S DISEASE; MENTAL AND BEHAVIOURAL DISEASES; NERVOUS SYSTEM; BIOCHEMISTRY,4/1/2012,"Parkinson's, Lysosomal, B-Glucocerebrosidase",2.0,,0.0,,180,132
"Malouin, Franeois",Universite de Sherbrooke,Quebec,Proof of Principle Program - Phase I,201209PPP,Proof of Principle,Riboswitch ligand inhibitors for MRSA and staphylococci / Ligands de riboregulateurs agissant comme antibiotiques contre le SARM et les staphylocoques,157350.0,0.0,1.0,Infection and Immunity,INFECTIOUS AND PARASITIC,4/1/2013,"riboswitch, ligands, antibiotics",0.0,,0.0,,181,133
"Martin, Ruth E",Western University (Ontario),Ontario,Proof of Principle Program - Phase II,200904PP2,Proof of Principle,"Swallowing Air-Pulse Therapy (SWAPT): Design Specification, Testing, Regulatory Approval, and Pre-launch Market Analysis",250000.0,0.0,1.0,Aging,"STROKE, HEART FAILURE; MUSCULO SKELETAL; AGING; DENTAL SCIENCE - Oral Biology",7/1/2009,"Air-Pulse, Swallowing, Therapy",7.0,,0.0,,182,134
"Martineau, Paul A",Research Institute of the McGill University Health Centre,Quebec,Proof of Principle Program - Phase I,201009PPP,Proof of Principle,POROUS COMPRESSION SCREW for FRACTURE FIXATION,155375.0,0.0,1.0,Musculoskeletal Health and Arthritis,"INJURY, REGENERATION; HEALTH CARE DELIVERY; HEALTH RESEARCH; MUSCLE, BONE, OR JOINT",4/1/2011,"porous, compression, screw",2.0,,0.0,,183,135
"McNagny, Kelly M",University of British Columbia,British Columbia,Proof of Principle Program - Phase I,201003PPP,Proof of Principle,CD34 as a therapeutic target for allergic asthma,160000.0,0.0,1.0,Infection and Immunity,ASTHMA; RESPIRATION; IMMUNOLOGY-TRANSPLANTATION,10/1/2010,"CD34, allergic asthma, therapeutic",0.0,,0.0,,185,136
"Mcalpine, Jessica N",University of British Columbia,British Columbia,Proof of Principle Program - Phase I,201509PPP,Proof of Principle,PROMISE: A Proactive Molecular-Based Classification Tool to Improve Endometrial Cancer Management,160000.0,0.0,1.0,Cancer Research,CANCER THERAPY GENERAL; CANCER,4/1/2016,"Molecular, Classification, Endometrial Cancer",1.0,,0.0,,184,137
"Meek, Robert N",University of British Columbia,British Columbia,Proof of Principle Program - Phase II,201302PP2,Proof of Principle,Minimally Invasive Curved Intramedullary Fixation (MICIF) for pelvic bone fractures,300000.0,0.0,1.0,Health Services and Policy Research,"NONE OF THE ABOVE; MUSCLE, BONE, OR JOINT; HEALTH RESEARCH",10/1/2013,"Intramedullary, Fixation, Pelvic",4.0,,0.0,,186,138
"Meloche, Sylvain",Universite de Montreal,Quebec,Proof of Principle Program - Phase I,201009PPP,Proof of Principle,Targeting the degradation of the cyclin-dependent kinase inhibitor p21 as a novel approach to cancer therapy,160000.0,0.0,1.0,Cancer Research,CANCER THERAPY GENERAL; NEOPLASMS; DRUG RESEARCH; CANCER,4/1/2011,"cyclin-dependent kinase, p21, cancer",1.0,,0.0,,187,139
"Mes-Masson, Anne-Marie",Centre hospitalier de l'Universite de Montreal (CHUM),Quebec,Proof of Principle Program - Phase I,201003PPP,Proof of Principle,Development and validation of a multiplex blood-based assay for the early detection of ovarian cancer.,160000.0,0.0,1.0,Cancer Research,GENITO/URINARY SYSTEM; NEOPLASMS; CANCER; HEALTH RESEARCH,10/1/2010,"multiplex, blood-based, ovarian cancer",0.0,,0.0,,188,140
"Minchinton, Andrew I",University of British Columbia,British Columbia,Project Grant,201903PJT,Commercialization,Hypoxia-activated DNA repair inhibitors to improve cancer therapy,573750.0,0.0,3.0,Cancer Research,Cancer-Cancer Drug Development and Therapeutics,10/1/2019,"hypoxia, DNA repair, inhibitors",2.0,,0.0,,189,141
"Minchinton, Andrew I",University of British Columbia,British Columbia,Project Grant,202309PJT,Commercialization,Development of clinical candidate hypoxia-activated DNA-PK inhibitors,979200.0,0.0,4.0,Cancer Research,Cancer-Cancer Drug Development and Therapeutics,4/1/2024,"hypoxia, DNA-PK, inhibitors",0.0,,0.0,,190,141
"Mishra, Ram K",McMaster University,Ontario,Proof of Principle Program - Phase I,201102PPP,Proof of Principle,A novel dopamine D2 receptor allosteric modulator: Development and commercialization of a safer more effective generation of antipsychotic drugs,146850.0,0.0,1.0,"Neurosciences, Mental Health and Addiction",SCHIZOPHRENIA; PARKINSON'S DISEASE; MENTAL HEALTH; BIOCHEMISTRY,10/1/2011,"dopamine D2 receptor, allosteric modulator, antipsychotic",2.0,,0.0,,191,142
"Moreau, Alain","Centre hospitalier universitaire Sainte-Justine (Montreal, Quebec)",Quebec,Proof of Principle Program - Phase II,200904PP2,Proof of Principle,Methods of Diagnosing Idiopathic Scoliosis and related Spinal Disorders,250000.0,0.0,1.0,Musculoskeletal Health and Arthritis,"MUSCULO SKELETAL; MUSCLE, BONE, OR JOINT; MOLECULAR BIOLOGY",7/1/2009,"Diagnosing, Scoliosis, Spinal Disorders",10.0,,0.0,,192,143
"Moreau, Alain","Centre hospitalier universitaire Sainte-Justine (Montreal, Quebec)",Quebec,Proof of Principle Program - Phase I,201009PPP,Proof of Principle,Methods of Diagnosing Primary Osteoarthritis,160000.0,0.0,1.0,Musculoskeletal Health and Arthritis,"ARTHRITIS/OSTEOARTHRITIS; MUSCULO SKELETAL; MUSCLE, BONE, OR JOINT; CELL BIOLOGY",4/1/2011,"diagnosing, osteoarthritis, primary",3.0,,0.0,,193,143
"Moreau, Alain","Centre hospitalier universitaire Sainte-Justine (Montreal, Quebec)",Quebec,Proof of Principle Program - Phase I,201409PPP,Proof of Principle,Preclinical Validation of a Disease-Modifying Osteoarthritis Drug,160000.0,0.0,1.0,Musculoskeletal Health and Arthritis,"ARTHRITIS/OSTEOARTHRITIS; DRUGS- PHARMACEUTICAL SCIENCE/CHEMISTRY & NON MEDICAL USE OF DRUGS; MUSCLE, BONE, OR JOINT; DRUG RESEARCH",4/1/2015,"Osteoarthritis, Drug, Validation",0.0,,0.0,,194,143
"Mossman, Karen L",McMaster University,Ontario,Project Grant,202104PJT,Commercialization,Clinical development of oncolytic BHV-1 for cancer therapy,504900.0,0.0,3.0,Cancer Research,Commercialization-Intellectual Property; Commercialization-Industry Research & Development; Cancer-Cancer Drug Development and Therapeutics,10/1/2021,"oncolytic, BHV-1, cancer",0.0,,0.0,,195,144
"Mueller, Christopher R","Queen's University (Kingston, Ontario)",Ontario,Project Grant,202209PJT,Commercialization,Using a Liquid Biopsy to Optimize Metastatic Breast Cancer Treatment,891226.0,0.0,3.0,Cancer Research,Cancer-Cancer Progression and Metastasis; Cancer-Clinical Oncology; Commercialization-Industry Research & Development,4/1/2023,"Liquid biopsy, metastatic breast cancer",1.0,,0.0,,196,145
"Nanthakumar, Kumaraswamy",University Health Network (Toronto),Ontario,Proof of Principle Program - Phase I,201309PPP,Proof of Principle,Novel Mapping Methodology for Identifying Arrhythmia Circuit.,158375.0,0.0,1.0,Circulatory and Respiratory Health,CARDIOLOGY; ARRHYTHMIAS; CARDIOVASCULAR,4/1/2014,"Mapping, Arrhythmia, Circuit",9.0,,0.0,,197,146
"Nazhat, Showan N",McGill University,Quebec,Proof of Principle Program - Phase I,201209PPP,Proof of Principle,Injectable dense collagen-silk fibroin derived polypeptide hydrogels for bone regenerative therapy,156393.0,0.0,1.0,Musculoskeletal Health and Arthritis,"MUSCULO SKELETAL; DENTAL DISEASE (INCL. ORAL BIOLOGY); MUSCLE, BONE, OR JOINT; AGING",4/1/2013,"collagen, fibroin, hydrogels",4.0,,0.0,,198,147
"Ndao, Momar",Research Institute of the McGill University Health Centre,Quebec,Proof of Principle Program - Phase I,200810PPP,Proof of Principle,Bridging the Gap Between Mass Spectrometric Profiling and Practical Diagnostic Tests for Commercialization: Case of Chagas Disease,150000.0,0.0,1.0,Infection and Immunity,"INFECTIOUS AND PARASITIC; PARASITIC; HEALTH RESEARCH; GENOMICS, PROTEOMICS, AND BIOINFORMATICS",1/1/2009,"Mass spectrometry, diagnostics, Chagas disease",1.0,,0.0,,199,148
"Nepveu, Alain",McGill University,Quebec,Proof of Principle Program - Phase I,201009PPP,Proof of Principle,Validation of the CUX1 Expression Signature as an RT-PCR-Based Prognostic Tool,159950.0,0.0,1.0,Cancer Research,BREAST CANCER; NEOPLASMS; CANCER; MOLECULAR BIOLOGY,4/1/2011,"CUX1, RT-PCR, Prognostic",1.0,,0.0,,200,149
"Olson, David M",University of Alberta,Alberta,Project Grant,202003PJT,Commercialization,Integrated discovery studies and commercialization for a preterm birth diagnostic and a therapeutic,558450.0,0.0,3.0,"Human Development, Child and Youth Health",Commercialization-Industry Research & Development; Reproduction and Development-Fertility and Maternal Health,10/1/2020,"preterm birth, diagnostic, therapeutic",5.0,,0.0,,201,150
"Ostrowski, Mario A",University of Toronto,Ontario,Proof of Principle Program - Phase I,200810PPP,Proof of Principle,Bioreactor-based large scale production of a Tim-3 pathway inhibitor as a novel immunotherapy against HIV-1 and other chronic viral infections,150000.0,0.0,1.0,Infection and Immunity,AIDS; INFECTIOUS AND PARASITIC; IMMUNOLOGY-TRANSPLANTATION; VIROLOGY,1/1/2009,"Bioreactor, Tim-3 pathway, immunotherapy",0.0,,0.0,,202,151
"Paganelli, Massimiliano","Centre hospitalier universitaire Sainte-Justine (Montreal, Quebec)",Quebec,Project Grant,201809PJT,Commercialization,Stem cell-derived Encapsulated Liver Tissue to treat liver failure without immunosuppression: technology maturation towards clinical translation,497249.0,0.0,3.0,"Nutrition, Metabolism and Diabetes","Biomedical Engineering-Regenerative Medicine and Tissue Engineering; Digestive, Endocrine and Excretory Systems-Gastroenterology and Hepatology; Commercialization-Technology Transfer",4/1/2019,"stem cells, encapsulation, liver tissue",3.0,Morphocell Technologies Inc.,1.0,C-suite,13,152
"Park, Morag",McGill University,Quebec,Proof of Principle Program - Phase II,200904PP2,Proof of Principle,Generation of a gene expression-based breast cancer prognostic device,73500.0,0.0,1.0,Cancer Research,"BREAST CANCER; BREAST CANCER THERAPY; CANCER; GENOMICS, PROTEOMICS, AND BIOINFORMATICS",7/1/2009,"gene expression, breast cancer, prognostic",1.0,Aspect Biosystems Ltd.,1.0,Patent Inventor,2,153
"Pearson, Christopher E",Hospital for Sick Children (Toronto),Ontario,Project Grant,202309PJT,Commercialization,Pre-clinical studies of a small-molecule to reverse neurodegenerative disease-causing mutations for its commercialization and application,719101.0,0.0,3.0,Genetics,Commercialization-Technology Transfer; Genetics-Molecular and Functional Genetics and Epigenetics,4/1/2024,"small-molecule, neurodegenerative, mutations",0.0,,0.0,,203,154
"Pelletier, Jerry M",McGill University,Quebec,Proof of Principle Program - Phase I,201102PPP,Proof of Principle,Chemotherapeutic Agents for Inhibiting Protein Synthesis,160000.0,0.0,1.0,Cancer Research,CANCER THERAPY GENERAL; NEOPLASMS; DRUG RESEARCH; CANCER,10/1/2011,"Chemotherapeutic, Protein Synthesis, Inhibition",1.0,,0.0,,204,155
"Petkovich, Martin","Queen's University (Kingston, Ontario)",Ontario,Proof of Principle Program - Phase I,201109PPP,Proof of Principle,Blocking RA Metabolism: A safer approach to retinoid therapy in skin disease,135557.0,0.0,1.0,"Nutrition, Metabolism and Diabetes",SKIN AND SUBCUTANEOUS TISSUS; METABOLISM AND NUTRITION; DRUG RESEARCH; BIOCHEMISTRY,4/1/2012,"RA, metabolism, skin disease",15.0,Opko Health inc.; Eirgen Pharma Ltd.,2.0,C-suite; Patent Inventor,15,156
"Petrecca, Kevin",McGill University,Quebec,Proof of Principle Program - Phase I,201009PPP,Proof of Principle,Identification of Novel Compounds Inhibiting Brain Cancer Invasion,120775.0,0.0,1.0,Cancer Research,BRAIN TUMORS THERAPY; NEOPLASMS; CANCER; DRUG RESEARCH,4/1/2011,"Compounds, Brain Cancer, Invasion",2.0,,0.0,,205,157
"Philip, Anie",Research Institute of the McGill University Health Centre,Quebec,Proof of Principle Program - Phase I,200910PPP,Proof of Principle,Identification of a low molecular weight peptide of CD109 as an anti-scarring agent,150000.0,0.0,1.0,Musculoskeletal Health and Arthritis,MUSCULO SKELETAL; CANCER THERAPY GENERAL; MOLECULAR BIOLOGY; CELL BIOLOGY,4/1/2010,"peptide, CD109, anti-scarring",1.0,,0.0,,206,158
"Pinto, Mario","Simon Fraser University (Burnaby, B.C.)",British Columbia,Proof of Principle Program - Phase I,200810PPP,Proof of Principle,An Enzyme Inhibitor for Treating Type-2 Diabetes,150000.0,0.0,1.0,"Nutrition, Metabolism and Diabetes",DIABETES MELLITUS; METABOLISM AND NUTRITION; METABOLISM/DIABETES; BIOCHEMISTRY,1/1/2009,"enzyme, inhibitor, diabetes",2.0,,0.0,,207,159
"Poirier, Donald",Universite Laval,Quebec,Proof of Principle Program - Phase I,200910PPP,Proof of Principle,L'evaluation du potentiel therapeutique in vivo d'une nouvelle famille d'aminosteroides comme agents anticancereux selectifs,149703.0,0.0,1.0,Cancer Research,DRUGS- PHARMACEUTICAL SCIENCE/CHEMISTRY & NON MEDICAL USE OF DRUGS; CANCER THERAPY GENERAL; DRUG RESEARCH; CANCER,4/1/2010,"aminosteroides, anticancereux, in vivo",0.0,,0.0,,208,160
"Poirier, Donald",Universite Laval,Quebec,Proof of Principle Program - Phase I,201202PPP,Proof of Principle,evaluation du potentiel therapeutique in vivo d'un nouvel inhibiteur de la 17beta-HSD3 e bloquer la croissance de tumeurs xenogreffees du cancer de la prostate,157880.0,0.0,1.0,Cancer Research,DRUGS- PHARMACEUTICAL SCIENCE/CHEMISTRY & NON MEDICAL USE OF DRUGS; PROSTATE AND BLADDER CANCER THERAPY; DRUG RESEARCH; CANCER,10/1/2012,"17beta-HSD3, inhibiteur, prostate",1.0,,0.0,,209,160
"Poirier, Donald",Universite Laval,Quebec,Proof of Principle Program - Phase I,201309PPP,Proof of Principle,evaluation du potentiel therapeutique in vivo d'un nouvel inhibiteur de la steroede sulfatase combinant des proprietes osteogenique et antiestrogenique pour le traitement des cancers du sein et de la prostate,159756.0,0.0,1.0,Cancer Research,BREAST CANCER THERAPY; OSTEOPOROSIS; CANCER; DRUG RESEARCH,4/1/2014,"steroide sulfatase, osteogenique, cancer",0.0,,0.0,,210,160
"Poirier, Donald",Universite Laval,Quebec,Proof of Principle Program - Phase I,201509PPP,Proof of Principle,Optimisation du potentiel therapeutique de derives aminosteroedes contre le cancer de l'ovaire,157700.0,2300.0,1.0,Cancer Research,DRUGS- PHARMACEUTICAL SCIENCE/CHEMISTRY & NON MEDICAL USE OF DRUGS; CANCER THERAPY GENERAL; DRUG RESEARCH; CANCER,4/1/2016,"aminosteroids, ovarian cancer, therapeutic potential",1.0,,0.0,,211,160
"Poirier, Donald",Universite Laval,Quebec,Project Grant,201709PJT,Commercialization,Demonstration de l'efficacite du premier inhibiteur irreversible et selectif de la  17beta-HSD1 pour le traitement des cancers du sein sensibles aux estrogenes,279226.0,0.0,2.0,Cancer Research,Cancer-Cancer Drug Development and Therapeutics,4/1/2018,"17beta-HSD1, inhibitor, breast cancer",2.0,,0.0,,212,160
"Powell, William S",McGill University,Quebec,Proof of Principle Program - Phase I,200904PPP,Proof of Principle,Development of novel OXE receptor antagonists for asthma,146000.0,0.0,1.0,Circulatory and Respiratory Health,ASTHMA; DRUGS- PHARMACEUTICAL SCIENCE/CHEMISTRY & NON MEDICAL USE OF DRUGS; DRUG RESEARCH; RESPIRATION,7/1/2009,"OXE receptor, antagonists, asthma",0.0,,0.0,,213,161
"Powell, William S",McGill University,Quebec,Proof of Principle Program - Phase II,201309PP2,Proof of Principle,Development of novel OXE receptor antagonists for asthma,293133.0,0.0,1.0,Circulatory and Respiratory Health,ASTHMA; DRUGS- PHARMACEUTICAL SCIENCE/CHEMISTRY & NON MEDICAL USE OF DRUGS; DRUG RESEARCH; RESPIRATION,7/1/2009,"OXE receptor, antagonists, asthma",2.0,,0.0,,214,161
"Pratt, Christine M",University of Ottawa,Ontario,Proof of Principle Program - Phase I,201202PPP,Proof of Principle,A-CD estrogens as alternatives to Estrogen-based hormone replacement therapy,156060.0,0.0,1.0,Gender and Health,DRUGS- PHARMACEUTICAL SCIENCE/CHEMISTRY & NON MEDICAL USE OF DRUGS; ENDOCRINOLOGY; DRUG RESEARCH; HEALTH RESEARCH,10/1/2012,"A-CD estrogens, hormone replacement",1.0,,0.0,,215,162
"Prentki, Marc",Centre hospitalier de l'Universite de Montreal (CHUM),Quebec,Proof of Principle Program - Phase I,201102PPP,Proof of Principle,Validation of a glycerolipid/ free fatty acid cycling enzyme as a novel therapeutic target for type-2 diabetes,157925.0,0.0,1.0,"Nutrition, Metabolism and Diabetes",DIABETES MELLITUS; METABOLISM AND NUTRITION; METABOLISM/DIABETES; DRUG RESEARCH,10/1/2011,"glycerolipid, fatty acid, enzyme",4.0,,0.0,,216,163
"Putnins, Edward E",University of British Columbia,British Columbia,Proof of Principle Program - Phase I,201402PPP,Proof of Principle,Development of Novel Polar MAO B Inhibitors for the Treatment of Epithelial Barrier Diseases,160000.0,0.0,1.0,Musculoskeletal Health and Arthritis,DENTAL DISEASE (INCL. ORAL BIOLOGY); DRUGS- PHARMACEUTICAL SCIENCE/CHEMISTRY & NON MEDICAL USE OF DRUGS; DENTAL SCIENCE - Oral Biology; DRUG RESEARCH,10/1/2014,"MAO B, Inhibitors, Epithelial Barrier",1.0,,0.0,,217,164
"Qadura, Mohammad",Unity Health Toronto,Ontario,Project Grant,202109PJT,Commercialization,Artery Alert - Revolutionizing the Diagnosis of Peripheral Arterial Disease,428400.0,0.0,4.0,Circulatory and Respiratory Health,"Cardiovascular, Respiratory and Circulatory Systems-Clinical and Translational Cardiovascular Sciences",4/1/2022,"artery, diagnosis, peripheral arterial disease",0.0,,0.0,,218,165
"Rak, Janusz",Research Institute of the McGill University Health Centre,Quebec,Proof of Principle Program - Phase I,200810PPP,Proof of Principle,Monitoring progression of malignant tumors by detection of blood-borne oncogenic epidermal growth factor receptor circulating as cargo of tumor-derived microvesicles,150000.0,0.0,1.0,Cancer Research,CANCER THERAPY GENERAL; BRAIN TUMORS THERAPY; CANCER; CELL BIOLOGY,1/1/2009,"malignant tumors, blood-borne, epidermal growth factor receptor",4.0,,0.0,,219,166
"Reiner, Neil E",University of British Columbia,British Columbia,Proof of Principle Program - Phase II,200810PP2,Proof of Principle,INDEL therapeutics for the treatment of infectious disease.,250000.0,0.0,1.0,Infection and Immunity,"INFECTIOUS AND PARASITIC; GENOMICS, PROTEOMICS, AND BIOINFORMATICS; DRUG RESEARCH",1/1/2009,"INDEL, therapeutics, infectious disease",1.0,,0.0,,220,167
"Rennie, Paul S",University of British Columbia,British Columbia,"Proof of Principle - PA: Cancer Early Detection, Imaging/Trans Therapeutics",200904PCA,Proof of Principle,Androgen receptor inhibitors,150000.0,0.0,1.0,Cancer Research,PROSTATE AND BLADDER CANCER THERAPY; ENDOCRINOLOGY; CANCER; DRUG RESEARCH,7/1/2009,"Androgen receptor, inhibitors",10.0,,0.0,,221,168
"Reynolds, Steven C","Fraser Health Authority (Surrey, BC)",British Columbia,Proof of Principle Program - Phase I,201209PPP,Proof of Principle,Phase 1 Trial of a novel transvenous phrenic nerve pacer for diaphragm activation in mechanically ventilated critically ill patients.,158464.0,1536.0,1.0,Circulatory and Respiratory Health,RESPIRATION; HEALTH RESEARCH,4/1/2013,"phrenic nerve, pacer, diaphragm",0.0,,0.0,,222,169
"Reynolds, Steven C","Fraser Health Authority (Surrey, BC)",British Columbia,Proof of Principle Program - Phase II,201409PP2,Proof of Principle,"Development of a novel, temporary, transcutaneously placed, transvenous phrenic nerve pacer for diaphragm activation in critically ill patients",268499.0,2000.0,1.0,Circulatory and Respiratory Health,RESPIRATION; HEALTH RESEARCH,4/1/2015,"phrenic nerve, transvenous, diaphragm",2.0,,0.0,,223,169
"Richter, Martin",Universite de Sherbrooke,Quebec,Proof of Principle Program - Phase I,201109PPP,Proof of Principle,Matriptase Inhibitors as a Novel Class of Influenza Antivirals,143827.0,0.0,1.0,Infection and Immunity,VIRAL; DRUGS- PHARMACEUTICAL SCIENCE/CHEMISTRY & NON MEDICAL USE OF DRUGS; VIROLOGY; DRUG RESEARCH,4/1/2012,"Matriptase, Inhibitors, Influenza",2.0,,0.0,,224,170
"Riddell, Michael C","York University (Toronto, Ontario)",Ontario,Proof of Principle Program Phase I - Drug Development,201102PDD,Proof of Principle,Pharmaceutical intervention to decrease the threat of hypoglycemia in insulin-treated diabetics,160000.0,0.0,1.0,"Nutrition, Metabolism and Diabetes",DIABETES MELLITUS; ENDOCRINOLOGY; METABOLISM/DIABETES,10/1/2011,"pharmaceutical, hypoglycemia, insulin",1.0,,0.0,,225,171
"Roberge, Michel",University of British Columbia,British Columbia,Proof of Principle Program - Phase I,200910PPP,Proof of Principle,Evaluation of the anticancer activity of a new autophagy-inhibitory drug,142989.0,0.0,1.0,Cancer Research,BREAST CANCER THERAPY; LUNG CANCER THERAPY; CANCER; BIOCHEMISTRY,4/1/2010,"autophagy, anticancer, inhibitor",0.0,,0.0,,226,172
"Roberge, Michel",University of British Columbia,British Columbia,Proof of Principle Program - Phase I,201309PPP,Proof of Principle,Preclinical Development of a novel M2 Channel Inhibitor for the Treatment and Prevention of Influenza,160000.0,0.0,1.0,Infection and Immunity,VIRAL; DRUGS- PHARMACEUTICAL SCIENCE/CHEMISTRY & NON MEDICAL USE OF DRUGS; DRUG RESEARCH; VIROLOGY,4/1/2014,"M2 Channel, Inhibitor, Influenza",0.0,,0.0,,227,172
"Roberge, Michel",University of British Columbia,British Columbia,Proof of Principle Program - Phase I,201509PPP,Proof of Principle,Preclinical evaluation of a gentamicin analog as a treatment for genetic diseases and cancer due to a premature termination codon.,150059.0,0.0,1.0,Genetics,MULTIPLE DISEASE RELEVANCE; CANCER THERAPY GENERAL; CANCER; GENETICS,4/1/2016,"gentamicin, genetic diseases, cancer",2.0,,0.0,,228,172
"Rogers, Ian M",Sinai Health System (Toronto),Ontario,Proof of Principle Program - Phase I,200910PPP,Proof of Principle,Cell therapy for the treatment of type 1 Diabetes,150000.0,0.0,1.0,"Nutrition, Metabolism and Diabetes",DIABETES MELLITUS; METABOLISM/DIABETES,4/1/2010,"Cell, therapy, Diabetes",0.0,,0.0,,229,173
"Rogers, Ian M",Sinai Health System (Toronto),Ontario,Proof of Principle Program - Phase I,201009PPP,Proof of Principle,The Use of Multipotential Stem Cells for the Treatment of Peripheral Vascular Disease,160000.0,0.0,1.0,Circulatory and Respiratory Health,NONE OF THE ABOVE; CORONARY CIRCULATION (INCL. INSUFFICIENCY); NOT CLASSIFIED; CARDIOVASCULAR,4/1/2011,"Stem cells, Vascular disease, Peripheral",1.0,,0.0,,230,173
"Rosenberg, Lawrence",McGill University,Quebec,Proof of Principle Program - Phase II,201209PP2,Proof of Principle,A Novel Regenerative Drug Therapy to Restore Natural Insulin Secretion in Diabetes Mellitus,122670.0,0.0,1.0,"Nutrition, Metabolism and Diabetes",DIABETES MELLITUS; DRUGS- PHARMACEUTICAL SCIENCE/CHEMISTRY & NON MEDICAL USE OF DRUGS; DRUG RESEARCH; METABOLISM/DIABETES,4/1/2013,"Regenerative, Insulin, Diabetes",1.0,,0.0,,231,174
"Ross, Ruth A",University of Toronto,Ontario,Proof of Principle Program - Phase I,201209PPP,Proof of Principle,Development and Testing of Small Molecule Allosteric Modulators for the Treatment of Pain.,157999.0,0.0,1.0,"Neurosciences, Mental Health and Addiction",MULTIPLE DISEASE RELEVANCE; ARTHRITIS/OSTEOARTHRITIS; DRUG RESEARCH; AGING,4/1/2013,"Small Molecule, Allosteric Modulators, Pain",0.0,,0.0,,232,175
"Ross, Ruth A",University of Toronto,Ontario,Proof of Principle Program - Phase II,201409PP2,Proof of Principle,Development and Commercialisation of Allosteric Modulators for the Treatment of Pain,189920.0,0.0,1.0,Musculoskeletal Health and Arthritis,MULTIPLE DISEASE RELEVANCE; MUSCULO SKELETAL,4/1/2015,"Allosteric, Modulators, Pain",1.0,,0.0,,233,175
"Ross, Ruth A",University of Toronto,Ontario,Proof of Principle Program - Phase I,201509PPP,Proof of Principle,Development and therapeutic validation of GPR55 modulators for the treatment of osteoclast-mediated disorders,155600.0,0.0,1.0,Musculoskeletal Health and Arthritis,"OSTEOPOROSIS; BONE CANCER; MUSCLE, BONE, OR JOINT; CANCER",4/1/2016,"GPR55, modulators, osteoclast",1.0,,0.0,,234,175
"Sadar, Marianne D",University of British Columbia,British Columbia,Proof of Principle Program - Phase II,201102PP2,Proof of Principle,Translational Development Program For Analogues of EPI-001 (PNG01-185) Compounds For the Treatment of Advanced Prostate Cancer,300000.0,0.0,1.0,Cancer Research,DRUGS- PHARMACEUTICAL SCIENCE/CHEMISTRY & NON MEDICAL USE OF DRUGS; PROSTATE AND BLADDER CANCER THERAPY; CANCER; DRUG RESEARCH,10/1/2011,"EPI-001, Prostate Cancer, Analogues",7.0,Essa Pharma Inc.,1.0,C-suite,6,176
"Sadar, Marianne D",University of British Columbia,British Columbia,Proof of Principle Program - Phase I,200910PPP,Proof of Principle,Preclinical evaluation of sintokamides as agents for treatment of advanced prostate cancer,150000.0,0.0,1.0,Cancer Research,PROSTATE AND BLADDER CANCER; PROSTATE AND BLADDER CANCER THERAPY; CANCER; ENDOCRINOLOGY,4/1/2010,"sintokamides, prostate cancer, preclinical",0.0,,0.0,,235,176
"Salcudean, Septimiu E",University of British Columbia,British Columbia,Proof of Principle Program - Phase I,201209PPP,Proof of Principle,Real-time Ultrasound Quantitative Elastography of the Prostate,143074.0,10850.0,1.0,Cancer Research,PROSTATE AND BLADDER CANCER; IMAGING; CANCER,4/1/2013,"Ultrasound, Elastography, Prostate",5.0,,0.0,,236,177
"Sanche, Leon",Universite de Sherbrooke,Quebec,Proof of Principle Program - Phase I,201202PPP,Proof of Principle,Developpement de composes antineoplasiques radiosensibilisants achemines par nano transporteur liposomal.,159149.0,0.0,1.0,Cancer Research,DRUGS- PHARMACEUTICAL SCIENCE/CHEMISTRY & NON MEDICAL USE OF DRUGS; BRAIN TUMORS THERAPY; CANCER; DRUG RESEARCH,10/1/2012,"antineoplasiques, radiosensibilisants, liposomal",0.0,,0.0,,237,178
"Santamaria, Pere",University of Calgary,Alberta,Proof of Principle Program - Phase I,200810PPP,Proof of Principle,Evaluation of Nanoparticles for the Treatment of Autoimmune Conditions,150000.0,0.0,1.0,Infection and Immunity,ENDOCRINOLOGY; DIABETES MELLITUS; IMMUNOLOGY-TRANSPLANTATION; METABOLISM/DIABETES,1/1/2009,"Nanoparticles, Autoimmune",3.0,,0.0,,238,179
"Saragovi, Horacio U",CIUSSS de Centre-Ouest-de-l'Ile-de-Montreal-Jewish General,Quebec,Proof of Principle Program - Phase I,201202PPP,Proof of Principle,Cancer vaccines targeting the ganglioside tumor-marker GD2,157600.0,0.0,1.0,Cancer Research,CANCER THERAPY GENERAL; DRUGS- PHARMACEUTICAL SCIENCE/CHEMISTRY & NON MEDICAL USE OF DRUGS; CANCER; IMMUNOLOGY-TRANSPLANTATION,10/1/2012,"cancer, vaccines, GD2",2.0,Realist Pharma Inc.,1.0,C-suite,18,180
"Saragovi, Horacio U",CIUSSS de Centre-Ouest-de-l'Ile-de-Montreal-Jewish General,Quebec,Proof of Principle Program - Phase II,200910PP2,Proof of Principle,Neuroprotection Rescue Strategies for Retinal Degeneration Diseases,250000.0,0.0,1.0,Aging,DISEASES AFFECTING SPEECH/VISION/HEARING; AGING; VISION,4/1/2010,"Neuroprotection, Retinal, Degeneration",3.0,,0.0,,239,180
"Saragovi, Horacio U",CIUSSS de Centre-Ouest-de-l'Ile-de-Montreal-Jewish General,Quebec,Proof of Principle Program - Phase II,201509PP2,Proof of Principle,Therapy for motor neuron degeneration diseases targeting the opposing ligand-dependent signals of two TrkC receptor isoforms,300000.0,0.0,1.0,"Neurosciences, Mental Health and Addiction",AMYOTROPHIC LATERAL SCLEROSIS (ALS); DISEASES AFFECTING SPEECH/VISION/HEARING; NERVOUS SYSTEM; DRUG RESEARCH,4/1/2016,"motor neuron, TrkC, receptor",5.0,,0.0,,240,180
"Saragovi, Horacio U",CIUSSS de Centre-Ouest-de-l'Ile-de-Montreal-Jewish General,Quebec,Project Grant - PA: Cancer Research - Cancer Prevention,202010PXX,Commercialization,Innovation of Proprietary Liquid Biopsy Assays for Diagnosis of Early Stage Ovarian Cancer,100000.0,0.0,1.0,Cancer Research,"Commercialization-Technology Transfer; Cancer-Cancer Progression and Metastasis; Biomedical Engineering-Biophysics, Medical Technologies and Instrumentation; glycomics. We quantify gangliosides which are glycolipids with a glycan and a lipid component",10/1/2021,"Liquid biopsy, ovarian cancer, diagnosis",0.0,,0.0,,241,180
"Saragovi, Horacio U",CIUSSS de Centre-Ouest-de-l'Ile-de-Montreal-Jewish General,Quebec,Project Grant,202104PJT,Commercialization,Innovation of Proprietary Liquid Biopsy Assays for Diagnosis of Early Stage Ovarian Cancer,650251.0,0.0,2.0,Cancer Research,"Commercialization-Technology Transfer; Cancer-Cancer Progression and Metastasis; Biomedical Engineering-Biophysics, Medical Technologies and Instrumentation; glycomics. We quantify gangliosides which are glycolipids with a glycan and a lipid component",10/1/2021,"Liquid biopsy, ovarian cancer, diagnosis",5.0,,0.0,,242,180
"Sarunic, Marinko V","Simon Fraser University (Burnaby, B.C.)",British Columbia,Project Grant,201809PJT,Commercialization,Sensorless Adaptive Optics Optical Coherence Tomography for Clinical Ophthalmology,493425.0,0.0,3.0,Aging,Biomedical Engineering-Biomedical Imaging,4/1/2019,"Adaptive optics, Optical coherence tomography, Ophthalmology",3.0,,0.0,,243,181
"Schang, Luis M",University of Alberta,Alberta,Proof of Principle Program Phase I - Drug Development,200904PDD,Proof of Principle,Novel Inhibitors of Viral Infectivity,150000.0,0.0,1.0,Infection and Immunity,VIRAL; LIVER DISEASE; VIROLOGY; GASTROINTESTINAL (LIVER),7/1/2009,"Viral, Inhibitors, Infectivity",0.0,,0.0,,244,182
"Schimmer, Aaron D",University Health Network (Toronto),Ontario,Proof of Principle Program - Phase I,201009PPP,Proof of Principle,Repositioning tigecycline for the treatment of leukemia,156750.0,0.0,1.0,Cancer Research,LEUKAEMIAS; CANCER THERAPY GENERAL; CANCER; CELL BIOLOGY,4/1/2011,"tigecycline, leukemia, repositioning",1.0,,0.0,,245,183
"Schrader, John W",University of British Columbia,British Columbia,Proof of Principle Program - Phase I,201009PPP,Proof of Principle,Preclinical evaluation of a truly human monoclonal antibody for the therapy of infections with a broad spectrum of influenza viruses,160000.0,0.0,1.0,Infection and Immunity,VIRAL; DRUGS- PHARMACEUTICAL SCIENCE/CHEMISTRY & NON MEDICAL USE OF DRUGS; IMMUNOLOGY-TRANSPLANTATION; DRUG RESEARCH,4/1/2011,"monoclonal antibody, influenza viruses, infections",2.0,,0.0,,246,184
"Schweizer, Frank",University of Manitoba,Manitoba,Proof of Principle Program - Phase I,200810PPP,Proof of Principle,Preclinical evaluation of antimicrobial ultrashort aminoglycoside- peptide conjugates,150000.0,0.0,1.0,Infection and Immunity,INFECTIOUS AND PARASITIC; DRUGS- PHARMACEUTICAL SCIENCE/CHEMISTRY & NON MEDICAL USE OF DRUGS; DRUG RESEARCH; HEALTH RESEARCH,1/1/2009,"antimicrobial, aminoglycoside, peptide",5.0,Polyamyna Nanotech Inc.,1.0,C-suite,16,185
"Schweizer, Frank",University of Manitoba,Manitoba,Proof of Principle Program - Phase I,201109PPP,Proof of Principle,Optimization and preclinical studies on amphiphilic aminoglycoside antimicrobials (AAAs),160000.0,0.0,1.0,Infection and Immunity,INFECTIOUS AND PARASITIC; DRUGS- PHARMACEUTICAL SCIENCE/CHEMISTRY & NON MEDICAL USE OF DRUGS; HEALTH RESEARCH; DRUG RESEARCH,4/1/2012,"amphiphilic, aminoglycoside, antimicrobials",4.0,Polyamyna Nanotech Inc.,1.0,C-suite,17,185
"Schweizer, Frank",University of Manitoba,Manitoba,Project Grant - Priority Announcement: Infection and Immunity,201909PJ4,Commercialization,Rescuing beta-lactam antibiotic/beta-lactamase inhibitor combinations from resistance against multidrug-resistant Gram-negative pathogens,100000.0,0.0,1.0,Infection and Immunity,"Immunology and Infection-Antimicrobial Drug Resistance, Drug Discovery and Therapeutics (including vaccines)",3/1/2020,"beta-lactam, beta-lactamase, antibiotic",0.0,,0.0,,247,185
"Schweizer, Frank",University of Manitoba,Manitoba,Project Grant,202003PJT,Commercialization,Rescuing beta-lactam antibiotic/beta-lactamase inhibitor combinations from resistance against multidrug-resistant Gram-negative pathogens,654075.0,0.0,4.0,Infection and Immunity,"Immunology and Infection-Antimicrobial Drug Resistance, Drug Discovery and Therapeutics (including vaccines)",3/1/2020,"beta-lactam, beta-lactamase, antibiotic",3.0,,0.0,,248,185
"Seidah, Nabil G",Institut de recherches cliniques de Montreal,Quebec,Proof of Principle Program - Phase II,201209PP2,Proof of Principle,Validation of PCSK9 single domain antibodies in cholesterol regulation in humanized mice,186128.0,0.0,1.0,"Nutrition, Metabolism and Diabetes",DRUGS- PHARMACEUTICAL SCIENCE/CHEMISTRY & NON MEDICAL USE OF DRUGS; METABOLISM AND NUTRITION; CARDIOVASCULAR; METABOLISM/DIABETES,4/1/2013,"PCSK9, antibodies, cholesterol",2.0,,0.0,,249,186
"Shapiro, James",University of Alberta,Alberta,Proof of Principle Program - Phase I,201509PPP,Proof of Principle,Preclinical Development of Novel Biomaterials for the Creation of a Deviceless Pre-Vascularized Site for Islet and Cellular Transplantation,157126.0,0.0,1.0,"Nutrition, Metabolism and Diabetes",DIABETES MELLITUS; ENDOCRINOLOGY; IMMUNOLOGY-TRANSPLANTATION; METABOLISM/DIABETES,4/1/2016,"Biomaterials, Prevascularized site, Transplantation",0.0,,0.0,,250,187
"Sheardown, Heather D",McMaster University,Ontario,Project Grant,202109PJT,Commercialization,A novel eye drop platform to improve ocular therapies,531674.0,0.0,3.0,Aging,"Commercialization-Technology Transfer; Biomedical Engineering-Biomaterials, Nanotechnology and Biomechanics",4/1/2022,"eye drop, ocular, therapies",0.0,,0.0,,251,188
"Sheppard, Donald C",Research Institute of the McGill University Health Centre,Quebec,Proof of Principle Program - Phase I,201502PPP,Proof of Principle,Recombinant hydrolases as anti-biofilm therapies for Aspergillus infections,151459.0,0.0,1.0,Infection and Immunity,INFECTIOUS AND PARASITIC; PNEUMONIA; BACTERIOLOGY; IMMUNOLOGY-TRANSPLANTATION,10/1/2015,"recombinant hydrolases, anti-biofilm, Aspergillus",1.0,,0.0,,252,189
"Sherar, Michael D",University Health Network (Toronto),Ontario,Proof of Principle Program - Phase I,201209PPP,Proof of Principle,Treatment Planning and Guidance Software Platform for Minimally Invasive Ablation Therapies,145925.0,10000.0,1.0,Cancer Research,CANCER THERAPY GENERAL; BIOPHYSICS; CANCER,4/1/2013,"Ablation, Guidance, Software",1.0,,0.0,,253,190
"Shlien, Adam",Hospital for Sick Children (Toronto),Ontario,Project Grant,202303PJT,Commercialization,Development of an RNA-based test for diagnosing and monitoring bone and soft tissue cancers,240976.0,0.0,1.0,Cancer Research,Cancer-Cancer Progression and Metastasis; Commercialization-Technology Transfer; Artificial Intelligence-Machine Learning,10/1/2023,"RNA, diagnosis, cancers",1.0,,0.0,,254,191
"Shoichet, Molly S",University of Toronto,Ontario,Proof of Principle Program - Phase I,201003PPP,Proof of Principle,Commercial Development of Bioengineered Therapeutic Strategy for Spinal Cord Injury,159996.0,0.0,1.0,"Neurosciences, Mental Health and Addiction",SPINAL CORD DISEASE; NERVOUS SYSTEM,10/1/2010,"Bioengineered, Therapeutic, Spinal Cord Injury",2.0,,0.0,,255,192
"Sibille, Etienne",Centre for Addiction and Mental Health (Toronto),Ontario,Project Grant,201803PJT,Commercialization,Novel therapeutic targeting for cognitive deficits in depression and aging,550800.0,0.0,3.0,"Neurosciences, Mental Health and Addiction",Mental Health and Behavioural Conditions-Mental Health and Addiction; Aging-Aging Process and Biological Determinants of Aging,10/1/2018,"therapeutic, cognitive deficits, depression",4.0,,0.0,,256,193
"Sidhu, Sachdev S",University of Toronto,Ontario,Proof of Principle Program - Phase I,201502PPP,Proof of Principle,Highly specific therapeutic-grade anti-FGFR1 antibodies with anti-proliferative effects,160000.0,0.0,1.0,Cancer Research,CANCER THERAPY GENERAL; MOLECULAR BIOLOGY; CANCER,10/1/2015,"anti-FGFR1, antibodies, anti-proliferative",0.0,,0.0,,257,194
"Sinton, David A",University of Toronto,Ontario,Proof of Principle Program - Phase I,201409PPP,Proof of Principle,High Quality Sperm Selection for Assisted Reproductive Technology,159904.0,0.0,1.0,"Human Development, Child and Youth Health",INFERTILITY MALE; INFERTILITY FEMALE; REPRODUCTION/PREGNANCY,4/1/2015,"Sperm, Selection, Reproductive",4.0,,0.0,,258,195
"Sipione, Simonetta",University of Alberta,Alberta,Proof of Principle Program Phase I - Drug Development,201102PDD,Proof of Principle,Development of ganglioside-based therapies for Huntington's disease,159196.0,0.0,1.0,"Neurosciences, Mental Health and Addiction",HUNTINGTON'S DISEASE; MULTIPLE DISEASE RELEVANCE; NERVOUS SYSTEM; CELL BIOLOGY,10/1/2011,"ganglioside, Huntington's disease, therapies",1.0,,0.0,,259,196
"Slim, Rima",McGill University,Quebec,Proof of Principle Program - Phase I,201202PPP,Proof of Principle,NLRP7-based diagnosis of female reproduction wastage,160000.0,0.0,1.0,Genetics,PREGNANCY/BIRTH; PERINATAL; GENETICS; REPRODUCTION/PREGNANCY,10/1/2012,"NLRP7, diagnosis, female reproduction",0.0,,0.0,,260,197
"Snutch, Terrance P",University of British Columbia,British Columbia,Proof of Principle Program - Phase I,201509PPP,Proof of Principle,Identification of SLC26A11 blockers to prevent neuronal swelling and cell death,160000.0,0.0,1.0,"Neurosciences, Mental Health and Addiction",CNS ORGANIC; MULTIPLE DISEASE RELEVANCE; DRUG RESEARCH; NERVOUS SYSTEM,4/1/2016,"SLC26A11, blockers, neuronal swelling",0.0,,0.0,,261,198
"Sonenberg, Nahum",McGill University,Quebec,Proof of Principle Program - Phase I,200810PPP,Proof of Principle,Identification of novel compounds inhibiting viral infections,150000.0,0.0,1.0,Infection and Immunity,VIRAL; MULTIPLE DISEASE RELEVANCE; VIROLOGY; MOLECULAR BIOLOGY,1/1/2009,"compounds, inhibiting, viral infections",0.0,,0.0,,262,199
"St-Pierre, Yves","INRS - (Quebec, QC)",Quebec,Project Grant,201809PJT,Commercialization,GAL-7-specific nanobodies for treatment of triple-negative breast cancer,371024.0,0.0,3.0,Cancer Research,Commercialization-Intellectual Property,4/1/2019,"GAL-7, nanobodies, breast cancer",3.0,,0.0,,263,200
"Stagljar, Igor",University of Toronto,Ontario,Proof of Principle Program - Phase I,201209PPP,Proof of Principle,"Development of the Mammalian Membrane Two-Hybrid (MaMTH) technology, a novel protein interaction and drug discovery tool",160000.0,0.0,1.0,Cancer Research,CANCER THERAPY GENERAL; MULTIPLE DISEASE RELEVANCE; MOLECULAR BIOLOGY; BIOCHEMISTRY,4/1/2013,"Membrane, Two-Hybrid, Protein interaction",3.0,,0.0,,264,201
"Steinberg, Gregory R",McMaster University,Ontario,Proof of Principle Program - Phase I,201402PPP,Proof of Principle,Development of a new therapy targeting adipose tissue metabolism for the treatment of obesity,160000.0,0.0,1.0,"Nutrition, Metabolism and Diabetes",OBESITY; ENDOCRINOLOGY; METABOLISM/DIABETES,10/1/2014,"adipose tissue, metabolism, obesity",4.0,Esperion Therapeutics Inc.; Espervita Therapeutics Inc.,2.0,Patent Inventor; C-suite,5,202
"Stojdl, David F",Children's Hospital of Eastern Ontario Research Institute Inc,Ontario,Proof of Principle Program - Phase I,201302PPP,Proof of Principle,Chimeric Oncolytic Virus for Brain Cancer Treatment,160000.0,0.0,1.0,Cancer Research,BRAIN TUMORS THERAPY; CANCER THERAPY GENERAL,10/1/2013,"Chimeric, Oncolytic Virus, Brain Cancer",3.0,Turnstone Limited Partnership (Turnstone Biologics Corp.),1.0,C-suite,23,203
"Sutherland, Garnette R",University of Calgary,Alberta,Project Grant,201709PJT,Commercialization,The SmartForceps System: An intelligent and innovative tool technology for recording surgical performance and skill,520200.0,0.0,3.0,Health Services and Policy Research,"Biomedical Engineering-Biophysics, Medical Technologies and Instrumentation; Health Services and Systems-Healthcare Safety & Quality Improvement",4/1/2018,"SmartForceps, surgical, recording",2.0,,0.0,,265,204
"Sutherland, Garnette R",University of Calgary,Alberta,Project Grant,202303PJT,Commercialization,An Intelligent Workstation for Robot-Assisted Microsurgery & Tele-Operations,780300.0,0.0,3.0,Health Services and Policy Research,"Biomedical Engineering-Biophysics, Medical Technologies and Instrumentation",10/1/2023,"Robot-assisted, Microsurgery, Tele-operations",0.0,,0.0,,266,204
"Tabrizian, Maryam",McGill University,Quebec,Proof of Principle Program - Phase I,201402PPP,Proof of Principle,A Novel Injectable Chitosan Sponge Containing BMP-7 as a Therapeutic Intervention for Accelerated Bone Formation in a Critical Size Defect Rat Model,160000.0,0.0,1.0,Musculoskeletal Health and Arthritis,"BONE CANCER; INJURY, REGENERATION; MUSCLE, BONE, OR JOINT; DRUG RESEARCH",10/1/2014,"Chitosan, BMP-7, Bone Formation",1.0,,0.0,,267,205
"Tamimi, Faleh",McGill University,Quebec,Proof of Principle Program - Phase I,201209PPP,Proof of Principle,Biocompatible inorganic nanogel system for medical applications,150160.0,0.0,1.0,Musculoskeletal Health and Arthritis,"DRUGS- PHARMACEUTICAL SCIENCE/CHEMISTRY & NON MEDICAL USE OF DRUGS; INJURY, REGENERATION; DENTAL SCIENCE - Oral Biology; DRUG RESEARCH",4/1/2013,"Biocompatible, nanogel, inorganic",0.0,,0.0,,268,206
"Tavallaei, Mohammad A",Toronto Metropolitan University,Ontario,Project Grant,202403PJT,Commercialization,Design Revisions and Validations of a Catheter Steering and Navigation System For Peripheral Endovascular Revascularization,501076.0,0.0,3.0,Circulatory and Respiratory Health,"Biomedical Engineering-Biophysics, Medical Technologies and Instrumentation",10/1/2024,"Catheter, Steering, Revascularization",0.0,,0.0,,269,207
"Tessier, Philippe A",Universite Laval,Quebec,Proof of Principle Program - Phase I,200904PPP,Proof of Principle,Development of anti-S100 proteins for the treatment of arthritis,142600.0,0.0,1.0,Musculoskeletal Health and Arthritis,"ARTHRITIS/OSTEOARTHRITIS; CHRONIC INFLAMMATORY BOWEL DISEASE; IMMUNOLOGY-TRANSPLANTATION; MUSCLE, BONE, OR JOINT",7/1/2009,"S100 proteins, arthritis",6.0,Immunorx Pharma Inc.,1.0,C-suite,7,208
"Towler, Mark R",Toronto Metropolitan University,Ontario,Project Grant,201803PJT,Commercialization,"Development of a Proprietary, Glass-Based Adhesive for Sternal Fixation and Stabilisation.",602438.0,0.0,3.0,Musculoskeletal Health and Arthritis,"Biomedical Engineering-Biomaterials, Nanotechnology and Biomechanics; Musculoskeletal Health-Bone, Skin and Cartilage Sciences",10/1/2018,"Glass, Adhesive, Sternal",0.0,,0.0,,270,209
"Tremblay, Jacques P",Universite Laval,Quebec,Proof of Principle Program - Phase I,201209PPP,Proof of Principle,Development of a treatment for Friedreich ataxia based on the administration of TALE proteins targeting the frataxin promoter.,160000.0,0.0,1.0,Genetics,CONGENITAL ANOMALIES; MOLECULAR BIOLOGY,4/1/2013,"Friedreich ataxia, TALE proteins, frataxin",3.0,,0.0,,271,210
"Tremblay, Jacques P",Universite Laval,Quebec,Proof of Principle Program - Phase I,201502PPP,Proof of Principle,Alzheimer treatment based on the editing of the Amyloid Precursor Protein gene,159931.0,0.0,1.0,Aging,ALZHEIMER'S DISEASE; AGING; MOLECULAR BIOLOGY; GENETICS,10/1/2015,"Alzheimer, gene editing, Amyloid Precursor Protein",1.0,,0.0,,272,210
"Tremblay, Michel L",McGill University,Quebec,Proof of Principle Program Phase I - Drug Development,201003PDD,Proof of Principle,Discovery and uses of a new class of small molecule inhibitors of tyrosine phosphatases.,158850.0,0.0,1.0,Cancer Research,MULTIPLE DISEASE RELEVANCE; BREAST CANCER THERAPY; BIOCHEMISTRY; DRUG RESEARCH,10/1/2010,"small molecule, tyrosine phosphatases, inhibitors",4.0,Kanyr Pharma Inc.,1.0,C-suite,9,211
"Trifiro, Mark A",CIUSSS de Centre-Ouest-de-l'Ile-de-Montreal-Jewish General,Quebec,Proof of Principle Program - Phase I,201409PPP,Proof of Principle,Targeting novel BioNanofluids for prostate cancer therapy,148240.0,11000.0,1.0,Cancer Research,PROSTATE AND BLADDER CANCER; PROSTATE AND BLADDER CANCER THERAPY,4/1/2015,"BioNanofluids, prostate cancer, targeting",0.0,,0.0,,273,212
"Tsao, Ming-Sound",University Health Network (Toronto),Ontario,Proof of Principle Program - Phase I,201409PPP,Proof of Principle,Development of a monoclonal antibody for integrin alpha-11 to treat lung cancer,160000.0,0.0,1.0,Cancer Research,LUNG CANCER; LUNG CANCER THERAPY; CANCER; DRUG RESEARCH,4/1/2015,"monoclonal antibody, integrin alpha-11, lung cancer",0.0,,0.0,,274,213
"Turvey, Stuart E",University of British Columbia,British Columbia,Proof of Principle Program Phase I - Drug Development,200904PDD,Proof of Principle,Development of a TLR5 antagonist as a novel anti-inflammatory therapy for cystic fibrosis,150000.0,0.0,1.0,Infection and Immunity,IMMUNOLOGY-TRANSPLANTATION; BIOCHEMISTRY,7/1/2009,"TLR5, antagonist, cystic fibrosis",0.0,,0.0,,275,214
"Uludag, Hasan",University of Alberta,Alberta,Project Grant,202210PJT,Commercialization,New Treatment of Blood Cancers with Improved Delivery of Nucleic Acids,100000.0,0.0,1.0,Cancer Research,"Biomedical Engineering-Biomaterials, Nanotechnology and Biomechanics; Cancer-Cancer Drug Development and Therapeutics; Pharmacological, Toxicological and Pharmaceutical Sciences-Drug Discovery, Design and Delivery",4/1/2023,"Blood cancers, Nucleic acids, Delivery",0.0,,0.0,,276,215
"Underhill, Michael",University of British Columbia,British Columbia,Proof of Principle Program - Phase I,201009PPP,Proof of Principle,Novel Applications of Potassium Channel Blockers in Arthritis,146400.0,0.0,1.0,Musculoskeletal Health and Arthritis,"ARTHRITIS/OSTEOARTHRITIS; MUSCULO SKELETAL; MUSCLE, BONE, OR JOINT; AGING",4/1/2011,"Potassium Channel, Blockers, Arthritis",0.0,,0.0,,277,216
"Unrau, Peter J","Simon Fraser University (Burnaby, B.C.)",British Columbia,Project Grant,202210PJT,Commercialization,Commercialization of RNA Mango fluorogenic aptamers: RNA Pulldown and Imaging Tools for Therapeutic and Diagnostic pipelines,100000.0,0.0,1.0,Infection and Immunity,"Commercialization-Intellectual Property; Commercialization-Technology Transfer; Immunology and Infection-Antimicrobial Drug Resistance, Drug Discovery and Therapeutics (including vaccines)",4/1/2023,"RNA, Fluorogenic, Imaging",0.0,,0.0,,278,217
"Vanner, Stephen J","Queen's University (Kingston, Ontario)",Ontario,Project Grant,202303PJT,Commercialization,Developing a potent non-addictive analgesic as an alternative to conventional opioids,665550.0,0.0,3.0,"Neurosciences, Mental Health and Addiction","Commercialization-Industry Research & Development; Neurosciences-Sensory Systems (including visual, auditory and pain)",10/1/2023,"analgesic, opioids, non-addictive",0.0,,0.0,,279,218
"Verma, Subodh S",Unity Health Toronto,Ontario,Proof of Principle Program - Phase I,200904PPP,Proof of Principle,Evaluation of BRCA1 as a Novel Therapeutic Strategy for Endothelial Dysfunction and Atherosclerosis,149998.0,0.0,1.0,Circulatory and Respiratory Health,ATHEROSCLEROSIS; CARDIOVASCULAR,7/1/2009,"BRCA1, Endothelial Dysfunction, Atherosclerosis",1.0,,0.0,,280,219
"Waldman, Stephen D","Queen's University (Kingston, Ontario)",Ontario,Proof of Principle Program - Phase I,200910PPP,Proof of Principle,Tissue engineered cartilage suitable for the repair of clinically-relevant sized defects,148139.0,0.0,1.0,Musculoskeletal Health and Arthritis,"INJURY, REGENERATION; ARTHRITIS/OSTEOARTHRITIS; MUSCLE, BONE, OR JOINT; BIOPHYSICS",4/1/2010,"tissue engineering, cartilage, repair",1.0,,0.0,,281,220
"Walker, Gilbert C",University of Toronto,Ontario,Project Grant,202403PJT,Commercialization,Development of preclinical data for a phase one clinical trial of a micro-RNA-based formulation to treat early sepsis,508725.0,0.0,2.0,Circulatory and Respiratory Health,"Cardiovascular, Respiratory and Circulatory Systems-Respiratory System Pathologies and Clinical Interventions; Commercialization-Technology Transfer; Cardiovascular, Respiratory and Circulatory Systems-Clinical and Translational Cardiovascular Sciences",10/1/2024,"micro-RNA, sepsis, formulation",1.0,,0.0,,282,221
"Walti, Herve",Universite de Sherbrooke,Quebec,Proof of Principle Program - Phase I,201202PPP,Proof of Principle,Total liquid ventilation improves respiratory and neurological outcomes in newborn lambs with severe respiratory failure,159252.0,0.0,1.0,Circulatory and Respiratory Health,RESPIRATION; PERINATAL; NOT CLASSIFIED,10/1/2012,"liquid ventilation, respiratory failure, neurological outcomes",0.0,,0.0,,283,222
"Wang, Yuzhuo",University of British Columbia,British Columbia,Project Grant,202109PJT,Commercialization,Optimization and Validation of MCT4-targeting Small Molecule Inhibitors for Treatment of Advanced Cancers,1147500.0,0.0,5.0,Cancer Research,Commercialization-Intellectual Property; Cancer-Cancer Drug Development and Therapeutics,4/1/2022,"MCT4, small molecule, inhibitors",0.0,,0.0,,284,223
"Wasan, Kishor M",University of British Columbia,British Columbia,Proof of Principle Program - Phase II,200810PP2,Proof of Principle,Development of a Novel Oral Amphotericin B Formulation for the Treatment of Systemic Fungal Infections,200000.0,0.0,1.0,Infection and Immunity,null,1/1/2010,"Amphotericin B, oral formulation, fungal infections",5.0,Skymount Medical Inc.; Amphotericin B Technologies Inc. (AmpB Tech),2.0,C-suite,21,224
"Weaver, Donald F",IWK Health Centre (Halifax),Nova Scotia,Proof of Principle Program - Phase I,200910PPP,Proof of Principle,Contact Optical Microscopy,148684.0,0.0,1.0,"Neurosciences, Mental Health and Addiction",MULTIPLE DISEASE RELEVANCE; MULTIDISCIPLINARY; IMAGING; INTERNATIONAL HEALTH,4/1/2010,"Contact, Optical, Microscopy",2.0,,0.0,,285,225
"Weaver, Donald F",IWK Health Centre (Halifax),Nova Scotia,Proof of Principle Program - Phase I,200910PPP,Proof of Principle,Pharmacokinetic Optimization of a New Drug for Alzheimer's Disease,150000.0,0.0,1.0,"Neurosciences, Mental Health and Addiction",ALZHEIMER'S DISEASE; DRUGS- PHARMACEUTICAL SCIENCE/CHEMISTRY & NON MEDICAL USE OF DRUGS; DRUG RESEARCH; NERVOUS SYSTEM,4/1/2010,"Pharmacokinetic, Drug, Alzheimer's",3.0,,0.0,,286,225
"Weaver, Donald F",University Health Network (Toronto),Ontario,Project Grant,201709PJT,Commercialization,"Design and Development of Brain Permeant Indoleamine-2,3-Dioxygenase Inhibitors",765000.0,0.0,4.0,"Neurosciences, Mental Health and Addiction","Pharmacological, Toxicological and Pharmaceutical Sciences-Drug Discovery, Design and Delivery; Neurosciences-Neurological disorders",4/1/2018,"brain, indoleamine-2,3-dioxygenase, inhibitors",1.0,,0.0,,287,225
"Webb, John R",University of Victoria (British Columbia),British Columbia,Proof of Principle Program - Phase I,201003PPP,Proof of Principle,Pre-clinical development of Pentarix: a therapeutic vaccine for HPV-associated cancers,160000.0,0.0,1.0,Cancer Research,CANCER THERAPY GENERAL; VIRAL; CANCER; IMMUNOLOGY-TRANSPLANTATION,10/1/2010,"Pentarix, vaccine, HPV",1.0,,0.0,,288,226
"Weinfeld, Michael",University of Alberta,Alberta,Proof of Principle Program - Phase I,200910PPP,Proof of Principle,Small molecule inhibitor of polynucleotide kinase/phosphatase and uses thereof in cancer treatment.,150000.0,0.0,1.0,Cancer Research,CANCER THERAPY GENERAL; CANCER,4/1/2010,"small molecule, polynucleotide kinase, cancer",3.0,,0.0,,289,227
"Weksberg, Rosanna",Hospital for Sick Children (Toronto),Ontario,Proof of Principle Program - Phase I,201502PPP,Proof of Principle,Implementation and Commercialization of a Novel DNA Methylation-Based Diagnostic Tool,160000.0,0.0,1.0,"Human Development, Child and Youth Health","DETERMINANTS OF HEALTH; MENTAL AND BEHAVIOURAL DISEASES; GENETICS; GENOMICS, PROTEOMICS, AND BIOINFORMATICS",10/1/2015,"DNA methylation, diagnostic, tool",2.0,,0.0,,290,228
"Whyne, Cari M","Sunnybrook Health Sciences Centre (Toronto, Ontario)",Ontario,Proof of Principle Program - Phase I,201509PPP,Proof of Principle,"""Bone Tape"": Optimization of a novel method for reconstructing the craniomaxillofacial skeleton",160000.0,0.0,1.0,Musculoskeletal Health and Arthritis,"MUSCULO SKELETAL; MUSCLE, BONE, OR JOINT",4/1/2016,"bone, craniomaxillofacial, reconstruction",2.0,,0.0,,291,229
"Willerth, Stephanie M",University of Victoria (British Columbia),British Columbia,Project Grant,202104PJT,Commercialization,3D bioprinting next generation brain organoids for identifying drug targets for Alzheimer's disease,489600.0,0.0,4.0,"Neurosciences, Mental Health and Addiction","Biomedical Engineering-Regenerative Medicine and Tissue Engineering; Molecular, Cellular and Systems Biology-Cell Differentiation",10/1/2021,"bioprinting, brain organoids, Alzheimer's",0.0,,0.0,,292,230
"Williams, Jason",Nova Scotia Health Authority (Halifax),Nova Scotia,Proof of Principle Program - Phase II,201309PP2,Proof of Principle,The Production of Decellularized Human Skin to Treat Chronic Diabetic Ulcers,145760.0,0.0,1.0,Musculoskeletal Health and Arthritis,DIABETES MELLITUS; SKIN AND SUBCUTANEOUS TISSUS; HEALTH RESEARCH; METABOLISM/DIABETES,4/1/2014,"Decellularized, Human Skin, Diabetic Ulcers",0.0,,0.0,,293,231
"Wither, Joan E",University Health Network (Toronto),Ontario,Proof of Principle Program - Phase I,201509PPP,Proof of Principle,Development of a test for the early diagnosis and monitoring of lupus nephritis,160000.0,0.0,1.0,Musculoskeletal Health and Arthritis,"LUPUS; GENITO/URINARY SYSTEM; MUSCLE, BONE, OR JOINT; RENAL FUNCTION, NEPHROLOGY, UROLOGY",4/1/2016,"lupus, nephritis, diagnosis",1.0,,0.0,,294,232
"Withers, Stephen G",University of British Columbia,British Columbia,Proof of Principle Program - Phase I,200910PPP,Proof of Principle,Novel mechanism-based inhibitors of influenza neuraminidase as potential anti-viral agents,150000.0,0.0,1.0,Infection and Immunity,INFECTIOUS AND PARASITIC; VIRAL; VIROLOGY; POPULATION HEALTH,4/1/2010,"neuraminidase, inhibitors, influenza",1.0,,0.0,,295,233
"Withers, Stephen G",University of British Columbia,British Columbia,Proof of Principle Program - Phase II,201202PP2,Proof of Principle,Novel Influenza Neuraminidase Inhibitors - Development of Orally Bioavailable Agents,297000.0,0.0,1.0,Infection and Immunity,VIRAL; DRUGS- PHARMACEUTICAL SCIENCE/CHEMISTRY & NON MEDICAL USE OF DRUGS; VIROLOGY; POPULATION HEALTH,10/1/2012,"Influenza, Neuraminidase, Inhibitors",3.0,,0.0,,296,233
"Withers, Stephen G",University of British Columbia,British Columbia,Proof of Principle Program - Phase I,201409PPP,Proof of Principle,Extending circulation time of protein therapeutics by capping glycan structures with 7F-Sialic acids,159981.0,0.0,1.0,Genetics,MULTIDISCIPLINARY; BIOCHEMISTRY,4/1/2015,"protein, glycan, sialic acids",5.0,,0.0,,297,233
"Wu, Jian Hui",CIUSSS de Centre-Ouest-de-l'Ile-de-Montreal-Jewish General,Quebec,Proof of Principle Program Phase I - Drug Development,201003PDD,Proof of Principle,Novel bifunctional antiandrogens that suppress oncogenic activation of the androgen receptor in castration-resistant prostate cancer,159750.0,0.0,1.0,Cancer Research,DRUGS- PHARMACEUTICAL SCIENCE/CHEMISTRY & NON MEDICAL USE OF DRUGS; PROSTATE AND BLADDER CANCER THERAPY; CANCER; ENDOCRINOLOGY,10/1/2010,"antiandrogens, androgen receptor, prostate cancer",2.0,,0.0,,298,234
"Wu, Jian Hui",CIUSSS de Centre-Ouest-de-l'Ile-de-Montreal-Jewish General,Quebec,Proof of Principle Program - Phase I,201502PPP,Proof of Principle,Development of novel pan-inhibitors of the androgen receptor variants as effective therapeutics for castration-resistant prostate cancer,160000.0,0.0,1.0,Cancer Research,PROSTATE AND BLADDER CANCER; DRUGS- PHARMACEUTICAL SCIENCE/CHEMISTRY & NON MEDICAL USE OF DRUGS,10/1/2015,"androgen receptor, pan-inhibitors, prostate cancer",2.0,,0.0,,299,234
"Wu, Xiao Yu S",University of Toronto,Ontario,Proof of Principle Program - Phase I,201309PPP,Proof of Principle,Preclinical evaluation of multifunctional polymer nanoparticles for targeted brain cancer therapy,160000.0,0.0,1.0,Cancer Research,BRAIN TUMORS THERAPY; DRUGS- PHARMACEUTICAL SCIENCE/CHEMISTRY & NON MEDICAL USE OF DRUGS; DRUG RESEARCH; CANCER,4/1/2014,"polymer nanoparticles, brain cancer, targeted",2.0,,0.0,,300,235
"Wu, Xiao Yu S",University of Toronto,Ontario,Project Grant,201809PJT,Commercialization,Development of a Smart Tumor-Activated Nanodiagnostic System for Sensitive Detection of Solid Tumors and Metastases,470475.0,0.0,3.0,Cancer Research,Commercialization-Intellectual Property; Biomedical Engineering-Biomedical Imaging,4/1/2019,"Nanodiagnostic, Tumor-Activated, Detection",0.0,,0.0,,301,235
"Yang, Victor X",Toronto Metropolitan University,Ontario,Proof of Principle Program - Phase I,200910PPP,Proof of Principle,Doppler Optical Coherence Tomography for Intraoperative Imaging During Skull Base Neurosurgical Procedures,149984.0,0.0,1.0,Cancer Research,BRAIN TUMORS THERAPY; IMAGING; BIOPHYSICS,4/1/2010,"Doppler, Optical Coherence Tomography, Neurosurgical",4.0,Laser Depth Dynamics Inc.,1.0,C-suite,10,236
"Yang, Victor X",Toronto Metropolitan University,Ontario,Proof of Principle Program - Phase I,201302PPP,Proof of Principle,Integrated Surgical Lighting and Navigation System,156230.0,2200.0,1.0,Musculoskeletal Health and Arthritis,"MUSCULO SKELETAL; MULTIDISCIPLINARY; IMAGING; MUSCLE, BONE, OR JOINT",10/1/2013,"Surgical lighting, Navigation system",21.0,,0.0,,302,236
"Yanow, Stephanie K",University of Alberta,Alberta,Proof of Principle Program - Phase II,201309PP2,Proof of Principle,A field-deployable malaria and fever diagnostic system,143250.0,0.0,1.0,Infection and Immunity,INFECTIOUS AND PARASITIC; POPULATION HEALTH; INTERNATIONAL HEALTH,4/1/2014,"malaria, diagnostic, fever",0.0,,0.0,,303,237
"Yanow, Stephanie K",University of Alberta,Alberta,Proof of Principle Program - Phase I,201409PPP,Proof of Principle,Long-term preservation of a whole parasite malaria vaccine for storage and delivery in the tropics,160000.0,0.0,1.0,Infection and Immunity,INFECTIOUS AND PARASITIC; BLOOD; INTERNATIONAL HEALTH; HEALTH RESEARCH,4/1/2015,"parasite, malaria, vaccine",0.0,,0.0,,304,237
"Yokota, Toshifumi",University of Alberta,Alberta,Project Grant,202203PJT,Commercialization,Commercializing a novel platform for delivery of antisense oligonucleotide-mediated therapy,1009800.0,0.0,5.0,Genetics,Genetics-Clinical Genetics,10/1/2022,"antisense, oligonucleotide, delivery",3.0,,0.0,,305,238
"Yoo, Paul",University of Toronto,Ontario,Proof of Principle Program - Phase I,201502PPP,Proof of Principle,Minimally-Invasive Method of Selectively Activating Posterior Tibial Nerve Afferents for Treating Overactive Bladder,155800.0,4000.0,1.0,Aging,"GENITO/URINARY SYSTEM; RENAL FUNCTION, NEPHROLOGY, UROLOGY",10/1/2015,"Minimally-Invasive, Posterior Tibial Nerve, Overactive Bladder",19.0,Ebt Medical Inc.,1.0,C-suite,4,239
"Young, Robert N","Simon Fraser University (Burnaby, B.C.)",British Columbia,Proof of Principle Program - Phase I,201409PPP,Proof of Principle,Development of a novel conjugate drug for local delivery in bone grafts: Efficacy study on vascularization and osteogenesis after local delivery in a dental implant jaw model,157500.0,0.0,1.0,Musculoskeletal Health and Arthritis,DENTAL DISEASE (INCL. ORAL BIOLOGY); DRUGS- PHARMACEUTICAL SCIENCE/CHEMISTRY & NON MEDICAL USE OF DRUGS; DRUG RESEARCH; DENTAL SCIENCE - Oral Biology,4/1/2015,"conjugate drug, bone grafts, osteogenesis",6.0,,0.0,,306,240
"Yousef, George M",Unity Health Toronto,Ontario,Project Grant,201809PJT,Commercialization,Development of the first pre-operative serum exosomal miRNA test to guide treatment decision in prostate cancer,573752.0,0.0,4.0,Cancer Research,Cancer-Cancer Progression and Metastasis,4/1/2019,"exosomal, miRNA, prostate cancer",1.0,,0.0,,307,241
"Yudin, Andrei",University of Toronto,Ontario,Proof of Principle Program - Phase I,201102PPP,Proof of Principle,Arrays of constrained histone tail mimetics for the development of epigenetic anticancer drugs,85712.0,74288.0,1.0,Cancer Research,DRUGS- PHARMACEUTICAL SCIENCE/CHEMISTRY & NON MEDICAL USE OF DRUGS; CANCER THERAPY GENERAL; DRUG RESEARCH; CANCER,10/1/2011,"histone, mimetics, epigenetic",0.0,,0.0,,308,242
"Zaugg, Michael",University of Alberta,Alberta,Project Grant,202303PJT,Commercialization,"Vegaven, a novel lipid emulsion with unique superior biological actions designed for parenteral nutrition",818550.0,0.0,3.0,"Nutrition, Metabolism and Diabetes",Commercialization-Intellectual Property,10/1/2023,"lipid emulsion, parenteral nutrition, biological actions",0.0,,0.0,,309,243
"Zeng, Haishan",University of British Columbia,British Columbia,Proof of Principle Program - Phase II,201009PP2,Proof of Principle,Development of a laser Raman spectroscopy system for melanoma detection,244071.0,48211.0,1.0,Cancer Research,MULTIDISCIPLINARY; SKIN AND SUBCUTANEOUS TISSUS; CANCER; IMAGING,4/1/2011,"laser, Raman spectroscopy, melanoma",8.0,,0.0,,310,244
"Zeng, Haishan",University of British Columbia,British Columbia,Project Grant,201709PJT,Commercialization,Real-time Endoscopic Raman Spectroscopy for Improving Dysplasia/Colorectal Cancer Detection in Patients with Inflammatory Bowel Diseases,508724.0,0.0,4.0,Cancer Research,"Biomedical Engineering-Biophysics, Medical Technologies and Instrumentation; Cancer-Clinical Oncology; Digestive, Endocrine and Excretory Systems-Gastroenterology and Hepatology",4/1/2018,"Raman Spectroscopy, Endoscopic, Colorectal Cancer",1.0,,0.0,,311,244
"Zeng, Haishan",University of British Columbia,British Columbia,Project Grant,202104PJT,Commercialization,Autofluorescence Imaging Guided Laser Raman Spectroscopy for Non-invasive Oral Cancer Detection,742051.0,0.0,4.0,Cancer Research,"Biomedical Engineering-Biophysics, Medical Technologies and Instrumentation; Cancer-Clinical Oncology; Musculoskeletal Health-Oral Health",10/1/2021,"Autofluorescence, Raman Spectroscopy, Oral Cancer",0.0,,0.0,,312,244
"Zhang, Li",University Health Network (Toronto),Ontario,Proof of Principle Program - Phase II,201502PP2,Proof of Principle,A new cellular immunotherapy to treat acute myeloid leukemia,183670.0,35500.0,1.0,Cancer Research,MULTIDISCIPLINARY; IMMUNOLOGY-TRANSPLANTATION; CANCER,10/1/2015,"cellular, immunotherapy, leukemia",2.0,,0.0,,313,245
"Zhang, Li",University Health Network (Toronto),Ontario,Project Grant,201903PJT,Commercialization,"Developing a platform for ""off-the-shelf"" CAR-T cell therapies for cancer using double negative T cells",703800.0,0.0,4.0,Cancer Research,Commercialization-Technology Transfer; Cancer-Cancer Drug Development and Therapeutics,10/1/2019,"CAR-T, T cells, cancer",5.0,,0.0,,314,245
"Zhou, Youwen",University of British Columbia,British Columbia,Proof of Principle Program - Phase I,201202PPP,Proof of Principle,A diagnostic test for cutaneous T cell lymphomas,151660.0,0.0,1.0,Musculoskeletal Health and Arthritis,"SKIN AND SUBCUTANEOUS TISSUS; BLOOD; CANCER; GENOMICS, PROTEOMICS, AND BIOINFORMATICS",10/1/2012,"diagnostic, T cell lymphomas, cutaneous",4.0,Resolvex Pharmaceuticals Inc.,1.0,C-suite,19,246
"de Rezende, Joao B",Unity Health Toronto,Ontario,Proof of Principle Program - Phase I,201502PPP,Proof of Principle,A Non-Traumatic Binder for Temporary Abdominal Wall Closure,115768.0,0.0,1.0,Infection and Immunity,NONE OF THE ABOVE; NOT CLASSIFIED,10/1/2015,"Binder, Abdominal Wall, Closure",0.0,,0.0,,82,247
