Name,Funding_Start,title_keywords,companies,companies_count,outcome_data,All_Companies_Manual,Founding_Year,All_Companies_Count_Manual,Institution_Paid,Province,Program_Name,Competition_CD,PRC_Name,Project_Title,CIHR_Contribution,CIHR_Equipment,Term_Years,Primary_Institute,Research_Categories,Funding_Start_Count,Funding_End,Patents,grant_id,researcher_id
"Lin, Sheng-Xiang",3/1/2024,"pharmacokinetic, 17beta-hydroxysteroid dehydrogenase, breast cancer",,,,,,0.0,Universite Laval,Quebec,Project Grant - PA: Breast Cancer Research,202309PLL,Commercialization,Pre-clinical pharmacokinetic and efficacy assays with an efficient 17beta-hydroxysteroid dehydrogenase type 7 inhibitor for breast cancer therapy,100000,0,1.0,Cancer Research,"Cancer-Cancer Drug Development and Therapeutics; Digestive, Endocrine and Excretory Systems-Endocrinology",1,2025-02-28,0,113,123
"Lubell, William D",10/1/2023,"Interleukin-1, Receptor, Macular Degeneration",,,,,,,Universite de Montreal,Quebec,Project Grant,202303PJT,Commercialization,Interleukin-1 Receptor Modulating Therapy for Treating Macular Degeneration,516376,0,3.0,"Neurosciences, Mental Health and Addiction","Commercialization-Industry Research & Development; Pharmacological, Toxicological and Pharmaceutical Sciences-Drug Discovery, Design and Delivery; Aging-Geriatric Medicine and Health Sciences",1,2026-09-30,0,82,127
"Lubell, William D",4/1/2023,"Age-Related Macular Degeneration, Inflammation, CD36",,,,Mperia Therapeutics Inc.,,1.0,Universite de Montreal,Quebec,Project Grant,202209PJT,Commercialization,"Treating Age-Related Macular Degeneration by Mitigating Inflammation, Oxidative Stress, and Lipid Accumulation through CD36 Modulation",833851,0,3.0,"Neurosciences, Mental Health and Addiction","Commercialization-Industry Research & Development; Pharmacological, Toxicological and Pharmaceutical Sciences-Drug Discovery, Design and Delivery; Aging-Geriatric Medicine and Health Sciences",1,2026-03-31,0,151,127
"Ma, Hongshen",10/1/2015,"microfluidic, deformability, tumor cells",,,,,,0.0,University of British Columbia,British Columbia,Proof of Principle Program - Phase I,201502PPP,Proof of Principle,Pre-commercial Development of Microfluidic Technology for Deformability based Separation of Circulating Tumor Cells,160000,0,1.0,Cancer Research,PROSTATE AND BLADDER CANCER; BLOOD; CANCER,1,2016-09-30,0,25,128
"Ma, Hongshen",4/1/2020,"non-contact, screening, antibody",,,,,,,University of British Columbia,British Columbia,Project Grant,201909PJT,Commercialization,Non-contact screening technology to expedite cell line development for antibody production,524026,0,3.0,Cancer Research,"Commercialization-Intellectual Property; Commercialization-Technology Transfer; Biomedical Engineering-Biomaterials, Nanotechnology and Biomechanics",1,2023-03-31,0,180,128
"Macaulay, Calum E",7/1/2009,"personalized medicine, genetic characterization, cell detection",,,,Motic Digital Pathology,,1.0,University of British Columbia,British Columbia,"Proof of Principle - PA: Cancer Early Detection, Imaging/Trans Therapeutics",200904PCA,Proof of Principle,A platform enabling personalized medicine through the detection of cells with specific genetic characterization,149825,0,1.0,Cancer Research,"CANCER THERAPY GENERAL; MULTIDISCIPLINARY; CANCER; GENOMICS, PROTEOMICS, AND BIOINFORMATICS",1,2010-06-30,0,198,129
"Malouin, Franeois",4/1/2013,"riboswitch, ligands, antibiotics",,,,"Ulysses Pharmaceuticals Products, Inc.",,1.0,Universite de Sherbrooke,Quebec,Proof of Principle Program - Phase I,201209PPP,Proof of Principle,Riboswitch ligand inhibitors for MRSA and staphylococci / Ligands de riboregulateurs agissant comme antibiotiques contre le SARM et les staphylocoques,157350,0,1.0,Infection and Immunity,INFECTIOUS AND PARASITIC,1,2014-03-31,0,45,132
"McNagny, Kelly M",10/1/2010,"CD34, allergic asthma, therapeutic",,,,,,0.0,University of British Columbia,British Columbia,Proof of Principle Program - Phase I,201003PPP,Proof of Principle,CD34 as a therapeutic target for allergic asthma,160000,0,1.0,Infection and Immunity,ASTHMA; RESPIRATION; IMMUNOLOGY-TRANSPLANTATION,1,2011-09-30,0,291,135
"Mes-Masson, Anne-Marie",10/1/2010,"multiplex, blood-based, ovarian cancer",,,,,,0.0,Centre hospitalier de l'Universite de Montreal (CHUM),Quebec,Proof of Principle Program - Phase I,201003PPP,Proof of Principle,Development and validation of a multiplex blood-based assay for the early detection of ovarian cancer.,160000,0,1.0,Cancer Research,GENITO/URINARY SYSTEM; NEOPLASMS; CANCER; HEALTH RESEARCH,1,2011-09-30,0,11,139
"Minchinton, Andrew I",4/1/2024,"hypoxia, DNA-PK, inhibitors",,,,,,,University of British Columbia,British Columbia,Project Grant,202309PJT,Commercialization,Development of clinical candidate hypoxia-activated DNA-PK inhibitors,979200,0,4.0,Cancer Research,Cancer-Cancer Drug Development and Therapeutics,1,2028-03-31,0,101,140
"Moreau, Alain",4/1/2015,"Osteoarthritis, Drug, Validation",,,,,,,"Centre hospitalier universitaire Sainte-Justine (Montreal, Quebec)",Quebec,Proof of Principle Program - Phase I,201409PPP,Proof of Principle,Preclinical Validation of a Disease-Modifying Osteoarthritis Drug,160000,0,1.0,Musculoskeletal Health and Arthritis,"ARTHRITIS/OSTEOARTHRITIS; DRUGS- PHARMACEUTICAL SCIENCE/CHEMISTRY & NON MEDICAL USE OF DRUGS; MUSCLE, BONE, OR JOINT; DRUG RESEARCH",1,2016-03-31,0,55,142
"Mossman, Karen L",10/1/2021,"oncolytic, BHV-1, cancer",,,,,,0.0,McMaster University,Ontario,Project Grant,202104PJT,Commercialization,Clinical development of oncolytic BHV-1 for cancer therapy,504900,0,3.0,Cancer Research,Commercialization-Intellectual Property; Commercialization-Industry Research & Development; Cancer-Cancer Drug Development and Therapeutics,1,2024-09-30,0,261,143
"Ostrowski, Mario A",1/1/2009,"Bioreactor, Tim-3 pathway, immunotherapy",,,,,,0.0,University of Toronto,Ontario,Proof of Principle Program - Phase I,200810PPP,Proof of Principle,Bioreactor-based large scale production of a Tim-3 pathway inhibitor as a novel immunotherapy against HIV-1 and other chronic viral infections,150000,0,1.0,Infection and Immunity,AIDS; INFECTIOUS AND PARASITIC; IMMUNOLOGY-TRANSPLANTATION; VIROLOGY,1,2009-12-31,0,302,150
"Pearson, Christopher E",4/1/2024,"small-molecule, neurodegenerative, mutations",,,,,,0.0,Hospital for Sick Children (Toronto),Ontario,Project Grant,202309PJT,Commercialization,Pre-clinical studies of a small-molecule to reverse neurodegenerative disease-causing mutations for its commercialization and application,719101,0,3.0,Genetics,Commercialization-Technology Transfer; Genetics-Molecular and Functional Genetics and Epigenetics,1,2027-03-31,0,117,153
"Poirier, Donald",4/1/2014,"steroide sulfatase, osteogenique, cancer",,,,,,,Universite Laval,Quebec,Proof of Principle Program - Phase I,201309PPP,Proof of Principle,evaluation du potentiel therapeutique in vivo d'un nouvel inhibiteur de la steroede sulfatase combinant des proprietes osteogenique et antiestrogenique pour le traitement des cancers du sein et de la prostate,159756,0,1.0,Cancer Research,BREAST CANCER THERAPY; OSTEOPOROSIS; CANCER; DRUG RESEARCH,1,2015-03-31,0,39,159
"Poirier, Donald",4/1/2010,"aminosteroides, anticancereux, in vivo",,,,Neolyspharma,,1.0,Universite Laval,Quebec,Proof of Principle Program - Phase I,200910PPP,Proof of Principle,L'evaluation du potentiel therapeutique in vivo d'une nouvelle famille d'aminosteroides comme agents anticancereux selectifs,149703,0,1.0,Cancer Research,DRUGS- PHARMACEUTICAL SCIENCE/CHEMISTRY & NON MEDICAL USE OF DRUGS; CANCER THERAPY GENERAL; DRUG RESEARCH; CANCER,1,2011-03-31,0,237,159
"Qadura, Mohammad",4/1/2022,"artery, diagnosis, peripheral arterial disease",,,,Arterial Solutions,,1.0,Unity Health Toronto,Ontario,Project Grant,202109PJT,Commercialization,Artery Alert - Revolutionizing the Diagnosis of Peripheral Arterial Disease,428400,0,4.0,Circulatory and Respiratory Health,"Cardiovascular, Respiratory and Circulatory Systems-Clinical and Translational Cardiovascular Sciences",1,2026-03-31,0,288,164
"Reynolds, Steven C",4/1/2013,"phrenic nerve, pacer, diaphragm",,,,"Lungpacer Medical, Inc.",,1.0,"Fraser Health Authority (Surrey, BC)",British Columbia,Proof of Principle Program - Phase I,201209PPP,Proof of Principle,Phase 1 Trial of a novel transvenous phrenic nerve pacer for diaphragm activation in mechanically ventilated critically ill patients.,158464,1536,1.0,Circulatory and Respiratory Health,RESPIRATION; HEALTH RESEARCH,1,2014-03-31,0,62,168
"Roberge, Michel",4/1/2014,"M2 Channel, Inhibitor, Influenza",,,,,,,University of British Columbia,British Columbia,Proof of Principle Program - Phase I,201309PPP,Proof of Principle,Preclinical Development of a novel M2 Channel Inhibitor for the Treatment and Prevention of Influenza,160000,0,1.0,Infection and Immunity,VIRAL; DRUGS- PHARMACEUTICAL SCIENCE/CHEMISTRY & NON MEDICAL USE OF DRUGS; DRUG RESEARCH; VIROLOGY,1,2015-03-31,0,216,171
"Roberge, Michel",4/1/2010,"autophagy, anticancer, inhibitor",,,,,,0.0,University of British Columbia,British Columbia,Proof of Principle Program - Phase I,200910PPP,Proof of Principle,Evaluation of the anticancer activity of a new autophagy-inhibitory drug,142989,0,1.0,Cancer Research,BREAST CANCER THERAPY; LUNG CANCER THERAPY; CANCER; BIOCHEMISTRY,1,2011-03-31,0,264,171
"Rogers, Ian M",4/1/2010,"Cell, therapy, Diabetes",,,,,,0.0,Sinai Health System (Toronto),Ontario,Proof of Principle Program - Phase I,200910PPP,Proof of Principle,Cell therapy for the treatment of type 1 Diabetes,150000,0,1.0,"Nutrition, Metabolism and Diabetes",DIABETES MELLITUS; METABOLISM/DIABETES,1,2011-03-31,0,65,172
"Ross, Ruth A",4/1/2013,"Small Molecule, Allosteric Modulators, Pain",,,,,,0.0,University of Toronto,Ontario,Proof of Principle Program - Phase I,201209PPP,Proof of Principle,Development and Testing of Small Molecule Allosteric Modulators for the Treatment of Pain.,157999,0,1.0,"Neurosciences, Mental Health and Addiction",MULTIPLE DISEASE RELEVANCE; ARTHRITIS/OSTEOARTHRITIS; DRUG RESEARCH; AGING,1,2014-03-31,0,40,174
"Sadar, Marianne D",4/1/2010,"sintokamides, prostate cancer, preclinical",,,,ESSA Pharma Inc,,1.0,University of British Columbia,British Columbia,Proof of Principle Program - Phase I,200910PPP,Proof of Principle,Preclinical evaluation of sintokamides as agents for treatment of advanced prostate cancer,150000,0,1.0,Cancer Research,PROSTATE AND BLADDER CANCER; PROSTATE AND BLADDER CANCER THERAPY; CANCER; ENDOCRINOLOGY,1,2011-03-31,0,239,175
"Sanche, Leon",10/1/2012,"antineoplasiques, radiosensibilisants, liposomal",,,,,,0.0,Universite de Sherbrooke,Quebec,Proof of Principle Program - Phase I,201202PPP,Proof of Principle,Developpement de composes antineoplasiques radiosensibilisants achemines par nano transporteur liposomal.,159149,0,1.0,Cancer Research,DRUGS- PHARMACEUTICAL SCIENCE/CHEMISTRY & NON MEDICAL USE OF DRUGS; BRAIN TUMORS THERAPY; CANCER; DRUG RESEARCH,1,2013-09-30,0,201,177
"Schang, Luis M",7/1/2009,"Viral, Inhibitors, Infectivity",,,,Pro-physis inc.,,0.0,University of Alberta,Alberta,Proof of Principle Program Phase I - Drug Development,200904PDD,Proof of Principle,Novel Inhibitors of Viral Infectivity,150000,0,1.0,Infection and Immunity,VIRAL; LIVER DISEASE; VIROLOGY; GASTROINTESTINAL (LIVER),1,2010-06-30,0,240,181
"Shapiro, James",4/1/2016,"Biomaterials, Prevascularized site, Transplantation",,,,ProtoKinetix,,1.0,University of Alberta,Alberta,Proof of Principle Program - Phase I,201509PPP,Proof of Principle,Preclinical Development of Novel Biomaterials for the Creation of a Deviceless Pre-Vascularized Site for Islet and Cellular Transplantation,157126,0,1.0,"Nutrition, Metabolism and Diabetes",DIABETES MELLITUS; ENDOCRINOLOGY; IMMUNOLOGY-TRANSPLANTATION; METABOLISM/DIABETES,1,2017-03-31,0,99,186
"Sheardown, Heather D",4/1/2022,"eye drop, ocular, therapies",,,,20/20 OptimEyes Technologies,,1.0,McMaster University,Ontario,Project Grant,202109PJT,Commercialization,A novel eye drop platform to improve ocular therapies,531674,0,3.0,Aging,"Commercialization-Technology Transfer; Biomedical Engineering-Biomaterials, Nanotechnology and Biomechanics",1,2025-03-31,0,168,187
"Sidhu, Sachdev S",10/1/2015,"anti-FGFR1, antibodies, anti-proliferative",,,,"Pionyr Immunotherapeutics, Aarvik Therapeutics",,2.0,University of Toronto,Ontario,Proof of Principle Program - Phase I,201502PPP,Proof of Principle,Highly specific therapeutic-grade anti-FGFR1 antibodies with anti-proliferative effects,160000,0,1.0,Cancer Research,CANCER THERAPY GENERAL; MOLECULAR BIOLOGY; CANCER,1,2016-09-30,0,238,193
"Slim, Rima",10/1/2012,"NLRP7, diagnosis, female reproduction",,,,,,0.0,McGill University,Quebec,Proof of Principle Program - Phase I,201202PPP,Proof of Principle,NLRP7-based diagnosis of female reproduction wastage,160000,0,1.0,Genetics,PREGNANCY/BIRTH; PERINATAL; GENETICS; REPRODUCTION/PREGNANCY,1,2013-09-30,0,202,196
"Snutch, Terrance P",4/1/2016,"SLC26A11, blockers, neuronal swelling",,,,Neuromed Pharmaceuticals Inc.,,1.0,University of British Columbia,British Columbia,Proof of Principle Program - Phase I,201509PPP,Proof of Principle,Identification of SLC26A11 blockers to prevent neuronal swelling and cell death,160000,0,1.0,"Neurosciences, Mental Health and Addiction",CNS ORGANIC; MULTIPLE DISEASE RELEVANCE; DRUG RESEARCH; NERVOUS SYSTEM,1,2017-03-31,0,4,197
"Sonenberg, Nahum",1/1/2009,"compounds, inhibiting, viral infections",,,,,,0.0,McGill University,Quebec,Proof of Principle Program - Phase I,200810PPP,Proof of Principle,Identification of novel compounds inhibiting viral infections,150000,0,1.0,Infection and Immunity,VIRAL; MULTIPLE DISEASE RELEVANCE; VIROLOGY; MOLECULAR BIOLOGY,1,2009-12-31,0,177,198
"Sutherland, Garnette R",10/1/2023,"Robot-assisted, Microsurgery, Tele-operations",,,,,,,University of Calgary,Alberta,Project Grant,202303PJT,Commercialization,An Intelligent Workstation for Robot-Assisted Microsurgery & Tele-Operations,780300,0,3.0,Health Services and Policy Research,"Biomedical Engineering-Biophysics, Medical Technologies and Instrumentation",1,2026-09-30,0,156,203
"Tamimi, Faleh",4/1/2013,"Biocompatible, nanogel, inorganic",,,,INViCARE,,1.0,McGill University,Quebec,Proof of Principle Program - Phase I,201209PPP,Proof of Principle,Biocompatible inorganic nanogel system for medical applications,150160,0,1.0,Musculoskeletal Health and Arthritis,"DRUGS- PHARMACEUTICAL SCIENCE/CHEMISTRY & NON MEDICAL USE OF DRUGS; INJURY, REGENERATION; DENTAL SCIENCE - Oral Biology; DRUG RESEARCH",1,2014-03-31,0,28,205
"Tavallaei, Mohammad A",10/1/2024,"Catheter, Steering, Revascularization",,,,Magellan Biomedical Inc.,,1.0,Toronto Metropolitan University,Ontario,Project Grant,202403PJT,Commercialization,Design Revisions and Validations of a Catheter Steering and Navigation System For Peripheral Endovascular Revascularization,501076,0,3.0,Circulatory and Respiratory Health,"Biomedical Engineering-Biophysics, Medical Technologies and Instrumentation",1,2027-09-30,0,187,206
"Towler, Mark R",10/1/2018,"Glass, Adhesive, Sternal",,,,Solas Operations,,1.0,Toronto Metropolitan University,Ontario,Project Grant,201803PJT,Commercialization,"Development of a Proprietary, Glass-Based Adhesive for Sternal Fixation and Stabilisation.",602438,0,3.0,Musculoskeletal Health and Arthritis,"Biomedical Engineering-Biomaterials, Nanotechnology and Biomechanics; Musculoskeletal Health-Bone, Skin and Cartilage Sciences",1,2021-09-30,0,54,208
"Trifiro, Mark A",4/1/2015,"BioNanofluids, prostate cancer, targeting",,,,Guzzo Nano Research Corporation,,1.0,CIUSSS de Centre-Ouest-de-l'Ile-de-Montreal-Jewish General,Quebec,Proof of Principle Program - Phase I,201409PPP,Proof of Principle,Targeting novel BioNanofluids for prostate cancer therapy,148240,11000,1.0,Cancer Research,PROSTATE AND BLADDER CANCER; PROSTATE AND BLADDER CANCER THERAPY,1,2016-03-31,0,86,211
"Tsao, Ming-Sound",4/1/2015,"monoclonal antibody, integrin alpha-11, lung cancer",,,,,,0.0,University Health Network (Toronto),Ontario,Proof of Principle Program - Phase I,201409PPP,Proof of Principle,Development of a monoclonal antibody for integrin alpha-11 to treat lung cancer,160000,0,1.0,Cancer Research,LUNG CANCER; LUNG CANCER THERAPY; CANCER; DRUG RESEARCH,1,2016-03-31,0,148,212
"Turvey, Stuart E",7/1/2009,"TLR5, antagonist, cystic fibrosis",,,,,,0.0,University of British Columbia,British Columbia,Proof of Principle Program Phase I - Drug Development,200904PDD,Proof of Principle,Development of a TLR5 antagonist as a novel anti-inflammatory therapy for cystic fibrosis,150000,0,1.0,Infection and Immunity,IMMUNOLOGY-TRANSPLANTATION; BIOCHEMISTRY,1,2010-06-30,0,309,213
"Uludag, Hasan",4/1/2023,"Blood cancers, Nucleic acids, Delivery",,,,RJH Biosciences,,1.0,University of Alberta,Alberta,Project Grant,202210PJT,Commercialization,New Treatment of Blood Cancers with Improved Delivery of Nucleic Acids,100000,0,1.0,Cancer Research,"Biomedical Engineering-Biomaterials, Nanotechnology and Biomechanics; Cancer-Cancer Drug Development and Therapeutics; Pharmacological, Toxicological and Pharmaceutical Sciences-Drug Discovery, Design and Delivery",1,2024-03-31,0,236,214
"Underhill, Michael",4/1/2011,"Potassium Channel, Blockers, Arthritis",,,,,,0.0,University of British Columbia,British Columbia,Proof of Principle Program - Phase I,201009PPP,Proof of Principle,Novel Applications of Potassium Channel Blockers in Arthritis,146400,0,1.0,Musculoskeletal Health and Arthritis,"ARTHRITIS/OSTEOARTHRITIS; MUSCULO SKELETAL; MUSCLE, BONE, OR JOINT; AGING",1,2012-03-31,0,245,215
"Unrau, Peter J",4/1/2023,"RNA, Fluorogenic, Imaging",,,,Aptamer Innovations,,1.0,"Simon Fraser University (Burnaby, B.C.)",British Columbia,Project Grant,202210PJT,Commercialization,Commercialization of RNA Mango fluorogenic aptamers: RNA Pulldown and Imaging Tools for Therapeutic and Diagnostic pipelines,100000,0,1.0,Infection and Immunity,"Commercialization-Intellectual Property; Commercialization-Technology Transfer; Immunology and Infection-Antimicrobial Drug Resistance, Drug Discovery and Therapeutics (including vaccines)",1,2024-03-31,0,34,216
"Vanner, Stephen J",10/1/2023,"analgesic, opioids, non-addictive",,,,pHarm Therapeutics Inc.,,1.0,"Queen's University (Kingston, Ontario)",Ontario,Project Grant,202303PJT,Commercialization,Developing a potent non-addictive analgesic as an alternative to conventional opioids,665550,0,3.0,"Neurosciences, Mental Health and Addiction","Commercialization-Industry Research & Development; Neurosciences-Sensory Systems (including visual, auditory and pain)",1,2026-09-30,0,213,217
"Walti, Herve",10/1/2012,"liquid ventilation, respiratory failure, neurological outcomes",,,,,,0.0,Universite de Sherbrooke,Quebec,Proof of Principle Program - Phase I,201202PPP,Proof of Principle,Total liquid ventilation improves respiratory and neurological outcomes in newborn lambs with severe respiratory failure,159252,0,1.0,Circulatory and Respiratory Health,RESPIRATION; PERINATAL; NOT CLASSIFIED,1,2013-09-30,0,126,221
"Wang, Yuzhuo",4/1/2022,"MCT4, small molecule, inhibitors",,,,,,0.0,University of British Columbia,British Columbia,Project Grant,202109PJT,Commercialization,Optimization and Validation of MCT4-targeting Small Molecule Inhibitors for Treatment of Advanced Cancers,1147500,0,5.0,Cancer Research,Commercialization-Intellectual Property; Cancer-Cancer Drug Development and Therapeutics,1,2027-03-31,0,253,222
"Willerth, Stephanie M",10/1/2021,"bioprinting, brain organoids, Alzheimer's",,,,Axolotl Biosciences,,1.0,University of Victoria (British Columbia),British Columbia,Project Grant,202104PJT,Commercialization,3D bioprinting next generation brain organoids for identifying drug targets for Alzheimer's disease,489600,0,4.0,"Neurosciences, Mental Health and Addiction","Biomedical Engineering-Regenerative Medicine and Tissue Engineering; Molecular, Cellular and Systems Biology-Cell Differentiation",1,2025-09-30,0,206,229
"Williams, Jason",4/1/2014,"Decellularized, Human Skin, Diabetic Ulcers",,,,,,0.0,Nova Scotia Health Authority (Halifax),Nova Scotia,Proof of Principle Program - Phase II,201309PP2,Proof of Principle,The Production of Decellularized Human Skin to Treat Chronic Diabetic Ulcers,145760,0,1.0,Musculoskeletal Health and Arthritis,DIABETES MELLITUS; SKIN AND SUBCUTANEOUS TISSUS; HEALTH RESEARCH; METABOLISM/DIABETES,1,2015-03-31,0,67,230
"Wu, Xiao Yu S",4/1/2019,"Nanodiagnostic, Tumor-Activated, Detection",,,,,,,University of Toronto,Ontario,Project Grant,201809PJT,Commercialization,Development of a Smart Tumor-Activated Nanodiagnostic System for Sensitive Detection of Solid Tumors and Metastases,470475,0,3.0,Cancer Research,Commercialization-Intellectual Property; Biomedical Engineering-Biomedical Imaging,1,2022-03-31,0,307,234
"Yanow, Stephanie K",4/1/2014,"malaria, diagnostic, fever",,,,"Aquila Diagnostic Systems, Inc.",,1.0,University of Alberta,Alberta,Proof of Principle Program - Phase II,201309PP2,Proof of Principle,A field-deployable malaria and fever diagnostic system,143250,0,1.0,Infection and Immunity,INFECTIOUS AND PARASITIC; POPULATION HEALTH; INTERNATIONAL HEALTH,1,2015-03-31,0,118,236
"Yanow, Stephanie K",4/1/2015,"parasite, malaria, vaccine",,,,,,,University of Alberta,Alberta,Proof of Principle Program - Phase I,201409PPP,Proof of Principle,Long-term preservation of a whole parasite malaria vaccine for storage and delivery in the tropics,160000,0,1.0,Infection and Immunity,INFECTIOUS AND PARASITIC; BLOOD; INTERNATIONAL HEALTH; HEALTH RESEARCH,1,2016-03-31,0,273,236
"Yudin, Andrei",10/1/2011,"histone, mimetics, epigenetic",,,,Encycle Therapeutics Inc.,,1.0,University of Toronto,Ontario,Proof of Principle Program - Phase I,201102PPP,Proof of Principle,Arrays of constrained histone tail mimetics for the development of epigenetic anticancer drugs,85712,74288,1.0,Cancer Research,DRUGS- PHARMACEUTICAL SCIENCE/CHEMISTRY & NON MEDICAL USE OF DRUGS; CANCER THERAPY GENERAL; DRUG RESEARCH; CANCER,1,2012-09-30,0,161,241
"Zaugg, Michael",10/1/2023,"lipid emulsion, parenteral nutrition, biological actions",,,,,,0.0,University of Alberta,Alberta,Project Grant,202303PJT,Commercialization,"Vegaven, a novel lipid emulsion with unique superior biological actions designed for parenteral nutrition",818550,0,3.0,"Nutrition, Metabolism and Diabetes",Commercialization-Intellectual Property,1,2026-09-30,0,68,242
"Zeng, Haishan",10/1/2021,"Autofluorescence, Raman Spectroscopy, Oral Cancer",,,,,,,University of British Columbia,British Columbia,Project Grant,202104PJT,Commercialization,Autofluorescence Imaging Guided Laser Raman Spectroscopy for Non-invasive Oral Cancer Detection,742051,0,4.0,Cancer Research,"Biomedical Engineering-Biophysics, Medical Technologies and Instrumentation; Cancer-Clinical Oncology; Musculoskeletal Health-Oral Health",1,2025-09-30,0,290,243
"de Rezende, Joao B",10/1/2015,"Binder, Abdominal Wall, Closure",,,,InventoRR MD Inc.,,1.0,Unity Health Toronto,Ontario,Proof of Principle Program - Phase I,201502PPP,Proof of Principle,A Non-Traumatic Binder for Temporary Abdominal Wall Closure,115768,0,1.0,Infection and Immunity,NONE OF THE ABOVE; NOT CLASSIFIED,1,2016-09-30,0,234,246
"Agrawal, Babita",10/1/2019,"vaccine, influenza, cross-protective",,,,,,,University of Alberta,Alberta,Project Grant,201903PJT,Commercialization,Development of a novel universal (cross-protective) vaccine technology for influenza viruses,367200,0,3.0,Infection and Immunity,"Commercialization-Intellectual Property; Immunology and Infection-Antiviral Drug Resistance, Viral Vaccine Development and Therapeutics (including vaccines)",1,2022-09-30,0,211,2
"Akbari, Mohsen",10/1/2023,"GelDerm, smart dressing, wound monitoring",,,,4M Biotech,,1.0,University of Victoria (British Columbia),British Columbia,Project Grant,202303PJT,Commercialization,Towards commercialization of GelDerm-a smart dressing for continuous wound monitoring,332776,0,2.0,Musculoskeletal Health and Arthritis,Commercialization-Industry Research & Development,1,2025-09-30,0,276,3
"Alain, Tommy",10/1/2024,"Viralyzing, transgenes, immunotherapy",,,,,,0.0,Children's Hospital of Eastern Ontario Research Institute Inc,Ontario,Project Grant - PA: Breast Cancer Research,202403PLL,Commercialization,Viralyzing transgenes to improve oncolytic immunotherapy.,100000,0,1.0,Cancer Research,"Biomedical Engineering-Biomaterials, Nanotechnology and Biomechanics; Genetics-Genomics, Transcriptomics and Proteomics; Immunology and Infection-Virology",1,2025-09-30,0,15,4
"Alain, Tommy",4/1/2024,"Viralyzing, transgenes, immunotherapy",,,,,,,Children's Hospital of Eastern Ontario Research Institute Inc,Ontario,Project Grant - PA: Breast Cancer Research,202309PLL,Commercialization,Viralyzing transgenes to improve oncolytic immunotherapy.,100000,0,1.0,Cancer Research,"Biomedical Engineering-Biomaterials, Nanotechnology and Biomechanics; Genetics-Genomics, Transcriptomics and Proteomics; Immunology and Infection-Virology",1,2025-03-31,0,274,4
"Alfieri, Carolina",10/1/2014,"peptide, vaccine, Epstein-Barr virus",,,,,,0.0,"Centre hospitalier universitaire Sainte-Justine (Montreal, Quebec)",Quebec,Proof of Principle Program - Phase I,201402PPP,Proof of Principle,Development of a peptide mimetic vaccine for prevention of Epstein-Barr virus infectious mononucleosis and related cancers.,159612,0,1.0,Infection and Immunity,VIRAL; INFECTIOUS AND PARASITIC; VIROLOGY; IMMUNOLOGY-TRANSPLANTATION,1,2015-09-30,0,35,6
"Allard, Michael F",7/1/2009,"heart, metabolism, polyglycerols",,,,,,0.0,University of British Columbia,British Columbia,Proof of Principle Program - Phase I,200904PPP,Proof of Principle,Modulation of heart metabolism by hydrophobically modified hyperbranched polyglycerols,150000,0,1.0,Circulatory and Respiratory Health,MYOCARDIAL INFARCTION; DRUGS- PHARMACEUTICAL SCIENCE/CHEMISTRY & NON MEDICAL USE OF DRUGS; CARDIOVASCULAR; DRUG RESEARCH,1,2010-06-30,0,51,7
"Andersen, Raymond J",10/1/2010,"Latonduine, CFTR, Cystic Fibrosis",,,,ESSA Pharma,,1.0,University of British Columbia,British Columbia,Proof of Principle Program - Phase I,201003PPP,Proof of Principle,"Latonduine A, A Potent delF508-CFTR Trafficking Defect Corrector With Potential for Treating Cystic Fibrosis",159750,0,1.0,Circulatory and Respiratory Health,RESPIRATION; INFECTIOUS AND PARASITIC; DRUG RESEARCH,1,2011-09-30,0,165,9
"Arthur, Gilbert",7/1/2009,"glycerophosphocarbamates, prostate, anticancer",,,,,,0.0,University of Manitoba,Manitoba,Proof of Principle Program - Phase I,200904PPP,Proof of Principle,Preclinical development of glycerophosphocarbamates as prostate-selective anticancer drugs,137617,0,1.0,Cancer Research,PROSTATE AND BLADDER CANCER THERAPY; CANCER THERAPY GENERAL; CANCER; DRUG RESEARCH,1,2010-06-30,0,137,10
"Banerjee, Diponkar",1/1/2009,"Tissue, Cytology, Microarray",,,,,,0.0,University of British Columbia,British Columbia,Proof of Principle Program - Phase I,200810PPP,Proof of Principle,Validation of Tissue and Cytology Microarray Spotter (TCMS) for Simultaneous Multiple Biomarker Detection in Cells,150000,0,1.0,Cancer Research,NEOPLASMS; NONE OF THE ABOVE; CANCER; MOLECULAR BIOLOGY,1,2009-12-31,0,251,11
"Bear, Christine E",10/1/2024,"CFTR, potentiator, pulmonary disease",,,,,,0.0,Hospital for Sick Children (Toronto),Ontario,Project Grant,202403PJT,Commercialization,Preclinical studies of a novel CFTR potentiator for commercialization as a therapy for chronic obstructive pulmonary disease.,325125,0,2.0,Circulatory and Respiratory Health,Commercialization-Technology Transfer,1,2026-09-30,0,95,12
"Beaulieu, Jean-Franeois",4/1/2014,"colorectal cancer, fecal mRNA, integrin alpha 6A",,,,,,0.0,Universite de Sherbrooke,Quebec,Proof of Principle Program - Phase I,201309PPP,Proof of Principle,Improving the diagnosis of colorectal cancer using fecal mRNA and protein markers: The integrin alpha 6A subunit,160000,0,1.0,Cancer Research,GASTRO-INTESTINAL CANCER; GASTRO-INTESTINAL CANCER THERAPY; GASTROINTESTINAL (LIVER); CANCER,1,2015-03-31,0,74,13
"Beg, Mirza Faisal",10/1/2023,"AI, body composition, cancer",,,,,,,"Simon Fraser University (Burnaby, B.C.)",British Columbia,Project Grant,202303PJT,Commercialization,Staging the host in Cancer: AI-based automated comprehensive body composition assessment for Precision Medicine,956250,0,3.0,Cancer Research,Biomedical Engineering-Biomedical Imaging; Artificial Intelligence-Machine Learning; Commercialization-Industry Research & Development,1,2026-09-30,0,87,15
"Beg, Mirza Faisal",3/1/2023,"body composition, CT images, precision medicine",,,,"Voronoi Health Analytics Incorporated, Veterinary AI Health Analytics",,2.0,"Simon Fraser University (Burnaby, B.C.)",British Columbia,Project Grant - Priority Announcement: Cancer Research,202209PJS,Commercialization,Novel end-to-end platform for extraction of body composition measurements from CT images for research and integration into clinical workflows for precision medicine,100000,0,1.0,Cancer Research,Biomedical Engineering-Biomedical Imaging; Artificial Intelligence-Machine Learning; Commercialization-Industry Research & Development,1,2024-02-29,0,242,15
"Bergeron, Michel G",4/1/2015,"oligonucleotide, amplification, hybridation",,,,GenePOC Inc.,,1.0,Universite Laval,Quebec,Proof of Principle Program - Phase I,201409PPP,Proof of Principle,"Developpement, optimisation et multiplexage d'un oligonucleotide synthetique permettant l'amplification d'ADN et l'hybridation sur support solide en une seule etape. PDP PhaseI",160000,0,1.0,Infection and Immunity,INFECTIOUS AND PARASITIC; MOLECULAR BIOLOGY; BACTERIOLOGY,1,2016-03-31,0,243,18
"Bernatchez, Pascal N",4/1/2013,"compounds,pulmonary hypertension",,,,,,0.0,University of British Columbia,British Columbia,Proof of Principle Program - Phase I,201209PPP,Proof of Principle,Novel compounds for treatment of pulmonary hypertension,158389,0,1.0,Circulatory and Respiratory Health,HYPERTENSION; CARDIOVASCULAR; RESPIRATION,1,2014-03-31,0,160,19
"Biddiss, Elaine A",4/1/2020,"movement tracking, video game, motor therapy",,,,Pearl Interactives,,1.0,Holland Bloorview Kids Rehabilitation Hospital (Toronto),Ontario,Project Grant,201909PJT,Commercialization,"BootleBlast, a movement tracking video game for home-based motor therapy - Navigating gaps to market readiness",409276,0,3.0,"Human Development, Child and Youth Health",Commercialization-Technology Transfer,1,2023-03-31,0,29,20
"Boerkoel, Cornelius F",10/1/2011,"Tdp1, inhibitors, cancer",,,,,,0.0,University of British Columbia,British Columbia,Proof of Principle Program - Phase I,201102PPP,Proof of Principle,Development of Tdp1 inhibitors for treating cancer,159927,0,1.0,Cancer Research,CANCER THERAPY GENERAL; NEOPLASMS; DRUG RESEARCH; CANCER,1,2012-09-30,0,162,21
"Boisselier Mailfait, Elodie",10/1/2020,"vecteur, nanoparticules, ophtalmiques",,,,,,0.0,Universite Laval,Quebec,Project Grant,202003PJT,Commercialization,Un nouveau vecteur de medicaments ophtalmiques e base de nanoparticules d'or,550800,0,5.0,"Neurosciences, Mental Health and Addiction",Commercialization-Intellectual Property,1,2025-09-30,0,195,23
"Booth, Valerie K",4/1/2011,"HLA, Peptide, Psoriasis",,,,,,0.0,Memorial University of Newfoundland,Newfoundland and Labrador,Proof of Principle Program - Phase I,201009PPP,Proof of Principle,HLA Peptide Development as a Therapeutic for Psoriasis,156920,0,1.0,Infection and Immunity,SKIN AND SUBCUTANEOUS TISSUS; BIOCHEMISTRY; DRUG RESEARCH,1,2012-03-31,0,128,25
"Bosse, Yohan",10/1/2013,"gene signature, lung adenocarcinoma, prognostic",,,,,,0.0,Universite Laval,Quebec,Proof of Principle Program - Phase I,201302PPP,Proof of Principle,Prognostic gene signature for stage I lung adenocarcinoma,148348,0,1.0,Cancer Research,LUNG CANCER; SUPPLEMENTARY CLASSIFICATIONS; CANCER; GENETICS,1,2014-09-30,0,36,26
"Braverman, Nancy E",4/1/2023,"retinal gene therapy, Zellweger Spectrum Disorder",,,,,,0.0,Research Institute of the McGill University Health Centre,Quebec,Project Grant,202209PJT,Commercialization,Enabling commercialization of retinal gene therapy for Zellweger Spectrum Disorder,1503225,0,5.0,Genetics,"Commercialization-Technology Transfer; Neurosciences-Sensory Systems (including visual, auditory and pain); Genetic disease",1,2028-03-31,0,226,28
"Brinkman, Ryan",4/1/2020,"Machine Learning, Flow Cytometry, Clinical Data",,,,Cytapex Bioinformatics Inc.,,0.0,University of British Columbia,British Columbia,Project Grant,201909PJT,Commercialization,Machine Learning for Flow Cytometry Clinical Data and Trial Analysis,317475,0,1.833333333,Infection and Immunity,Commercialization-Technology Transfer; Methods Development and Modelling-Quantitative Methods Development for Health Research,1,2022-01-31,0,262,29
"Brukner, Ivan",10/1/2015,"qPCR, bacterial load, stool samples",,,,ExD Inc.,,0.0,CIUSSS de Centre-Ouest-de-l'Ile-de-Montreal-Jewish General,Quebec,Proof of Principle Program - Phase I,201502PPP,Proof of Principle,A new qPCR method for the assessment of total/relative bacterial load from stool samples: C difficile show case,131513,0,1.0,Infection and Immunity,INFECTIOUS AND PARASITIC; MULTIDISCIPLINARY; BACTERIOLOGY; MOLECULAR BIOLOGY,1,2016-09-30,0,299,33
"Burt, Helen M",4/1/2012,"Intravesical, Taxanes",,,,Sitka Biopharma,,0.0,University of British Columbia,British Columbia,Proof of Principle Program - Phase I,201109PPP,Proof of Principle,Intravesical Taxanes,157412,0,1.0,Cancer Research,PROSTATE AND BLADDER CANCER THERAPY; DRUG RESEARCH,1,2013-03-31,0,13,35
"C.-Gaudreault, Rene",10/1/2011,"Cytocidal, Phenyl Imidazolidin-2-one, Antimicrotubule",,,,,,0.0,Universite Laval,Quebec,Proof of Principle Program - Phase I,201102PPP,Proof of Principle,Optimization and Validation of Highly Cytocidal Substituted Phenyl Imidazolidin-2-one as Antimicrotubule Agents for Cancer Chemotherapy,160000,0,1.0,Cancer Research,DRUGS- PHARMACEUTICAL SCIENCE/CHEMISTRY & NON MEDICAL USE OF DRUGS; CANCER THERAPY GENERAL; DRUG RESEARCH; CANCER,1,2012-09-30,0,98,36
"C.-Gaudreault, Rene",4/1/2018,"Potent, Phenyl Alkylureas, Antipsoriatic",,,,,,,Universite Laval,Quebec,Project Grant,201709PJT,Commercialization,Validation of Highly Potent Substituted Phenyl Alkylureas as Antipsoriatic Agents,497250,0,3.0,Cancer Research,"Pharmacological, Toxicological and Pharmaceutical Sciences-Drug Action, Toxicology and Metabolism; Pharmacological, Toxicological and Pharmaceutical Sciences-Drug Discovery, Design and Delivery",1,2021-03-31,0,196,36
"Chen, Yen-I",3/1/2024,"double balloon, endoscopic, gastric outlet obstruction",,,,Chess medical,,0.0,Research Institute of the McGill University Health Centre,Quebec,Project Grant,202309PJT,Commercialization,A novel through-the-scope exchangeable double balloon catheter to guide endoscopic bypass:  a practice-changing technology in the management of malignant gastric outlet obstruction,451350,0,2.0,"Nutrition, Metabolism and Diabetes",null,1,2025-02-28,0,254,42
"Chopra, Rajiv",10/1/2011,"MRI, ultrasound, neoplasms",,,,FUS Instrument,,,"Sunnybrook Health Sciences Centre (Toronto, Ontario)",Ontario,Proof of Principle Program - Phase II,201102PP2,Proof of Principle,Evaluation of MRI-controlled interstitial ultrasound therapy for the treatment of cerebral neoplasms,147500,0,1.0,Cancer Research,BRAIN TUMORS THERAPY; IMAGING; CANCER,1,2012-09-30,0,138,44
"Chopra, Rajiv",4/1/2011,"MR elastography, prostate cancer, detection",,,,Profound Medical Inc.,,2.0,"Sunnybrook Health Sciences Centre (Toronto, Ontario)",Ontario,Proof of Principle Program - Phase I,201009PPP,Proof of Principle,Development of endorectal MR elastography for prostate cancer detection,153344,0,1.0,Cancer Research,PROSTATE AND BLADDER CANCER; IMAGING; CANCER,1,2012-03-31,0,143,44
"Coderre, Terence J",10/1/2012,"topical, microvascular, pain",,,,SynergesX Pharma,,1.0,McGill University,Quebec,Proof of Principle Program - Phase I,201202PPP,Proof of Principle,Synergistic topical combinations for chronic pain aimed at treating microvascular dysfunction.,160000,0,1.0,"Neurosciences, Mental Health and Addiction",MULTIPLE DISEASE RELEVANCE; DRUGS- PHARMACEUTICAL SCIENCE/CHEMISTRY & NON MEDICAL USE OF DRUGS; DRUG RESEARCH; NERVOUS SYSTEM,1,2013-09-30,0,93,45
"Coles, John G",4/1/2018,"Integrin, Kinase, Heart Failure",,,,,,0.0,Hospital for Sick Children (Toronto),Ontario,Project Grant,201709PJT,Commercialization,Integrin Linked Kinase as a Novel Therapeutic Target for Heart Failure,512550,0,3.0,Circulatory and Respiratory Health,"Cardiovascular, Respiratory and Circulatory Systems-Cardiovascular and Circulatory Sciences",1,2021-03-31,0,20,46
"Conway, Edward M",10/1/2014,"age-related macular degeneration, therapeutic, dry wet",,,,,,0.0,University of British Columbia,British Columbia,Proof of Principle Program - Phase I,201402PPP,Proof of Principle,Novel therapeutic approach for 'wet' and 'dry' age-related macular degeneration,160000,0,1.0,Aging,DISEASES AFFECTING SPEECH/VISION/HEARING; DRUGS- PHARMACEUTICAL SCIENCE/CHEMISTRY & NON MEDICAL USE OF DRUGS; DRUG RESEARCH; AGING,1,2015-09-30,0,255,47
"Cummins, Carolyn L",4/1/2014,"Cushing's Syndrome, Therapeutic",,,,,,0.0,University of Toronto,Ontario,Proof of Principle Program - Phase I,201309PPP,Proof of Principle,Developing a Novel Therapeutic for Cushing's Syndrome,160000,0,1.0,"Nutrition, Metabolism and Diabetes",ENDOCRINOLOGY; MUSCULO SKELETAL; DRUG RESEARCH,1,2015-03-31,0,305,50
"Daugaard, Mads",10/1/2024,"AI, cell, analytics",,,,SnapCyte Solutions,2022.0,1.0,University of British Columbia,British Columbia,Project Grant,202403PJT,Commercialization,An integrated AI-powered platform for cell analytics,730576,0,4.0,Cancer Research,Commercialization-Technology Transfer; Artificial Intelligence-Machine Learning; Methods Development and Modelling-Qualitative Methods Development for Health Research,1,2028-09-30,0,88,54
"DeWitte-Orr, Stephanie",3/1/2023,"intranasal, dsRNA, coronaviruses",,,,,,0.0,"Wilfrid Laurier University (Waterloo, Ontario)",Ontario,Project Grant - PA: Pandemic Preparedness and Health Emergencies Research,202209PPE,Commercialization,Developing intranasal dsRNA molecules as broadly effective therapeutics against highly pathogenic coronaviruses,100000,0,1.0,Infection and Immunity,"Immunology and Infection-Virology; Commercialization-Intellectual Property; Biomedical Engineering-Biomaterials, Nanotechnology and Biomechanics",1,2024-02-29,0,24,55
"Diamandis, Eleftherios P",10/1/2022,"KLK5, KLK7, Netherton Syndrome",,,,KaliDerm Therapeutics,,1.0,Sinai Health System (Toronto),Ontario,Project Grant,202203PJT,Commercialization,"KaliDerm Therapeutics: A research/commercialization plan to validate, better define and add value to our proprietary dual KLK5/7 inhibitor as a novel topical therapeutic for Netherton Syndrome.",336600,0,2.0,Infection and Immunity,"Pharmacological, Toxicological and Pharmaceutical Sciences-Drug Discovery, Design and Delivery",1,2024-09-30,0,89,57
"Dmitrienko, Gary I",4/1/2011,"antibiotic, resistant bacteria, infections",,,,,,,University of Waterloo (Ontario),Ontario,Proof of Principle Program - Phase II,201009PP2,Proof of Principle,New drugs for antibiotic resistant bacterial infections,133277,0,1.0,Infection and Immunity,INFECTIOUS AND PARASITIC; DRUG RESEARCH; BIOCHEMISTRY,1,2012-03-31,0,282,58
"Doschak, Michael R",4/1/2016,"Iron oxide, nanoparticles, imaging",,,,,,,University of Alberta,Alberta,Proof of Principle Program - Phase I,201509PPP,Proof of Principle,Bone-Seeking Iron Oxide Nanoparticles for Imaging Bone Metabolism,160000,0,1.0,Musculoskeletal Health and Arthritis,"DRUGS- PHARMACEUTICAL SCIENCE/CHEMISTRY & NON MEDICAL USE OF DRUGS; MUSCULO SKELETAL; DRUG RESEARCH; MUSCLE, BONE, OR JOINT",1,2017-03-31,0,134,59
"Dutta, Tilak",4/1/2016,"pressure ulcer, prompting system, repositioning",,,,,,0.0,University Health Network (Toronto),Ontario,Proof of Principle Program - Phase I,201509PPP,Proof of Principle,Pressure ulcer prevention: a novel prompting system for patient repositioning,137401,0,1.0,Aging,SKIN AND SUBCUTANEOUS TISSUS; MULTIPLE DISEASE RELEVANCE; AGING; GERIATRICS,1,2017-03-31,0,125,63
"Dyck, Jason R",4/1/2015,"Small Molecules, Atrial Fibrillation, Preclinical",,,,,,0.0,University of Alberta,Alberta,Proof of Principle Program - Phase I,201409PPP,Proof of Principle,Preclinical Development and Optimization of Small Molecules for the Treatment of Atrial Fibrillation,160000,0,1.0,Circulatory and Respiratory Health,ARRHYTHMIAS; CARDIOLOGY; CARDIOVASCULAR; DRUG RESEARCH,1,2016-03-31,0,207,64
"Fenster, Aaron",4/1/2016,"MR, Ablation, Prostate Cancer",,,,,,,Western University (Ontario),Ontario,Proof of Principle Program - Phase I,201509PPP,Proof of Principle,MR-Guided Focal Ablation of Prostate Cancer,143110,10313,1.0,Cancer Research,PROSTATE AND BLADDER CANCER THERAPY; IMAGING; CANCER,1,2017-03-31,0,190,65
"Fon, Edward A",10/1/2014,"Alpha-Synuclein, Propagation, Parkinson's Disease",,,,,,0.0,McGill University,Quebec,Proof of Principle Program - Phase I,201402PPP,Proof of Principle,Targeting Alpha-Synuclein Propagation in the Treatment of Parkinson's Disease and Other Synucleinopathies,159946,0,1.0,"Neurosciences, Mental Health and Addiction",PARKINSON'S DISEASE; AGING; NERVOUS SYSTEM; DRUG RESEARCH,1,2015-09-30,0,215,68
"Foster, Leonard J",1/1/2009,"Mpox, Subunit, Vaccine",,,,,,0.0,University of British Columbia,British Columbia,Project Grant - PA: Pandemic Preparedness and Health Emergencies Research,202403PPE,Commercialization,Development and Commercialization of a Safe and Effective Mpox Subunit Vaccine witheGlobaleImpact,100000,0,1.0,Population and Public Health,"Population and Health-Health Promotion and Disease Prevention; Immunology and Infection-Antiviral Drug Resistance, Viral Vaccine Development and Therapeutics (including vaccines); Commercialization-Industry Research & Development",1,2009-12-31,0,129,69
"Foster, Leonard J",3/1/2024,"Mpox, Subunit, Vaccine",,,,,,,University of British Columbia,British Columbia,Project Grant - PA: Pandemic Preparedness and Health Emergencies Research,202309PPE,Commercialization,Development and Commercialization of a Safe and Effective Mpox Subunit Vaccine witheGlobaleImpact,100000,0,1.0,Population and Public Health,"Population and Health-Health Promotion and Disease Prevention; Immunology and Infection-Antiviral Drug Resistance, Viral Vaccine Development and Therapeutics (including vaccines)",1,2025-02-28,0,279,69
"Frost, Eric H",10/1/2011,"Influenza, detection, resistance",,,,,,0.0,Universite de Sherbrooke,Quebec,Proof of Principle Program - Phase I,201102PPP,Proof of Principle,"Simultaneous Influenza A detection, subtyping, and oseltamivir resistance determination",95000,65000,1.0,Infection and Immunity,INFECTIOUS AND PARASITIC; MULTIPLE DISEASE RELEVANCE; VIROLOGY; HEALTH RESEARCH,1,2012-09-30,0,227,71
"Garnis, Cathie",4/1/2024,"blood, biomarker, oropharyngeal cancer",,,,,,,University of British Columbia,British Columbia,Project Grant,202309PJT,Commercialization,Blood based biomarker for the early detection of recurrent oropharyngeal cancer,474300,0,4.0,Cancer Research,Cancer-Cancer Progression and Metastasis; Cancer-Clinical Oncology,1,2028-03-31,0,48,72
"Garnis, Cathie",4/1/2019,"blood, biomarker, cancer",,,,,,0.0,University of British Columbia,British Columbia,Project Grant,201809PJT,Commercialization,Blood based biomarker for the early detection of recurrent head and neck cancer,539324,0,4.0,Cancer Research,Cancer-Clinical Oncology,1,2023-03-31,0,189,72
"Glogauer, Michael",7/1/2009,"Chair-side, In Vitro, Periodontitis",,,,Ostia Sciences Inc.,,1.0,University of Toronto,Ontario,Proof of Principle Program - Phase II,200904PP2,Proof of Principle,Clinical Evaluation of a Chair-side In Vitro Rinse Test for Predicting Onset and Recurrent Adult Periodontitis,88399,0,1.0,Musculoskeletal Health and Arthritis,DENTAL DISEASE (INCL. ORAL BIOLOGY); DENTAL SCIENCE - Oral Biology; IMMUNOLOGY-TRANSPLANTATION,1,2010-06-30,0,5,77
"Gobeil, Fernand J",4/1/2012,"kinines, livraison, chimiotherapies",,,,,,0.0,Universite de Sherbrooke,Quebec,Proof of Principle Program - Phase I,201109PPP,Proof of Principle,Agonistes synthetiques de kinines : Optimiser la livraison et l'efficacite des chimiotherapies des tumeurs cerebrales,149418,0,1.0,Cancer Research,BRAIN TUMORS THERAPY; BRAIN TUMORS (INCL. RETINAL TUMORS); CANCER; HEALTH RESEARCH,1,2013-03-31,0,0,79
"Gross, Peter L",10/1/2022,"point-of-care, anticoagulants, detection",,,,Twleve Squared Diagnostics,,0.0,McMaster University,Ontario,Project Grant,202203PJT,Commercialization,Benchmarking a point-of-care test kit for detection of direct-oral anticoagulants,279225,0,2.0,Circulatory and Respiratory Health,"Cardiovascular, Respiratory and Circulatory Systems-Vascular and Endothelial Biology; Commercialization-Intellectual Property; Cardiovascular, Respiratory and Circulatory Systems-Hematology",1,2024-09-30,0,85,86
"Guertin, Pierre",10/1/2013,"Drug, Constipation, Spinal Cord",,,,,,,Universite Laval,Quebec,Proof of Principle Program - Phase I,201302PPP,Proof of Principle,A Novel Class of Drug Treatment Against Chronic Constipation in Spinal Cord-Injured People,160000,0,1.0,"Neurosciences, Mental Health and Addiction",SPINAL CORD DISEASE; GASTRO-INTESTINAL DISEASE; NERVOUS SYSTEM; GASTROINTESTINAL (LIVER),1,2014-09-30,0,109,88
"Haddad, Elie",3/1/2022,"synthetic promoters, immunotherapies, regenerative medicine",,,,Immugenia,,1.0,"Centre hospitalier universitaire Sainte-Justine (Montreal, Quebec)",Quebec,Project Grant - PA: Breast Cancer Research,202109PLL,Commercialization,Platform of synthetic specific promoters for immunotherapies and regenerative medicine,100000,0,1.0,Cancer Research,Commercialization-Intellectual Property; Commercialization-Technology Transfer; Cancer-Cancer Drug Development and Therapeutics,1,2023-03-31,0,247,89
"Hancock, Robert Ernest W",4/1/2013,"Anti-biofilm, Therapy",,,,,,,University of British Columbia,British Columbia,Proof of Principle Program - Phase I,201209PPP,Proof of Principle,Anti-Biofilm Therapy,160000,0,1.0,Infection and Immunity,DRUGS- PHARMACEUTICAL SCIENCE/CHEMISTRY & NON MEDICAL USE OF DRUGS; INFECTIOUS AND PARASITIC; BACTERIOLOGY; DRUG RESEARCH,1,2014-03-31,0,41,90
"Hancock, Robert Ernest W",10/1/2011,"anti-inflammatory, Amyotrophic Lateral Sclerosis",,,,ABT Innovations,,1.0,University of British Columbia,British Columbia,Proof of Principle Program Phase I - Drug Development,201102PDD,Proof of Principle,Novel anti-inflammatory treatment for Amyotrophic Lateral Sclerosis,160000,0,1.0,"Neurosciences, Mental Health and Addiction",DRUGS- PHARMACEUTICAL SCIENCE/CHEMISTRY & NON MEDICAL USE OF DRUGS; AMYOTROPHIC LATERAL SCLEROSIS (ALS); DRUG RESEARCH; NERVOUS SYSTEM,1,2012-09-30,0,182,90
"Hassell, John A",4/1/2012,"small molecule, sensitizers, chemotherapy",,,,,,0.0,McMaster University,Ontario,Proof of Principle Program - Phase I,201109PPP,Proof of Principle,Characterization of small molecule sensitizers to chemotherapy,160000,0,1.0,Cancer Research,BREAST CANCER THERAPY; BREAST CANCER; CANCER; DRUG RESEARCH,1,2013-03-31,0,186,93
"Hunter, Graeme K",7/1/2009,"crystal-binding, peptides, kidney stone",,,,,,0.0,Western University (Ontario),Ontario,Proof of Principle Program - Phase I,200904PPP,Proof of Principle,Crystal-binding peptides for prevention of kidney stone disease,116350,6000,1.0,"Nutrition, Metabolism and Diabetes",GENITO/URINARY SYSTEM; ATHEROSCLEROSIS; DRUG RESEARCH; BIOPHYSICS,1,2010-06-30,0,6,97
"Husain, Mansoor",10/1/2012,"anti-proliferative, CaM-cyclin E, interactions",,,,,,0.0,University Health Network (Toronto),Ontario,Proof of Principle Program - Phase II,201202PP2,Proof of Principle,Development of an anti-proliferative therapeutic that disrupts CaM-cyclin E interactions in vivo.,184100,10600,1.0,Circulatory and Respiratory Health,ATHEROSCLEROSIS; CANCER THERAPY GENERAL; CARDIOVASCULAR; CELL BIOLOGY,1,2013-09-30,0,104,99
"Jaffray, David A",10/1/2014,"Handheld, SPECT, Guidance",,,,Nanovista inc.,,1.0,University Health Network (Toronto),Ontario,Proof of Principle Program - Phase I,201402PPP,Proof of Principle,Advanced Handheld SPECT System for Intraoperative Guidance,159845,0,1.0,Cancer Research,CANCER THERAPY GENERAL; CANCER,1,2015-09-30,0,37,101
"Jarvi, Keith A",10/1/2013,"sperm retrieval, azoospermia, protein biomarkers",,,,,,,Sinai Health System (Toronto),Ontario,Proof of Principle Program - Phase I,201302PPP,Proof of Principle,Prediction of successful sperm retrieval in patients with non-obstructive azoospermia using a panel of protein biomarkers measured in seminal plasma,154660,0,1.0,"Human Development, Child and Youth Health","INFERTILITY MALE; PREGNANCY/BIRTH; GENOMICS, PROTEOMICS, AND BIOINFORMATICS; REPRODUCTION/PREGNANCY",1,2014-09-30,0,59,102
"Jarvi, Keith A",4/1/2016,"sperm retrieval, TEX101, azoospermia",,,,,,,Sinai Health System (Toronto),Ontario,Proof of Principle Program - Phase I,201509PPP,Proof of Principle,Prediction of successful sperm retrieval in patients with non-obstructive azoospermia using TEX101 protein measured in seminal plasma by ELISA,160000,0,1.0,"Human Development, Child and Youth Health","INFERTILITY MALE; PREGNANCY/BIRTH; GENOMICS, PROTEOMICS, AND BIOINFORMATICS; REPRODUCTION/PREGNANCY",1,2017-03-31,0,184,102
"Kazem-Moussavi, Zahra M",10/1/2018,"Acoustical, Sleep Apnea, Prediction",,,,,,0.0,University of Manitoba,Manitoba,Project Grant,201803PJT,Commercialization,Acoustical Device for Obstructive Sleep Apnea Severity Prediction during Wakefulness,367200,0,3.0,Circulatory and Respiratory Health,"Biomedical Engineering-Biophysics, Medical Technologies and Instrumentation; Health Determinants-Etiology of Disease and Conditions",1,2021-09-30,0,21,106
"Kim, Peter K",10/1/2015,"Zellweger, Spectrum, Disorder",,,,,,0.0,Hospital for Sick Children (Toronto),Ontario,Proof of Principle Program - Phase I,201502PPP,Proof of Principle,A novel therapeutic treatment for Zellweger Spectrum Disorder,160000,0,1.0,"Human Development, Child and Youth Health",METABOLISM AND NUTRITION; CONGENITAL ANOMALIES; CELL BIOLOGY; GENETICS,1,2016-09-30,0,176,108
"Kizhakkedathu, Jayachandran N",4/1/2023,"immuno-cloaking, organ engineering, transplant rejection",,,,,,,University of British Columbia,British Columbia,Project Grant,202209PJT,Commercialization,Localized immuno-cloaking organ engineering approach to prevent transplant rejection without immunosuppressants,803250,0,3.0,Infection and Immunity,"Biomedical Engineering-Biomaterials, Nanotechnology and Biomechanics; Immunology and Infection-Transplantation, Immune Tolerance and Tumor Immunology; Commercialization-Intellectual Property",1,2026-03-31,0,179,109
"Kouassi, Edouard",10/1/2010,"red blood cell, survival, compounds",,,,,,0.0,CIUSSS Est-de-l'Ile-de- Montreal-Maisonneuve Rosemont,Quebec,Proof of Principle Program - Phase I,201003PPP,Proof of Principle,Novel methods and compounds for increasing red blood cell survival,160000,0,1.0,Circulatory and Respiratory Health,BLOOD; ANAEMIAS; DRUG RESEARCH,1,2011-09-30,0,199,112
"Kumar, Rakesh",4/1/2013,"antiviral, influenza, virus",,,,ImMed Biotechnologies,,1.0,University of Alberta,Alberta,Proof of Principle Program - Phase I,201209PPP,Proof of Principle,Development of new class of antiviral drugs for influenza A virus infections,156590,0,1.0,Infection and Immunity,DRUGS- PHARMACEUTICAL SCIENCE/CHEMISTRY & NON MEDICAL USE OF DRUGS; INFECTIOUS AND PARASITIC; HEALTH RESEARCH; DRUG RESEARCH,1,2014-03-31,0,268,115
"Kushki, Azadeh",10/1/2020,"wearable, autism, behaviors",,,,,,0.0,Holland Bloorview Kids Rehabilitation Hospital (Toronto),Ontario,Project Grant,202003PJT,Commercialization,A wearable technology approach to managing challenging behaviours in children with autism spectrum disorder (ASD),485774,0,3.0,"Human Development, Child and Youth Health",Commercialization-Technology Transfer,1,2023-09-30,0,252,116
"Lam, Stephen",10/1/2010,"CTAP, lung cancer, detection",,,,,,0.0,University of British Columbia,British Columbia,Proof of Principle Program - Phase I,201003PPP,Proof of Principle,CTAP III for detection of early lung cancer and monitoring treatment outcome,160000,0,1.0,Cancer Research,LUNG CANCER; CANCER,1,2011-09-30,0,170,117
"Leavitt, Blair R",3/1/2022,"Lipid Nanoparticle, CRISPR, Gene Editing",,,,Incisive Genetics Inc.,,1.0,University of British Columbia,British Columbia,Operating Grant - PA: Genetics (Bridge Funding: Research Priorities),202109OGB,Commercialization,Lipid Nanoparticle-Mediated Delivery of CRISPR/Cas9 Gene Editing for Neurological Disorders.,100000,0,1.0,Genetics,"Commercialization-Industry Research & Development; Neurosciences-Neurological disorders; Biomedical Engineering-Biomaterials, Nanotechnology and Biomechanics",1,2023-02-28,0,60,118
"Legault, Pascale",10/1/2012,"ARiBo, ribonucleoprotein, complexes",,,,,,0.0,Universite de Montreal,Quebec,Proof of Principle Program - Phase I,201202PPP,Proof of Principle,The ARiBo technology for isolation of ribonucleoprotein complexes,145412,13349,1.0,Genetics,"CANCER THERAPY GENERAL; MULTIPLE DISEASE RELEVANCE; BIOCHEMISTRY; GENOMICS, PROTEOMICS, AND BIOINFORMATICS",1,2013-09-30,0,61,119
"Lerouge, Sophie",4/1/2016,"injectable, hydrogel, lymphocytes",,,,,,,ecole de technologie superieure (Montreal),Quebec,Proof of Principle Program - Phase I,201509PPP,Proof of Principle,Injectable thermosensitive hydrogel as delivery vehicle of lymphocytes for cancer immunotherapy,141000,0,1.0,Cancer Research,CANCER THERAPY GENERAL; CANCER,1,2017-03-31,0,27,121
"Sinton, David A",4/1/2015,"Sperm, Selection, Reproductive",0,0.0,,,,0.0,University of Toronto,Ontario,Proof of Principle Program - Phase I,201409PPP,Proof of Principle,High Quality Sperm Selection for Assisted Reproductive Technology,159904,0,1.0,"Human Development, Child and Youth Health",INFERTILITY MALE; INFERTILITY FEMALE; REPRODUCTION/PREGNANCY,1,2016-03-31,4,159,194
"Sipione, Simonetta",10/1/2011,"ganglioside, Huntington's disease, therapies",0,0.0,,,,0.0,University of Alberta,Alberta,Proof of Principle Program Phase I - Drug Development,201102PDD,Proof of Principle,Development of ganglioside-based therapies for Huntington's disease,159196,0,1.0,"Neurosciences, Mental Health and Addiction",HUNTINGTON'S DISEASE; MULTIPLE DISEASE RELEVANCE; NERVOUS SYSTEM; CELL BIOLOGY,1,2012-09-30,1,193,195
"St-Pierre, Yves",4/1/2019,"GAL-7, nanobodies, breast cancer",0,0.0,,,,0.0,"INRS - (Quebec, QC)",Quebec,Project Grant,201809PJT,Commercialization,GAL-7-specific nanobodies for treatment of triple-negative breast cancer,371024,0,3.0,Cancer Research,Commercialization-Intellectual Property,1,2022-03-31,3,145,199
"Stagljar, Igor",4/1/2013,"Membrane, Two-Hybrid, Protein interaction",0,0.0,,Dualsystems Biotech Inc.,,1.0,University of Toronto,Ontario,Proof of Principle Program - Phase I,201209PPP,Proof of Principle,"Development of the Mammalian Membrane Two-Hybrid (MaMTH) technology, a novel protein interaction and drug discovery tool",160000,0,1.0,Cancer Research,CANCER THERAPY GENERAL; MULTIPLE DISEASE RELEVANCE; MOLECULAR BIOLOGY; BIOCHEMISTRY,1,2014-03-31,3,289,200
"Steinberg, Gregory R",10/1/2014,"adipose tissue, metabolism, obesity","Esperion Therapeutics, Inc.; Sanofi-Aventis Deutschland Gmbh; Espervita Therapeutics, Inc.",3.0,,Espervita Therapeutics ,,1.0,McMaster University,Ontario,Proof of Principle Program - Phase I,201402PPP,Proof of Principle,Development of a new therapy targeting adipose tissue metabolism for the treatment of obesity,160000,0,1.0,"Nutrition, Metabolism and Diabetes",OBESITY; ENDOCRINOLOGY; METABOLISM/DIABETES,1,2015-09-30,4,81,201
"Stojdl, David F",10/1/2013,"Chimeric, Oncolytic Virus, Brain Cancer",Turnstone Limited Partnership; Turnstone Biologics Corp.,2.0,,Turnstone Biologics,,1.0,Children's Hospital of Eastern Ontario Research Institute Inc,Ontario,Proof of Principle Program - Phase I,201302PPP,Proof of Principle,Chimeric Oncolytic Virus for Brain Cancer Treatment,160000,0,1.0,Cancer Research,BRAIN TUMORS THERAPY; CANCER THERAPY GENERAL,1,2014-09-30,3,265,202
"Sutherland, Garnette R",4/1/2018,"SmartForceps, surgical, recording",Orbsurgical Ltd.,1.0,,OrbSurgical Ltd.,,1.0,University of Calgary,Alberta,Project Grant,201709PJT,Commercialization,The SmartForceps System: An intelligent and innovative tool technology for recording surgical performance and skill,520200,0,3.0,Health Services and Policy Research,"Biomedical Engineering-Biophysics, Medical Technologies and Instrumentation; Health Services and Systems-Healthcare Safety & Quality Improvement",1,2021-03-31,2,140,203
"Tabrizian, Maryam",10/1/2014,"Chitosan, BMP-7, Bone Formation",0,0.0,,,,0.0,McGill University,Quebec,Proof of Principle Program - Phase I,201402PPP,Proof of Principle,A Novel Injectable Chitosan Sponge Containing BMP-7 as a Therapeutic Intervention for Accelerated Bone Formation in a Critical Size Defect Rat Model,160000,0,1.0,Musculoskeletal Health and Arthritis,"BONE CANCER; INJURY, REGENERATION; MUSCLE, BONE, OR JOINT; DRUG RESEARCH",1,2015-09-30,1,163,204
"Tessier, Philippe A",7/1/2009,"S100 proteins, arthritis",Eli Lilly And Company; Immunorx Pharma Inc.,2.0,,InflammatoRx inc.,,1.0,Universite Laval,Quebec,Proof of Principle Program - Phase I,200904PPP,Proof of Principle,Development of anti-S100 proteins for the treatment of arthritis,142600,0,1.0,Musculoskeletal Health and Arthritis,"ARTHRITIS/OSTEOARTHRITIS; CHRONIC INFLAMMATORY BOWEL DISEASE; IMMUNOLOGY-TRANSPLANTATION; MUSCLE, BONE, OR JOINT",1,2010-06-30,6,23,207
"Tremblay, Jacques P",4/1/2013,"Friedreich ataxia, TALE proteins, frataxin",0,0.0,,,,0.0,Universite Laval,Quebec,Proof of Principle Program - Phase I,201209PPP,Proof of Principle,Development of a treatment for Friedreich ataxia based on the administration of TALE proteins targeting the frataxin promoter.,160000,0,1.0,Genetics,CONGENITAL ANOMALIES; MOLECULAR BIOLOGY,1,2014-03-31,3,47,209
"Tremblay, Jacques P",10/1/2015,"Alzheimer, gene editing, Amyloid Precursor Protein",0,0.0,,,,,Universite Laval,Quebec,Proof of Principle Program - Phase I,201502PPP,Proof of Principle,Alzheimer treatment based on the editing of the Amyloid Precursor Protein gene,159931,0,1.0,Aging,ALZHEIMER'S DISEASE; AGING; MOLECULAR BIOLOGY; GENETICS,1,2016-09-30,1,185,209
"Tremblay, Michel L",10/1/2010,"small molecule, tyrosine phosphatases, inhibitors",Kanyr Pharma Inc.,1.0,,Kanyr Pharma Inc.,,1.0,McGill University,Quebec,Proof of Principle Program Phase I - Drug Development,201003PDD,Proof of Principle,Discovery and uses of a new class of small molecule inhibitors of tyrosine phosphatases.,158850,0,1.0,Cancer Research,MULTIPLE DISEASE RELEVANCE; BREAST CANCER THERAPY; BIOCHEMISTRY; DRUG RESEARCH,1,2011-09-30,4,295,210
"Verma, Subodh S",7/1/2009,"BRCA1, Endothelial Dysfunction, Atherosclerosis",0,0.0,,,,0.0,Unity Health Toronto,Ontario,Proof of Principle Program - Phase I,200904PPP,Proof of Principle,Evaluation of BRCA1 as a Novel Therapeutic Strategy for Endothelial Dysfunction and Atherosclerosis,149998,0,1.0,Circulatory and Respiratory Health,ATHEROSCLEROSIS; CARDIOVASCULAR,1,2010-06-30,1,153,218
"Waldman, Stephen D",4/1/2010,"tissue engineering, cartilage, repair",0,0.0,,,,0.0,"Queen's University (Kingston, Ontario)",Ontario,Proof of Principle Program - Phase I,200910PPP,Proof of Principle,Tissue engineered cartilage suitable for the repair of clinically-relevant sized defects,148139,0,1.0,Musculoskeletal Health and Arthritis,"INJURY, REGENERATION; ARTHRITIS/OSTEOARTHRITIS; MUSCLE, BONE, OR JOINT; BIOPHYSICS",1,2011-03-31,1,124,219
"Walker, Gilbert C",10/1/2024,"micro-RNA, sepsis, formulation","Northmirs, Inc.",1.0,,NorthMiRs inc.,,1.0,University of Toronto,Ontario,Project Grant,202403PJT,Commercialization,Development of preclinical data for a phase one clinical trial of a micro-RNA-based formulation to treat early sepsis,508725,0,2.0,Circulatory and Respiratory Health,"Cardiovascular, Respiratory and Circulatory Systems-Respiratory System Pathologies and Clinical Interventions; Commercialization-Technology Transfer; Cardiovascular, Respiratory and Circulatory Systems-Clinical and Translational Cardiovascular Sciences",1,2026-09-30,1,277,220
"Wasan, Kishor M",1/1/2010,"Amphotericin B, oral formulation, fungal infections",Skymount Medical Us Inc.; Amphotericin B Technologies Inc.; Ico Therapeutics Inc.,3.0,,iCo Therapeutics Inc.,,1.0,University of British Columbia,British Columbia,Proof of Principle Program - Phase II,200810PP2,Proof of Principle,Development of a Novel Oral Amphotericin B Formulation for the Treatment of Systemic Fungal Infections,200000,0,1.0,Infection and Immunity,null,1,2009-12-31,5,141,223
"Weaver, Donald F",4/1/2010,"Contact, Optical, Microscopy",Treventis Corporation; Neuroquest Inc,2.0,,Mindful Scientific Inc.,,2.0,IWK Health Centre (Halifax),Nova Scotia,Proof of Principle Program - Phase I,200910PPP,Proof of Principle,Contact Optical Microscopy,148684,0,1.0,"Neurosciences, Mental Health and Addiction",MULTIPLE DISEASE RELEVANCE; MULTIDISCIPLINARY; IMAGING; INTERNATIONAL HEALTH,1,2011-03-31,2,83,224
"Weaver, Donald F",4/1/2010,"Pharmacokinetic, Drug, Alzheimer's",Bellus Health (International) Limited,1.0,,Treventis Corp.,,,IWK Health Centre (Halifax),Nova Scotia,Proof of Principle Program - Phase I,200910PPP,Proof of Principle,Pharmacokinetic Optimization of a New Drug for Alzheimer's Disease,150000,0,1.0,"Neurosciences, Mental Health and Addiction",ALZHEIMER'S DISEASE; DRUGS- PHARMACEUTICAL SCIENCE/CHEMISTRY & NON MEDICAL USE OF DRUGS; DRUG RESEARCH; NERVOUS SYSTEM,1,2011-03-31,3,149,224
"Weaver, Donald F",4/1/2018,"brain, indoleamine-2,3-dioxygenase, inhibitors",0,0.0,,Treventis Corp.,,,University Health Network (Toronto),Ontario,Project Grant,201709PJT,Commercialization,"Design and Development of Brain Permeant Indoleamine-2,3-Dioxygenase Inhibitors",765000,0,4.0,"Neurosciences, Mental Health and Addiction","Pharmacological, Toxicological and Pharmaceutical Sciences-Drug Discovery, Design and Delivery; Neurosciences-Neurological disorders",1,2022-03-31,1,210,224
"Webb, John R",10/1/2010,"Pentarix, vaccine, HPV",0,0.0,,,,0.0,University of Victoria (British Columbia),British Columbia,Proof of Principle Program - Phase I,201003PPP,Proof of Principle,Pre-clinical development of Pentarix: a therapeutic vaccine for HPV-associated cancers,160000,0,1.0,Cancer Research,CANCER THERAPY GENERAL; VIRAL; CANCER; IMMUNOLOGY-TRANSPLANTATION,1,2011-09-30,1,310,225
"Weinfeld, Michael",4/1/2010,"small molecule, polynucleotide kinase, cancer",0,0.0,,Onco-Innovations Limited,,1.0,University of Alberta,Alberta,Proof of Principle Program - Phase I,200910PPP,Proof of Principle,Small molecule inhibitor of polynucleotide kinase/phosphatase and uses thereof in cancer treatment.,150000,0,1.0,Cancer Research,CANCER THERAPY GENERAL; CANCER,1,2011-03-31,3,122,226
"Weksberg, Rosanna",10/1/2015,"DNA methylation, diagnostic, tool",0,0.0,,Alamya Health,,1.0,Hospital for Sick Children (Toronto),Ontario,Proof of Principle Program - Phase I,201502PPP,Proof of Principle,Implementation and Commercialization of a Novel DNA Methylation-Based Diagnostic Tool,160000,0,1.0,"Human Development, Child and Youth Health","DETERMINANTS OF HEALTH; MENTAL AND BEHAVIOURAL DISEASES; GENETICS; GENOMICS, PROTEOMICS, AND BIOINFORMATICS",1,2016-09-30,2,71,227
"Whyne, Cari M",4/1/2016,"bone, craniomaxillofacial, reconstruction",0,0.0,,,,0.0,"Sunnybrook Health Sciences Centre (Toronto, Ontario)",Ontario,Proof of Principle Program - Phase I,201509PPP,Proof of Principle,"""Bone Tape"": Optimization of a novel method for reconstructing the craniomaxillofacial skeleton",160000,0,1.0,Musculoskeletal Health and Arthritis,"MUSCULO SKELETAL; MUSCLE, BONE, OR JOINT",1,2017-03-31,2,218,228
"Wither, Joan E",4/1/2016,"lupus, nephritis, diagnosis",0,0.0,,,,0.0,University Health Network (Toronto),Ontario,Proof of Principle Program - Phase I,201509PPP,Proof of Principle,Development of a test for the early diagnosis and monitoring of lupus nephritis,160000,0,1.0,Musculoskeletal Health and Arthritis,"LUPUS; GENITO/URINARY SYSTEM; MUSCLE, BONE, OR JOINT; RENAL FUNCTION, NEPHROLOGY, UROLOGY",1,2017-03-31,1,76,231
"Withers, Stephen G",4/1/2015,"protein, glycan, sialic acids",0,0.0,,,,,University of British Columbia,British Columbia,Proof of Principle Program - Phase I,201409PPP,Proof of Principle,Extending circulation time of protein therapeutics by capping glycan structures with 7F-Sialic acids,159981,0,1.0,Genetics,MULTIDISCIPLINARY; BIOCHEMISTRY,1,2016-03-31,5,14,232
"Withers, Stephen G",4/1/2010,"neuraminidase, inhibitors, influenza",0,0.0,,Avivo Biomedical Inc.,,1.0,University of British Columbia,British Columbia,Proof of Principle Program - Phase I,200910PPP,Proof of Principle,Novel mechanism-based inhibitors of influenza neuraminidase as potential anti-viral agents,150000,0,1.0,Infection and Immunity,INFECTIOUS AND PARASITIC; VIRAL; VIROLOGY; POPULATION HEALTH,1,2011-03-31,1,72,232
"Withers, Stephen G",10/1/2012,"Influenza, Neuraminidase, Inhibitors",0,0.0,,,,,University of British Columbia,British Columbia,Proof of Principle Program - Phase II,201202PP2,Proof of Principle,Novel Influenza Neuraminidase Inhibitors - Development of Orally Bioavailable Agents,297000,0,1.0,Infection and Immunity,VIRAL; DRUGS- PHARMACEUTICAL SCIENCE/CHEMISTRY & NON MEDICAL USE OF DRUGS; VIROLOGY; POPULATION HEALTH,1,2013-09-30,3,112,232
"Wu, Jian Hui",10/1/2010,"antiandrogens, androgen receptor, prostate cancer","Val-Chum, Limited Partnership",1.0,,,,0.0,CIUSSS de Centre-Ouest-de-l'Ile-de-Montreal-Jewish General,Quebec,Proof of Principle Program Phase I - Drug Development,201003PDD,Proof of Principle,Novel bifunctional antiandrogens that suppress oncogenic activation of the androgen receptor in castration-resistant prostate cancer,159750,0,1.0,Cancer Research,DRUGS- PHARMACEUTICAL SCIENCE/CHEMISTRY & NON MEDICAL USE OF DRUGS; PROSTATE AND BLADDER CANCER THERAPY; CANCER; ENDOCRINOLOGY,1,2011-09-30,2,19,233
"Wu, Jian Hui",10/1/2015,"androgen receptor, pan-inhibitors, prostate cancer",0,0.0,,,,,CIUSSS de Centre-Ouest-de-l'Ile-de-Montreal-Jewish General,Quebec,Proof of Principle Program - Phase I,201502PPP,Proof of Principle,Development of novel pan-inhibitors of the androgen receptor variants as effective therapeutics for castration-resistant prostate cancer,160000,0,1.0,Cancer Research,PROSTATE AND BLADDER CANCER; DRUGS- PHARMACEUTICAL SCIENCE/CHEMISTRY & NON MEDICAL USE OF DRUGS,1,2016-09-30,2,259,233
"Wu, Xiao Yu S",4/1/2014,"polymer nanoparticles, brain cancer, targeted",0,0.0,,QurCan Therapeutics (Nanology Labs),,1.0,University of Toronto,Ontario,Proof of Principle Program - Phase I,201309PPP,Proof of Principle,Preclinical evaluation of multifunctional polymer nanoparticles for targeted brain cancer therapy,160000,0,1.0,Cancer Research,BRAIN TUMORS THERAPY; DRUGS- PHARMACEUTICAL SCIENCE/CHEMISTRY & NON MEDICAL USE OF DRUGS; DRUG RESEARCH; CANCER,1,2015-03-31,2,204,234
"Yang, Victor X",10/1/2013,"Surgical lighting, Navigation system",7D Surgical Inc.; Ipg Photonics Corporation,2.0,,,,,Toronto Metropolitan University,Ontario,Proof of Principle Program - Phase I,201302PPP,Proof of Principle,Integrated Surgical Lighting and Navigation System,156230,2200,1.0,Musculoskeletal Health and Arthritis,"MUSCULO SKELETAL; MULTIDISCIPLINARY; IMAGING; MUSCLE, BONE, OR JOINT",1,2014-09-30,21,135,235
"Yang, Victor X",4/1/2010,"Doppler, Optical Coherence Tomography, Neurosurgical",Ipg Photonics Corporation; Laser Depth Dynamics Inc.; Ipg Photonics (Canada) Inc.,3.0,,7D Surgical Inc.,,1.0,Toronto Metropolitan University,Ontario,Proof of Principle Program - Phase I,200910PPP,Proof of Principle,Doppler Optical Coherence Tomography for Intraoperative Imaging During Skull Base Neurosurgical Procedures,149984,0,1.0,Cancer Research,BRAIN TUMORS THERAPY; IMAGING; BIOPHYSICS,1,2011-03-31,4,208,235
"Yokota, Toshifumi",10/1/2022,"antisense, oligonucleotide, delivery",Oligomicstx Inc.,1.0,,OligomicsTx Inc.,,1.0,University of Alberta,Alberta,Project Grant,202203PJT,Commercialization,Commercializing a novel platform for delivery of antisense oligonucleotide-mediated therapy,1009800,0,5.0,Genetics,Genetics-Clinical Genetics,1,2027-09-30,3,80,237
"Yoo, Paul",10/1/2015,"Minimally-Invasive, Posterior Tibial Nerve, Overactive Bladder","Ebt Medical, Inc.; Ebt Medical Inc.",2.0,,"EBT Medical, Inc.",,1.0,University of Toronto,Ontario,Proof of Principle Program - Phase I,201502PPP,Proof of Principle,Minimally-Invasive Method of Selectively Activating Posterior Tibial Nerve Afferents for Treating Overactive Bladder,155800,4000,1.0,Aging,"GENITO/URINARY SYSTEM; RENAL FUNCTION, NEPHROLOGY, UROLOGY",1,2016-09-30,19,119,238
"Young, Robert N",4/1/2015,"conjugate drug, bone grafts, osteogenesis",Ossifi Therapeutics Llc,1.0,,Mesentech Inc.,,1.0,"Simon Fraser University (Burnaby, B.C.)",British Columbia,Proof of Principle Program - Phase I,201409PPP,Proof of Principle,Development of a novel conjugate drug for local delivery in bone grafts: Efficacy study on vascularization and osteogenesis after local delivery in a dental implant jaw model,157500,0,1.0,Musculoskeletal Health and Arthritis,DENTAL DISEASE (INCL. ORAL BIOLOGY); DRUGS- PHARMACEUTICAL SCIENCE/CHEMISTRY & NON MEDICAL USE OF DRUGS; DRUG RESEARCH; DENTAL SCIENCE - Oral Biology,1,2016-03-31,6,181,239
"Yousef, George M",4/1/2019,"exosomal, miRNA, prostate cancer",0,0.0,,Enrich Bioscience,,1.0,Unity Health Toronto,Ontario,Project Grant,201809PJT,Commercialization,Development of the first pre-operative serum exosomal miRNA test to guide treatment decision in prostate cancer,573752,0,4.0,Cancer Research,Cancer-Cancer Progression and Metastasis,1,2023-03-31,1,115,240
"Zeng, Haishan",4/1/2018,"Raman Spectroscopy, Endoscopic, Colorectal Cancer",0,0.0,,,,,University of British Columbia,British Columbia,Project Grant,201709PJT,Commercialization,Real-time Endoscopic Raman Spectroscopy for Improving Dysplasia/Colorectal Cancer Detection in Patients with Inflammatory Bowel Diseases,508724,0,4.0,Cancer Research,"Biomedical Engineering-Biophysics, Medical Technologies and Instrumentation; Cancer-Clinical Oncology; Digestive, Endocrine and Excretory Systems-Gastroenterology and Hepatology",1,2022-03-31,1,91,243
"Zeng, Haishan",4/1/2011,"laser, Raman spectroscopy, melanoma",0,0.0,,,,0.0,University of British Columbia,British Columbia,Proof of Principle Program - Phase II,201009PP2,Proof of Principle,Development of a laser Raman spectroscopy system for melanoma detection,244071,48211,1.0,Cancer Research,MULTIDISCIPLINARY; SKIN AND SUBCUTANEOUS TISSUS; CANCER; IMAGING,1,2012-03-31,8,178,243
"Zhang, Li",10/1/2019,"CAR-T, T cells, cancer",Cellular Biomedicine Group Inc.; Shanghai Cellular Biopharmaceutical Group Ltd.; Cellular Biomedicine Group Hk Limited; Wuxi Cellular Biopharmaceuical Group Ltd.; Shanghai Abelzeta Ltd; Wuxi Cellular Biopharmaceutical Group Ltd.; Shanghai Cellular Blopharmaceutical Group Ltd.,7.0,,,,,University Health Network (Toronto),Ontario,Project Grant,201903PJT,Commercialization,"Developing a platform for ""off-the-shelf"" CAR-T cell therapies for cancer using double negative T cells",703800,0,4.0,Cancer Research,Commercialization-Technology Transfer; Cancer-Cancer Drug Development and Therapeutics,1,2023-09-30,5,10,244
"Zhang, Li",10/1/2015,"cellular, immunotherapy, leukemia","Shanghai Cellular Biopharmaceutical Group Ltd.; Cellular Biomedicine Group Hk Limited; Wuxi Cellular Biopharmaceutical Group Ltd.; Cellular Biomedicine Group Inc.; Regeneron Pharmaceuticals, Inc.; Shanghai Abelzeta Ltd",6.0,,,,0.0,University Health Network (Toronto),Ontario,Proof of Principle Program - Phase II,201502PP2,Proof of Principle,A new cellular immunotherapy to treat acute myeloid leukemia,183670,35500,1.0,Cancer Research,MULTIDISCIPLINARY; IMMUNOLOGY-TRANSPLANTATION; CANCER,1,2016-09-30,2,164,244
"Zhou, Youwen",10/1/2012,"diagnostic, T cell lymphomas, cutaneous",Resolvex Pharmaceuticals Inc.,1.0,,,,0.0,University of British Columbia,British Columbia,Proof of Principle Program - Phase I,201202PPP,Proof of Principle,A diagnostic test for cutaneous T cell lymphomas,151660,0,1.0,Musculoskeletal Health and Arthritis,"SKIN AND SUBCUTANEOUS TISSUS; BLOOD; CANCER; GENOMICS, PROTEOMICS, AND BIOINFORMATICS",1,2013-09-30,4,130,245
"Afilalo, Jonathan",4/1/2013,"Buccal, Lamin A, Biomarker",0,0.0,,,,0.0,McGill University,Quebec,Proof of Principle Program - Phase I,201209PPP,Proof of Principle,Buccal Lamin A as a Novel Biomarker for Frailty,160000,0,1.0,Aging,AGING; CARDIOLOGY; CELL BIOLOGY,1,2014-03-31,2,73,1
"Agrawal, Babita",10/1/2013,"antiviral agents, hepatitis C virus, infection",0,0.0,,,,,University of Alberta,Alberta,Proof of Principle Program - Phase I,201302PPP,Proof of Principle,New dual-mode antiviral agents for the treatment of hepatitis C virus infection,159984,0,1.0,Infection and Immunity,VIRAL; DRUG RESEARCH; VIROLOGY,1,2014-09-30,1,269,2
"Agrawal, Babita",10/1/2012,"cross-protective, influenza, vaccine",0,0.0,,,,0.0,University of Alberta,Alberta,Proof of Principle Program - Phase I,201202PPP,Proof of Principle,Novel cross-protective (universal) vaccine for influenza infections,159990,0,1.0,Infection and Immunity,VIRAL; IMMUNOLOGY-TRANSPLANTATION,1,2013-09-30,2,298,2
"Alaoui-Jamali, Moulay A",10/1/2011,"Kinase inhibitors, breast cancer, metastases",0,0.0,,,,0.0,McGill University,Quebec,Proof of Principle Program - Phase I,201102PPP,Proof of Principle,Triple Targeted Kinase Inhibitors Capable of Inhibiting Breast Cancer Metastases,160000,0,1.0,Cancer Research,BREAST CANCER THERAPY; BREAST CANCER; CANCER; DRUG RESEARCH,1,2012-09-30,3,209,5
"Alman, Benjamin A",10/1/2010,"Nefopam, hyperplastic scars",0,0.0,,ScarX Therapeutics,,1.0,Hospital for Sick Children (Toronto),Ontario,Proof of Principle Program - Phase I,201003PPP,Proof of Principle,Nefopam as an agent to prevent and treat hyperplastic scars,159975,0,1.0,Musculoskeletal Health and Arthritis,"SKIN AND SUBCUTANEOUS TISSUS; MUSCULO SKELETAL; MUSCLE, BONE, OR JOINT; DRUG RESEARCH",1,2011-09-30,1,58,8
"Beaulieu, Martin",10/1/2013,"cells, GPCR, signaling",0,0.0,,,,0.0,Universite Laval,Quebec,Proof of Principle Program - Phase I,201302PPP,Proof of Principle,Cells lines for screening GPCR/Nav signaling compound,160000,0,1.0,"Neurosciences, Mental Health and Addiction",DRUGS- PHARMACEUTICAL SCIENCE/CHEMISTRY & NON MEDICAL USE OF DRUGS; DRUG RESEARCH; CELL BIOLOGY,1,2014-09-30,1,270,14
"Bell, John C",4/1/2014,"Viral, Sensitizers, Manufacturing",Turnstone Limited Partnership,1.0,,,,,Ottawa Hospital Research Institute,Ontario,Proof of Principle Program - Phase I,201309PPP,Proof of Principle,Biological Viral Sensitizers for GMP Manufacturing,123000,37000,1.0,Cancer Research,CANCER THERAPY GENERAL; VIRAL; CANCER; VIROLOGY,1,2015-03-31,4,96,16
"Bell, John C",4/1/2011,"vaccine, manufacturing, viral sensitizer",Wellstat Biologics Corp; Turnstone Limited Partnership,2.0,,"Turnstone Biologics, Inc., Esphera Synbio",,2.0,Ottawa Hospital Research Institute,Ontario,Proof of Principle Program - Phase I,201009PPP,Proof of Principle,Increasing vaccine manufacturing output using viral sensitizer technology,136750,0,1.0,Infection and Immunity,INFECTIOUS AND PARASITIC; VIRAL; HEALTH RESEARCH; VIROLOGY,1,2012-03-31,3,183,16
"Benard, Francois",10/1/2015,"[18F], imaging, neuroendocrine",Alpha-9 Oncology Inc.,1.0,,"Alpha-9 Oncology, Inc.",,1.0,University of British Columbia,British Columbia,Proof of Principle Program - Phase I,201502PPP,Proof of Principle,"Advancing the clinical development of [18F]AMBF3-TATE, a novel imaging probe for neuroendocrine tumours",160000,0,1.0,Cancer Research,CANCER THERAPY GENERAL; CANCER; IMAGING,1,2016-09-30,8,133,17
"Bohbot, Veronique",10/1/2014,"virtual reality, spatial memory, aging",0,0.0,,NeuroNautilus Inc.,,1.0,CIUSSS de l'Ouest-de-l'Ile-de-Montreal-Douglas Hospital,Quebec,Proof of Principle Program - Phase I,201402PPP,Proof of Principle,Validation of a fully automated virtual reality based spatial memory improvement program that promotes healthy aging,160000,0,1.0,Aging,ALZHEIMER'S DISEASE; HEALTH PROMOTION,1,2015-09-30,1,114,22
"Boivin, Guy",4/1/2010,"antiviral, herpes simplex, viruses",0,0.0,,"Signia therapeutics, Vaxxel, Trienix Pharma",,3.0,Universite Laval,Quebec,Proof of Principle Program - Phase I,200910PPP,Proof of Principle,New antiviral agents against herpes simplex viruses,150000,0,1.0,Infection and Immunity,VIRAL; DRUGS- PHARMACEUTICAL SCIENCE/CHEMISTRY & NON MEDICAL USE OF DRUGS; VIROLOGY; DRUG RESEARCH,1,2011-03-31,4,230,24
"Boyd, Daniel",10/1/2012,"Radiopaque, Embolic, Agent",Abk Biomedical Inc,1.0,,ABK Biomedical,,1.0,Dalhousie University (Nova Scotia),Nova Scotia,Proof of Principle Program - Phase I,201202PPP,Proof of Principle,Commercialization of a Radiopaque Spherical Embolic Agent.,159097,0,1.0,"Human Development, Child and Youth Health",NOT CLASSIFIED,1,2013-09-30,3,108,27
"Brodt, Pnina",10/1/2015,"IGF, breast cancer, trap",0,0.0,,,,0.0,Research Institute of the McGill University Health Centre,Quebec,Proof of Principle Program - Phase II,201502PP2,Proof of Principle,An IGF-Trap for the treatment of breast cancer: consolidation of the pre-clinical profile and commercialization.,299934,0,1.0,Cancer Research,BREAST CANCER; BREAST CANCER THERAPY; CANCER; DRUG RESEARCH,1,2016-09-30,1,214,30
"Brouillette, Martin",10/1/2013,"recanalization, arteries, device",Les Solutions Medicales Soundbite Inc.,1.0,,Soundbite Medical Solutions,,1.0,Universite de Sherbrooke,Quebec,Proof of Principle Program - Phase I,201302PPP,Proof of Principle,Device for recanalization of peripheral and coronary arteries,155180,0,1.0,Circulatory and Respiratory Health,CORONARY CIRCULATION (INCL. INSUFFICIENCY); CARDIOLOGY; CARDIOVASCULAR,1,2014-09-30,2,26,31
"Brown, Jeremy A",10/1/2010,"Ultrasonic, Endoscope, Auditory",0,0.0,,AudiOptics,,0.0,Dalhousie University (Nova Scotia),Nova Scotia,Proof of Principle Program - Phase I,201003PPP,Proof of Principle,A High-Resolution Ultrasonic Endoscope for the Auditory System,108000,10600,1.0,Aging,DEAFNESS; DISEASES AFFECTING SPEECH/VISION/HEARING; IMAGING; HEARING,1,2011-09-30,1,7,32
"Burns, David H",1/1/2009,"Ultrasonic, Hydrogel, Sensors",Syngenta Crop Protection Ag; Qualcomm Inc,2.0,,,,0.0,McGill University,Quebec,Proof of Principle Program - Phase I,200810PPP,Proof of Principle,Smart Ultrasonic Hydrogel Sensors for Point of Care Analysis,150000,0,1.0,Circulatory and Respiratory Health,null,1,2009-12-31,1,120,34
"Burt, Helen M",10/1/2013,"Docetaxel, Bladder Cancer, Intravesical",0,0.0,,,,,University of British Columbia,British Columbia,Proof of Principle Program - Phase II,201302PP2,Proof of Principle,Intravesical Docetaxel Formulation for the Treatment of Ta/T1 Stage Bladder Cancer,294600,0,1.0,Cancer Research,"PROSTATE AND BLADDER CANCER THERAPY; CANCER; RENAL FUNCTION, NEPHROLOGY, UROLOGY",1,2014-09-30,2,77,35
"Cashman, Neil R",4/1/2013,"cyclic peptide, Abeta oligomers, vaccination","Promis Neurosciences Inc.; CNJ Holdings Inc.; Cangene Corporation; Promis Neurosciences Inc; Promis Neurosciences, Inc.",5.0,,"ProMIS Neurosciences, Inc.",,1.0,University of British Columbia,British Columbia,Proof of Principle Program - Phase II,201209PP2,Proof of Principle,A defined cyclic peptide epitope specific to Abeta oligomers:   Active and passive vaccination in mouse models of Alzheimer's disease,300000,0,1.0,Aging,ALZHEIMER'S DISEASE; AGING; NERVOUS SYSTEM,1,2014-03-31,17,56,37
"Chan, Tak Hang",4/1/2012,"flavonoids, hematological cancer, models",0,0.0,,,,0.0,McGill University,Quebec,Proof of Principle Program - Phase II,201109PP2,Proof of Principle,Evaluation of novel flavonoids in models of hematological cancer,300000,0,1.0,Cancer Research,CANCER THERAPY GENERAL; NEOPLASMS; DRUG RESEARCH; CANCER,1,2013-03-31,4,284,38
"Charron, Thierry",4/1/2014,"myocardial infarct, no-reflow, device","Valorisation Recherche Hscm, Limited Partnership",1.0,,T-Rx MedCath,,0.0,CIUSSS du Nord-de-l'Ile-de Montreal - Hepital Sacre Coeur,Quebec,Proof of Principle Program - Phase I,201309PPP,Proof of Principle,Innovative device to reduce myocardial infarct size and no-reflow : Proof of concepts in humans,159300,0,1.0,Circulatory and Respiratory Health,MYOCARDIAL INFARCTION; CARDIOLOGY; CARDIOVASCULAR,1,2015-03-31,2,57,39
"Chauhan, Vijay S",4/1/2015,"Rotor, Mapping, Atrial Fibrillation",0,0.0,,,,0.0,University Health Network (Toronto),Ontario,Proof of Principle Program - Phase I,201409PPP,Proof of Principle,Rotor Mapping in Human Atrial Fibrillation,149015,10634,1.0,Circulatory and Respiratory Health,ARRHYTHMIAS; CARDIOLOGY; CARDIOVASCULAR; HEALTH RESEARCH,1,2016-03-31,1,314,40
"Chemtob, Sylvain",10/1/2010,"IL-1, Allosteramers, diabetes","Valorisation-Recherche, Limited Partnership; Rsem, Limited Partnership",2.0,,Allostera Pharma,,2.0,"Centre hospitalier universitaire Sainte-Justine (Montreal, Quebec)",Quebec,Proof of Principle Program - Phase II,201003PP2,Proof of Principle,IL-1  Allosteramers to treat diabetes and its complications,300000,0,1.0,"Nutrition, Metabolism and Diabetes",DRUGS- PHARMACEUTICAL SCIENCE/CHEMISTRY & NON MEDICAL USE OF DRUGS; METABOLISM/DIABETES; VISION,1,2011-09-30,1,241,41
"Cherkasov, Artem",10/1/2014,"small-molecule, androgen receptor, prostate cancer",0,0.0,,Rakovina Therapeutics inc.,,0.0,University of British Columbia,British Columbia,Proof of Principle Program - Phase I,201402PPP,Proof of Principle,First-in-Class Small-molecule Inhibitors Selectively Targeting the DNA-binding Domain of Human Androgen Receptor and Its Splice Variants for the Treatment of Resistant Prostate Cancer,150030,0,1.0,Cancer Research,PROSTATE AND BLADDER CANCER THERAPY; CANCER THERAPY GENERAL; CANCER; DRUG RESEARCH,1,2015-09-30,2,22,43
"Cripton, Peter A",7/1/2009,"helmet, spinal cord, injuries",0,0.0,,Cripton Technologies Inc.,,1.0,University of British Columbia,British Columbia,Proof of Principle Program - Phase I,200904PPP,Proof of Principle,Pro-Neck-Tor: A helmet to prevent spinal cord injuries occuring during sports and transportation,149752,0,1.0,Musculoskeletal Health and Arthritis,"INJURY, REGENERATION; MUSCULO SKELETAL; MUSCLE, BONE, OR JOINT; NERVOUS SYSTEM",1,2010-06-30,2,194,48
"Crystal, Eugene",4/1/2010,"catheter, tracking, imaging",0,0.0,,,,0.0,"Sunnybrook Health Sciences Centre (Toronto, Ontario)",Ontario,Proof of Principle Program - Phase I,200910PPP,Proof of Principle,Three-dimensional Catheter Tracking using a Single Two-dimensional Image,130077,12873,1.0,Circulatory and Respiratory Health,CARDIOLOGY; ARRHYTHMIAS; IMAGING; CARDIOVASCULAR,1,2011-03-31,4,107,49
"Cunningham, Charles H",10/1/2010,"Wire, MRI, Interventions","Metrologic Instruments, Inc.",1.0,,,,0.0,"Sunnybrook Health Sciences Centre (Toronto, Ontario)",Ontario,Proof of Principle Program - Phase I,201003PPP,Proof of Principle,Wire for MRI-Guided Interventions,139840,8395,1.0,Circulatory and Respiratory Health,CORONARY CIRCULATION (INCL. INSUFFICIENCY); IMAGING; CARDIOVASCULAR,1,2011-09-30,1,278,51
"Cynader, Max S",4/1/2012,"peptide, ischemic stroke",0,0.0,,Primary Peptides Inc.,,1.0,University of British Columbia,British Columbia,Proof of Principle Program - Phase I,201109PPP,Proof of Principle,Novel peptide as potential therapeutic for treatment of ischemic stroke,160000,0,1.0,"Neurosciences, Mental Health and Addiction","STROKE, HEART FAILURE",1,2013-03-31,1,16,52
"Dacosta, Ralph S",10/1/2011,"Optical imaging, Intraoperative guidance, Breast tumor","Sbi Alapharma Canada, Inc.; SBI ALApharma Canada Inc.; Moleculight Inc.",3.0,,MolecuLight Inc.,,1.0,University Health Network (Toronto),Ontario,Proof of Principle Program - Phase I,201102PPP,Proof of Principle,"Development of PRODIGI, a Handheld Optical Imaging Technology for Real-time Intraoperative-guidance of Breast Tumour Resection",121250,24000,1.0,Cancer Research,BREAST CANCER; BREAST CANCER THERAPY; IMAGING; CANCER,1,2012-09-30,9,139,53
"Diallo, Jean-Simon",10/1/2014,"viral, sensitizer, influenza",0,0.0,,Virica Biotech,,1.0,Ottawa Hospital Research Institute,Ontario,Proof of Principle Program - Phase II,201402PP2,Proof of Principle,Evaluation of viral sensitizer technology in improving egg-based influenza vaccine manufacturing processes,222143,77857,1.0,Infection and Immunity,VIRAL; NONE OF THE ABOVE; VIROLOGY; BIOCHEMISTRY,1,2015-09-30,5,315,56
"Dmitrienko, Gary I",7/1/2009,"beta lactamase, antibiotics, resistance",0,0.0,,Waterloo Pharmaceuticals Inc.,,1.0,University of Waterloo (Ontario),Ontario,Proof of Principle Program Phase I - Drug Development,200904PDD,Proof of Principle,Novel beta lactamase inhibitors to combat antibiotic resistance,150000,0,1.0,Infection and Immunity,INFECTIOUS AND PARASITIC; DRUG RESEARCH; BACTERIOLOGY,1,2010-06-30,1,116,58
"Doschak, Michael R",10/1/2010,"Bisphosphonate, Calcitonin",0,0.0,,Osteometabolix,,1.0,University of Alberta,Alberta,Proof of Principle Program Phase I - Drug Development,201003PDD,Proof of Principle,Bisphosphonate-conjugated Calcitonin,117929,0,1.0,Musculoskeletal Health and Arthritis,"DRUGS- PHARMACEUTICAL SCIENCE/CHEMISTRY & NON MEDICAL USE OF DRUGS; MUSCULO SKELETAL; DRUG RESEARCH; MUSCLE, BONE, OR JOINT",1,2011-09-30,2,150,59
"Drangova, Maria",4/1/2021,"contact-force, radiofrequency, ablation",0,0.0,,Aufero Medical,,1.0,Western University (Ontario),Ontario,Project Grant,202010PJT,Commercialization,Contact-force controller to eliminate the effects of motion during cardiac radiofrequency ablation,367200,0,2.0,Circulatory and Respiratory Health,"Biomedical Engineering-Biophysics, Medical Technologies and Instrumentation",1,2023-03-31,1,44,60
"Du, Caigan",4/1/2015,"organ transplant, solution",0,0.0,,,,0.0,University of British Columbia,British Columbia,Proof of Principle Program - Phase I,201409PPP,Proof of Principle,Preclinical Development of a Novel Organ Transplant Solution,160000,0,1.0,"Nutrition, Metabolism and Diabetes","GENITO/URINARY SYSTEM; MULTIPLE DISEASE RELEVANCE; RENAL FUNCTION, NEPHROLOGY, UROLOGY; DRUG RESEARCH",1,2016-03-31,2,188,61
"Dumont, Guy A",10/1/2015,"closed-loop, control, anesthesia",0,0.0,,,,0.0,University of British Columbia,British Columbia,Proof of Principle Program - Phase I,201502PPP,Proof of Principle,Certifiably safe closed-loop control of anesthesia,158740,0,1.0,Circulatory and Respiratory Health,HEALTH RESEARCH,1,2016-09-30,2,52,62
"Fenster, Aaron",4/1/2014,"3D Ultrasound, Intraventricular Hemorrhage, Neonates",0,0.0,,NeoVision,,1.0,Western University (Ontario),Ontario,Proof of Principle Program - Phase I,201309PPP,Proof of Principle,3D Ultrasound Scanner System For Management Of Intraventricular Hemorrhage In Preterm Neonates,148062,0,1.0,"Human Development, Child and Youth Health",MULTIDISCIPLINARY; NONE OF THE ABOVE; IMAGING; BIOPHYSICS,1,2015-03-31,1,222,65
"Finlay, Barton B",4/1/2011,"sub-unit, vaccine, Salmonella",0,0.0,,,,0.0,University of British Columbia,British Columbia,Proof of Principle Program - Phase II,201009PP2,Proof of Principle,A sub-unit based vaccine for Salmonella,149685,0,1.0,Infection and Immunity,GASTRO-INTESTINAL DISEASE; INFECTIOUS AND PARASITIC; BACTERIOLOGY; GASTROINTESTINAL (LIVER),1,2012-03-31,1,100,66
"Flynn, Lauren E",4/1/2015,"porous, extracellular matrix, bioscaffolds",0,0.0,,,,0.0,Western University (Ontario),Ontario,Proof of Principle Program - Phase I,201409PPP,Proof of Principle,Development of novel porous extracellular matrix-derived bioscaffolds for cutaneous wound healing,160000,0,1.0,Musculoskeletal Health and Arthritis,"SKIN AND SUBCUTANEOUS TISSUS; INJURY, REGENERATION; HEALTH RESEARCH; CELL BIOLOGY",1,2016-03-31,1,63,67
"Fraser, Paul E",1/1/2009,"Amyloid, Therapies, Diabetes",0,0.0,,,,0.0,University of Toronto,Ontario,Proof of Principle Program - Phase I,200810PPP,Proof of Principle,Amyloid-Based Therapies for Type 2 Diabetes,150000,0,1.0,"Nutrition, Metabolism and Diabetes",DIABETES MELLITUS; METABOLISM AND NUTRITION; METABOLISM/DIABETES; BIOCHEMISTRY,1,2009-12-31,3,246,70
"Gatignol, Anne",4/1/2014,"antisense, RNA, HIV-1",0,0.0,,,,0.0,CIUSSS de Centre-Ouest-de-l'Ile-de-Montreal-Jewish General,Quebec,Proof of Principle Program - Phase I,201309PPP,Proof of Principle,Development of antisense-based small RNA agents targeting the GAG open reading frame of HIV-1 RNA for use in gene and drug therapy against HIV-1 infection.,159550,0,1.0,Infection and Immunity,AIDS; VIRAL; VIROLOGY; MOLECULAR BIOLOGY,1,2015-03-31,1,175,73
"Ghahary, Aziz",4/1/2012,"Anti-fibrogenic, factor, therapeutic",0,0.0,,BirchBioMed Inc.,,1.0,University of British Columbia,British Columbia,Proof of Principle Program - Phase I,201109PPP,Proof of Principle,Discovery of a Novel Anti-fibrogenic factor and its Therapeutic evaluation,150932,0,1.0,Musculoskeletal Health and Arthritis,"SKIN AND SUBCUTANEOUS TISSUS; INJURY, REGENERATION",1,2013-03-31,3,281,74
"Ghahary, Aziz",4/1/2014,"skin, substitute, powder",Conexeu Sciences Inc.,1.0,,,,,University of British Columbia,British Columbia,Proof of Principle Program - Phase I,201309PPP,Proof of Principle,Re -constitutable skin substitute powder kit,147089,0,1.0,Musculoskeletal Health and Arthritis,"SKIN AND SUBCUTANEOUS TISSUS; INJURY, REGENERATION",1,2015-03-31,2,297,74
"Gibbings, Derrick J",10/1/2015,"drug delivery, exosomes, RNAs",0,0.0,,Hitchhike Therapeutics Inc.,,1.0,University of Ottawa,Ontario,Proof of Principle Program - Phase I,201502PPP,Proof of Principle,Technology to build a drug delivery platform for silencing RNAs using exosomes,159941,0,1.0,Aging,MULTIPLE DISEASE RELEVANCE; MULTIDISCIPLINARY; HEALTH RESEARCH; DRUG RESEARCH,1,2016-09-30,3,197,75
"Gleave, Martin E",4/1/2018,"androgen receptor, prostate cancer, antagonist",0,0.0,,Sitka Biopharma,,1.0,University of British Columbia,British Columbia,Project Grant,201709PJT,Commercialization,Preclinical development of a novel androgen receptor antagonist to treat castration-resistant prostate cancer,351900,0,2.0,Cancer Research,Cancer-Cancer Drug Development and Therapeutics,1,2020-03-31,3,17,76
"Gobbi, Gabriella",4/1/2016,"MT2, melatonin receptor, neuropathic pain",Cosmas Therapeutics Development Inc.,1.0,,,,0.0,McGill University,Quebec,Proof of Principle Program - Phase I,201509PPP,Proof of Principle,Novel first-in-class MT2 melatonin receptor partial agonists for neuropathic pain,160000,0,1.0,"Neurosciences, Mental Health and Addiction",DRUGS- PHARMACEUTICAL SCIENCE/CHEMISTRY & NON MEDICAL USE OF DRUGS; MENTAL AND BEHAVIOURAL DISEASES; DRUG RESEARCH; NERVOUS SYSTEM,1,2017-03-31,4,103,78
"Gong, Siew-Ging",10/1/2022,"Streptococcus salivarius, Probiotics, Dental Caries",0,0.0,,SaliBiotics,,1.0,University of Toronto,Ontario,Project Grant,202203PJT,Commercialization,Streptococcus salivarius Probiotics Against Dental Caries Pathogens,535501,0,4.0,Musculoskeletal Health and Arthritis,"Commercialization-Intellectual Property; Health Determinants-Etiology of Disease and Conditions; Immunology and Infection-Antimicrobial Drug Resistance, Drug Discovery and Therapeutics (including vaccines)",1,2026-09-30,1,296,80
"Graham, Simon J",10/1/2011,"Tablet, Dementia, Assessing",0,0.0,,,,0.0,"Sunnybrook Health Sciences Centre (Toronto, Ontario)",Ontario,Proof of Principle Program - Phase I,201102PPP,Proof of Principle,Tablet Technology for Assessing Dementia,116402,0,1.0,"Neurosciences, Mental Health and Addiction",ALZHEIMER'S DISEASE; IMAGING; NERVOUS SYSTEM,1,2012-09-30,1,78,81
"Granville, David J",4/1/2010,"antibody, granzyme B",0,0.0,,"viDA Therapeutics, Inc.",,1.0,University of British Columbia,British Columbia,Proof of Principle Program - Phase II,200910PP2,Proof of Principle,Therapeutic antibody development towards granzyme B,101240,0,1.0,Circulatory and Respiratory Health,NONE OF THE ABOVE; AGING; CARDIOVASCULAR,1,2011-03-31,7,97,82
"Gratzer, Paul F",4/1/2011,"Decellularization, Human Skin",Decell Technologies Inc.,1.0,,DeCell Technologies Inc.,,1.0,Dalhousie University (Nova Scotia),Nova Scotia,Proof of Principle Program - Phase I,201009PPP,Proof of Principle,Decellularization of Human Skin,149034,10900,1.0,Musculoskeletal Health and Arthritis,SKIN AND SUBCUTANEOUS TISSUS; IMMUNOLOGY-TRANSPLANTATION; NOT CLASSIFIED,1,2012-03-31,1,169,83
"Greer, John J",10/1/2015,"Ampakine, Respiratory Depression, Therapy",0,0.0,,,,0.0,University of Alberta,Alberta,Proof of Principle Program - Phase II,201502PP2,Proof of Principle,Ampakine Therapy for Alleviating Respiratory Depression,145440,0,1.0,Circulatory and Respiratory Health,RESPIRATION; NONE OF THE ABOVE; NERVOUS SYSTEM,1,2016-09-30,2,84,84
"Grierson, David S",4/1/2015,"HIV, pre-mRNA, splicing",0,0.0,,,,0.0,University of British Columbia,British Columbia,Proof of Principle Program - Phase I,201409PPP,Proof of Principle,Development of Specific Inhibitors of HIV pre-mRNA Alternative Splicing: A New Anti-HIV/AIDS Strategy,160000,0,1.0,Infection and Immunity,DRUGS- PHARMACEUTICAL SCIENCE/CHEMISTRY & NON MEDICAL USE OF DRUGS; AIDS; DRUG RESEARCH; VIROLOGY,1,2016-03-31,4,75,85
"Grynpas, Marc D",4/1/2011,"Calcium, Polyphosphate, Bone",0,0.0,,,,0.0,Sinai Health System (Toronto),Ontario,Proof of Principle Program - Phase I,201009PPP,Proof of Principle,"""Calcium Polyphosphate Bone Substitutes""",156022,0,1.0,Musculoskeletal Health and Arthritis,"OSTEOPOROSIS; AGING; MUSCLE, BONE, OR JOINT",1,2012-03-31,2,131,87
"Guertin, Pierre",4/1/2012,"Urinary retention, spinal cord injury, continence",0,0.0,,"Nordic Life Science Pipeline Inc., NeuroSpina Therapeutics, Eurymedon HealthCare",,3.0,Universite Laval,Quebec,Proof of Principle Program - Phase I,201109PPP,Proof of Principle,First-in-class Therapeutic Against Urinary Retention (Continence) in Patients with Chronic Spinal Cord Injury and Related Disorders,160000,0,1.0,"Neurosciences, Mental Health and Addiction","SPINAL CORD DISEASE; GENITO/URINARY SYSTEM; NERVOUS SYSTEM; RENAL FUNCTION, NEPHROLOGY, UROLOGY",1,2013-03-31,2,49,88
"Haddad, Elie",4/1/2023,"hematopoietic stem cells, immunotherapy, synthetic promoters",0,0.0,,,,,"Centre hospitalier universitaire Sainte-Justine (Montreal, Quebec)",Quebec,Project Grant,202209PJT,Commercialization,Empowering innovative hematopoietic stem cells (HSC)-based cancer immunotherapy through the creation of synthetic specific promoters,765000,0,4.0,Cancer Research,Commercialization-Intellectual Property; Commercialization-Technology Transfer; Cancer-Cancer Drug Development and Therapeutics,1,2027-03-31,1,267,89
"Hanrahan, John W",10/1/2014,"CFTR, modulators, COPD",Verona Pharma Plc,1.0,,Traffick Therapeutics,,1.0,McGill University,Quebec,Proof of Principle Program - Phase I,201402PPP,Proof of Principle,CFTR modulators as a potential new therapeutic paradigm to treat individuals with COPD,159665,0,1.0,Circulatory and Respiratory Health,CHRONIC OBSTRUCTIVE LUNG DISEASE; RESPIRATION; HEALTH RESEARCH,1,2015-09-30,2,123,91
"Hansen, Carl L",10/1/2012,"single cell, antibody, selection",Fluidigm Corporation,1.0,,AbCellera Biologics Inc.,,1.0,University of British Columbia,British Columbia,Proof of Principle Program - Phase I,201202PPP,Proof of Principle,Pre-commercial development of single cell antibody selection process,154120,0,1.0,Infection and Immunity,MULTIPLE DISEASE RELEVANCE; MULTIDISCIPLINARY; IMMUNOLOGY-TRANSPLANTATION; HEALTH RESEARCH,1,2013-09-30,11,18,92
"Hebert, Marc",4/1/2014,"diagnostic, electroretinography, schizophrenia",0,0.0,,diaMentis,,1.0,Universite Laval,Quebec,Proof of Principle Program - Phase I,201309PPP,Proof of Principle,"Diagnostic differentiel de la schizophrenie, la depression bipolaire et la depression majeure e l'aide de l'electroretinographie",159700,0,1.0,"Neurosciences, Mental Health and Addiction",DEPRESSION; MENTAL HEALTH,1,2015-03-31,1,167,94
"Hess, Robert F",1/1/2009,"Binocular vision, Amblyopia",0,0.0,,Amblyotech,,1.0,McGill University,Quebec,Proof of Principle Program - Phase I,200810PPP,Proof of Principle,Assessment and Treatment of Binocular Vision in Amblyopia,126802,0,1.0,"Neurosciences, Mental Health and Addiction",DISEASES AFFECTING SPEECH/VISION/HEARING; VISION,1,2009-12-31,6,263,95
"Houde, Daniel",4/1/2011,"radiotherapie, laser, femtoseconde",0,0.0,,,,0.0,Universite de Sherbrooke,Quebec,Proof of Principle Program - Phase I,201009PPP,Proof of Principle,Radiotherapie par filamentation laser femtoseconde,112602,0,1.0,Cancer Research,CANCER THERAPY GENERAL; BRAIN TUMORS THERAPY; CANCER; BIOPHYSICS,1,2012-03-31,1,300,96
"Huntsman, David G",4/1/2013,"Ovarian cancer, Enabling technology",0,0.0,,,,,University of British Columbia,British Columbia,Proof of Principle Program - Phase I,201209PPP,Proof of Principle,PrOTYPE: An Enabling Technology to Improve Ovarian Cancer Care,154829,0,1.0,Cancer Research,"NEOPLASMS; NONE OF THE ABOVE; CANCER; GENOMICS, PROTEOMICS, AND BIOINFORMATICS",1,2014-03-31,1,33,98
"Huntsman, David G",4/1/2010,"Diagnostic, Granulosa Cells, Tumours",0,0.0,,Contextual Genomics Inc.,,1.0,University of British Columbia,British Columbia,Proof of Principle Program - Phase I,200910PPP,Proof of Principle,A Diagnostic Test for Granulosa Cell Tumours of the Ovary,150000,0,1.0,Cancer Research,CANCER,1,2011-03-31,2,223,98
"Hysi, Eno",10/1/2024,"H-scan, imaging, kidney fibrosis",0,0.0,,ScarDx,,1.0,Unity Health Toronto,Ontario,Project Grant,202403PJT,Commercialization,Commercialization of H-scan: a new tool for imaging kidney fibrosis,726750,0,3.0,"Nutrition, Metabolism and Diabetes","Commercialization-Intellectual Property; Biomedical Engineering-Biomedical Imaging; Digestive, Endocrine and Excretory Systems-Nephrology and Urology",1,2027-09-30,1,64,100
"Jarvi, Keith A",4/1/2011,"semen biomarkers, azoospermia, sperm production",0,0.0,,,,0.0,Sinai Health System (Toronto),Ontario,Proof of Principle Program - Phase I,201009PPP,Proof of Principle,"Novel semen biomarkers to identify sperm production in men with infertility: A non-invasive method to characterize men with azoospermia or no sperm in the semen, into those with and without testicular sperm production",152499,0,1.0,"Human Development, Child and Youth Health",INFERTILITY MALE; GENITO/URINARY SYSTEM; ENDOCRINOLOGY; REPRODUCTION/PREGNANCY,1,2012-03-31,1,205,102
"Jarzem, Peter F",4/1/2010,"Vertebral, Expandable, Device",0,0.0,,,,0.0,McGill University,Quebec,Proof of Principle Program - Phase I,200910PPP,Proof of Principle,"Minimally Invasive Ready, Highly Expandable Vertebral Body Replacement Device",122826,0,1.0,Cancer Research,"BONE CANCER; MUSCULO SKELETAL; NERVOUS SYSTEM; MUSCLE, BONE, OR JOINT",1,2011-03-31,2,231,103
"Juncker, David",4/1/2010,"antibody, microarray, platform",Nomic Bio Inc.,1.0,,Nomic Bio (formerly nplex biosciences),,1.0,McGill University,Quebec,Proof of Principle Program - Phase I,200910PPP,Proof of Principle,Clinical validation of an innovative multiplex antibody microarray platform,150000,0,1.0,Cancer Research,"MULTIDISCIPLINARY; BREAST CANCER; GENOMICS, PROTEOMICS, AND BIOINFORMATICS; CANCER",1,2011-03-31,7,235,104
"Kastrup, Christian J",10/1/2014,"Self-Propelling, Hemostatic, Bleeding",The General Hospital Corporation,1.0,,CoMotion Drug Delivery Systems,,1.0,University of British Columbia,British Columbia,Proof of Principle Program - Phase I,201402PPP,Proof of Principle,Self-Propelling Hemostatic Particles that Treat Severe Bleeding,159788,0,1.0,Circulatory and Respiratory Health,CLOTTING DEFECTS/THROMBOSIS; PREGNANCY/BIRTH; CARDIOVASCULAR; BLOOD,1,2015-09-30,1,154,105
"Kelley, Shana O",4/1/2012,"mitochondrially-targeted, anticancer, agent",0,0.0,,Arma Biosciences,,,University of Toronto,Ontario,Proof of Principle Program - Phase I,201109PPP,Proof of Principle,Preclinical testing of a mitochondrially-targeted anticancer agent,160000,0,1.0,Cancer Research,CANCER THERAPY GENERAL; CANCER; GENETICS,1,2013-03-31,1,142,107
"Kelley, Shana O",1/1/2009,"ultrasensitive, electronic, diagnostics",Xagenic Inc.,1.0,,CTRL Therapeutics,,3.0,University of Toronto,Ontario,Proof of Principle Program - Phase I,200810PPP,Proof of Principle,Clinical validation of low-cost ultrasensitive electronic molecular  diagnostics,150000,0,1.0,Genetics,MULTIPLE DISEASE RELEVANCE; GENETICS,1,2009-12-31,5,248,107
"Kelley, Shana O",10/1/2014,"CTC, capture, sorting",0,0.0,,Xagenic inc.,,,University of Toronto,Ontario,Proof of Principle Program - Phase I,201402PPP,Proof of Principle,The xViva CTC capture chip: a device for tumor cell sorting and classification,160000,0,1.0,Genetics,PROSTATE AND BLADDER CANCER; CANCER THERAPY GENERAL; GENETICS; CANCER,1,2015-09-30,3,304,107
"Kizhakkedathu, Jayachandran N",10/1/2012,"Polymer, Glucose-sparing, Dialysis",0,0.0,,Avivo Biomedical Inc.,,1.0,University of British Columbia,British Columbia,Proof of Principle Program - Phase I,201202PPP,Proof of Principle,Novel Polymer Based Glucose-sparing Peritoneal Dialysis Solutions for End-stage Renal Disease,160000,0,1.0,"Nutrition, Metabolism and Diabetes","RENAL FUNCTION, NEPHROLOGY, UROLOGY",1,2013-09-30,2,9,109
"Kizhakkedathu, Jayachandran N",10/1/2014,"Glucose-Free, Peritoneal Dialysis, Solution",0,0.0,,,,,University of British Columbia,British Columbia,Proof of Principle Program - Phase II,201402PP2,Proof of Principle,Preclinical Development of a Glucose-Free Peritoneal Dialysis Solution,289799,5000,1.0,"Nutrition, Metabolism and Diabetes","RENAL FUNCTION, NEPHROLOGY, UROLOGY",1,2015-09-30,7,121,109
"Kizhakkedathu, Jayachandran N",4/1/2021,"Infection, Coating, Bacteria",0,0.0,,,,,University of British Columbia,British Columbia,Project Grant,202010PJT,Commercialization,Novel Infection Resistant Coating in an Era of Drug Resistant Bacteria for the Treatment and Prevention of Medical Device Infection,520199,0,3.0,Infection and Immunity,"Commercialization-Intellectual Property; Biomedical Engineering-Biomaterials, Nanotechnology and Biomechanics; Immunology and Infection-Antimicrobial Drug Resistance, Drug Discovery and Therapeutics (including vaccines)",1,2024-03-31,2,283,109
"Koeberle, Paulo D",4/1/2015,"peptide, retinal ganglion cell, apoptosis",0,0.0,,,,0.0,University of Toronto,Ontario,Proof of Principle Program - Phase I,201409PPP,Proof of Principle,Peptide therapeutics for preventing retinal ganglion cell apoptosis,149949,0,1.0,"Neurosciences, Mental Health and Addiction",GLAUCOMA; DISEASES AFFECTING SPEECH/VISION/HEARING,1,2016-03-31,1,219,110
"Kotra, Lakshmi P",10/1/2014,"in vivo, MS, therapeutic",Lucid Psycheceuticals Inc.,1.0,,Lucid Psycheceuticals,,1.0,University Health Network (Toronto),Ontario,Proof of Principle Program - Phase I,201402PPP,Proof of Principle,In vivo efficacy studies on KP-218 as a potential MS therapeutic agent,160000,0,1.0,"Neurosciences, Mental Health and Addiction",MULTIPLE SCLEROSIS; DRUGS- PHARMACEUTICAL SCIENCE/CHEMISTRY & NON MEDICAL USE OF DRUGS,1,2015-09-30,4,31,111
"Kremer, Richard B",4/1/2023,"parathyroid hormone, monoclonal antibodies, metastatic cancer",Miramab Bioscience Inc.,1.0,,Miramab bioscience inc.,,1.0,Research Institute of the McGill University Health Centre,Quebec,Project Grant,202209PJT,Commercialization,Anti-parathyroid hormone-related protein (PTHrP) monoclonal antibodies against metastatic cancer,665550,0,3.0,Cancer Research,"Commercialization-Technology Transfer; Musculoskeletal Health-Bone, Skin and Cartilage Sciences; Pharmacological, Toxicological and Pharmaceutical Sciences-Drug Discovery, Design and Delivery",1,2026-03-31,1,2,113
"Kubow, Stanley",4/1/2012,"potato polyphenols, lung damage, air pollutants",0,0.0,,,,0.0,McGill University,Quebec,Proof of Principle Program - Phase I,201109PPP,Proof of Principle,Protective Effects of Potato Polyphenol-Rich Extracts Against Lung Damage Caused by Air Pollutants,150525,0,1.0,Circulatory and Respiratory Health,ENVIRONMENTAL INFLUENCES ON HEALTH; RESPIRATION; NUTRITION,1,2013-03-31,1,220,114
"Kumar, Rakesh",4/1/2014,"chemotherapeutics, tuberculosis","General Hospital Corp; The General Hospital Corporation; Five Prime Therapeutics, Inc.; Xtuit Pharmaceuticals, Inc.; Xtuit Pharmaceuticals Inc",5.0,,,,,University of Alberta,Alberta,Proof of Principle Program - Phase I,201309PPP,Proof of Principle,Development of novel chemotherapeutics for tuberculosis,159850,0,1.0,Infection and Immunity,DRUGS- PHARMACEUTICAL SCIENCE/CHEMISTRY & NON MEDICAL USE OF DRUGS; INFECTIOUS AND PARASITIC; DRUG RESEARCH; BACTERIOLOGY,1,2015-03-31,3,53,115
"Leavitt, Blair R",10/1/2022,"Lipid Nanoparticle, CRISPR, Gene Editing","Incisive Genetics, Inc.",1.0,,,,,University of British Columbia,British Columbia,Project Grant,202203PJT,Commercialization,Lipid Nanoparticle-Mediated Delivery of CRISPR/Cas9 Gene Editing for Neurological Disorders.,761176,0,5.0,Genetics,"Commercialization-Industry Research & Development; Neurosciences-Neurological disorders; Biomedical Engineering-Biomaterials, Nanotechnology and Biomechanics",1,2027-09-30,3,224,118
"Leonardi, Mathew",4/1/2024,"diagnostic test, endometriosis",0,0.0,,,,0.0,McMaster University,Ontario,Project Grant,202309PJT,Commercialization,Commercialization of a diagnostic test for endometriosis,634949,0,3.0,Gender and Health,"Sex-and-Gender Health-Sex-and-Gender-Based Analysis - Clinical, Health Systems and Population Health Research",1,2027-03-31,1,301,120
"Lerouge, Sophie",10/1/2010,"therapeutic agent, endoleaks, aneurysm repair","Val-Chum, Limited Partnership",1.0,,,,0.0,ecole de technologie superieure (Montreal),Quebec,Proof of Principle Program - Phase I,201003PPP,Proof of Principle,A new therapeutic agent for the treatment and prevention of endoleaks after endovascular aneurysm repair,155000,0,1.0,Circulatory and Respiratory Health,ATHEROSCLEROSIS; CARDIOVASCULAR,1,2011-09-30,3,171,121
"Li, Shyh-Dar",10/1/2012,"nanoparticle, docetaxel, prostate cancer",0,0.0,,NanoStar Pharmaceuticals Ltd,,1.0,"Ontario Institute for Cancer Research (Toronto, Ontario)",Ontario,Proof of Principle Program - Phase I,201202PPP,Proof of Principle,"Benchmark Cellax, a proprietary nanoparticle formulation for docetaxel, against Taxotere to treat metastatic castration resistant prostate cancer",160000,0,1.0,Cancer Research,DRUGS- PHARMACEUTICAL SCIENCE/CHEMISTRY & NON MEDICAL USE OF DRUGS; PROSTATE AND BLADDER CANCER THERAPY; DRUG RESEARCH; CANCER,1,2013-09-30,2,111,122
"Li, Shyh-Dar",10/1/2013,"Heat, Chemotherapy, Breast Cancer",0,0.0,,,,,"Ontario Institute for Cancer Research (Toronto, Ontario)",Ontario,Proof of Principle Program - Phase I,201302PPP,Proof of Principle,Heat-triggered Chemotherapy to Treat Refractory Breast Cancer at the Chest Wall,160000,0,1.0,Cancer Research,DRUG RESEARCH; CANCER,1,2014-09-30,1,258,122
"Li, Shyh-Dar",4/1/2020,"analgesic, chronic pain",0,0.0,,,,,University of British Columbia,British Columbia,Project Grant,201909PJT,Commercialization,Validation and commercialization of an innovative analgesic for chronic pain,524026,0,3.0,"Neurosciences, Mental Health and Addiction","Pharmacological, Toxicological and Pharmaceutical Sciences-Drug Discovery, Design and Delivery",1,2023-03-31,1,286,122
"Liu, Fang",4/1/2010,"receptor, interactions, addiction","Nanotech Pharma Inc.; National Technology & Engineering Solutions Of Sandia, Llc",2.0,,,,0.0,Centre for Addiction and Mental Health (Toronto),Ontario,Proof of Principle Program - Phase I,200910PPP,Proof of Principle,Therapeutics targeting receptor-receptor interactions for Addiction,150000,0,1.0,"Neurosciences, Mental Health and Addiction",DRUG RESEARCH; MENTAL HEALTH,1,2011-03-31,8,69,124
"Liu, Fang",4/1/2016,"multiple sclerosis, treatment","Ascentage Pharma (Suzhou) Co., Ltd.; Ascentage Pharma Group Corp Limited; Nanotech Pharma Inc.; Ascentage Pharma Group Corp, Limited",4.0,,,,,Centre for Addiction and Mental Health (Toronto),Ontario,Proof of Principle Program - Phase II,201509PP2,Proof of Principle,Development and commercialisation of a novel treatment for multiple sclerosis,299101,0,1.0,"Neurosciences, Mental Health and Addiction",MULTIPLE SCLEROSIS; MENTAL AND BEHAVIOURAL DISEASES; DRUG RESEARCH; NERVOUS SYSTEM,1,2017-03-31,4,157,124
"Liu, Fang",4/1/2012,"peptide, nasal delivery, depression",0,0.0,,,,,Centre for Addiction and Mental Health (Toronto),Ontario,Proof of Principle Program - Phase I,201109PPP,Proof of Principle,Development of peptide therapeutics via nasal delivery for major depression disorder,150000,0,1.0,"Neurosciences, Mental Health and Addiction",DEPRESSION; MENTAL AND BEHAVIOURAL DISEASES; MENTAL HEALTH; DRUG RESEARCH,1,2013-03-31,2,200,124
"Liu, Fei-Fei",4/1/2010,"UROD, Anti-Cancer, Therapeutic",0,0.0,,,,0.0,University Health Network (Toronto),Ontario,Proof of Principle Program - Phase I,200910PPP,Proof of Principle,Targeting UROD As A Novel Anti-Cancer Therapeutic Strategy,150000,0,1.0,Cancer Research,CANCER THERAPY GENERAL; CANCER,1,2011-03-31,1,66,125
"Logsetty, Sarvesh",4/1/2015,"hydrogel, antimicrobial, dressings",0,0.0,,"ParaNano Wound Care, LLC",,1.0,University of Manitoba,Manitoba,Proof of Principle Program - Phase I,201409PPP,Proof of Principle,The effects of a novel hydrogel coating on commercial antimicrobial dressings.,157633,0,1.0,Musculoskeletal Health and Arthritis,SKIN AND SUBCUTANEOUS TISSUS; INFECTIOUS AND PARASITIC; BIOCHEMISTRY; DRUG RESEARCH,1,2016-03-31,3,233,126
"Macaulay, Calum E",10/1/2015,"Optically-Guided, Biopsy, Pulmonary",0,0.0,,,,,University of British Columbia,British Columbia,Proof of Principle Program - Phase I,201502PPP,Proof of Principle,Optically-Guided Biopsy for Improved Diagnosis of Peripheral Pulmonary Nodules,146470,0,1.0,Cancer Research,LUNG CANCER; NEOPLASMS; CANCER; HEALTH RESEARCH,1,2016-09-30,1,260,129
"Mahony, James B",10/1/2014,"Chlamydia, Vaccine, Secretion Proteins",0,0.0,,,,0.0,McMaster University,Ontario,Proof of Principle Program - Phase I,201402PPP,Proof of Principle,Evaluation of a Novel Chlamydia Vaccine Based on Type III Secretion Proteins,159000,0,1.0,Infection and Immunity,INFECTIOUS AND PARASITIC; INFERTILITY FEMALE; HEALTH RESEARCH; BACTERIOLOGY,1,2015-09-30,1,221,130
"Mahuran, Don J",4/1/2012,"Parkinson's, Lysosomal, B-Glucocerebrosidase",0,0.0,,Zywie LLC,,1.0,Hospital for Sick Children (Toronto),Ontario,Proof of Principle Program - Phase I,201109PPP,Proof of Principle,Treating Parkinson's Disease with Drugs that Increase Lysosomal B-Glucocerebrosidase Activity,157606,0,1.0,"Neurosciences, Mental Health and Addiction",PARKINSON'S DISEASE; MENTAL AND BEHAVIOURAL DISEASES; NERVOUS SYSTEM; BIOCHEMISTRY,1,2013-03-31,2,38,131
"Martin, Ruth E",7/1/2009,"Air-Pulse, Swallowing, Therapy",0,0.0,,,,0.0,Western University (Ontario),Ontario,Proof of Principle Program - Phase II,200904PP2,Proof of Principle,"Swallowing Air-Pulse Therapy (SWAPT): Design Specification, Testing, Regulatory Approval, and Pre-launch Market Analysis",250000,0,1.0,Aging,"STROKE, HEART FAILURE; MUSCULO SKELETAL; AGING; DENTAL SCIENCE - Oral Biology",1,2010-06-30,7,146,133
"Martineau, Paul A",4/1/2011,"porous, compression, screw",0,0.0,,,,0.0,Research Institute of the McGill University Health Centre,Quebec,Proof of Principle Program - Phase I,201009PPP,Proof of Principle,POROUS COMPRESSION SCREW for FRACTURE FIXATION,155375,0,1.0,Musculoskeletal Health and Arthritis,"INJURY, REGENERATION; HEALTH CARE DELIVERY; HEALTH RESEARCH; MUSCLE, BONE, OR JOINT",1,2012-03-31,2,158,134
"Mcalpine, Jessica N",4/1/2016,"Molecular, Classification, Endometrial Cancer",0,0.0,,,,0.0,University of British Columbia,British Columbia,Proof of Principle Program - Phase I,201509PPP,Proof of Principle,PROMISE: A Proactive Molecular-Based Classification Tool to Improve Endometrial Cancer Management,160000,0,1.0,Cancer Research,CANCER THERAPY GENERAL; CANCER,1,2017-03-31,1,287,136
"Meek, Robert N",10/1/2013,"Intramedullary, Fixation, Pelvic",0,0.0,,CurvaFix Inc.,,1.0,University of British Columbia,British Columbia,Proof of Principle Program - Phase II,201302PP2,Proof of Principle,Minimally Invasive Curved Intramedullary Fixation (MICIF) for pelvic bone fractures,300000,0,1.0,Health Services and Policy Research,"NONE OF THE ABOVE; MUSCLE, BONE, OR JOINT; HEALTH RESEARCH",1,2014-09-30,4,132,137
"Meloche, Sylvain",4/1/2011,"cyclin-dependent kinase, p21, cancer",0,0.0,,,,0.0,Universite de Montreal,Quebec,Proof of Principle Program - Phase I,201009PPP,Proof of Principle,Targeting the degradation of the cyclin-dependent kinase inhibitor p21 as a novel approach to cancer therapy,160000,0,1.0,Cancer Research,CANCER THERAPY GENERAL; NEOPLASMS; DRUG RESEARCH; CANCER,1,2012-03-31,1,292,138
"Minchinton, Andrew I",10/1/2019,"hypoxia, DNA repair, inhibitors",0,0.0,,,,0.0,University of British Columbia,British Columbia,Project Grant,201903PJT,Commercialization,Hypoxia-activated DNA repair inhibitors to improve cancer therapy,573750,0,3.0,Cancer Research,Cancer-Cancer Drug Development and Therapeutics,1,2022-09-30,2,42,140
"Mishra, Ram K",10/1/2011,"dopamine D2 receptor, allosteric modulator, antipsychotic",Crp40 Inc.,1.0,,,,0.0,McMaster University,Ontario,Proof of Principle Program - Phase I,201102PPP,Proof of Principle,A novel dopamine D2 receptor allosteric modulator: Development and commercialization of a safer more effective generation of antipsychotic drugs,146850,0,1.0,"Neurosciences, Mental Health and Addiction",SCHIZOPHRENIA; PARKINSON'S DISEASE; MENTAL HEALTH; BIOCHEMISTRY,1,2012-09-30,2,228,141
"Moreau, Alain",7/1/2009,"Diagnosing, Scoliosis, Spinal Disorders",0,0.0,,Inception Therapeutic Inc.,,1.0,"Centre hospitalier universitaire Sainte-Justine (Montreal, Quebec)",Quebec,Proof of Principle Program - Phase II,200904PP2,Proof of Principle,Methods of Diagnosing Idiopathic Scoliosis and related Spinal Disorders,250000,0,1.0,Musculoskeletal Health and Arthritis,"MUSCULO SKELETAL; MUSCLE, BONE, OR JOINT; MOLECULAR BIOLOGY",1,2010-06-30,10,79,142
"Moreau, Alain",4/1/2011,"diagnosing, osteoarthritis, primary","Valorisation Hsj, Limited Partnership",1.0,,,,,"Centre hospitalier universitaire Sainte-Justine (Montreal, Quebec)",Quebec,Proof of Principle Program - Phase I,201009PPP,Proof of Principle,Methods of Diagnosing Primary Osteoarthritis,160000,0,1.0,Musculoskeletal Health and Arthritis,"ARTHRITIS/OSTEOARTHRITIS; MUSCULO SKELETAL; MUSCLE, BONE, OR JOINT; CELL BIOLOGY",1,2012-03-31,3,285,142
"Mueller, Christopher R",4/1/2023,"Liquid biopsy, metastatic breast cancer",0,0.0,,,,0.0,"Queen's University (Kingston, Ontario)",Ontario,Project Grant,202209PJT,Commercialization,Using a Liquid Biopsy to Optimize Metastatic Breast Cancer Treatment,891226,0,3.0,Cancer Research,Cancer-Cancer Progression and Metastasis; Cancer-Clinical Oncology; Commercialization-Industry Research & Development,1,2026-03-31,1,212,144
"Nanthakumar, Kumaraswamy",4/1/2014,"Mapping, Arrhythmia, Circuit","Biosense Webster (Israel) Ltd.; St. Jude Medical, Cardiology Division, Inc.",2.0,,,,0.0,University Health Network (Toronto),Ontario,Proof of Principle Program - Phase I,201309PPP,Proof of Principle,Novel Mapping Methodology for Identifying Arrhythmia Circuit.,158375,0,1.0,Circulatory and Respiratory Health,CARDIOLOGY; ARRHYTHMIAS; CARDIOVASCULAR,1,2015-03-31,9,105,145
"Nazhat, Showan N",4/1/2013,"collagen, fibroin, hydrogels",0,0.0,,,,0.0,McGill University,Quebec,Proof of Principle Program - Phase I,201209PPP,Proof of Principle,Injectable dense collagen-silk fibroin derived polypeptide hydrogels for bone regenerative therapy,156393,0,1.0,Musculoskeletal Health and Arthritis,"MUSCULO SKELETAL; DENTAL DISEASE (INCL. ORAL BIOLOGY); MUSCLE, BONE, OR JOINT; AGING",1,2014-03-31,4,225,146
"Ndao, Momar",1/1/2009,"Mass spectrometry, diagnostics, Chagas disease",0,0.0,,,,0.0,Research Institute of the McGill University Health Centre,Quebec,Proof of Principle Program - Phase I,200810PPP,Proof of Principle,Bridging the Gap Between Mass Spectrometric Profiling and Practical Diagnostic Tests for Commercialization: Case of Chagas Disease,150000,0,1.0,Infection and Immunity,"INFECTIOUS AND PARASITIC; PARASITIC; HEALTH RESEARCH; GENOMICS, PROTEOMICS, AND BIOINFORMATICS",1,2009-12-31,1,266,147
"Nepveu, Alain",4/1/2011,"CUX1, RT-PCR, Prognostic",0,0.0,,,,0.0,McGill University,Quebec,Proof of Principle Program - Phase I,201009PPP,Proof of Principle,Validation of the CUX1 Expression Signature as an RT-PCR-Based Prognostic Tool,159950,0,1.0,Cancer Research,BREAST CANCER; NEOPLASMS; CANCER; MOLECULAR BIOLOGY,1,2012-03-31,1,136,148
"Olson, David M",10/1/2020,"preterm birth, diagnostic, therapeutic","Medtronic, Inc.; CARDIONOMIC, Inc.",2.0,,"Livmor Therapeutics, Inc., Maternica Therapeutics, Inc.",,2.0,University of Alberta,Alberta,Project Grant,202003PJT,Commercialization,Integrated discovery studies and commercialization for a preterm birth diagnostic and a therapeutic,558450,0,3.0,"Human Development, Child and Youth Health",Commercialization-Industry Research & Development; Reproduction and Development-Fertility and Maternal Health,1,2023-09-30,5,173,149
"Paganelli, Massimiliano",4/1/2019,"stem cells, encapsulation, liver tissue",Morphocell Technologies Inc.; Morphocell Technologies Inc,2.0,,Morphocell Technologies Inc.,,1.0,"Centre hospitalier universitaire Sainte-Justine (Montreal, Quebec)",Quebec,Project Grant,201809PJT,Commercialization,Stem cell-derived Encapsulated Liver Tissue to treat liver failure without immunosuppression: technology maturation towards clinical translation,497249,0,3.0,"Nutrition, Metabolism and Diabetes","Biomedical Engineering-Regenerative Medicine and Tissue Engineering; Digestive, Endocrine and Excretory Systems-Gastroenterology and Hepatology; Commercialization-Technology Transfer",1,2022-03-31,3,50,151
"Park, Morag",7/1/2009,"gene expression, breast cancer, prognostic",Aspect Biosystems Ltd.,1.0,,,,0.0,McGill University,Quebec,Proof of Principle Program - Phase II,200904PP2,Proof of Principle,Generation of a gene expression-based breast cancer prognostic device,73500,0,1.0,Cancer Research,"BREAST CANCER; BREAST CANCER THERAPY; CANCER; GENOMICS, PROTEOMICS, AND BIOINFORMATICS",1,2010-06-30,1,308,152
"Pelletier, Jerry M",10/1/2011,"Chemotherapeutic, Protein Synthesis, Inhibition",0,0.0,,Phagetech,,1.0,McGill University,Quebec,Proof of Principle Program - Phase I,201102PPP,Proof of Principle,Chemotherapeutic Agents for Inhibiting Protein Synthesis,160000,0,1.0,Cancer Research,CANCER THERAPY GENERAL; NEOPLASMS; DRUG RESEARCH; CANCER,1,2012-09-30,1,311,154
"Petkovich, Martin",4/1/2012,"RA, metabolism, skin disease","Opko Ireland Global Holdings, Ltd.; Opko Renal, Llc; Opko Ireland Global Holdings, Ltd; Eirgen Pharma Ltd; Opko Ireland Global Holdings, Limited; OPKO Ireland Global Holdings, Ltd.; Opko IP Holdings, Inc.; Cytochroma Inc",8.0,,Cytochroma Inc.,,1.0,"Queen's University (Kingston, Ontario)",Ontario,Proof of Principle Program - Phase I,201109PPP,Proof of Principle,Blocking RA Metabolism: A safer approach to retinoid therapy in skin disease,135557,0,1.0,"Nutrition, Metabolism and Diabetes",SKIN AND SUBCUTANEOUS TISSUS; METABOLISM AND NUTRITION; DRUG RESEARCH; BIOCHEMISTRY,1,2013-03-31,15,280,155
"Petrecca, Kevin",4/1/2011,"Compounds, Brain Cancer, Invasion",0,0.0,,Reveal Surgical (Was ODS Medical),,1.0,McGill University,Quebec,Proof of Principle Program - Phase I,201009PPP,Proof of Principle,Identification of Novel Compounds Inhibiting Brain Cancer Invasion,120775,0,1.0,Cancer Research,BRAIN TUMORS THERAPY; NEOPLASMS; CANCER; DRUG RESEARCH,1,2012-03-31,2,203,156
"Philip, Anie",4/1/2010,"peptide, CD109, anti-scarring",0,0.0,,,,0.0,Research Institute of the McGill University Health Centre,Quebec,Proof of Principle Program - Phase I,200910PPP,Proof of Principle,Identification of a low molecular weight peptide of CD109 as an anti-scarring agent,150000,0,1.0,Musculoskeletal Health and Arthritis,MUSCULO SKELETAL; CANCER THERAPY GENERAL; MOLECULAR BIOLOGY; CELL BIOLOGY,1,2011-03-31,1,249,157
"Pinto, Mario",1/1/2009,"enzyme, inhibitor, diabetes",0,0.0,,Mimos Therapeutics Inc.,,1.0,"Simon Fraser University (Burnaby, B.C.)",British Columbia,Proof of Principle Program - Phase I,200810PPP,Proof of Principle,An Enzyme Inhibitor for Treating Type-2 Diabetes,150000,0,1.0,"Nutrition, Metabolism and Diabetes",DIABETES MELLITUS; METABOLISM AND NUTRITION; METABOLISM/DIABETES; BIOCHEMISTRY,1,2009-12-31,2,70,158
"Poirier, Donald",4/1/2016,"aminosteroids, ovarian cancer, therapeutic potential",0,0.0,,,,,Universite Laval,Quebec,Proof of Principle Program - Phase I,201509PPP,Proof of Principle,Optimisation du potentiel therapeutique de derives aminosteroedes contre le cancer de l'ovaire,157700,2300,1.0,Cancer Research,DRUGS- PHARMACEUTICAL SCIENCE/CHEMISTRY & NON MEDICAL USE OF DRUGS; CANCER THERAPY GENERAL; DRUG RESEARCH; CANCER,1,2017-03-31,1,43,159
"Poirier, Donald",10/1/2012,"17beta-HSD3, inhibiteur, prostate",0,0.0,,,,,Universite Laval,Quebec,Proof of Principle Program - Phase I,201202PPP,Proof of Principle,evaluation du potentiel therapeutique in vivo d'un nouvel inhibiteur de la 17beta-HSD3 e bloquer la croissance de tumeurs xenogreffees du cancer de la prostate,157880,0,1.0,Cancer Research,DRUGS- PHARMACEUTICAL SCIENCE/CHEMISTRY & NON MEDICAL USE OF DRUGS; PROSTATE AND BLADDER CANCER THERAPY; DRUG RESEARCH; CANCER,1,2013-09-30,1,46,159
"Poirier, Donald",4/1/2018,"17beta-HSD1, inhibitor, breast cancer",0,0.0,,,,,Universite Laval,Quebec,Project Grant,201709PJT,Commercialization,Demonstration de l'efficacite du premier inhibiteur irreversible et selectif de la  17beta-HSD1 pour le traitement des cancers du sein sensibles aux estrogenes,279226,0,2.0,Cancer Research,Cancer-Cancer Drug Development and Therapeutics,1,2020-03-31,2,90,159
"Powell, William S",7/1/2009,"OXE receptor, antagonists, asthma",0,0.0,,,,0.0,McGill University,Quebec,Proof of Principle Program - Phase I,200904PPP,Proof of Principle,Development of novel OXE receptor antagonists for asthma,146000,0,1.0,Circulatory and Respiratory Health,ASTHMA; DRUGS- PHARMACEUTICAL SCIENCE/CHEMISTRY & NON MEDICAL USE OF DRUGS; DRUG RESEARCH; RESPIRATION,1,2010-06-30,0,191,160
"Powell, William S",7/1/2009,"OXE receptor, antagonists, asthma",0,0.0,,,,,McGill University,Quebec,Proof of Principle Program - Phase II,201309PP2,Proof of Principle,Development of novel OXE receptor antagonists for asthma,293133,0,1.0,Circulatory and Respiratory Health,ASTHMA; DRUGS- PHARMACEUTICAL SCIENCE/CHEMISTRY & NON MEDICAL USE OF DRUGS; DRUG RESEARCH; RESPIRATION,1,2010-06-30,2,271,160
"Pratt, Christine M",10/1/2012,"A-CD estrogens, hormone replacement",0,0.0,,,,0.0,University of Ottawa,Ontario,Proof of Principle Program - Phase I,201202PPP,Proof of Principle,A-CD estrogens as alternatives to Estrogen-based hormone replacement therapy,156060,0,1.0,Gender and Health,DRUGS- PHARMACEUTICAL SCIENCE/CHEMISTRY & NON MEDICAL USE OF DRUGS; ENDOCRINOLOGY; DRUG RESEARCH; HEALTH RESEARCH,1,2013-09-30,1,127,161
"Prentki, Marc",10/1/2011,"glycerolipid, fatty acid, enzyme","Val-Chum, Limited Partnership",1.0,,,,0.0,Centre hospitalier de l'Universite de Montreal (CHUM),Quebec,Proof of Principle Program - Phase I,201102PPP,Proof of Principle,Validation of a glycerolipid/ free fatty acid cycling enzyme as a novel therapeutic target for type-2 diabetes,157925,0,1.0,"Nutrition, Metabolism and Diabetes",DIABETES MELLITUS; METABOLISM AND NUTRITION; METABOLISM/DIABETES; DRUG RESEARCH,1,2012-09-30,4,3,162
"Putnins, Edward E",10/1/2014,"MAO B, Inhibitors, Epithelial Barrier",0,0.0,,,,0.0,University of British Columbia,British Columbia,Proof of Principle Program - Phase I,201402PPP,Proof of Principle,Development of Novel Polar MAO B Inhibitors for the Treatment of Epithelial Barrier Diseases,160000,0,1.0,Musculoskeletal Health and Arthritis,DENTAL DISEASE (INCL. ORAL BIOLOGY); DRUGS- PHARMACEUTICAL SCIENCE/CHEMISTRY & NON MEDICAL USE OF DRUGS; DENTAL SCIENCE - Oral Biology; DRUG RESEARCH,1,2015-09-30,1,144,163
"Rak, Janusz",1/1/2009,"malignant tumors, blood-borne, epidermal growth factor receptor",0,0.0,,,,0.0,Research Institute of the McGill University Health Centre,Quebec,Proof of Principle Program - Phase I,200810PPP,Proof of Principle,Monitoring progression of malignant tumors by detection of blood-borne oncogenic epidermal growth factor receptor circulating as cargo of tumor-derived microvesicles,150000,0,1.0,Cancer Research,CANCER THERAPY GENERAL; BRAIN TUMORS THERAPY; CANCER; CELL BIOLOGY,1,2009-12-31,4,192,165
"Reiner, Neil E",1/1/2009,"INDEL, therapeutics, infectious disease",0,0.0,,,,0.0,University of British Columbia,British Columbia,Proof of Principle Program - Phase II,200810PP2,Proof of Principle,INDEL therapeutics for the treatment of infectious disease.,250000,0,1.0,Infection and Immunity,"INFECTIOUS AND PARASITIC; GENOMICS, PROTEOMICS, AND BIOINFORMATICS; DRUG RESEARCH",1,2009-12-31,1,155,166
"Rennie, Paul S",7/1/2009,"Androgen receptor, inhibitors",Hoffmann-La Roche Inc.; F. Hoffmann-La Roche Ag,2.0,,Paradigm Biopharmaceuticals Ltd,,1.0,University of British Columbia,British Columbia,"Proof of Principle - PA: Cancer Early Detection, Imaging/Trans Therapeutics",200904PCA,Proof of Principle,Androgen receptor inhibitors,150000,0,1.0,Cancer Research,PROSTATE AND BLADDER CANCER THERAPY; ENDOCRINOLOGY; CANCER; DRUG RESEARCH,1,2010-06-30,10,244,167
"Reynolds, Steven C",4/1/2015,"phrenic nerve, transvenous, diaphragm",Lungpacer Medical Inc.,1.0,,,,,"Fraser Health Authority (Surrey, BC)",British Columbia,Proof of Principle Program - Phase II,201409PP2,Proof of Principle,"Development of a novel, temporary, transcutaneously placed, transvenous phrenic nerve pacer for diaphragm activation in critically ill patients",268499,2000,1.0,Circulatory and Respiratory Health,RESPIRATION; HEALTH RESEARCH,1,2016-03-31,2,312,168
"Richter, Martin",4/1/2012,"Matriptase, Inhibitors, Influenza",0,0.0,,,,0.0,Universite de Sherbrooke,Quebec,Proof of Principle Program - Phase I,201109PPP,Proof of Principle,Matriptase Inhibitors as a Novel Class of Influenza Antivirals,143827,0,1.0,Infection and Immunity,VIRAL; DRUGS- PHARMACEUTICAL SCIENCE/CHEMISTRY & NON MEDICAL USE OF DRUGS; VIROLOGY; DRUG RESEARCH,1,2013-03-31,2,1,169
"Riddell, Michael C",10/1/2011,"pharmaceutical, hypoglycemia, insulin","Xeris Pharmaceuticals, Inc.",1.0,,Zucara Therapeutics Inc.,,1.0,"York University (Toronto, Ontario)",Ontario,Proof of Principle Program Phase I - Drug Development,201102PDD,Proof of Principle,Pharmaceutical intervention to decrease the threat of hypoglycemia in insulin-treated diabetics,160000,0,1.0,"Nutrition, Metabolism and Diabetes",DIABETES MELLITUS; ENDOCRINOLOGY; METABOLISM/DIABETES,1,2012-09-30,1,12,170
"Roberge, Michel",4/1/2016,"gentamicin, genetic diseases, cancer",0,0.0,,,,,University of British Columbia,British Columbia,Proof of Principle Program - Phase I,201509PPP,Proof of Principle,Preclinical evaluation of a gentamicin analog as a treatment for genetic diseases and cancer due to a premature termination codon.,150059,0,1.0,Genetics,MULTIPLE DISEASE RELEVANCE; CANCER THERAPY GENERAL; CANCER; GENETICS,1,2017-03-31,2,256,171
"Rogers, Ian M",4/1/2011,"Stem cells, Vascular disease, Peripheral",0,0.0,,,,,Sinai Health System (Toronto),Ontario,Proof of Principle Program - Phase I,201009PPP,Proof of Principle,The Use of Multipotential Stem Cells for the Treatment of Peripheral Vascular Disease,160000,0,1.0,Circulatory and Respiratory Health,NONE OF THE ABOVE; CORONARY CIRCULATION (INCL. INSUFFICIENCY); NOT CLASSIFIED; CARDIOVASCULAR,1,2012-03-31,1,293,172
"Rosenberg, Lawrence",4/1/2013,"Regenerative, Insulin, Diabetes",0,0.0,,,,0.0,McGill University,Quebec,Proof of Principle Program - Phase II,201209PP2,Proof of Principle,A Novel Regenerative Drug Therapy to Restore Natural Insulin Secretion in Diabetes Mellitus,122670,0,1.0,"Nutrition, Metabolism and Diabetes",DIABETES MELLITUS; DRUGS- PHARMACEUTICAL SCIENCE/CHEMISTRY & NON MEDICAL USE OF DRUGS; DRUG RESEARCH; METABOLISM/DIABETES,1,2014-03-31,1,294,173
"Ross, Ruth A",4/1/2016,"GPR55, modulators, osteoclast",0,0.0,,,,,University of Toronto,Ontario,Proof of Principle Program - Phase I,201509PPP,Proof of Principle,Development and therapeutic validation of GPR55 modulators for the treatment of osteoclast-mediated disorders,155600,0,1.0,Musculoskeletal Health and Arthritis,"OSTEOPOROSIS; BONE CANCER; MUSCLE, BONE, OR JOINT; CANCER",1,2017-03-31,1,32,174
"Ross, Ruth A",4/1/2015,"Allosteric, Modulators, Pain",0,0.0,,,,,University of Toronto,Ontario,Proof of Principle Program - Phase II,201409PP2,Proof of Principle,Development and Commercialisation of Allosteric Modulators for the Treatment of Pain,189920,0,1.0,Musculoskeletal Health and Arthritis,MULTIPLE DISEASE RELEVANCE; MUSCULO SKELETAL,1,2016-03-31,1,232,174
"Sadar, Marianne D",10/1/2011,"EPI-001, Prostate Cancer, Analogues",Essa Pharma Inc.,1.0,,,,,University of British Columbia,British Columbia,Proof of Principle Program - Phase II,201102PP2,Proof of Principle,Translational Development Program For Analogues of EPI-001 (PNG01-185) Compounds For the Treatment of Advanced Prostate Cancer,300000,0,1.0,Cancer Research,DRUGS- PHARMACEUTICAL SCIENCE/CHEMISTRY & NON MEDICAL USE OF DRUGS; PROSTATE AND BLADDER CANCER THERAPY; CANCER; DRUG RESEARCH,1,2012-09-30,7,110,175
"Salcudean, Septimiu E",4/1/2013,"Ultrasound, Elastography, Prostate",0,0.0,,Sonic Incytes,,1.0,University of British Columbia,British Columbia,Proof of Principle Program - Phase I,201209PPP,Proof of Principle,Real-time Ultrasound Quantitative Elastography of the Prostate,143074,10850,1.0,Cancer Research,PROSTATE AND BLADDER CANCER; IMAGING; CANCER,1,2014-03-31,5,217,176
"Santamaria, Pere",1/1/2009,"Nanoparticles, Autoimmune",Uti Limited Partnership; The General Hospital Corporation,2.0,,Parvus Therapeutics,,1.0,University of Calgary,Alberta,Proof of Principle Program - Phase I,200810PPP,Proof of Principle,Evaluation of Nanoparticles for the Treatment of Autoimmune Conditions,150000,0,1.0,Infection and Immunity,ENDOCRINOLOGY; DIABETES MELLITUS; IMMUNOLOGY-TRANSPLANTATION; METABOLISM/DIABETES,1,2009-12-31,3,306,178
"Saragovi, Horacio U",4/1/2016,"motor neuron, TrkC, receptor","Otonomy, Inc.",1.0,,Mimetogen Pharmaceuticals inc.,,,CIUSSS de Centre-Ouest-de-l'Ile-de-Montreal-Jewish General,Quebec,Proof of Principle Program - Phase II,201509PP2,Proof of Principle,Therapy for motor neuron degeneration diseases targeting the opposing ligand-dependent signals of two TrkC receptor isoforms,300000,0,1.0,"Neurosciences, Mental Health and Addiction",AMYOTROPHIC LATERAL SCLEROSIS (ALS); DISEASES AFFECTING SPEECH/VISION/HEARING; NERVOUS SYSTEM; DRUG RESEARCH,1,2017-03-31,5,8,179
"Saragovi, Horacio U",10/1/2021,"Liquid biopsy, ovarian cancer, diagnosis",0,0.0,,AOA Dx Inc,,,CIUSSS de Centre-Ouest-de-l'Ile-de-Montreal-Jewish General,Quebec,Project Grant - PA: Cancer Research - Cancer Prevention,202010PXX,Commercialization,Innovation of Proprietary Liquid Biopsy Assays for Diagnosis of Early Stage Ovarian Cancer,100000,0,1.0,Cancer Research,"Commercialization-Technology Transfer; Cancer-Cancer Progression and Metastasis; Biomedical Engineering-Biophysics, Medical Technologies and Instrumentation; glycomics. We quantify gangliosides which are glycolipids with a glycan and a lipid component",1,2023-09-30,0,92,179
"Saragovi, Horacio U",10/1/2021,"Liquid biopsy, ovarian cancer, diagnosis",0,0.0,,AOA Dx Inc,,,CIUSSS de Centre-Ouest-de-l'Ile-de-Montreal-Jewish General,Quebec,Project Grant,202104PJT,Commercialization,Innovation of Proprietary Liquid Biopsy Assays for Diagnosis of Early Stage Ovarian Cancer,650251,0,2.0,Cancer Research,"Commercialization-Technology Transfer; Cancer-Cancer Progression and Metastasis; Biomedical Engineering-Biophysics, Medical Technologies and Instrumentation; glycomics. We quantify gangliosides which are glycolipids with a glycan and a lipid component",1,2023-09-30,5,102,179
"Saragovi, Horacio U",10/1/2012,"cancer, vaccines, GD2","Realist Pharma, Inc.",1.0,,AOA Dx Inc,,,CIUSSS de Centre-Ouest-de-l'Ile-de-Montreal-Jewish General,Quebec,Proof of Principle Program - Phase I,201202PPP,Proof of Principle,Cancer vaccines targeting the ganglioside tumor-marker GD2,157600,0,1.0,Cancer Research,CANCER THERAPY GENERAL; DRUGS- PHARMACEUTICAL SCIENCE/CHEMISTRY & NON MEDICAL USE OF DRUGS; CANCER; IMMUNOLOGY-TRANSPLANTATION,1,2013-09-30,2,229,179
"Saragovi, Horacio U",4/1/2010,"Neuroprotection, Retinal, Degeneration","6452728 Canada Inc.; Otonomy, Inc.",2.0,,Mimetogen Pharmaceuticals inc.,,2.0,CIUSSS de Centre-Ouest-de-l'Ile-de-Montreal-Jewish General,Quebec,Proof of Principle Program - Phase II,200910PP2,Proof of Principle,Neuroprotection Rescue Strategies for Retinal Degeneration Diseases,250000,0,1.0,Aging,DISEASES AFFECTING SPEECH/VISION/HEARING; AGING; VISION,1,2011-03-31,3,257,179
"Sarunic, Marinko V",4/1/2019,"Adaptive optics, Optical coherence tomography, Ophthalmology",0,0.0,,,,0.0,"Simon Fraser University (Burnaby, B.C.)",British Columbia,Project Grant,201809PJT,Commercialization,Sensorless Adaptive Optics Optical Coherence Tomography for Clinical Ophthalmology,493425,0,3.0,Aging,Biomedical Engineering-Biomedical Imaging,1,2018-03-31,3,272,180
"Schimmer, Aaron D",4/1/2011,"tigecycline, leukemia, repositioning",0,0.0,,Stem Cell Therapeutics,,1.0,University Health Network (Toronto),Ontario,Proof of Principle Program - Phase I,201009PPP,Proof of Principle,Repositioning tigecycline for the treatment of leukemia,156750,0,1.0,Cancer Research,LEUKAEMIAS; CANCER THERAPY GENERAL; CANCER; CELL BIOLOGY,1,2012-03-31,1,94,182
"Schrader, John W",4/1/2011,"monoclonal antibody, influenza viruses, infections",0,0.0,,ImmGenics Pharmaceuticals,,1.0,University of British Columbia,British Columbia,Proof of Principle Program - Phase I,201009PPP,Proof of Principle,Preclinical evaluation of a truly human monoclonal antibody for the therapy of infections with a broad spectrum of influenza viruses,160000,0,1.0,Infection and Immunity,VIRAL; DRUGS- PHARMACEUTICAL SCIENCE/CHEMISTRY & NON MEDICAL USE OF DRUGS; IMMUNOLOGY-TRANSPLANTATION; DRUG RESEARCH,1,2012-03-31,2,106,183
"Schweizer, Frank",4/1/2012,"amphiphilic, aminoglycoside, antimicrobials",Polyamyna Nanotech Inc.,1.0,,,,,University of Manitoba,Manitoba,Proof of Principle Program - Phase I,201109PPP,Proof of Principle,Optimization and preclinical studies on amphiphilic aminoglycoside antimicrobials (AAAs),160000,0,1.0,Infection and Immunity,INFECTIOUS AND PARASITIC; DRUGS- PHARMACEUTICAL SCIENCE/CHEMISTRY & NON MEDICAL USE OF DRUGS; HEALTH RESEARCH; DRUG RESEARCH,1,2013-03-31,4,30,184
"Schweizer, Frank",1/1/2009,"antimicrobial, aminoglycoside, peptide",Polyamyna Nanotech Inc.,1.0,,,,0.0,University of Manitoba,Manitoba,Proof of Principle Program - Phase I,200810PPP,Proof of Principle,Preclinical evaluation of antimicrobial ultrashort aminoglycoside- peptide conjugates,150000,0,1.0,Infection and Immunity,INFECTIOUS AND PARASITIC; DRUGS- PHARMACEUTICAL SCIENCE/CHEMISTRY & NON MEDICAL USE OF DRUGS; DRUG RESEARCH; HEALTH RESEARCH,1,2009-12-31,5,152,184
"Schweizer, Frank",3/1/2020,"beta-lactam, beta-lactamase, antibiotic",Polyamyna Nanotech Inc.,1.0,,,,,University of Manitoba,Manitoba,Project Grant - Priority Announcement: Infection and Immunity,201909PJ4,Commercialization,Rescuing beta-lactam antibiotic/beta-lactamase inhibitor combinations from resistance against multidrug-resistant Gram-negative pathogens,100000,0,1.0,Infection and Immunity,"Immunology and Infection-Antimicrobial Drug Resistance, Drug Discovery and Therapeutics (including vaccines)",1,2021-02-28,0,250,184
"Schweizer, Frank",3/1/2020,"beta-lactam, beta-lactamase, antibiotic",Polyamyna Nanotech Inc.,1.0,,,,,University of Manitoba,Manitoba,Project Grant,202003PJT,Commercialization,Rescuing beta-lactam antibiotic/beta-lactamase inhibitor combinations from resistance against multidrug-resistant Gram-negative pathogens,654075,0,4.0,Infection and Immunity,"Immunology and Infection-Antimicrobial Drug Resistance, Drug Discovery and Therapeutics (including vaccines)",1,2021-02-28,3,303,184
"Seidah, Nabil G",4/1/2013,"PCSK9, antibodies, cholesterol","Adaerata, Limited Partnership; Amorchem Holdings Inc.",2.0,,Liphorus Pharmaceuticals,,1.0,Institut de recherches cliniques de Montreal,Quebec,Proof of Principle Program - Phase II,201209PP2,Proof of Principle,Validation of PCSK9 single domain antibodies in cholesterol regulation in humanized mice,186128,0,1.0,"Nutrition, Metabolism and Diabetes",DRUGS- PHARMACEUTICAL SCIENCE/CHEMISTRY & NON MEDICAL USE OF DRUGS; METABOLISM AND NUTRITION; CARDIOVASCULAR; METABOLISM/DIABETES,1,2014-03-31,2,147,185
"Sheppard, Donald C",10/1/2015,"recombinant hydrolases, anti-biofilm, Aspergillus",0,0.0,,,,0.0,Research Institute of the McGill University Health Centre,Quebec,Proof of Principle Program - Phase I,201502PPP,Proof of Principle,Recombinant hydrolases as anti-biofilm therapies for Aspergillus infections,151459,0,1.0,Infection and Immunity,INFECTIOUS AND PARASITIC; PNEUMONIA; BACTERIOLOGY; IMMUNOLOGY-TRANSPLANTATION,1,2016-09-30,1,275,188
"Sherar, Michael D",4/1/2013,"Ablation, Guidance, Software",0,0.0,,,,0.0,University Health Network (Toronto),Ontario,Proof of Principle Program - Phase I,201209PPP,Proof of Principle,Treatment Planning and Guidance Software Platform for Minimally Invasive Ablation Therapies,145925,10000,1.0,Cancer Research,CANCER THERAPY GENERAL; BIOPHYSICS; CANCER,1,2014-03-31,1,313,189
"Shlien, Adam",10/1/2023,"RNA, diagnosis, cancers",0,0.0,,NewCode Oncology,,1.0,Hospital for Sick Children (Toronto),Ontario,Project Grant,202303PJT,Commercialization,Development of an RNA-based test for diagnosing and monitoring bone and soft tissue cancers,240976,0,1.0,Cancer Research,Cancer-Cancer Progression and Metastasis; Commercialization-Technology Transfer; Artificial Intelligence-Machine Learning,1,2024-09-30,1,172,190
"Shoichet, Molly S",10/1/2010,"Bioengineered, Therapeutic, Spinal Cord Injury",0,0.0,,"AmacaThera, Inc.",,1.0,University of Toronto,Ontario,Proof of Principle Program - Phase I,201003PPP,Proof of Principle,Commercial Development of Bioengineered Therapeutic Strategy for Spinal Cord Injury,159996,0,1.0,"Neurosciences, Mental Health and Addiction",SPINAL CORD DISEASE; NERVOUS SYSTEM,1,2011-09-30,2,174,191
"Sibille, Etienne",10/1/2018,"therapeutic, cognitive deficits, depression","Uwm Research Foundation, Inc.",1.0,,Damona Pharmaceuticals (Alpha Cog),,1.0,Centre for Addiction and Mental Health (Toronto),Ontario,Project Grant,201803PJT,Commercialization,Novel therapeutic targeting for cognitive deficits in depression and aging,550800,0,3.0,"Neurosciences, Mental Health and Addiction",Mental Health and Behavioural Conditions-Mental Health and Addiction; Aging-Aging Process and Biological Determinants of Aging,1,2021-09-30,4,166,192
