Name,Institution_Paid,Provinces,Program_Name,Competition_CD,PRC_Name,Project_Title, CIHR_Contribution , CIHR_Equipment , External_Funding ,External_Funding_Partner,Term_Years_Months,Primary_Institute,Research_Categories,Funding_Start,Funding_End,Patents,title_keywords
"Sage, Andrew T",University Health Network (Toronto),Ontario,Project Grant,202309PJT,Biomedical Engineering,'Smart Ventilation' - Novel Real-Time Biosensors and Artificial Intelligence for Optimized Mechanical Ventilation in Human Lungs,"$692,325 ", $-   , $-   ,,5 yrs 0 mth ,Circulatory and Respiratory Health,"Biomedical Engineering-Biophysics, Medical Technologies and Instrumentation; Cardiovascular, Respiratory and Circulatory Systems-Respiratory Sciences; Artificial Intelligence-Machine Learning",4/1/2024,2029-03-31,0,"Biosensors, Artificial Intelligence, Mechanical Ventilation"
"Leong, Hon Sing","Sunnybrook Research Institute (Toronto, Ontario)",Ontario,Project Grant,202203PJT,Cancer Progression & Therapeutics 2,"'Two-Step Authentication' for Optimal Prostate Cancer Risk Determination: An ""Extracellular Vesicle""-Based Liquid Biopsy Followed by Multi-Parametric MRI.","$1,637,100 ", $-   , $-   ,,5 yrs 0 mth ,Cancer Research,Cancer-Clinical Oncology; Biomedical Engineering-Biomedical Imaging,10/1/2022,2027-09-30,1,"Extracellular Vesicle, Liquid Biopsy, MRI"
"Fenster, Aaron",Western University (Ontario),Ontario,Operating Grant,200809MOP,Medical Physics & Imaging,3D ultrasound-guided trans-perineal focal prostate therapy platform,"$631,813 ", $-   , $-   ,,5 yrs 0 mth ,Cancer Research,"PROSTATE AND BLADDER CANCER; IMAGING; RENAL FUNCTION, NEPHROLOGY, UROLOGY",4/1/2009,2014-03-31,7,"ultrasound, prostate, therapy"
"Raynal, Noel J","Centre hospitalier universitaire Sainte-Justine (Montreal, Quebec)",Quebec,Project Grant - PA: Epigenetics/epigenomics in human health or disease,202003PJG,Cancer Biology & Therapeutics 2,4D spheroids identify type I protein arginine methyltransferases as a target in NSCLC,"$100,000 ", $-   , $-   ,,1 yr 0 mth ,Cancer Research,"Cancer-Cancer Drug Development and Therapeutics; Pharmacological, Toxicological and Pharmaceutical Sciences-Drug Action, Toxicology and Metabolism",10/1/2020,2021-09-30,0,"4D, spheroids, NSCLC"
"Macaulay, Calum E",University of British Columbia,British Columbia,Operating Grant - PA: Institute of Cancer Research (bridge funding),200909IC3,Biomedical Engineering,A 3D cell-based computer model for a system biology approach to the study of intra epithelial neoplastic processes.,"$100,000 ", $-   , $-   ,,1 yr 0 mth ,Cancer Research,NEOPLASMS; BIOSTATISTICS; CANCER; BIOPHYSICS,3/1/2010,2011-02-28,1,"3D cell model, system biology, intra epithelial neoplastic"
"Shakiba, Nika",University of British Columbia,British Columbia,Operating Grant - PA: Genetics (Bridge Funding: Research Priorities),202109OGB,Biomedical Engineering,A bioengineering platform to promote safe cell therapies,"$100,000 ", $-   , $-   ,,1 yr 0 mth ,Genetics,Biomedical Engineering-Regenerative Medicine and Tissue Engineering,10/1/2022,2027-09-30,0,"bioengineering, cell therapies, platform"
"Shakiba, Nika",University of British Columbia,British Columbia,Project Grant,202203PJT,Biomedical Engineering 2,A bioengineering platform to promote safe cell therapies,"$963,900 ", $-   , $-   ,,5 yrs 0 mth ,Genetics,Biomedical Engineering-Regenerative Medicine and Tissue Engineering,10/1/2022,2027-09-30,0,"bioengineering, cell therapies, platform"
"Boyd, Steven K",University of Calgary,Alberta,Operating Grant,201003MOP,Biomedical Engineering,A biomedical engineering approach to investigating bone quality across the lifespan,"$629,550 ", $-   , $-   ,,5 yrs 0 mth ,Musculoskeletal Health and Arthritis,"OSTEOPOROSIS; MUSCULO SKELETAL; MUSCLE, BONE, OR JOINT; HEALTH RESEARCH",10/1/2010,2015-09-30,0,"biomedical engineering, bone quality, lifespan"
"Chemtob, Sylvain","Centre hospitalier universitaire Sainte-Justine (Montreal, Quebec)",Quebec,Op. Grant: NWHRI: Innovation Fund - Translational Research,202403NW3,National Women's Health Research Initiative: Innovation Fund,A Breakthrough Solution to Effectively Prevent Preterm Birth,"$599,500 ", $-   , $-   ,,2 yrs 10 mths ,"Human Development, Child and Youth Health",PREGNANCY/BIRTH; PERINATAL; REPRODUCTION/PREGNANCY; DRUG RESEARCH,6/1/2024,2027-03-31,0,"Preterm Birth, Prevention"
"Licht, Christoph",Hospital for Sick Children (Toronto),Ontario,Operating Grant: COVID-19 Rapid Research Funding Opportunity - Diagnostics,202005VR2,COVID-19 Rapid Research - Diagnostics,A central role for the vascular endothelium in COVID-19 pathogenesis,"$583,472 ", $-   , $-   ,,1 yr 0 mth ,Circulatory and Respiratory Health,VIRAL; BLOOD; HEALTH RESEARCH; CELL BIOLOGY,6/1/2020,2021-05-31,0,"vascular endothelium, COVID-19, pathogenesis"
"Chan, Warren C",University of Toronto,Ontario,Collaborative Health Research Projects (NSERC partnered),201510CPG,Collaborative Health Research Projects - NSERC Partnered,A combined nanotechnology and surgical strategy to treating liver cancer,"$464,934 ", $-   , $-   ,,3 yrs 0 mth ,Cancer Research,LIVER DISEASE; CANCER THERAPY GENERAL; CANCER; BIOPHYSICS,4/1/2016,2019-03-31,5,"nanotechnology, surgery, liver cancer"
"Wang, Rizhi",University of British Columbia,British Columbia,Project Grant,202104PJT,Biomedical Engineering,A comprehensive study on bone quality for the prediction of second hip fractures,"$833,850 ", $-   , $-   ,,5 yrs 0 mth ,Musculoskeletal Health and Arthritis,"Musculoskeletal Health-Bone, Skin and Cartilage Sciences",10/1/2021,2026-09-30,0,"bone, fracture, prediction"
"Cashman, Neil R",University of British Columbia,British Columbia,Operating Grant: Industry-partnered Collaborative Research,201503IPR,Industry Partnered Collaborative Research,A Defined Abeta Oligomer Epitope: Theranostic Applications,"$419,232 ", $-   , $-   ,,3 yrs 0 mth ,Aging,ALZHEIMER'S DISEASE; AGING; DRUG RESEARCH; NERVOUS SYSTEM,10/1/2015,2018-09-30,15,"Abeta, Oligomer, Epitope"
"Sheardown, Heather D",McMaster University,Ontario,Project Grant,202003PJT,Biomedical Engineering,A Degradable Sustained Release Mucoadhesive Drug Delivery System to Regulate Intraocular Pressure (IOP) in Glaucoma,"$699,976 ", $-   , $-   ,,5 yrs 0 mth ,Aging,"Biomedical Engineering-Biomaterials, Nanotechnology and Biomechanics; Pharmacological, Toxicological and Pharmaceutical Sciences-Drug Discovery, Design and Delivery; Neurosciences-Sensory Systems (including visual, auditory and pain)",10/1/2020,2025-09-30,0,"Degradable, Mucoadhesive, Intraocular Pressure"
"Brock, Kristy K",University Health Network (Toronto),Ontario,Operating Grant - PA: Cancer Research (bridge funding),201109IC1,Medical Physics & Imaging,A Finite Element Model Approach to Modeling Changes of the Head and Neck,"$100,000 ", $-   , $-   ,,1 yr 0 mth ,Cancer Research,CANCER THERAPY GENERAL; CANCER; IMAGING,3/1/2012,2013-02-28,0,"Finite Element, Head, Neck"
"Law, Edith",University of Waterloo (Ontario),Ontario,Collaborative Health Research Projects (NSERC partnered),201410CPG,Collaborative Health Research Projects - NSERC Partnered,A framework for hybrid machine and human computation for the accurate and scalable analysis of human clinical EEG recordings,"$218,374 ", $-   , $-   ,,3 yrs 0 mth ,"Neurosciences, Mental Health and Addiction",EPILEPSY; SLEEP DISORDERS; NERVOUS SYSTEM; HEALTH RESEARCH,4/1/2015,2018-03-31,0,"machine, EEG, analysis"
"Chen, Junjian Z",Research Institute of the McGill University Health Centre,Quebec,"Catalyst Grant: Invention and High-Risk, High-Benefit Research",200903NHG,"Inventions, Technologies, or High Risk Grants",A high throughput platform for discovery and noninvasive detection of tumor-specific fusion genes in human cancer,"$297,750 ", $-   , $-   ,,3 yrs 0 mth ,Genetics,PROSTATE AND BLADDER CANCER; NEOPLASMS; CANCER; GENETICS,10/1/2009,2012-09-30,0,"high throughput, fusion genes, cancer"
"Guerin, Sylvain L",Universite Laval,Quebec,Project Grant,202309PJT,Biomedical Engineering,A human tissue-engineered three-layer cornea (hTEC) supplemented with macrophages as a biomaterial for in vitro studies,"$864,450 ", $-   , $-   ,,5 yrs 0 mth ,"Neurosciences, Mental Health and Addiction","Biomedical Engineering-Regenerative Medicine and Tissue Engineering; Biomedical Engineering-Biomaterials, Nanotechnology and Biomechanics; Molecular, Cellular and Systems Biology-Cell Signaling",4/1/2024,2029-03-31,0,"tissue-engineered, cornea, macrophages"
"Kaushic, Charu",McMaster University,Ontario,Catalyst Grant: Innovation in HIV Vaccine and HIV Cure Research,201211CHR,HIV Vaccine and Cure Research,A humanized mouse model for understanding HIV-1 mucosal pathogenesis,"$100,000 ", $-   , $-   ,,1 yr 0 mth ,Infection and Immunity,VIRAL; GENITO/URINARY SYSTEM; VIROLOGY; IMMUNOLOGY-TRANSPLANTATION,3/1/2013,2014-02-28,0,"humanized mouse, HIV-1, mucosal"
"Little, Dustin J",Toronto Metropolitan University,Ontario,Operating Grant: COVID-19 Rapid Research Funding Opportunity - Diagnostics,202005VR2,COVID-19 Rapid Research - Diagnostics,"A low-cost, portable, and decentralized microfluidic device for detecting SARS-CoV-2 neutralizing antibodies", $-   , $-   ,"$235,800 ",Public Health Agency of Canada,1 yr 0 mth ,Infection and Immunity,VIRAL; MULTIDISCIPLINARY; BIOCHEMISTRY; VIROLOGY,9/1/2020,2021-08-31,0,"microfluidic, SARS-CoV-2, antibodies"
"Wang, Yuzhuo",University of British Columbia,British Columbia,Project Grant - Priority Announcement: Cancer Research,202209PJS,Cancer Progression & Therapeutics,A master transcription factor driving cell lineage reprogramming in neuroendocrine prostate cancer development and progression,"$100,000 ", $-   , $-   ,,1 yr 0 mth ,Cancer Research,Cancer-Cancer Progression and Metastasis,3/1/2023,2024-02-29,0,"transcription factor, cell reprogramming, neuroendocrine prostate cancer"
"Price, Morgan Thomas M",University of British Columbia,British Columbia,Catalyst Grant: eHealth Innovations - Aging,201310CEA,e-Health Innovation Partnership Program (eHIPP),"A mixed-method study to explore, assess, and explain the translation of a complex set of evidence-based rules into practice through electronic medical record based decision support: How can STOPP effectively be deployed in primary care?","$80,459 ", $-   , $-   ,,1 yr 0 mth ,Health Services and Policy Research,HEALTH CARE DELIVERY; HEALTH SERVICES RESEARCH; DRUG RESEARCH; GERIATRICS,3/1/2014,2015-02-28,0,"decision support, electronic medical record, primary care"
"Zacksenhaus, Eldad",University Health Network (Toronto),Ontario,Operating Grant,201309MOP,Cancer Biology & Therapeutics,A model for Group C Medulloblastoma induced by deletion of RB1 and p53 tumor suppressors,"$486,928 ", $-   , $-   ,,4 yrs 0 mth ,Cancer Research,BRAIN TUMORS (INCL. RETINAL TUMORS); BRAIN TUMORS THERAPY; CANCER; NERVOUS SYSTEM,4/1/2014,2018-03-31,0,"Medulloblastoma,RB1,p53"
"Mihailidis, Alex",University of Toronto,Ontario,Collaborative Health Research Projects (NSERC partnered),201210CPG,Collaborative Health Research Projects - NSERC Partnered,"A Modular Intelligent Power Wheelchair System to Enhance Mobility, Safety and Participation of Users","$286,788 ", $-   , $-   ,,3 yrs 0 mth ,Aging,AGING; MULTIDISCIPLINARY; HEALTH RESEARCH,4/1/2013,2016-03-31,1,"Power, Wheelchair, Mobility"
"Nguyen, Dang K",Universite de Montreal,Quebec,Collaborative Health Research Projects (NSERC partnered),201810CPG,Collaborative Health Research Projects - NSERC Partnered,A multimodal seizure detection artificial intelligence-based smart wear,"$435,407 ","$45,186 ", $-   ,,3 yrs 0 mth ,"Neurosciences, Mental Health and Addiction",0,4/1/2019,2022-03-31,0,"seizure detection, artificial intelligence, smart wear"
"Tremblay, Michel J",Universite Laval,Quebec,Catalyst Grant: HIV/AIDS Vaccine Discovery Research (Can HIV Vaccine Initiative),200811CHV,HIV Vaccine Discovery,A new human cell experimental system for evaluating prototype HIV-1 vaccines,"$100,000 ", $-   , $-   ,,1 yr 0 mth ,Infection and Immunity,AIDS; VIRAL; VIROLOGY; IMMUNOLOGY-TRANSPLANTATION,3/1/2009,2010-02-28,5,"human cell, HIV-1, vaccines"
"Blades, Michael W",University of British Columbia,British Columbia,"Catalyst Grant: Invention and High-Risk, High-Benefit Research",201003NHG,"Inventions, Technologies, or High Risk Grants",A New Tool for the Comprehensive Analysis of Peptides and Proteins in Biological and Biomedical Research,"$300,000 ", $-   , $-   ,,3 yrs 0 mth ,Genetics,"MULTIPLE DISEASE RELEVANCE; QUALITATIVE METHODS; GENOMICS, PROTEOMICS, AND BIOINFORMATICS; BIOPHYSICS",10/1/2010,2013-09-30,0,"peptides, proteins, analysis"
"Kislinger, Thomas",University Health Network (Toronto),Ontario,Operating Grant,201309MOP,Cancer Progression & Therapeutics,A Novel Biomarker Discovery Strategy Combining Primary Tumour Xenograft Models and Glyco-Capture of Secreted Proteins,"$351,553 ", $-   , $-   ,,3 yrs 0 mth ,Cancer Research,"CANCER; GENOMICS, PROTEOMICS, AND BIOINFORMATICS",4/1/2014,2017-03-31,0,"Biomarker, Xenograft, Glyco-Capture"
"Sone, Eli D",University of Toronto,Ontario,Collaborative Health Research Projects (NSERC partnered),201310CPG,Collaborative Health Research Projects - NSERC Partnered,A novel mineralization-inducing membrane for promoting periodontal attachment,"$276,081 ", $-   , $-   ,,3 yrs 0 mth ,Musculoskeletal Health and Arthritis,"DENTAL DISEASE (INCL. ORAL BIOLOGY); MUSCULO SKELETAL; DENTAL SCIENCE - Oral Biology; MUSCLE, BONE, OR JOINT",4/1/2014,2017-03-31,0,"mineralization, membrane, periodontal"
"Sutherland, Garnette R",University of Calgary,Alberta,Collaborative Health Research Projects (NSERC partnered),201410CPG,Collaborative Health Research Projects - NSERC Partnered,A novel neurosurgery-specific haptic hand-controller for robot-assisted surgical systems,"$234,250 ", $-   , $-   ,,3 yrs 0 mth ,"Neurosciences, Mental Health and Addiction",BRAIN TUMORS THERAPY; MULTIDISCIPLINARY; HEALTH RESEARCH,4/1/2015,2018-03-31,3,"neurosurgery, haptic, robotic"
"Jiang, Xiaoyan",University of British Columbia,British Columbia,Project Grant,202210PJT,Cancer Progression & Therapeutics,A novel oncolytic virotherapy to overcome drug-resistance in acute myeloid leukemia,"$100,000 ", $-   , $-   ,,1 yr 0 mth ,Cancer Research,Cancer-Cancer Drug Development and Therapeutics,4/1/2023,2024-03-31,3,"oncolytic virotherapy, drug-resistance, leukemia"
"Elliott, Bruce E","Queen's University (Kingston, Ontario)",Ontario,Operating Grant,200909MOP,Cancer Progression & Therapeutics,A novel Src/ezrin signalling network as a potential marker for breast cancer metastasis,"$487,301 ", $-   , $-   ,,4 yrs 0 mth ,Cancer Research,BREAST CANCER; BREAST CANCER THERAPY; CANCER; CELL BIOLOGY,4/1/2010,2014-03-31,0,"Src, ezrin, metastasis"
"Cheng, Hai-Ling M",University of Toronto,Ontario,Project Grant,202403PJT,Biomedical Engineering,A Novel Targeted MRI Probe for Safe and Early Detection of Fibrosis,"$875,926 ", $-   , $-   ,,5 yrs 0 mth ,Circulatory and Respiratory Health,"Biomedical Engineering-Biomedical Imaging; Biomedical Engineering-Biophysics, Medical Technologies and Instrumentation",10/1/2024,2029-09-30,0,"MRI, Probe, Fibrosis"
"Liu, Xinyu",University of Toronto,Ontario,Project Grant,201803PJT,Biomedical Engineering,A Paper-based Microfluidic Platform for Automated Point-of-Care Diagnosis of Laryngopharyngeal Reflux,"$593,640 ", $-   , $-   ,,4 yrs 0 mth ,Population and Public Health,"Biomedical Engineering-Biophysics, Medical Technologies and Instrumentation",10/1/2018,2022-09-30,1,"Microfluidic, Point-of-Care, Diagnosis"
"Cotechini, Tiziana","Queen's University (Kingston, Ontario)",Ontario,Catalyst Grant: NWHRI: Innovation Fund - Biomedical Discovery Grants,202307NWI,NWHRI: Innovation Fund - Biomedical Discovery Grants,A paradigm shift in understanding Hunner lesion-interstitial cystitis/bladder pain syndrome: examining autoimmunity as a driver of disease and targeting B cells as a novel therapeutic opportunity,"$150,000 ", $-   , $-   ,,1 yr 0 mth ,Infection and Immunity,"GENITO/URINARY SYSTEM; POPULATION HEALTH; RENAL FUNCTION, NEPHROLOGY, UROLOGY; IMMUNOLOGY-TRANSPLANTATION",2/1/2024,2025-01-31,0,"Hunner lesion, interstitial cystitis, B cells"
"Perreault, Sebastien","Centre hospitalier universitaire Sainte-Justine (Montreal, Quebec)",Quebec,Project Grant - Priority Announcement: Pediatric Cancer Research,202203PDI,Cancer Biology & Therapeutics 2,A phase 2 study of mirdametinib and vinblastine for newly diagnosed or previously untreated patients with pediatric low-grade glioma and activation of the MAPK pathway,"$463,500 ", $-   , $-   ,,1 yr 5 mths ,Cancer Research,Cancer-Clinical Oncology; Cancer-Pediatric Cancer; Cancer-Cancer Drug Development and Therapeutics,10/1/2022,2024-03-31,0,"mirdametinib, vinblastine, glioma"
"Perreault, Sebastien","Centre hospitalier universitaire Sainte-Justine (Montreal, Quebec)",Quebec,Project Grant,201903PJT,Cancer Progression & Therapeutics 2,A Phase 2 study of Trametinib for patients with pediatric glioma or plexiform neurofibroma with refractory tumor and activation of the MAPK/ERK pathwa,"$573,750 ", $-   , $-   ,,5 yrs 0 mth ,Cancer Research,Cancer-Cancer Drug Development and Therapeutics; Cancer-Clinical Oncology; Cancer-Pediatric Cancer,10/1/2019,2024-09-30,0,"Trametinib, glioma, MAPK/ERK"
"Shafey, Mona",University of Calgary,Alberta,Project Grant,202303PJT,Cancer Biology & Therapeutics,"A Phase I Feasibility and Safety Study of GCAR1, a Chimeric Antigen Receptor (CAR) T-cell Therapy for Patients with Relapsed/Refractory GPNMB-Expressing Solid Tumors","$2,796,075 ", $-   , $-   ,,4 yrs 0 mth ,Cancer Research,Cancer-Cancer Drug Development and Therapeutics,10/1/2023,2027-09-30,0,"Chimeric Antigen Receptor, T-cell Therapy, GPNMB"
"Hay, Kevin A",University of British Columbia,British Columbia,Project Grant,202109PJT,Cancer Biology & Therapeutics,"A Phase I first-in-human trial of CLIC-2201, a VHH-CD22 CAR-T cell product for the treatment of relapsed/refractory CD22 positive B-cell non-Hodgkin lymphoma","$1,667,700 ", $-   , $-   ,,4 yrs 0 mth ,Cancer Research,Cancer-Cancer Drug Development and Therapeutics; Immunology and Infection-Immunology and Autoimmune Diseases (including rheumatology),4/1/2022,2026-03-31,0,"CAR-T, CD22, B-cell"
"Parulekar, Wendy R","Queen's University (Kingston, Ontario)",Ontario,Project Grant,201710PJT,Cancer Biology & Therapeutics 2,A Phase II Single Arm Trial of Elective Volume Adjusted De-Escalation Radiotherapy (EVADER) in Patients with Low-Risk HPV-Related Oropharyngeal Squamous Cell Carcinoma,"$100,000 ", $-   , $-   ,,1 yr 0 mth ,Cancer Research,Cancer-Clinical Oncology,10/1/2018,2024-09-30,0,"Radiotherapy, HPV, Oropharyngeal carcinoma"
"Parulekar, Wendy R","Queen's University (Kingston, Ontario)",Ontario,Project Grant,201803PJT,Cancer Biology & Therapeutics 2,A Phase II Single Arm Trial of Elective Volume Adjusted De-Escalation Radiotherapy (EVADER) in Patients with Low-Risk HPV-Related Oropharyngeal Squamous Cell Carcinoma,"$860,628 ", $-   , $-   ,,6 yrs 0 mth ,Cancer Research,Cancer-Clinical Oncology,10/1/2018,2024-09-30,0,"Radiotherapy, HPV, Oropharyngeal carcinoma"
"Tsakiridis, Theodoros",McMaster University,Ontario,Operating Grant,201303MOP,Cancer Biology & Therapeutics,A phase II study to investigate combination of chemo-radiotherapy with metformin in patients with Locally Advanced Non-Small Cell Lung Cancer (LA-NSCLC).,"$568,514 ", $-   , $-   ,,4 yrs 0 mth ,Cancer Research,LUNG CANCER THERAPY; CANCER THERAPY GENERAL; CANCER; HEALTH RESEARCH,10/1/2013,2018-03-31,0,"chemo-radiotherapy, metformin, lung cancer"
"Mikulis, David J",University Health Network (Toronto),Ontario,Operating Grant,201303MOP,Medical Physics & Imaging,A potential biomarker for vascular dementia,"$324,598 ", $-   , $-   ,,4 yrs 0 mth ,Aging,CNS ORGANIC; AGING; NERVOUS SYSTEM; IMAGING,10/1/2013,2018-03-31,0,"biomarker, vascular, dementia"
"McLachlin, Stewart D",University of Waterloo (Ontario),Ontario,Project Grant - PA: Myalgic Encephalomyelitis and IMHA Mandate Areas,202109PAY,Biomedical Engineering,A prospective investigation for characterization and predictive modeling of cage subsidence following anterior spinal column reconstruction,"$100,000 ", $-   , $-   ,,1 yr 0 mth ,Musculoskeletal Health and Arthritis,"Biomedical Engineering-Biomaterials, Nanotechnology and Biomechanics; Biomedical Engineering-Biomedical Imaging",3/1/2022,2023-02-28,0,"cage subsidence, anterior spinal, predictive modeling"
"Muanza, Thierry M",CIUSSS de Centre-Ouest-de-l'Ile-de-Montreal-Jewish General,Quebec,Project Grant,202104PJT,Cancer Progression & Therapeutics 2,A prospective trial of radiation omission in patients with clinically node negative breast cancer and pathologic complete response after neoadjuvant chemotherapy.,"$1,514,700 ", $-   , $-   ,,10 yrs 0 mth ,Cancer Research,Cancer-Clinical Oncology,10/1/2021,2031-09-30,0,"radiation, breast cancer, chemotherapy"
"Teo, Koon K",McMaster University,Ontario,Operating Grant: Industry-partnered Collaborative Research,201109IPR,Industry Partnered Collaborative Research,"A randomized double-blind placebo-controlled trial for the evaluation of a polypill, a low dose aspirin and vitamin D supplementation in primary prevention to reduce cardiovascular disease (CVD) outcomes - The International Polycap Study 3 (TIPS-3)","$810,452 ", $-   , $-   ,,5 yrs 0 mth ,Circulatory and Respiratory Health,POPULATION HEALTH; CARDIOVASCULAR; CANCER,4/1/2012,2017-03-31,0,"polypill, aspirin, cardiovascular disease"
"Arnold, Donald M",McMaster University,Ontario,Operating Grant: COVID-19 Rapid Research Funding Opportunity - Therapeutics,202005VR3,COVID-19 Rapid Research - Therapeutics,A Randomized Open-Label Trial of CONvalescent Plasma for Hospitalized Adults With Acute COVID-19 Respiratory Illness (CONCOR-1),"$2,972,273 ", $-   , $-   ,,1 yr 0 mth ,Circulatory and Respiratory Health,BLOOD; VIRAL; IMMUNOLOGY-TRANSPLANTATION,6/1/2020,2021-05-31,0,"Convalescent Plasma, COVID-19, Respiratory Illness"
"Jolly, Sanjit S",McMaster University,Ontario,Operating Grant: Industry-partnered Collaborative Research,201109IPR,Industry Partnered Collaborative Research,A randomized trial of ThrOmbectomy vs. PCI Alone for STEMI (TOTAL trial),"$796,316 ", $-   , $-   ,,3 yrs 6 mths ,Circulatory and Respiratory Health,CORONARY CIRCULATION (INCL. INSUFFICIENCY); CARDIOVASCULAR,4/1/2012,2015-09-30,0,"Thrombectomy, PCI, STEMI"
"Kain, Kevin C",University Health Network (Toronto),Ontario,Operating Grant: COVID-19 Rapid Research Funding Opportunity - Therapeutics,202005VR3,COVID-19 Rapid Research - Therapeutics,"A Randomized trial to determine the effect of vitamin D and zinc supplementation for improving treatment outcomes among COVID-19 patients in Mumbai, India","$887,006 ", $-   , $-   ,,1 yr 0 mth ,Infection and Immunity,INFECTIOUS AND PARASITIC; MALNUTRITION; NUTRITION; INTERNATIONAL HEALTH,6/1/2020,2021-05-31,0,"vitamin D, zinc, COVID-19"
"Li, Yingfu",McMaster University,Ontario,Operating Grant: COVID-19 Rapid Research Funding Opportunity - Diagnostics,202005VR2,COVID-19 Rapid Research - Diagnostics,A rapid at-home test for SARS-CoV-2,"$1,314,083 ", $-   , $-   ,,1 yr 0 mth ,Infection and Immunity,INFECTIOUS AND PARASITIC; VIRAL; BIOCHEMISTRY; VIROLOGY,6/1/2020,2021-05-31,9,"SARS-CoV-2, rapid test, at-home"
"Tiedemann, Rodger",University Health Network (Toronto),Ontario,Operating Grant,201109MOP,Cancer Progression & Therapeutics 2,A small molecule inhibitor of G protein-coupled Receptor Kinase 6 (GRK6) to treat human Multiple Myeloma and related diseases,"$361,800 ", $-   , $-   ,,3 yrs 0 mth ,Cancer Research,CANCER THERAPY GENERAL; BONE CANCER THERAPY; CANCER; DRUG RESEARCH,4/1/2012,2015-03-31,1,"small molecule, G protein-coupled Receptor Kinase 6, Multiple Myeloma"
"Daskalakis, Zafiris J",Centre for Addiction and Mental Health (Toronto),Ontario,Operating Grant: Industry-partnered Collaborative Research - Other Partner,201103ISO,Industry Partnered Collaborative Research,A Study of H-Coil Repetitive Transcranial Magnetic Stimulation for Late-Life Depression,"$107,757 ", $-   , $-   ,,4 yrs 0 mth ,Aging,DEPRESSION; GERIATRICS; MENTAL HEALTH; AGING,10/1/2011,2015-09-30,0,"H-Coil, Transcranial Magnetic Stimulation, Depression"
"Galipeau, Jacques",CIUSSS de Centre-Ouest-de-l'Ile-de-Montreal-Jewish General,Quebec,Operating Grant,200903MOP,Cancer Progression & Therapeutics,A study of novel anti-cancer immunomodulatory fusion proteins and transgenic cell therapy,"$1,147,574 ", $-   , $-   ,,5 yrs 0 mth ,Cancer Research,CANCER THERAPY GENERAL; CANCER; DRUG RESEARCH,10/1/2009,2014-09-30,8,"anti-cancer, immunomodulatory, fusion proteins"
"Kislinger, Thomas",University Health Network (Toronto),Ontario,Operating Grant,201103MOP,Cancer Progression & Therapeutics 2,A Systematic Proteomic Analysis Strategy for Biomarker Discovery in Head & Neck Cancer,"$437,079 ", $-   , $-   ,,3 yrs 0 mth ,Cancer Research,"CANCER THERAPY GENERAL; BLOOD; CANCER; GENOMICS, PROTEOMICS, AND BIOINFORMATICS",10/1/2011,2014-09-30,1,"Proteomic, Biomarker, Cancer"
"Ellis, Christopher G",Western University (Ontario),Ontario,Operating Grant,200909MOP,Medical Physics & Imaging,A Systems Approach to Sepsis: Pathological versus Adaptive Microvascular Responses,"$642,828 ", $-   , $-   ,,5 yrs 0 mth ,Circulatory and Respiratory Health,MULTIPLE DISEASE RELEVANCE; BLOOD; CARDIOVASCULAR; IMAGING,4/1/2010,2015-03-31,0,"Sepsis, Microvascular, Responses"
"Lorimer, Ian Anthony J",Ottawa Hospital Research Institute,Ontario,Project Grant,202109PJT,Cancer Progression & Therapeutics,A therapeutic strategy for PTEN tumour suppressor restoration in glioblastoma,"$738,225 ", $-   , $-   ,,5 yrs 0 mth ,Cancer Research,Cancer-Cancer Drug Development and Therapeutics,4/1/2022,2027-03-31,0,"PTEN, glioblastoma, tumor suppressor"
"McGuigan, Alison P",University of Toronto,Ontario,Collaborative Health Research Projects (NSERC partnered),201510CPG,Collaborative Health Research Projects - NSERC Partnered,A tissue engineering platform to identify target combinations in tumour stoma to render tumours therapy sensitive,"$207,800 ", $-   , $-   ,,3 yrs 0 mth ,Cancer Research,CANCER THERAPY GENERAL; CANCER,4/1/2016,2019-03-31,0,"tissue engineering, tumour stroma, therapy sensitivity"
"Lipsman, Nir","Sunnybrook Research Institute (Toronto, Ontario)",Ontario,Project Grant - PA: Cancer Research - Breast Cancer,202010PWW,Cancer Biology & Therapeutics 2,A trial to evaluate the safety and feasibility of blood-brain brain opening using MRI-guided focused ultrasound in the treatment of Her2-positive breast cancer brain metastases,"$100,000 ", $-   , $-   ,,1 yr 0 mth ,Cancer Research,Cancer-Cancer Progression and Metastasis,3/1/2021,2022-02-28,1,"MRI, focused ultrasound, brain metastases"
"Rink, Alexandra",University Health Network (Toronto),Ontario,Project Grant,201809PJT,Medical Physics & Imaging,A universal self-calibrating in vivo real-time optical radiation dosimeter for quality assurance and quality control of radiotherapy treatment.,"$317,476 ", $-   , $-   ,,4 yrs 0 mth ,Cancer Research,"Biomedical Engineering-Biophysics, Medical Technologies and Instrumentation",4/1/2019,2023-03-31,0,"self-calibrating, optical radiation, dosimeter"
"Rennie, Paul S",University of British Columbia,British Columbia,Operating Grant,201209MOP,Cancer Progression & Therapeutics,A virus-based strategy for measurement of circulating tumour cells,"$352,260 ", $-   , $-   ,,3 yrs 0 mth ,Cancer Research,PROSTATE AND BLADDER CANCER; VIRAL; CANCER,4/1/2013,2016-03-31,0,"virus, circulating tumour cells, measurement"
"Gulak, Glenn",University of Toronto,Ontario,Collaborative Health Research Projects (NSERC partnered),201310CPG,Collaborative Health Research Projects - NSERC Partnered,A Wireless CMOS Device for Rapid Point-of-Care Diagnosis of Bacterial Infections and Antibiotic Susceptibility Profiling,"$677,527 ", $-   , $-   ,,3 yrs 0 mth ,Infection and Immunity,HEALTH CARE DELIVERY; INFECTIOUS AND PARASITIC; HEALTH RESEARCH; BACTERIOLOGY,4/1/2014,2017-03-31,1,"Wireless, CMOS, Bacterial Infections"
"Zhou, Youwen",University of British Columbia,British Columbia,Operating Grant,201103MOP,Cancer Progression & Therapeutics 2,Abnormal Activation of Thymocytes High-Mobility Group Box Protein (TOX) in Cutaneous T Cell Lymphomas: Pathogenic Significance and Clinical Applications,"$340,314 ", $-   , $-   ,,3 yrs 0 mth ,Musculoskeletal Health and Arthritis,SKIN AND SUBCUTANEOUS TISSUS; BLOOD; CANCER; MOLECULAR BIOLOGY,10/1/2011,2014-09-30,2,"Thymocytes, TOX, T Cell Lymphomas"
"Kamen, Amine",McGill University,Quebec,Collaborative Health Research Projects (NSERC partnered),201610CPG,Collaborative Health Research Projects - NSERC Partnered,Acceleration and Intensification of Cell Culture-Produced Influenza Vaccines for Rapid Response to Pandemic Situation,"$371,615 ", $-   , $-   ,,3 yrs 0 mth ,Infection and Immunity,INFECTIOUS AND PARASITIC; POPULATION HEALTH; BIOCHEMISTRY; VIROLOGY,4/1/2017,2020-03-31,2,"cell culture, influenza vaccines, pandemic"
"Dumoulin, Chantal","CIUSSS du Centre-Sud-de-l'ele-de-Montreal (Montreal, Quebec)",Quebec,Catalyst Grant: NWHRI: Innovation Fund - Biomedical Discovery Grants,202307NWI,NWHRI: Innovation Fund - Biomedical Discovery Grants,"Acceptability, user experience and effect of a new mobile app, 'OUPS!', a FemTech solution designed for the treatment of urinary incontinence in menopausal women: a mixed method study","$149,489 ", $-   , $-   ,,1 yr 0 mth ,Gender and Health,"MUSCULO SKELETAL; RENAL FUNCTION, NEPHROLOGY, UROLOGY; MUSCLE, BONE, OR JOINT",2/1/2024,2025-01-31,0,"mobile app, urinary incontinence, FemTech"
"Haji Reza, Parsin",University of Waterloo (Ontario),Ontario,Project Grant,202403PJT,Biomedical Engineering,Accurate Retinal Oximetry for the Pre-Symptomatic Diagnosis of Major Blinding Diseases,"$757,350 ", $-   , $-   ,,5 yrs 0 mth ,"Nutrition, Metabolism and Diabetes","Molecular, Cellular and Systems Biology-Molecular Biology; Biomedical Engineering-Biophysics, Medical Technologies and Instrumentation",10/1/2024,2029-09-30,0,"Retinal oximetry, diagnosis, blinding diseases"
"Collins, Donald L",McGill University,Quebec,Collaborative Health Research Projects (NSERC partnered),201711CPG,Collaborative Health Research Projects - NSERC Partnered,Achieving precision in Image-guided Neurosurgery via an open source collaborative software environment,"$650,227 ", $-   , $-   ,,3 yrs 0 mth ,"Neurosciences, Mental Health and Addiction",MULTIPLE DISEASE RELEVANCE; BRAIN TUMORS (INCL. RETINAL TUMORS); IMAGING; NERVOUS SYSTEM,4/1/2018,2021-03-31,0,"Image-guided, Neurosurgery, Software"
"Xiang, Jim",University of Saskatchewan,Saskatchewan,Vaccines of the 21st Century,200903CVC,Catalyst Grant: Vaccines of the 21st Century,Acombined early and late HIV-1 protein-specific exosome-targeted T cell vaccine capable of stimulating HIV-1 specific CD8+ CTL responses in absence of CD4+ T cells and counteracting immune suppression.,"$89,482 ", $-   , $-   ,,1 yr 0 mth ,Infection and Immunity,VIRAL; INFECTIOUS AND PARASITIC; VIROLOGY; HEALTH RESEARCH,10/1/2009,2010-09-30,0,"HIV-1, exosome, T cell"
"Burns, Peter N","Sunnybrook Research Institute (Toronto, Ontario)",Ontario,Operating Grant,201109MOP,Medical Physics & Imaging,Acoustically activated submicron droplets of liquid perfluorocarbon as a new contrast agent for ultrasound imaging,"$360,706 ", $-   , $-   ,,4 yrs 0 mth ,Cancer Research,NEOPLASMS; BREAST CANCER; IMAGING; BIOPHYSICS,4/1/2012,2016-03-31,0,"acoustically activated, submicron droplets, ultrasound imaging"
"Takahata, Kenichi",University of British Columbia,British Columbia,Collaborative Health Research Projects (NSERC partnered),201310CPG,Collaborative Health Research Projects - NSERC Partnered,Active Stent Based Endohyperthermia System for Inhibition of In-Stent Restenosis,"$325,935 ", $-   , $-   ,,3 yrs 0 mth ,Circulatory and Respiratory Health,CORONARY CIRCULATION (INCL. INSUFFICIENCY); ATHEROSCLEROSIS; CARDIOVASCULAR; NOT CLASSIFIED,4/1/2014,2017-03-31,0,"Stent, Endohyperthermia, Restenosis"
"Ferri, Lorenzo",McGill University,Quebec,Operating Grant,201103MOP,Cancer Progression & Therapeutics 2,Acute bacterial infection promotes cancer metastasis through toll like receptor signal transduction,"$497,573 ", $-   , $-   ,,4 yrs 0 mth ,Cancer Research,LUNG CANCER; PNEUMONIA; CANCER,10/1/2011,2015-09-30,0,"bacterial infection, toll like receptor, metastasis"
"Duchesne, Simon",Universite Laval,Quebec,Operating Grant: Methodological Innovations for Neuroimaging Datasets,201304OMI,Methodological Innovations for Neuroimaging Datasets,AD ontological architecture for neuroimaging datawarehouse: merging and establishing anatomical normative data from 17 datasets,"$212,868 ","$10,000 ", $-   ,,3 yrs 0 mth ,Aging,ALZHEIMER'S DISEASE; MULTIDISCIPLINARY; AGING; IMAGING,10/1/2013,2016-09-30,0,"ontology, neuroimaging, datawarehouse"
"Wouters, Bradly",University Health Network (Toronto),Ontario,Operating Grant,200903MOP,Cancer Biology & Therapeutics,Adaptation to hypoxia in cancer through the unfolded protein response,"$845,046 ", $-   , $-   ,,5 yrs 0 mth ,Cancer Research,CANCER THERAPY GENERAL; CANCER; CELL BIOLOGY,10/1/2009,2014-09-30,0,"hypoxia, unfolded protein response, cancer"
"Pineau, Joelle",McGill University,Quebec,Operating Grant,200903MOP,Biomedical Engineering,Adaptive stimulation strategies for the treatment of epileptic syndromes in vivo,"$180,000 ", $-   , $-   ,,3 yrs 0 mth ,"Neurosciences, Mental Health and Addiction",EPILEPSY; NERVOUS SYSTEM,10/1/2009,2012-09-30,0,"adaptive, stimulation, epileptic"
"Pinthus, Jehonathan H",McMaster University,Ontario,Operating Grant - PA: Cancer Research (bridge funding),200809IC1,Cancer Progression & Therapeutics,Adiponectin Signaling in Cancer,"$100,000 ", $-   , $-   ,,1 yr 0 mth ,Cancer Research,PROSTATE AND BLADDER CANCER; OBESITY; CANCER; ENDOCRINOLOGY,1/1/2009,2009-12-31,0,"Adiponectin, Signaling, Cancer"
"Duval, Michel","Centre hospitalier universitaire Sainte-Justine (Montreal, Quebec)",Quebec,Project Grant,201903PJT,Cancer Progression & Therapeutics,Adoptive transfers of in vitro differentiated plasmacytoid dendritic cells to prevent acute lymphoblastic leukemia relapse: mechanisms and biomarkers of sensitivity,"$673,200 ", $-   , $-   ,,4 yrs 0 mth ,Cancer Research,"Cancer-Cancer Drug Development and Therapeutics; Cancer-Pediatric Cancer; Immunology and Infection-Transplantation, Immune Tolerance and Tumor Immunology",10/1/2019,2023-09-30,0,"dendritic cells, leukemia, biomarkers"
"Weng, Andrew P",University of British Columbia,British Columbia,Operating Grant,201203MOP,Cancer Progression & Therapeutics 2,Adult vs. Fetal Programs in Leukemia Pathogenesis,"$351,308 ", $-   , $-   ,,3 yrs 0 mth ,Cancer Research,LEUKAEMIAS; CANCER THERAPY GENERAL; CANCER,10/1/2012,2015-09-30,0,"Leukemia, Pathogenesis, Fetal"
"Sage, Andrew T",University Health Network (Toronto),Ontario,Project Grant,202209PJT,Biomedical Engineering 2,Advanced Artificial Intelligence for Human Ex Vivo Lung Perfusion using Digital Twins,"$726,750 ", $-   , $-   ,,5 yrs 0 mth ,Circulatory and Respiratory Health,"Artificial Intelligence-Machine Learning; Biomedical Engineering-Biophysics, Medical Technologies and Instrumentation; Cardiovascular, Respiratory and Circulatory Systems-Respiratory Sciences",4/1/2023,2028-03-31,1,"Artificial Intelligence, Lung Perfusion, Digital Twins"
"Amon, Cristina",University of Toronto,Ontario,Collaborative Health Research Projects (NSERC partnered),201711CPG,Collaborative Health Research Projects - NSERC Partnered,Advanced Bioreactors for Evaluation and Systematic Optimization of Decellularization and Recellularization of the Lung and Trachea,"$291,825 ","$52,100 ", $-   ,,3 yrs 0 mth ,Circulatory and Respiratory Health,MULTIPLE DISEASE RELEVANCE; CHRONIC OBSTRUCTIVE LUNG DISEASE; HEALTH RESEARCH; RESPIRATION,4/1/2018,2021-03-31,0,"Bioreactors, Decellularization, Recellularization"
"Macgowan, Christopher K",Hospital for Sick Children (Toronto),Ontario,Project Grant,202303PJT,Medical Physics & Imaging,Advanced Fetal MRI Methods to Evaluate Prenatal Organ Development and Predict Postnatal Outcome in Congenital Heart Disease,"$1,048,050 ", $-   , $-   ,,5 yrs 0 mth ,Circulatory and Respiratory Health,"Biomedical Engineering-Biomedical Imaging; Cardiovascular, Respiratory and Circulatory Systems-Clinical and Translational Cardiovascular Sciences",10/1/2023,2028-09-30,0,"Fetal MRI, Prenatal Organ Development, Congenital Heart Disease"
"Sled, John G",Hospital for Sick Children (Toronto),Ontario,Operating Grant,201303MOP,Medical Physics & Imaging,Advanced MRI methods for early detection and characterization of placental dysfunction and the monitoring of therapy,"$470,585 ", $-   , $-   ,,3 yrs 0 mth ,"Human Development, Child and Youth Health",PREGNANCY/BIRTH; MULTIDISCIPLINARY,10/1/2013,2016-09-30,0,"MRI, placental dysfunction, detection"
"Boyd, Steven K",University of Calgary,Alberta,Project Grant,201809PJT,Medical Physics & Imaging,Advanced multi-modal imaging to monitor progressive joint adaptation in the knee following an acute ligament injury,"$925,650 ", $-   , $-   ,,5 yrs 0 mth ,Musculoskeletal Health and Arthritis,"Biomedical Engineering-Biomedical Imaging; Musculoskeletal Health-Bone, Skin and Cartilage Sciences",4/1/2019,2024-03-31,0,"multi-modal imaging, joint adaptation, ligament injury"
"Ju, MyeongJin",University of British Columbia,British Columbia,Project Grant,202210PJT,Medical Physics & Imaging,Advanced Multi-parametric Retinal Imaging for AMD Classification Modeling,"$100,000 ", $-   , $-   ,,1 yr 0 mth ,Aging,Biomedical Engineering-Biomedical Imaging; Aging-Aging Process and Biological Determinants of Aging; Methods Development and Modelling-Quantitative Methods Development for Health Research,4/1/2023,2024-03-31,0,"Retinal imaging, AMD, classification"
"Shadgan, Babak",University of British Columbia,British Columbia,Project Grant,202303PJT,Biomedical Engineering,Advanced optical monitoring of free tissue transfer hemodynamics,"$669,376 ", $-   , $-   ,,4 yrs 0 mth ,Circulatory and Respiratory Health,"Cardiovascular, Respiratory and Circulatory Systems-Cardiovascular and Circulatory Sciences; Biomedical Engineering-Biophysics, Medical Technologies and Instrumentation; Health Services and Systems-Emergency Care and Critical Care",10/1/2023,2027-09-30,0,"optical, monitoring, hemodynamics"
"Zeng, Haishan",University of British Columbia,British Columbia,Project Grant - Priority Announcement: Early Detection/Cancer Prevention,202309DCP,Medical Physics & Imaging,Advanced Raman Spectroscopy for Exhaled Breath Analysis for Lung Cancer Detection,"$100,000 ", $-   , $-   ,,1 yr 0 mth ,Cancer Research,"Biomedical Engineering-Biophysics, Medical Technologies and Instrumentation; Cancer-Clinical Oncology; Cardiovascular, Respiratory and Circulatory Systems-Respiratory Sciences",3/1/2024,2025-02-28,0,"Raman spectroscopy, exhaled breath, lung cancer"
"Harvey, Edward J",Research Institute of the McGill University Health Centre,Quebec,Project Grant,201804PJT,Biomedical Engineering,Advanced sensors for acute and chronic brain injury,"$100,000 ", $-   , $-   ,,1 yr 0 mth ,"Neurosciences, Mental Health and Addiction","Biomedical Engineering-Biophysics, Medical Technologies and Instrumentation",10/1/2018,2019-09-30,0,"sensors, brain injury"
"Drangova, Maria",Western University (Ontario),Ontario,Operating Grant,201103MOP,Medical Physics & Imaging,Advanced techniques for image assisted cardiac interventions,"$822,596 ", $-   , $-   ,,5 yrs 0 mth ,Circulatory and Respiratory Health,ARRHYTHMIAS; CARDIOLOGY; IMAGING; CARDIOVASCULAR,10/1/2011,2016-09-30,3,"image, cardiac, interventions"
"Tyrrell, D. Lorne J",University of Alberta,Alberta,Operating Grant: COVID-19 Rapid Research Funding Opportunity - Therapeutics,202005VR3,COVID-19 Rapid Research - Therapeutics,Advancing a Potent Inhibitor of SARS-CoV-2 3CL Protease into Clinical Trials,"$904,236 ", $-   , $-   ,,1 yr 0 mth ,Infection and Immunity,DRUGS- PHARMACEUTICAL SCIENCE/CHEMISTRY & NON MEDICAL USE OF DRUGS; VIRAL; DRUG RESEARCH,6/1/2020,2021-05-31,2,"SARS-CoV-2, 3CL Protease, Inhibitor"
"Schreiner, L. John","Queen's University (Kingston, Ontario)",Ontario,Operating Grant,201103MOP,Medical Physics & Imaging,Advancing gel dosimetry for clinical radiation therapy,"$369,252 ", $-   , $-   ,,5 yrs 0 mth ,Cancer Research,CANCER THERAPY GENERAL; NONE OF THE ABOVE; CANCER; IMAGING,10/1/2011,2016-09-30,0,"gel, dosimetry, radiation"
"Schreiner, L. John","Queen's University (Kingston, Ontario)",Ontario,Operating Grant - PA: Cancer Research (bridge funding),201009IC1,Medical Physics & Imaging,Advancing gel dosimetry for clinical radiation therapy,"$60,388 ", $-   , $-   ,,1 yr 0 mth ,Cancer Research,CANCER THERAPY GENERAL; NONE OF THE ABOVE; CANCER; IMAGING,3/1/2011,2012-02-29,0,"gel, dosimetry, radiation"
"Gueziri, Houssem-Eddine",Universite TeLUQ (Quebec),Quebec,Project Grant,202403PJT,Biomedical Engineering,Advancing Neurosurgery Training: A Realistic Simulation Platform with Sensorless Force Feedback Tutoring,"$493,426 ", $-   , $-   ,,5 yrs 0 mth ,"Neurosciences, Mental Health and Addiction",Biomedical Engineering-Biomedical Imaging; Methods Development and Modelling-Quantitative Methods Development for Health Research,10/1/2024,2029-09-30,0,"Neurosurgery, Simulation, Force Feedback"
"Purdie, Thomas G",University of Toronto,Ontario,Collaborative Health Research Projects (NSERC partnered),201610CPG,Collaborative Health Research Projects - NSERC Partnered,Advancing Personalized Cancer Care with an Automated Radiomics-Based Radiation Therapy Method,"$276,283 ", $-   , $-   ,,3 yrs 0 mth ,Cancer Research,CANCER THERAPY GENERAL; CANCER; BIOPHYSICS,4/1/2017,2020-03-31,1,"Radiomics, Radiation Therapy, Cancer"
"Franklin, Daniel",University of Toronto,Ontario,Project Grant,202403PJT,Biomedical Engineering,Advancing Pulse Oximetry Accuracy and Equity through Wearable Spectroscopy Devices,"$879,750 ", $-   , $-   ,,5 yrs 0 mth ,Circulatory and Respiratory Health,"Biomedical Engineering-Biophysics, Medical Technologies and Instrumentation",10/1/2024,2029-09-30,0,"Pulse Oximetry, Spectroscopy, Wearable"
"Rink, Alexandra",University Health Network (Toronto),Ontario,Project Grant,202209PJT,Medical Physics & Imaging,AI Assisted Organ and Target Segmentation for Cervix Brachytherapy Treatment Planning,"$837,675 ", $-   , $-   ,,5 yrs 0 mth ,Cancer Research,"Cancer-Clinical Oncology; Biomedical Engineering-Biomedical Imaging; Biomedical Engineering-Biophysics, Medical Technologies and Instrumentation",4/1/2023,2028-03-31,0,"AI, Organ Segmentation, Brachytherapy"
"Morin, Ryan D","Simon Fraser University (Burnaby, B.C.)",British Columbia,Project Grant,202203PJT,Cancer Progression & Therapeutics 2,All roads lead to Rome: Tracing the evolutionary paths to diffuse large B-cell lymphoma,"$1,017,450 ", $-   , $-   ,,5 yrs 0 mth ,Cancer Research,"Cancer-Mechanisms of Carcinogenesis; Genetics-Genomics, Transcriptomics and Proteomics",10/1/2022,2027-09-30,0,"B-cell lymphoma, tracing, evolutionary"
"Perrin, David M",University of British Columbia,British Columbia,Project Grant,201709PJT,Cancer Progression & Therapeutics 2,Alpha-amanitin: synthetic derivatives for applications in targeted therapy,"$405,452 ", $-   , $-   ,,4 yrs 0 mth ,Cancer Research,"Pharmacological, Toxicological and Pharmaceutical Sciences-Drug Action, Toxicology and Metabolism; Pharmacological, Toxicological and Pharmaceutical Sciences-Drug Discovery, Design and Delivery; Cancer-Cancer Drug Development and Therapeutics; Medicinal Chemistry",4/1/2018,2022-03-31,6,"alpha-amanitin, synthetic derivatives, targeted therapy"
"Reilly, Raymond M",University of Toronto,Ontario,Project Grant,202104PJT,Cancer Progression & Therapeutics,Alpha-Particle Radioimmunotherapy of Brain Metastases from HER2-Positive Breast Cancer,"$581,400 ", $-   , $-   ,,4 yrs 0 mth ,Cancer Research,"Pharmacological, Toxicological and Pharmaceutical Sciences-Drug Discovery, Design and Delivery",10/1/2021,2025-09-30,0,"Alpha-particle, Radioimmunotherapy, Brain metastases"
"Basik, Mark",CIUSSS de Centre-Ouest-de-l'Ile-de-Montreal-Jewish General,Quebec,Project Grant,202403PJT,Cancer Progression & Therapeutics 2,Altering the gut microbiome in Triple- negative breast cancer: a pilot study,"$1,510,875 ", $-   , $-   ,,4 yrs 0 mth ,Cancer Research,Cancer-Cancer Drug Development and Therapeutics,3/1/2024,2025-02-28,0,"gut microbiome, breast cancer, triple-negative"
"Basik, Mark",CIUSSS de Centre-Ouest-de-l'Ile-de-Montreal-Jewish General,Quebec,Project Grant - PA: Breast Cancer Research,202309PLL,Cancer Biology & Therapeutics 2,Altering the gut microbiome in Triple- negative breast cancer: a pilot study,"$100,000 ", $-   , $-   ,,1 yr 0 mth ,Cancer Research,Cancer-Cancer Drug Development and Therapeutics,3/1/2024,2025-02-28,0,"gut microbiome, breast cancer, triple-negative"
"McGlade, Catherine J",Hospital for Sick Children (Toronto),Ontario,Project Grant,202109PJT,Cancer Progression & Therapeutics,Alternative splicing and Numb protein isoform function in cancer metastasis.,"$860,625 ", $-   , $-   ,,5 yrs 0 mth ,Cancer Research,"Cancer-Cancer Progression and Metastasis; Molecular, Cellular and Systems Biology-Cell Signaling; Molecular, Cellular and Systems Biology-Molecular Biology",4/1/2022,2027-03-31,0,"splicing, Numb protein, metastasis"
"Haddad, Elie","Centre hospitalier universitaire Sainte-Justine (Montreal, Quebec)",Quebec,Project Grant,201709PJT,Cancer Biology & Therapeutics,Alternatives to current Chimeric-Antigen Receptor (CAR)-T cell therapy in acute lymphoblastic leukemia,"$688,500 ", $-   , $-   ,,5 yrs 0 mth ,Cancer Research,"Cancer-Cancer Drug Development and Therapeutics; Cancer-Pediatric Cancer; Immunology and Infection-Transplantation, Immune Tolerance and Tumor Immunology",4/1/2018,2023-03-31,1,"Chimeric-Antigen Receptor, CAR-T, leukemia"
"Moran, Michael F",Hospital for Sick Children (Toronto),Ontario,Project Grant - Priority Announcement: Cancer Research,202209PJS,Cancer Progression & Therapeutics 2,An ACO2-Iron Axis in Aggressive Lung Cancer,"$100,000 ", $-   , $-   ,,1 yr 0 mth ,Cancer Research,Cancer-Cancer Drug Development and Therapeutics; Cancer-Mechanisms of Carcinogenesis,3/1/2023,2024-02-29,0,"ACO2, Iron, Lung Cancer"
"Li, Linda C",University of British Columbia,British Columbia,Catalyst Grant: Personalized Health Catalyst Grants,201706PCG,Personalized Health - novel e-health applications,An app-based intervention to empower self-management for people with rheumatoid arthritis,"$200,000 ", $-   , $-   ,,2 yrs 0 mth ,Health Services and Policy Research,"ARTHRITIS/OSTEOARTHRITIS; HEALTH SERVICES RESEARCH; MUSCLE, BONE, OR JOINT",9/1/2017,2019-08-31,0,"app, self-management, rheumatoid arthritis"
"Tabrizian, Maryam",McGill University,Quebec,Collaborative Health Research Projects (NSERC partnered),201810CPG,Collaborative Health Research Projects - NSERC Partnered,An Injectable Phosphate Releasing Bone Tissue Construct Encapsulating Adipose-Derived Stem Cells and Diphosphate Cleaving Enzymes to Promote Biomineralization in Critical Size Bone Defects,"$383,593 ", $-   , $-   ,,3 yrs 0 mth ,Musculoskeletal Health and Arthritis,"INJURY, REGENERATION; BREAST CANCER THERAPY; MUSCLE, BONE, OR JOINT; CELL BIOLOGY",4/1/2019,2022-03-31,0,"Bone, Stem Cells, Biomineralization"
"Tonin, Patricia N",Research Institute of the McGill University Health Centre,Quebec,Operating Grant - PA: Cancer Research (bridge funding),200903IC1,Cancer Progression & Therapeutics,An integrated functional and genomics approach at elucidating the chromosome 3 genes important in ovarian cancer,"$100,000 ", $-   , $-   ,,1 yr 0 mth ,Cancer Research,NEOPLASMS; GENITO/URINARY SYSTEM; CANCER; MOLECULAR BIOLOGY,10/1/2009,2010-09-30,0,"chromosome 3, genomics, ovarian cancer"
"Beaulieu, Luc",Universite Laval,Quebec,Operating Grant,201003MOP,Medical Physics & Imaging,An Integrated Real-Time 3D Ultrasound Guidance System for Multi-catheters Breast Brachytherapy,"$275,233 ", $-   , $-   ,,3 yrs 0 mth ,Cancer Research,BREAST CANCER; BREAST CANCER THERAPY; CANCER; IMAGING,10/1/2010,2013-09-30,0,"Ultrasound, Brachytherapy, Guidance"
"Mousavi, Parvin","Queen's University (Kingston, Ontario)",Ontario,Collaborative Health Research Projects (NSERC partnered),201810CPG,Collaborative Health Research Projects - NSERC Partnered,An integrated spectroscopy-ultrasound surgical navigation system for residual cancer detection in breast surgery.,"$188,350 ","$10,000 ", $-   ,,3 yrs 0 mth ,Cancer Research,BREAST CANCER; IMAGING; CANCER,4/1/2019,2022-03-31,1,"spectroscopy, ultrasound, cancer detection"
"Stanford, William L",University of Ottawa,Ontario,Collaborative Health Research Projects (NSERC partnered),201410CPG,Collaborative Health Research Projects - NSERC Partnered,An Integrated Systems Biology Approach to Developing Mesenchymal Stem/Stromal Cell-derived Cellular Therapeutics,"$375,384 ", $-   , $-   ,,3 yrs 0 mth ,Infection and Immunity,"MULTIDISCIPLINARY; INFECTIOUS AND PARASITIC; HEALTH RESEARCH; GENOMICS, PROTEOMICS, AND BIOINFORMATICS",4/1/2015,2018-03-31,0,"Systems biology, Mesenchymal stem cells, Cellular therapeutics"
"Tavakoli, Mahdi",University of Alberta,Alberta,Collaborative Health Research Projects (NSERC partnered),201210CPG,Collaborative Health Research Projects - NSERC Partnered,An Intelligent Needle Adjustment Assistant for Prostate Brachytherapy,"$147,327 ", $-   , $-   ,,3 yrs 0 mth ,Cancer Research,PROSTATE AND BLADDER CANCER THERAPY; CANCER,4/1/2013,2016-03-31,2,"Needle, Adjustment, Brachytherapy"
"Kandel, Rita A",Sinai Health System (Toronto),Ontario,Project Grant,202203PJT,Biomedical Engineering,An intervertebral disc replacement: a regenerative medicine approach,"$1,170,450 ", $-   , $-   ,,5 yrs 0 mth ,Musculoskeletal Health and Arthritis,"Musculoskeletal Health-Bone, Skin and Cartilage Sciences; Aging-Aging Process and Biological Determinants of Aging",10/1/2022,2027-09-30,0,"intervertebral disc, regenerative medicine, replacement"
"Drake, James M",Hospital for Sick Children (Toronto),Ontario,Project Grant,202209PJT,Medical Physics & Imaging,An MRI-compatible focused ultrasound platform for non-invasive treatment of intraventricular hemorrhage of prematurity,"$612,000 ", $-   , $-   ,,4 yrs 0 mth ,"Human Development, Child and Youth Health","Biomedical Engineering-Biophysics, Medical Technologies and Instrumentation; Biomedical Engineering-Biomedical Imaging; Reproduction and Development-Clinical Embryology, Neonatology and Pediatrics",4/1/2023,2027-03-31,0,"MRI, ultrasound, hemorrhage"
"Narod, Steven A",Women's College Hospital (Toronto),Ontario,Project Grant,202309PJT,Cancer Progression & Therapeutics,An observational study of treatment and outcomes among BRCA1 carriers with breast cancer,"$765,000 ", $-   , $-   ,,5 yrs 0 mth ,Cancer Research,Cancer-Cancer Progression and Metastasis; Genetics-Clinical Genetics,7/1/2024,2029-06-30,0,"BRCA1, breast cancer, outcomes"
"Boutopoulos, Christos",CIUSSS Est-de-l'Ile-de- Montreal-Maisonneuve Rosemont,Quebec,Project Grant,202109PJT,Medical Physics & Imaging,An OCT-controlled system for precise and reproducible subretinal drug injection in mice,"$179,775 ", $-   , $-   ,,2 yrs 6 mths ,Genetics,"Biomedical Engineering-Biophysics, Medical Technologies and Instrumentation; Biomedical Engineering-Biomedical Imaging",4/1/2022,2024-09-30,0,"OCT, subretinal injection, mice"
"Langlois, Marc-Andre",University of Ottawa,Ontario,Operating Grant: COVID-19 Rapid Research Funding Opportunity - Diagnostics,202005VR2,COVID-19 Rapid Research - Diagnostics,Analysis of Antibody Neutralization Efficiency and Cellular Immunity in SARS-CoV-2-Positive Individuals Identified in At-Risk Individuals,"$2,112,500 ", $-   , $-   ,,1 yr 0 mth ,Infection and Immunity,VIRAL; VIROLOGY,6/1/2020,2021-05-31,0,"Antibody, Neutralization, SARS-CoV-2"
"Kelley, Shana O",University of Toronto,Ontario,Collaborative Health Research Projects (NSERC partnered),201510CPG,Collaborative Health Research Projects - NSERC Partnered,Analysis of Circulating Tumor Cell Heterogeneity Using a Multi-Marker Microscale Capture Approach as a tool in the Management and Treatment of Cancer,"$344,850 ", $-   , $-   ,,3 yrs 0 mth ,Cancer Research,PROSTATE AND BLADDER CANCER; CANCER THERAPY GENERAL; CANCER; BIOCHEMISTRY,4/1/2016,2019-03-31,3,"Circulating Tumor Cells, Microscale Capture, Cancer"
"Kao, Kenneth R",Memorial University of Newfoundland,Newfoundland and Labrador,Operating Grant - PA: Regional Partnership Program - Newfoundland and Labrador,201303RNL,Cancer Progression & Therapeutics 2,Analysis of human Pygopus 2 as an essential androgen-responsive cellular biomarker for prostate cancer progression,"$153,012 ", $-   , $-   ,,3 yrs 0 mth ,Cancer Research,PROSTATE AND BLADDER CANCER; PROSTATE AND BLADDER CANCER THERAPY; CANCER; CELL BIOLOGY,4/1/2014,2017-03-31,0,"Pygopus 2, androgen-responsive, prostate cancer"
"Legare, France",Universite Laval,Quebec,Catalyst Grant: Personalized Health Catalyst Grants,201706PCG,Personalized Health - novel e-health applications,Analytical mobile application to support shared decision making for pregnant women,"$199,888 ", $-   , $-   ,,2 yrs 0 mth ,Health Services and Policy Research,HEALTH CARE DELIVERY; PERINATAL; POPULATION HEALTH; HEALTH RESEARCH,9/1/2017,2019-08-31,0,"mobile application, shared decision making, pregnant women"
"Fortin, Marc-Andre",Universite Laval,Quebec,Project Grant,202003PJT,Biomedical Engineering,Anatomically relevant brachytherapy implants by a 3D printing and radiosensitizing approach,"$765,000 ", $-   , $-   ,,5 yrs 0 mth ,Cancer Research,"Biomedical Engineering-Biomaterials, Nanotechnology and Biomechanics; 3D-printing, additive manufacturing, new processes for biomaterials and devices",10/1/2020,2025-09-30,0,"brachytherapy, 3D printing, radiosensitizing"
"Li, Linda C",University of British Columbia,British Columbia,Catalyst Grant: eHealth Innovations,201210CEH,e-Health Innovation Partnership Program (eHIPP),ANSWER-2: A biologic decision aid for patients with rheumatoid arthritis,"$96,661 ", $-   , $-   ,,1 yr 0 mth ,Musculoskeletal Health and Arthritis,"ARTHRITIS/OSTEOARTHRITIS; HEALTH CARE DELIVERY; MUSCLE, BONE, OR JOINT; HEALTH SERVICES RESEARCH",3/1/2013,2014-02-28,0,"biologic, decision aid, rheumatoid arthritis"
"Eikelboom, John W",McMaster University,Ontario,Operating Grant: COVID-19 Rapid Research Funding Opportunity - Therapeutics,202005VR3,COVID-19 Rapid Research - Therapeutics,Anti-Coronavirus Therapy (ACT) to prevent COVID-19 disease progression: a clinical trial platform,"$2,937,119 ", $-   , $-   ,,1 yr 0 mth ,Infection and Immunity,VIRAL; NOT CLASSIFIED,6/1/2020,2021-05-31,0,"Anti-Coronavirus, COVID-19, clinical trial"
"Zarychanski, Ryan",University of Manitoba,Manitoba,Operating Grant: COVID-19 Rapid Research Funding Opportunity - Therapeutics,202005VR3,COVID-19 Rapid Research - Therapeutics,"ANTI-THROMBOTIC THERAPY TO AMELIORATE COMPLICATIONS OF COVID-19 (ATTACC): A randomized, international, multi-centre, adaptive, controlled clinical trial","$3,573,336 ", $-   , $-   ,,1 yr 0 mth ,Circulatory and Respiratory Health,INFECTIOUS AND PARASITIC; HEALTH RESEARCH,6/1/2020,2021-05-31,0,"anti-thrombotic, COVID-19, clinical trial"
"Sanderson, J. Thomas","INRS - (Quebec, QC)",Quebec,Operating Grant,201103MOP,Cancer Progression & Therapeutics,"Antiandrogenic and antiproliferative effects of diindolylmethane (DIM) and ring-substituted analogs (ring-DIMs) in androgen -ependent and -independent human prostate cancer cells in vitro, and in vivo using real-time imaging technology.","$345,661 ", $-   , $-   ,,3 yrs 0 mth ,Gender and Health,PROSTATE AND BLADDER CANCER; PROSTATE AND BLADDER CANCER THERAPY; HEALTH RESEARCH; CANCER,10/1/2011,2014-09-30,0,"antiandrogenic, antiproliferative, prostate cancer"
"Ng, Sylvia",University of British Columbia,British Columbia,Operating Grant - PA: Cancer Research (bridge funding),201003IC1,Cancer Progression & Therapeutics,Antiangiogenesis-Induced Changes in the Tumour Microenvironment: A Window for Therapeutic Exploitation in Pancreatic Cancer,"$100,000 ", $-   , $-   ,,1 yr 0 mth ,Cancer Research,GASTRO-INTESTINAL CANCER; GASTRO-INTESTINAL CANCER THERAPY; CANCER; DRUG RESEARCH,9/1/2010,2011-08-31,0,"Antiangiogenesis, Tumour Microenvironment, Pancreatic Cancer"
"Mader, Sylvie N",Universite de Montreal,Quebec,Operating Grant - PA: Cancer Research (bridge funding),201203IC1,Cancer Progression & Therapeutics,Antiestrogen-HDACi hybrid molecules for breast cancer treatment.,"$100,000 ", $-   , $-   ,,1 yr 0 mth ,Cancer Research,BREAST CANCER THERAPY; BREAST CANCER; CANCER; DRUG RESEARCH,10/1/2012,2013-09-30,1,"Antiestrogen, HDACi, breast cancer"
"Wang, Yuzhuo",University of British Columbia,British Columbia,Operating Grant: Industry-partnered Collaborative Research,201509IPR,Industry Partnered Collaborative Research,Application of antibody internalization domain to improve the efficacy and safety of Antibody Drug Conjugates,"$625,000 ", $-   , $-   ,,5 yrs 0 mth ,Cancer Research,PROSTATE AND BLADDER CANCER; CANCER,4/1/2016,2021-03-31,0,"antibody, internalization, conjugates"
"Dunn, Jeff F",University of Calgary,Alberta,Collaborative Health Research Projects (NSERC partnered),201410CPG,Collaborative Health Research Projects - NSERC Partnered,Application of functional near-infrared imaging as a biomarker of injury and recovery in mild traumatic brain injury and concussion,"$249,682 ", $-   , $-   ,,3 yrs 0 mth ,"Neurosciences, Mental Health and Addiction",MULTIDISCIPLINARY; MENTAL AND BEHAVIOURAL DISEASES; IMAGING; MENTAL HEALTH,4/1/2015,2018-03-31,0,"near-infrared imaging, biomarker, brain injury"
"Drake, James M",Hospital for Sick Children (Toronto),Ontario,Project Grant,202104PJT,Biomedical Engineering,Application of Magnetically Actuated Robotic System for Minimally Invasive Epilepsy Surgery,"$405,450 ", $-   , $-   ,,3 yrs 0 mth ,"Human Development, Child and Youth Health","Biomedical Engineering-Biophysics, Medical Technologies and Instrumentation",10/1/2021,2024-09-30,1,"Magnetically Actuated, Robotic System, Epilepsy"
"Chan, Warren C",University of Toronto,Ontario,Collaborative Health Research Projects (NSERC partnered),201910CPG,Collaborative Health Research Projects - NSERC Partnered,Applying machine learning to 3D tumor histopathology for predicting patient outcomes,"$484,151 ", $-   , $-   ,,3 yrs 0 mth ,Cancer Research,LUNG CANCER; CANCER; BIOPHYSICS,4/1/2020,2023-03-31,2,"machine learning, histopathology, tumor"
"McGlade, Catherine J",Hospital for Sick Children (Toronto),Ontario,Project Grant,201903PJT,Cancer Progression & Therapeutics 2,Approaches to regulate Cbl ubiquitin ligase activity and control oncogenic tyrosine kinase signaling.,"$906,526 ", $-   , $-   ,,5 yrs 0 mth ,Cancer Research,"Cancer-Cancer Drug Development and Therapeutics; Molecular, Cellular and Systems Biology-Cell Signaling; Molecular, Cellular and Systems Biology-Cell Biology and Physiology",10/1/2019,2024-09-30,0,"Cbl, ubiquitin ligase, tyrosine kinase"
"Tsai, Scott",Toronto Metropolitan University,Ontario,Project Grant,202303PJT,Biomedical Engineering 2,Aqueous two-phase system technology for biomarker isolation and next-generation non-invasive active surveillance of prostate cancer,"$749,700 ", $-   , $-   ,,5 yrs 0 mth ,Cancer Research,"Biomedical Engineering-Biomaterials, Nanotechnology and Biomechanics",10/1/2023,2028-09-30,1,"Aqueous two-phase system, biomarker isolation, prostate cancer"
"Richard, Stephane",CIUSSS de Centre-Ouest-de-l'Ile-de-Montreal-Jewish General,Quebec,Operating Grant,200809MOP,Cancer Biology & Therapeutics,Arginine methylase PRMT1 and PRMT6 in cancer and genomic instability.,"$877,100 ", $-   , $-   ,,5 yrs 0 mth ,Cancer Research,CANCER THERAPY GENERAL; LEUKAEMIAS; CANCER; MOLECULAR BIOLOGY,4/1/2009,2014-03-31,0,"Arginine methylase, PRMT1, PRMT6"
"Lepage, Martin",CIUSSS de l'Ouest-de-l'Ile-de-Montreal-Douglas Hospital,Quebec,Operating Grant: Industry-partnered Collaborative Research,201503IPR,Industry Partnered Collaborative Research,"Aripiprazole Long Acting Injectable (ALAI), its potential enhancing effect on memory and associated neural structures: A longitudinal brain imaging study in first-episode psychosis","$568,337 ", $-   , $-   ,,5 yrs 0 mth ,"Neurosciences, Mental Health and Addiction",SCHIZOPHRENIA; MENTAL HEALTH; IMAGING,10/1/2015,2021-09-30,0,"Aripiprazole, Injectable, Brain imaging"
"Boyd, Lara",University of British Columbia,British Columbia,Collaborative Health Research Projects (NSERC partnered),201210CPG,Collaborative Health Research Projects - NSERC Partnered,ARMS UP/Assisted Robotic Movement after Stroke using Brain Power: Controlling robotics with EEG,"$194,625 ", $-   , $-   ,,3 yrs 0 mth ,"Neurosciences, Mental Health and Addiction","STROKE, HEART FAILURE; HEALTH RESEARCH",4/1/2013,2016-03-31,0,"Robotics, EEG, Stroke"
"Amsden, Brian G","Queen's University (Kingston, Ontario)",Ontario,Collaborative Health Research Projects (NSERC partnered),201310CPG,Collaborative Health Research Projects - NSERC Partnered,Articular Cartilage Reconstruction,"$168,002 ", $-   , $-   ,,3 yrs 0 mth ,Musculoskeletal Health and Arthritis,MUSCULO SKELETAL; ARTHRITIS/OSTEOARTHRITIS,4/1/2014,2017-03-31,0,"Articular, Cartilage, Reconstruction"
"Nicolaou, Savvakis",University of British Columbia,British Columbia,Project Grant - PA: Pandemic Preparedness and Health Emergencies Research,202209PPE,Medical Physics & Imaging,"Artificial intelligence assisted Method, Optimizing the Prediction of Patient Outcomes among Long COVID-19 Patients.","$100,000 ", $-   , $-   ,,1 yr 0 mth ,Health Services and Policy Research,Artificial Intelligence-Machine Learning; Health Services and Systems-Personalized Medicine; Indigenous Health-Indigenous Peoples' Health,3/1/2023,2024-02-29,0,"artificial intelligence, prediction, COVID-19"
"Bashashati, Ali",University of British Columbia,British Columbia,Project Grant,202403PJT,Medical Physics & Imaging,aRtificial intelligence-driven computational pathology platform for blAdder Cancer subTyping (REACT),"$845,326 ", $-   , $-   ,,5 yrs 0 mth ,Cancer Research,Artificial Intelligence-Machine Learning; Biomedical Engineering-Biomedical Imaging; Cancer-Cancer Drug Development and Therapeutics,10/1/2024,2029-09-30,0,"artificial intelligence, computational pathology, bladder cancer"
"Selvaganapathy, Ponnambalam R",McMaster University,Ontario,Project Grant,201909PJT,Biomedical Engineering,Artificial Placenta: A biomimetic approach to support neonates with respiratory distress,"$761,176 ", $-   , $-   ,,4 yrs 0 mth ,"Human Development, Child and Youth Health","Biomedical Engineering-Biophysics, Medical Technologies and Instrumentation; Biomedical Engineering-Biomaterials, Nanotechnology and Biomechanics",4/1/2020,2024-03-31,0,"Artificial placenta, biomimetic, respiratory"
"Chan, Warren C",University of Toronto,Ontario,Operating Grant,200809MOP,Biomedical Engineering,Assessing the Size Dependent Cancer Targeting of Herceptin-coated Nanoparticles,"$419,013 ", $-   , $-   ,,4 yrs 0 mth ,Cancer Research,BREAST CANCER; BIOPHYSICS; CANCER,4/1/2009,2013-03-31,0,"Herceptin, nanoparticles, cancer"
"Brezden-Masley, Christine",Unity Health Toronto,Ontario,Operating Grant: Industry-partnered Collaborative Research - Rx&D partner,200903IRO,Industry Partnered Collaborative Research,Assessment of Cardiotoxicity by Cardiac MRI in Early Stage Breast Cancer Patients Receiving Adjuvant Trastuzumab: A Prospective Observational Pilot Study,"$37,500 ", $-   , $-   ,,3 yrs 0 mth ,Cancer Research,"BREAST CANCER THERAPY; STROKE, HEART FAILURE; CANCER; CARDIOVASCULAR",10/1/2009,2012-09-30,0,"Cardiac MRI, Cardiotoxicity, Breast Cancer"
"Katyal, Sachin",University of Manitoba,Manitoba,Operating Grant,201403MOP,Cancer Biology & Therapeutics,ATM and TDP1 coordinate neurodevelopment and modulate Top1-mediated anti-cancer therapeutic outcome,"$817,320 ", $-   , $-   ,,5 yrs 0 mth ,Cancer Research,CANCER THERAPY GENERAL; MULTIPLE DISEASE RELEVANCE; CANCER; GENETICS,7/1/2014,2019-06-30,0,"ATM, TDP1, Top1"
"Luo, Ma",University of Manitoba,Manitoba,Vaccines of the 21st Century,200903CVC,Catalyst Grant: Vaccines of the 21st Century,ATTACKING HIV PROTEASE CLEAVAGE SITES WITH IMMUNIZATION - Explore the rapid mutation rate of HIV-1,"$100,000 ", $-   , $-   ,,1 yr 0 mth ,Infection and Immunity,AIDS; VIRAL; VIROLOGY; GENETICS,10/1/2009,2010-09-30,1,"HIV, Protease, Immunization"
"Reilly, Raymond M",University of Toronto,Ontario,Project Grant,201709PJT,Cancer Progression & Therapeutics,Auger Electron Radioimmunotherapy for Treatment and Prevention of Metastases from Triple-Negative Breast Cancer,"$684,675 ", $-   , $-   ,,5 yrs 0 mth ,Cancer Research,"Cancer-Cancer Drug Development and Therapeutics; Pharmacological, Toxicological and Pharmaceutical Sciences-Drug Discovery, Design and Delivery",4/1/2018,2023-03-31,0,"Auger Electron, Radioimmunotherapy, Metastases"
"Trudel, Guy",University of Ottawa,Ontario,Operating Grant,201009MOP,Biomedical Engineering,Autologous Bone Marrow-Derived Cellular Augmentation in Rotator Cuff Repair,"$866,864 ", $-   , $-   ,,5 yrs 0 mth ,Musculoskeletal Health and Arthritis,"MUSCULO SKELETAL; INJURY, REGENERATION; MUSCLE, BONE, OR JOINT",4/1/2011,2016-03-31,0,"Bone Marrow, Cellular, Rotator Cuff"
"Sun, Yu",University of Toronto,Ontario,Collaborative Health Research Projects (NSERC partnered),201410CPG,Collaborative Health Research Projects - NSERC Partnered,Automated assays of gap junction functions and screening of drugs for rescuing conduction in heart tissues,"$300,938 ", $-   , $-   ,,3 yrs 0 mth ,Circulatory and Respiratory Health,ARRHYTHMIAS; DRUGS- PHARMACEUTICAL SCIENCE/CHEMISTRY & NON MEDICAL USE OF DRUGS; CARDIOVASCULAR; GENETICS,4/1/2015,2018-03-31,3,"assays, gap junctions, heart tissues"
"Diamandis, Phedias",University Health Network (Toronto),Ontario,Project Grant,202104PJT,Medical Physics & Imaging,Automated computational pathology workflows for resolving patterns of heterogeneity in cancer,"$680,851 ", $-   , $-   ,,4 yrs 0 mth ,Cancer Research,Cancer-Cancer Progression and Metastasis; Artificial Intelligence-Artificial Intelligence; Methods Development and Modelling-Quantitative Methods Development for Health Research,10/1/2021,2025-09-30,0,"computational pathology, heterogeneity, cancer"
"Bainbridge, Shannon A",University of Ottawa,Ontario,Collaborative Health Research Projects (NSERC partnered),201910CPG,Collaborative Health Research Projects - NSERC Partnered,Automated placenta screening to improve maternal lifetime cardiovascular health,"$238,045 ","$6,000 ", $-   ,,3 yrs 0 mth ,Circulatory and Respiratory Health,MULTIDISCIPLINARY; PREGNANCY/BIRTH; CARDIOVASCULAR; REPRODUCTION/PREGNANCY,4/1/2020,2023-03-31,0,"placenta, screening, cardiovascular"
"Abolmaesumi, Purang",University of British Columbia,British Columbia,Project Grant,202203PJT,Medical Physics & Imaging,Automatic Assessment of Aortic Stenosis with Point of Care Ultrasound,"$1,005,976 ", $-   , $-   ,,5 yrs 0 mth ,Aging,"Artificial Intelligence-Machine Learning; Biomedical Engineering-Biomedical Imaging; Cardiovascular, Respiratory and Circulatory Systems-Clinical and Translational Cardiovascular Sciences",10/1/2022,2027-09-30,0,"Aortic Stenosis, Ultrasound, Point of Care"
"Martel, Anne L","Sunnybrook Research Institute (Toronto, Ontario)",Ontario,Operating Grant,201103MOP,Medical Physics & Imaging,Automatic Motion Correction for Dynamic Contrast Enhanced MRI,"$198,878 ", $-   , $-   ,,3 yrs 0 mth ,Cancer Research,CANCER THERAPY GENERAL; MULTIPLE DISEASE RELEVANCE; IMAGING; CANCER,10/1/2011,2014-09-30,0,"Motion, Correction, MRI"
"Van Houten, Elijah E",Universite de Sherbrooke,Quebec,Catalyst Grant: NWHRI: Innovation Fund - Biomedical Discovery Grants,202307NWI,NWHRI: Innovation Fund - Biomedical Discovery Grants,Automating data acquisition and data processing pipeline via artificial intelligence and machine learning approaches to allow at-home use of a novel breast cancer screening method employing bra-based elastography imaging.,"$150,000 ", $-   , $-   ,,1 yr 0 mth ,Cancer Research,BREAST CANCER; MULTIDISCIPLINARY; IMAGING; CANCER,2/1/2024,2025-01-31,0,"data acquisition, elastography imaging, breast cancer"
"Gorski, Sharon M","Simon Fraser University (Burnaby, B.C.)",British Columbia,Operating Grant - Priority Announcement: Breast Cancer Research (AVON),201209OBC,Cancer Progression & Therapeutics,Autophagy inhibition for the treatment of chemotherapy-refractory triple-negative breast cancer, $-   , $-   ,"$750,000 ",Avon Foundation for Women - Canada,5 yrs 0 mth ,Cancer Research,BREAST CANCER; BREAST CANCER THERAPY; CANCER; CELL BIOLOGY,4/1/2013,2018-03-31,0,"Autophagy, chemotherapy, breast cancer"
"Barralet, Jake E",Research Institute of the McGill University Health Centre,Quebec,Project Grant,201809PJT,Biomedical Engineering,Autosynthetics: Cranial Regeneration,"$631,124 ", $-   , $-   ,,4 yrs 0 mth ,Musculoskeletal Health and Arthritis,"Musculoskeletal Health-Bone, Skin and Cartilage Sciences",4/1/2019,2023-03-31,0,"Autosynthetics, Cranial, Regeneration"
"Whelan, Timothy J",McMaster University,Ontario,Operating Grant,201109MOP,Cancer Biology & Therapeutics,Avoidance of Radiotherapy in Luminal A Breast Cancer,"$339,130 ", $-   , $-   ,,2 yrs 0 mth ,Cancer Research,BREAST CANCER; BREAST CANCER THERAPY; CANCER; MOLECULAR BIOLOGY,4/1/2012,2014-03-31,0,"Radiotherapy, Luminal A, Breast Cancer"
"Alhazzani, Waleed",McMaster University,Ontario,Operating Grant: COVID-19 Rapid Research Funding Opportunity - Therapeutics,202005VR3,COVID-19 Rapid Research - Therapeutics,Awake Prone Position in Hypoxemic Patients with Coronavirus Disease 19,"$1,089,205 ", $-   , $-   ,,0 yr 6 mths ,Circulatory and Respiratory Health,RESPIRATION; VIRAL; VIROLOGY,6/1/2020,2021-05-31,0,"Prone Position, Hypoxemic, Coronavirus"
"Lubell, William D",Universite de Montreal,Quebec,Collaborative Health Research Projects (NSERC partnered),201810CPG,Collaborative Health Research Projects - NSERC Partnered,Azacyclopeptide Modulators of Immuno-metabolism to Treat Age-Related Macular Degeneration,"$403,623 ","$48,053 ", $-   ,,3 yrs 0 mth ,Aging,AGING; NONE OF THE ABOVE; DRUG RESEARCH,4/1/2019,2022-03-31,0,"Azacyclopeptide, Immuno-metabolism, Macular Degeneration"
"Nepveu, Alain",McGill University,Quebec,Project Grant,201709PJT,Cancer Biology & Therapeutics,"Base Excision Repair in Cancer- New Mechanisms, Dependencies and Vulnerabilities","$826,200 ", $-   , $-   ,,5 yrs 0 mth ,Cancer Research,"Cancer-Cancer Drug Development and Therapeutics; Molecular, Cellular and Systems Biology-Structure and Function of Macromolecules",4/1/2018,2023-03-31,0,"Base Excision Repair, Cancer, Vulnerabilities"
"Bertrand, Richard",Centre hospitalier de l'Universite de Montreal (CHUM),Quebec,Operating Grant,200903MOP,Cancer Biology & Therapeutics,Bcl-xL regulation and function during G2 and mitotic spindle assembly checkpoints,"$612,420 ", $-   , $-   ,,5 yrs 0 mth ,Cancer Research,NEOPLASMS; CANCER THERAPY GENERAL; CANCER; MOLECULAR BIOLOGY,10/1/2009,2014-09-30,0,"Bcl-xL, mitotic spindle, checkpoints"
"Ma, Hongshen",University of British Columbia,British Columbia,Project Grant,202203PJT,Biomedical Engineering 2,Behaviour-based cell separation to interrogate host cell heterogeneity in CAR-T cell therapies,"$864,450 ", $-   , $-   ,,5 yrs 0 mth ,Cancer Research,"Biomedical Engineering-Biophysics, Medical Technologies and Instrumentation; Biomedical Engineering-Biomaterials, Nanotechnology and Biomechanics; Biomedical Engineering-Biomedical Imaging",10/1/2022,2027-09-30,0,"cell separation, CAR-T, heterogeneity"
"Strynadka, Natalie C",University of British Columbia,British Columbia,Operating Grant: COVID-19 Rapid Research Funding Opportunity - Therapeutics,202005VR3,COVID-19 Rapid Research - Therapeutics,Bespoke transition state analog inhibitors of SARS-CoV-2 3CL and PL proteases,"$403,065 ", $-   , $-   ,,1 yr 0 mth ,Infection and Immunity,INFECTIOUS AND PARASITIC; DRUGS- PHARMACEUTICAL SCIENCE/CHEMISTRY & NON MEDICAL USE OF DRUGS; DRUG RESEARCH; BIOPHYSICS,6/1/2020,2021-05-31,0,"transition state, inhibitors, proteases"
"Schirrmacher, Ralf",CIUSSS de Centre-Ouest-de-l'Ile-de-Montreal-Jewish General,Quebec,Operating Grant,200903MOP,Medical Physics & Imaging,Beta-cell imaging with 18F-labeled glibenclamide-glucose conjugates by positron emission tomography,"$238,386 ", $-   , $-   ,,3 yrs 0 mth ,"Nutrition, Metabolism and Diabetes",DIABETES MELLITUS; ENDOCRINOLOGY; IMAGING; METABOLISM/DIABETES,10/1/2009,2012-09-30,0,"beta-cell, imaging, positron emission tomography"
"Schirrmacher, Ralf",CIUSSS de Centre-Ouest-de-l'Ile-de-Montreal-Jewish General,Quebec,"Operating Grant - PA: Inst of Nutrition, Metabolism and Diabetes -Bridge Funding",200809NMD,Medical Physics & Imaging,Beta-cell imaging with 18F-labeled glibenclamide-glucose conjugates by positron emission tomography,"$81,155 ", $-   , $-   ,,1 yr 0 mth ,"Nutrition, Metabolism and Diabetes",DIABETES MELLITUS; ENDOCRINOLOGY; IMAGING; METABOLISM/DIABETES,1/1/2009,2009-12-31,0,"beta-cell, imaging, positron emission tomography"
"Murphy, Leigh C",University of Manitoba,Manitoba,Operating Grant,200903MOP,Cancer Progression & Therapeutics,Beyond the estrogen receptor: Involvement of kinases in estrogen dependence and independence in human breast cancer,"$729,830 ", $-   , $-   ,,5 yrs 0 mth ,Cancer Research,BREAST CANCER; ENDOCRINOLOGY; CANCER,10/1/2009,2014-09-30,1,"estrogen receptor, kinases, breast cancer"
"Menon, Ravi S",Western University (Ontario),Ontario,Operating Grant,201403MOP,Medical Physics & Imaging,Beyond the McDonald Criteria. Can MRI diagnose Multiple Sclerosis at the onset of initial symptoms ?,"$773,740 ", $-   , $-   ,,5 yrs 0 mth ,"Neurosciences, Mental Health and Addiction",MULTIPLE SCLEROSIS; MULTIPLE DISEASE RELEVANCE; IMAGING; NERVOUS SYSTEM,7/1/2014,2016-06-30,0,"MRI, Multiple Sclerosis, Diagnosis"
"Zariffa, Jose",University of Toronto,Ontario,Project Grant,202203PJT,Biomedical Engineering,"Bidirectional, selective, and implantable peripheral nerve interface for restoring function after spinal cord injury","$822,376 ", $-   , $-   ,,5 yrs 0 mth ,"Neurosciences, Mental Health and Addiction","Biomedical Engineering-Biophysics, Medical Technologies and Instrumentation; Neurosciences-Motor Systems",10/1/2022,2027-09-30,0,"nerve interface, spinal cord, implantable"
"Menon, Carlo","Simon Fraser University (Burnaby, B.C.)",British Columbia,Collaborative Health Research Projects (NSERC partnered),201510CPG,Collaborative Health Research Projects - NSERC Partnered,Bimanual wearable robotic orthoses to promote cortical function and recovery from stroke,"$225,500 ", $-   , $-   ,,3 yrs 0 mth ,"Neurosciences, Mental Health and Addiction","STROKE, HEART FAILURE; HEALTH RESEARCH",4/1/2016,2019-03-31,0,"wearable, robotic, orthoses"
"Kennedy, Timothy E",McGill University,Quebec,Collaborative Health Research Projects (NSERC partnered),201510CPG,Collaborative Health Research Projects - NSERC Partnered,Bio-integrated fully implantable peripheral nerve electrode for functional upper limb prostheses,"$247,080 ", $-   , $-   ,,3 yrs 0 mth ,"Neurosciences, Mental Health and Addiction",CNS ORGANIC; NERVOUS SYSTEM,4/1/2016,2019-03-31,0,"bio-integrated, nerve electrode, prostheses"
"Xing, Zhou",McMaster University,Ontario,Collaborative Health Research Projects (NSERC partnered),201210CPG,Collaborative Health Research Projects - NSERC Partnered,"Bioengineered chimpanzee adenovirus-based vaccines against tuberculosis: Optimization of immunologic property, formulation and delivery for bench-to-human applications","$486,740 ", $-   , $-   ,,3 yrs 0 mth ,Infection and Immunity,INFECTIOUS AND PARASITIC; HEALTH RESEARCH,4/1/2013,2016-03-31,3,"chimpanzee adenovirus, vaccines, tuberculosis"
"Yim, Evelyn K",University of Waterloo (Ontario),Ontario,Project Grant,202303PJT,Biomedical Engineering,Bioengineered self-sealing synthetic arteriovenous graft for hemodialysis access,"$1,086,300 ", $-   , $-   ,,5 yrs 0 mth ,Circulatory and Respiratory Health,"Biomedical Engineering-Biomaterials, Nanotechnology and Biomechanics; Cardiovascular, Respiratory and Circulatory Systems-Vascular and Endothelial Biology; Biomedical Engineering-Regenerative Medicine and Tissue Engineering",10/1/2023,2028-09-30,0,"bioengineering, arteriovenous graft, hemodialysis"
"Kandel, Rita A",Sinai Health System (Toronto),Ontario,Project Grant,201803PJT,Biomedical Engineering,Bioengineering a finger joint replacement,"$688,501 ", $-   , $-   ,,4 yrs 0 mth ,Musculoskeletal Health and Arthritis,"Musculoskeletal Health-Bone, Skin and Cartilage Sciences; Aging-Aging Process and Biological Determinants of Aging",10/1/2018,2022-09-30,0,"Bioengineering, finger joint, replacement"
"Li, Jianyu",McGill University,Quebec,Project Grant,202109PJT,Biomedical Engineering,Bioengineering Tough Blood Clots for Hemorrhage Control,"$677,025 ", $-   , $-   ,,5 yrs 0 mth ,Circulatory and Respiratory Health,"Biomedical Engineering-Biomaterials, Nanotechnology and Biomechanics",4/1/2022,2027-03-31,0,"Bioengineering, Blood Clots, Hemorrhage"
"Azad, Taha",Universite de Sherbrooke,Quebec,Project Grant,202303PJT,Cancer Biology & Therapeutics,Bioengineering viruses to create safer and more effective oncolytic viruses,"$986,850 ", $-   , $-   ,,5 yrs 0 mth ,Cancer Research,Cancer-Cancer Drug Development and Therapeutics,10/1/2023,2028-09-30,0,"bioengineering, viruses, oncolytic"
"Tabori, Uri",Hospital for Sick Children (Toronto),Ontario,Project Grant,201709PJT,Cancer Progression & Therapeutics 2,Biological and translational implications of replication repair deficiency and hypermutation in human cancer,"$956,250 ", $-   , $-   ,,5 yrs 0 mth ,Cancer Research,"Cancer-Cancer Drug Development and Therapeutics; Genetics-Genomics, Transcriptomics and Proteomics",4/1/2018,2023-03-31,1,"replication repair, hypermutation, cancer"
"Kandel, Rita A",University of Toronto,Ontario,Collaborative Health Research Projects (NSERC partnered),201711CPG,Collaborative Health Research Projects - NSERC Partnered,Biological Finger Joint Replacement,"$299,503 ", $-   , $-   ,,3 yrs 0 mth ,Musculoskeletal Health and Arthritis,"ARTHRITIS/OSTEOARTHRITIS; MUSCLE, BONE, OR JOINT",4/1/2018,2021-03-31,0,"biological, finger joint, replacement"
"Barabe, Frederic",Universite Laval,Quebec,Project Grant,201903PJT,Cancer Biology & Therapeutics 2,Biology of S100A8 and S100A9 proteins in Human Acute Myeloid Leukemia,"$761,176 ", $-   , $-   ,,5 yrs 0 mth ,Cancer Research,Cancer-Cancer Drug Development and Therapeutics,10/1/2019,2024-09-30,0,"S100A8, S100A9, Leukemia"
"Podsypanina, Katrina",Institut de recherches cliniques de Montreal,Quebec,Operating Grant - Priority Announcement: Breast Cancer,201209COP,Cancer Progression & Therapeutics,Biomarker discovery for human breast cancer relapse in a mouse model of artificial late recurrence.,"$100,000 ", $-   , $-   ,,1 yr 0 mth ,Cancer Research,BREAST CANCER; MULTIPLE DISEASE RELEVANCE; CANCER; MOLECULAR BIOLOGY,3/1/2013,2014-02-28,0,"biomarker, breast cancer, relapse"
"Schultz, Kirk R",University of British Columbia,British Columbia,Operating Grant,200810MOP,Cancer Progression & Therapeutics,Biomarkers for Chronic Graft-Versus-Host disease,"$100,000 ", $-   , $-   ,,1 yr 0 mth ,Cancer Research,LEUKAEMIAS; CANCER THERAPY GENERAL; CANCER; IMMUNOLOGY-TRANSPLANTATION,3/1/2009,2009-09-30,0,"biomarkers, Graft-Versus-Host, disease"
"Schultz, Kirk R",University of British Columbia,British Columbia,Operating Grant,200903MOP,Cancer Progression & Therapeutics,Biomarkers for Chronic Graft-Versus-Host disease,"$972,275 ", $-   , $-   ,,5 yrs 0 mth ,Cancer Research,LEUKAEMIAS; CANCER THERAPY GENERAL; CANCER; IMMUNOLOGY-TRANSPLANTATION,10/1/2009,2014-09-30,0,"biomarkers, Graft-Versus-Host, disease"
"Kislinger, Thomas",University Health Network (Toronto),Ontario,Operating Grant,201203MOP,Cancer Progression & Therapeutics,Biomarkers for the detection of aggressive prostate cancers: Application of targeted proteomics to clinically stratified expressed prostatic secretions and urines,"$346,847 ", $-   , $-   ,,3 yrs 0 mth ,Cancer Research,"PROSTATE AND BLADDER CANCER; CANCER; GENOMICS, PROTEOMICS, AND BIOINFORMATICS",10/1/2012,2015-09-30,1,"biomarkers, proteomics, prostate"
"Simmons, Craig A",University of Toronto,Ontario,Collaborative Health Research Projects (NSERC partnered),201410CPG,Collaborative Health Research Projects - NSERC Partnered,Biomaterial substrates for xeno- and feeder layer-free culture of human pluripotent stem cells,"$316,195 ", $-   , $-   ,,3 yrs 0 mth ,"Human Development, Child and Youth Health","INJURY, REGENERATION; MULTIDISCIPLINARY",4/1/2015,2018-03-31,2,"biomaterial, stem cells, culture"
"Andrysek, Jan",University of Toronto,Ontario,Collaborative Health Research Projects (NSERC partnered),201810CPG,Collaborative Health Research Projects - NSERC Partnered,Biomechanical biofeedback targeting the high-level rehabilitation of mobility in youth with lower limb amputations,"$374,050 ", $-   , $-   ,,3 yrs 0 mth ,"Human Development, Child and Youth Health","MUSCULO SKELETAL; MUSCLE, BONE, OR JOINT",4/1/2019,2022-03-31,0,"biomechanical, biofeedback, rehabilitation"
"Oxland, Thomas R",University of British Columbia,British Columbia,Operating Grant,201309MOP,Biomedical Engineering,Biomechanical factors in spinal cord injury - relevance to the timing of decompression,"$423,361 ", $-   , $-   ,,4 yrs 0 mth ,"Neurosciences, Mental Health and Addiction","SPINAL CORD DISEASE; INJURY, REGENERATION; NERVOUS SYSTEM; MUSCLE, BONE, OR JOINT",4/1/2014,2018-03-31,0,"biomechanical, spinal cord injury, decompression"
"Amsden, Brian G","Queen's University (Kingston, Ontario)",Ontario,Operating Grant,201403MOP,Biomedical Engineering,Biomimetic Scaffold for Ligament Tissue Engineering,"$409,478 ", $-   , $-   ,,4 yrs 0 mth ,Musculoskeletal Health and Arthritis,"INJURY, REGENERATION; MUSCULO SKELETAL",7/1/2014,2018-06-30,0,"Biomimetic, Scaffold, Ligament"
"Amsden, Brian G","Queen's University (Kingston, Ontario)",Ontario,"Operating Grant - PA: Musculoskeletal Health, Arthritis, Skin and Oral Health",201109IMH,Biomedical Engineering,Biomimetic Scaffold for Ligament Tissue Engineering,"$100,000 ", $-   , $-   ,,1 yr 0 mth ,Musculoskeletal Health and Arthritis,"INJURY, REGENERATION; MUSCULO SKELETAL",3/1/2012,2013-02-28,0,"Biomimetic, Scaffold, Ligament"
"Brown, Claire M",McGill University,Quebec,Collaborative Health Research Projects (NSERC partnered),201510CPG,Collaborative Health Research Projects - NSERC Partnered,Biophysical Tools for the Characterization of Breast Cancer Cell Migration and Invasion,"$272,500 ", $-   , $-   ,,3 yrs 0 mth ,Cancer Research,BREAST CANCER; CANCER; CELL BIOLOGY,4/1/2016,2019-03-31,0,"biophysical, breast cancer, cell migration"
"Stefanovic, Bojana","Sunnybrook Research Institute (Toronto, Ontario)",Ontario,Operating Grant,200809MOP,Medical Physics & Imaging,Biophysics of Functional MRI,"$276,264 ", $-   , $-   ,,3 yrs 0 mth ,"Neurosciences, Mental Health and Addiction",MULTIDISCIPLINARY; IMAGING; BIOPHYSICS,4/1/2009,2012-03-31,0,"Biophysics, Functional MRI"
"Piret, James M",University of British Columbia,British Columbia,Collaborative Health Research Projects (NSERC partnered),201810CPG,Collaborative Health Research Projects - NSERC Partnered,Bioprocess Engineering for Therapeutic T-cell Manufacturing,"$306,802 ", $-   , $-   ,,3 yrs 0 mth ,Infection and Immunity,MULTIDISCIPLINARY; MULTIPLE DISEASE RELEVANCE; CELL BIOLOGY; IMMUNOLOGY-TRANSPLANTATION,4/1/2019,2022-03-31,0,"Bioprocess, T-cell, Manufacturing"
"Brunette, Isabelle",Universite de Montreal,Quebec,Collaborative Health Research Projects (NSERC partnered),201610CPG,Collaborative Health Research Projects - NSERC Partnered,Biosynthetic alternatives to human donor corneal transplantation,"$321,657 ", $-   , $-   ,,3 yrs 0 mth ,"Neurosciences, Mental Health and Addiction",AGING; VISION,4/1/2017,2020-03-31,1,"biosynthetic, corneal, transplantation"
"Gujar, Shashi A",Dalhousie University (Nova Scotia),Nova Scotia,Project Grant,202003PJT,Cancer Biology & Therapeutics,Biotherapeutic implications for oncolytic virus-induced MHC class I ligandomes,"$1,063,350 ", $-   , $-   ,,5 yrs 0 mth ,Cancer Research,Cancer-Cancer Drug Development and Therapeutics,10/1/2020,2025-09-30,0,"oncolytic virus, MHC class I, ligandomes"
"Shultz, Sandy","Vancouver Island University (Nanaimo, BC)",British Columbia,Catalyst Grant: NWHRI: Innovation Fund - Biomedical Discovery Grants,202307NWI,NWHRI: Innovation Fund - Biomedical Discovery Grants,Blood biomarkers to detect brain injury due to intimate partner violence,"$149,720 ", $-   , $-   ,,1 yr 0 mth ,Gender and Health,"INJURY, REGENERATION; NONE OF THE ABOVE; NERVOUS SYSTEM; MENTAL HEALTH",2/1/2024,2025-01-31,0,"blood biomarkers, brain injury, partner violence"
"Juncker, David",McGill University,Quebec,Operating Grant,201209MOP,Cancer Progression & Therapeutics 2,Blood-based protein test for early detection of breast cancer using antibody colocalization microarrays,"$210,140 ", $-   , $-   ,,2 yrs 0 mth ,Genetics,"BREAST CANCER; MULTIDISCIPLINARY; GENOMICS, PROTEOMICS, AND BIOINFORMATICS",4/1/2013,2015-03-31,2,"blood, protein, breast cancer"
"Lavender, Kerry J",University of Saskatchewan,Saskatchewan,Operating Grant: COVID-19 Rapid Research Funding Opportunity - Therapeutics,202005VR3,COVID-19 Rapid Research - Therapeutics,BLT-Lung mice for the rapid evaluation of COVID-19 therapeutics,"$267,258 ", $-   , $-   ,,1 yr 0 mth ,Infection and Immunity,INFECTIOUS AND PARASITIC; VIRAL; DRUG RESEARCH; VIROLOGY,6/1/2020,2021-05-31,0,"BLT, COVID-19, mice"
"Mcfadyen, Bradford J",Universite Laval,Quebec,Collaborative Health Research Projects (NSERC partnered),201410CPG,Collaborative Health Research Projects - NSERC Partnered,Body-Environment Proximity Measurement: An integrated approach to measuring mobility deficits for assessment and treatment,"$181,578 ", $-   , $-   ,,3 yrs 0 mth ,Musculoskeletal Health and Arthritis,"CNS ORGANIC; MUSCULO SKELETAL; MUSCLE, BONE, OR JOINT; NERVOUS SYSTEM",4/1/2015,2018-03-31,0,"Proximity, Measurement, Mobility"
"Wang, Rizhi",University of British Columbia,British Columbia,"Project Grant - PA: MSK, Skin and Oral Health: Clinical Research - MSK Health",201809PJ5,Biomedical Engineering,Bone hypermineralization in older men and women and its impact on hip fragility,"$100,000 ", $-   , $-   ,,1 yr 0 mth ,Musculoskeletal Health and Arthritis,"Musculoskeletal Health-Bone, Skin and Cartilage Sciences",3/1/2019,2020-02-29,0,"bone, hypermineralization, fragility"
"Willett, Thomas",University of Waterloo (Ontario),Ontario,Project Grant,201709PJT,Biomedical Engineering,Bone-mimetic nanocomposite biomaterials for critically-sized skeletal defect reconstruction,"$665,552 ", $-   , $-   ,,4 yrs 0 mth ,Musculoskeletal Health and Arthritis,"Biomedical Engineering-Biomaterials, Nanotechnology and Biomechanics; Biomedical Engineering-Regenerative Medicine and Tissue Engineering; Cancer-Clinical Oncology; Cancer - Orthopaedic Oncology",4/1/2018,2022-03-31,0,"bone, nanocomposite, biomaterials"
"Bahlis, Nizar J",University of Calgary,Alberta,Operating Grant,201209MOP,Cancer Progression & Therapeutics,Bortezomib mediated BRCAness in Myeloma cells: novel therapeutic approach combining PARP1-2 and 26S proteasome inhibitors.,"$522,880 ", $-   ,"$100,000 ",Alberta Cancer Foundation,4 yrs 0 mth ,Cancer Research,CANCER THERAPY GENERAL; NEOPLASMS; CANCER; BLOOD,4/1/2013,2017-03-31,0,"Bortezomib, BRCAness, PARP1-2"
"Bahlis, Nizar J",University of Calgary,Alberta,Operating Grant - PA: Alberta Cancer Foundation - Research (bridge funding),201109OAC,Cancer Progression & Therapeutics,Bortezomib mediated BRCAness in Myeloma cells: novel therapeutic approach combining PARP1-2 and 26S proteasome inhibitors., $-   , $-   ,"$100,000 ",Alberta Cancer Foundation,1 yr 0 mth ,Cancer Research,CANCER THERAPY GENERAL; NEOPLASMS; CANCER; BLOOD,4/1/2013,2014-03-31,0,"Bortezomib, BRCAness, PARP1-2"
"Shoichet, Molly S",University of Toronto,Ontario,Collaborative Health Research Projects (NSERC partnered),201410CPG,Collaborative Health Research Projects - NSERC Partnered,Brain Cancer Treatment: innovations in delivery of stable siRNAs and chemotherapeutics,"$504,350 ", $-   , $-   ,,3 yrs 0 mth ,Cancer Research,BRAIN TUMORS (INCL. RETINAL TUMORS); BRAIN TUMORS THERAPY; CANCER; NERVOUS SYSTEM,4/1/2015,2018-03-31,0,"siRNAs, chemotherapeutics, brain cancer"
"Lilge, Lothar",University Health Network (Toronto),Ontario,Operating Grant,200903MOP,Medical Physics & Imaging,Breast cancer risk assessment using optical transillumination spectroscopy,"$661,302 ", $-   , $-   ,,5 yrs 0 mth ,Cancer Research,BREAST CANCER; EPIDEMIOLOGY; BIOPHYSICS; CANCER,10/1/2009,2014-09-30,0,"breast cancer, optical transillumination, spectroscopy"
"Adeli, Khosrow",Hospital for Sick Children (Toronto),Ontario,Operating Grant: Industry-partnered Collaborative Research - Rx&D partner,201103IRO,Industry Partnered Collaborative Research,CALIPER: A Canadian Initiative to Close the Critical Gaps in Pediatric Reference Intervals,"$66,667 ", $-   , $-   ,,1 yr 0 mth ,"Human Development, Child and Youth Health",HEALTH CARE DELIVERY; HEALTH SERVICES RESEARCH; HEALTH RESEARCH; POPULATION HEALTH,10/1/2011,2012-09-30,0,"pediatric, reference intervals, gaps"
"Greer, Peter A","Queen's University (Kingston, Ontario)",Ontario,Project Grant,201804PJT,Cancer Progression & Therapeutics 2,Calpain as a novel therapeutic target in breast cancer,"$100,000 ", $-   , $-   ,,1 yr 0 mth ,Cancer Research,Cancer-Cancer Progression and Metastasis,10/1/2018,2019-09-30,0,"Calpain, breast cancer, therapeutic target"
"Hatcher, Simon",University of Ottawa,Ontario,Catalyst Grant: eHealth Innovations,201310CEH,e-Health Innovation Partnership Program (eHIPP),Can e-therapies reduce waiting lists in secondary mental health care? A randomised controlled trial,"$89,988 ", $-   , $-   ,,1 yr 0 mth ,Health Services and Policy Research,DEPRESSION; HEALTH CARE DELIVERY; MENTAL HEALTH; PSYCHOSOCIAL/HEALTH BEHAVIOURAL RES.,3/1/2014,2015-02-28,0,"e-therapies, mental health, waiting lists"
"Bourbeau, Jean",Research Institute of the McGill University Health Centre,Quebec,Operating Grant: Industry-partnered Collaborative Research - Rx&D partner,200809IRO,Industry Partnered Collaborative Research,Canadian Cohort Obstructive Lung Disease (CanCOLD),"$427,933 ","$7,000 ", $-   ,,2 yrs 0 mth ,Circulatory and Respiratory Health,CHRONIC OBSTRUCTIVE LUNG DISEASE; POPULATION HEALTH; RESPIRATION,4/1/2009,2011-03-31,0,"Obstructive Lung Disease, Cohort, CanCOLD"
"Bourbeau, Jean",Research Institute of the McGill University Health Centre,Quebec,Operating Grant: Industry-partnered Collaborative Research - Rx&D partner,201009IRO,Industry Partnered Collaborative Research,Canadian Cohort Obstructive Lung Disease (CanCOLD),"$1,051,344 ","$57,500 ", $-   ,,2 yrs 6 mths ,Circulatory and Respiratory Health,CHRONIC OBSTRUCTIVE LUNG DISEASE; POPULATION HEALTH; RESPIRATION,4/1/2011,2013-03-31,0,"Obstructive Lung Disease, Cohort, CanCOLD"
"Gamper, Armin",University of Alberta,Alberta,Project Grant,201803PJT,Cancer Biology & Therapeutics,Cancer Therapy exploiting Conditional Synthetic Lethality based on Genotoxic Stress levels,"$918,000 ", $-   , $-   ,,5 yrs 0 mth ,Cancer Research,Cancer-Cancer Drug Development and Therapeutics; Cancer-Mechanisms of Carcinogenesis,10/1/2018,2023-09-30,0,"Cancer, Synthetic Lethality, Genotoxic Stress"
"Ursini-Siegel, Giuseppina",CIUSSS de Centre-Ouest-de-l'Ile-de-Montreal-Jewish General,Quebec,Project Grant,201909PJT,Cancer Progression & Therapeutics 2,Capitalizing on an oxidative stress response to sensitize poor outcome cancers to PARP inhibitors,"$948,600 ", $-   , $-   ,,5 yrs 0 mth ,Cancer Research,Cancer-Cancer Drug Development and Therapeutics,4/1/2020,2025-03-31,0,"oxidative stress, cancer, PARP inhibitors"
"Bramson, Jonathan L",McMaster University,Ontario,Operating Grant,201009MOP,Cancer Biology & Therapeutics,CAR-engineered CD4+ T cells for tumor immunotherapy,"$406,695 ", $-   , $-   ,,3 yrs 0 mth ,Cancer Research,CANCER THERAPY GENERAL; BREAST CANCER THERAPY; CANCER; IMMUNOLOGY-TRANSPLANTATION,4/1/2011,2014-03-31,9,"CAR, CD4+, T cells"
"Li, Yingfu",McMaster University,Ontario,"Catalyst Grant: Invention and High-Risk, High-Benefit Research",200903NHG,"Inventions, Technologies, or High Risk Grants",Catalytic DNA for protein sensing,"$292,815 ", $-   , $-   ,,3 yrs 0 mth ,Genetics,MULTIDISCIPLINARY; BIOCHEMISTRY; CANCER,10/1/2009,2012-09-30,7,"Catalytic DNA, protein sensing"
"Evans, Alan C",McGill University,Quebec,Operating Grant: Methodological Innovations for Neuroimaging Datasets,201304OMI,Methodological Innovations for Neuroimaging Datasets,CBRAIN: A national platform for neurodegenerative disease imaging data,"$225,000 ", $-   , $-   ,,3 yrs 0 mth ,"Neurosciences, Mental Health and Addiction","ALZHEIMER'S DISEASE; AGING; IMAGING; GENOMICS, PROTEOMICS, AND BIOINFORMATICS",10/1/2013,2016-09-30,0,"neurodegenerative, imaging, data"
"Leask, Andrew C",Western University (Ontario),Ontario,Collaborative Health Research Projects (NSERC partnered),201510CPG,Collaborative Health Research Projects - NSERC Partnered,CCN3: a novel antifibrotic treatment?,"$274,797 ", $-   , $-   ,,3 yrs 0 mth ,Musculoskeletal Health and Arthritis,"SKIN AND SUBCUTANEOUS TISSUS; MUSCULO SKELETAL; HEALTH RESEARCH; MUSCLE, BONE, OR JOINT",4/1/2016,2019-03-31,0,"CCN3, antifibrotic"
"Reilly, Raymond M",University of Toronto,Ontario,Operating Grant,201009MOP,Cancer Biology & Therapeutics,CD123-Targeted Auger Electron Radioimmunotherapy of Acute Myelogenous Leukemia (AML),"$372,204 ", $-   , $-   ,,3 yrs 0 mth ,Cancer Research,LEUKAEMIAS; DRUGS- PHARMACEUTICAL SCIENCE/CHEMISTRY & NON MEDICAL USE OF DRUGS; CANCER; DRUG RESEARCH,4/1/2011,2014-03-31,0,"CD123, Auger electron, leukemia"
"Chevrette, Mario",Research Institute of the McGill University Health Centre,Quebec,Operating Grant,200809MOP,Cancer Progression & Therapeutics,CD9 and its partners: their role in induction of mitotic catastrophe and in irradiation and microtubule-targeted drug sensitivity.,"$313,083 ", $-   , $-   ,,3 yrs 0 mth ,Cancer Research,PROSTATE AND BLADDER CANCER; PROSTATE AND BLADDER CANCER THERAPY; CANCER; CELL BIOLOGY,4/1/2009,2012-03-31,0,"CD9, mitotic catastrophe, microtubules"
"Beauchemin, Nicole",McGill University,Quebec,Operating Grant,201109MOP,Cancer Progression & Therapeutics 2,CEACAM1 in colon cancer progression and metastasis,"$834,100 ", $-   , $-   ,,5 yrs 0 mth ,Cancer Research,GASTRO-INTESTINAL CANCER; GASTRO-INTESTINAL CANCER THERAPY; CANCER; CELL BIOLOGY,4/1/2012,2017-03-31,0,"CEACAM1, colon cancer, metastasis"
"Neel, Benjamin G",University Health Network (Toronto),Ontario,Operating Grant,201403MOP,Cancer Progression & Therapeutics 2,Cell of Origin and Tumor Initiating Cells in Serous Ovarian Cancer,"$804,047 ", $-   , $-   ,,5 yrs 0 mth ,Cancer Research,NEOPLASMS; CANCER; CELL BIOLOGY,7/1/2014,2019-06-30,5,"Cell, Tumor, Ovarian"
"Zhang, Ze",Universite Laval,Quebec,Operating Grant,201003MOP,Biomedical Engineering,Cell Response to Electrical Stimulation Mediated by Conductive Scaffold,"$459,471 ", $-   , $-   ,,5 yrs 0 mth ,Musculoskeletal Health and Arthritis,"INJURY, REGENERATION; MULTIDISCIPLINARY; MUSCLE, BONE, OR JOINT; CELL BIOLOGY",10/1/2010,2015-09-30,0,"Cell, Electrical Stimulation, Conductive Scaffold"
"Schild-Poulter, Caroline",Western University (Ontario),Ontario,Operating Grant,201503MOP,Cancer Biology & Therapeutics,Cell signaling pathway regulation by the RanBPM/CTLH complex in cancer development,"$711,895 ", $-   , $-   ,,5 yrs 0 mth ,Cancer Research,MULTIPLE DISEASE RELEVANCE; NEOPLASMS; CANCER; MOLECULAR BIOLOGY,7/1/2015,2020-06-30,0,"cell signaling, RanBPM, cancer"
"Stewart, Duncan J",Ottawa Hospital Research Institute,Ontario,Operating Grant: COVID-19 Rapid Research Funding Opportunity - Therapeutics,202005VR3,COVID-19 Rapid Research - Therapeutics,Cellular Immuno-Therapy for COVID-19 Induced Acute Respiratory Distress Syndrome: the CIRCA-19 Trial,"$1,860,523 ", $-   , $-   ,,1 yr 0 mth ,Circulatory and Respiratory Health,0,6/1/2020,2021-05-31,0,"Cellular, Immuno-Therapy, COVID-19"
"Bobyn, John D",Research Institute of the McGill University Health Centre,Quebec,Operating Grant,200809MOP,Biomedical Engineering,Characterization and efficacy of bisphosphonate eluting orthopaedic implants,"$321,624 ", $-   , $-   ,,3 yrs 0 mth ,Musculoskeletal Health and Arthritis,"MUSCULO SKELETAL; ARTHRITIS/OSTEOARTHRITIS; MUSCLE, BONE, OR JOINT; DRUG RESEARCH",4/1/2009,2012-03-31,1,"bisphosphonate, orthopaedic implants, eluting"
"Mubareka, Samira",University of Toronto,Ontario,Collaborative Health Research Projects (NSERC partnered),201410CPG,Collaborative Health Research Projects - NSERC Partnered,Characterization and mitigation of experimental and natural viral bioaerosols,"$241,032 ", $-   , $-   ,,3 yrs 0 mth ,Infection and Immunity,INFECTIOUS AND PARASITIC; VIRAL; HEALTH RESEARCH; VIROLOGY,4/1/2015,2018-03-31,0,"viral, bioaerosols, characterization"
"Jones, Courtney L",University Health Network (Toronto),Ontario,Project Grant,202010PJT,Cancer Biology & Therapeutics 2,Characterization and Targeting of SIRT3 in Acute Myeloid Leukemia Stem Cells,"$921,825 ", $-   , $-   ,,5 yrs 0 mth ,Cancer Research,Cancer-Cancer Drug Development and Therapeutics,4/1/2021,2026-03-31,0,"SIRT3, Acute Myeloid Leukemia, Stem Cells"
"Cunningham, Charles H","Sunnybrook Research Institute (Toronto, Ontario)",Ontario,Operating Grant,201309MOP,Medical Physics & Imaging,Characterization and Validation of Hyperpolarized Carbon-13 Signals Associated with Heart Failure,"$344,523 ", $-   , $-   ,,3 yrs 0 mth ,Circulatory and Respiratory Health,CARDIOLOGY; MYOCARDIAL INFARCTION; IMAGING; CARDIOVASCULAR,4/1/2014,2017-03-31,2,"Hyperpolarized, Carbon-13, Heart Failure"
"Jirik, Frank R",University of Calgary,Alberta,Operating Grant,200909MOP,Cancer Biology & Therapeutics,Characterization of a novel model of inflammation-induced gastric neoplasia.,"$384,114 ", $-   , $-   ,,3 yrs 0 mth ,Cancer Research,GASTRO-INTESTINAL CANCER; NEOPLASMS; CANCER; IMMUNOLOGY-TRANSPLANTATION,4/1/2010,2013-03-31,0,"inflammation, gastric, neoplasia"
"Fisette, Alexandre",Universite du Quebec e Trois-Rivieres,Quebec,Catalyst Grant: NWHRI: Innovation Fund - Biomedical Discovery Grants,202307NWI,NWHRI: Innovation Fund - Biomedical Discovery Grants,Characterization of a novel molecular strategy to alleviate post-menopausal metabolic & mood disorders,"$150,000 ", $-   , $-   ,,1 yr 0 mth ,"Nutrition, Metabolism and Diabetes",OBESITY; ENDOCRINOLOGY; METABOLISM/DIABETES,2/1/2024,2025-01-31,0,"molecular strategy, post-menopausal, metabolic"
"Tang, Damu",McMaster University,Ontario,Project Grant,202309PJT,Cancer Biology & Therapeutics 2,Characterization of a novel prostate cancer factor contactin 1 (CNTN1)-derived tumorigenesis through establishing a new transgenic mouse model for prostate cancer,"$837,675 ", $-   , $-   ,,5 yrs 0 mth ,Cancer Research,Cancer-Cancer Progression and Metastasis,4/1/2024,2029-03-31,0,"prostate cancer, contactin 1, tumorigenesis"
"Koch, Anne",University Health Network (Toronto),Ontario,Operating Grant - PA: Cancer Research (bridge funding),200809IC1,Cancer Biology & Therapeutics,Characterization of APLF (C2orf13) in DNA double-strand break repair and in the maintenance of genome stability,"$100,000 ", $-   , $-   ,,1 yr 0 mth ,Cancer Research,BREAST CANCER; BREAST CANCER THERAPY; MOLECULAR BIOLOGY; CANCER,1/1/2009,2009-12-31,0,"DNA repair, genome stability, APLF"
"Kolios, Michael C",Toronto Metropolitan University,Ontario,Collaborative Health Research Projects (NSERC partnered),201310CPG,Collaborative Health Research Projects - NSERC Partnered,Characterization of blood storage lesions using photoacoustic technologies,"$242,595 ", $-   , $-   ,,3 yrs 0 mth ,Circulatory and Respiratory Health,BLOOD; ANAEMIAS; BIOPHYSICS,4/1/2014,2017-03-31,3,"blood, photoacoustic, lesions"
"Grant, Michael D",Memorial University of Newfoundland,Newfoundland and Labrador,Operating Grant: COVID-19 Rapid Research Funding Opportunity - Vaccines,202005VR1,COVID-19 Rapid Research - Vaccines,Characterization of Cellular and Humoral Immunity Against SARS-CoV-2, $-   , $-   ,"$497,175 ",Public Health Agency of Canada,1 yr 0 mth ,Infection and Immunity,VIRAL; HEALTH PROMOTION; IMMUNOLOGY-TRANSPLANTATION; VIROLOGY,9/1/2020,2021-08-31,0,"Cellular immunity, Humoral immunity, SARS-CoV-2"
"Roux, Sophie",Universite de Sherbrooke,Quebec,Operating Grant: COVID-19 Rapid Research Funding Opportunity - Therapeutics,202005VR3,COVID-19 Rapid Research - Therapeutics,Characterization of Covid-19 infection in rheumatoid arthritis patients- the CoViD-in-RA project,"$502,775 ", $-   , $-   ,,1 yr 0 mth ,Musculoskeletal Health and Arthritis,"ARTHRITIS/OSTEOARTHRITIS; MUSCLE, BONE, OR JOINT",6/1/2020,2021-05-31,0,"Covid-19, rheumatoid arthritis, infection"
"Sadar, Marianne D",University of British Columbia,British Columbia,Operating Grant,201009MOP,Cancer Progression & Therapeutics,Characterization of EPI-001 for the treatment of prostate cancer,"$498,929 ", $-   , $-   ,,3 yrs 0 mth ,Cancer Research,PROSTATE AND BLADDER CANCER; PROSTATE AND BLADDER CANCER THERAPY; CANCER; MOLECULAR BIOLOGY,4/1/2011,2014-03-31,0,"EPI-001, prostate cancer"
"Dellaire, Graham P",Dalhousie University (Nova Scotia),Nova Scotia,Project Grant,201709PJT,Cancer Biology & Therapeutics,Characterization of HR-Killer1 and identification of small molecules for cancer therapy and enhanced gene editing using CRISPR/Cas9-based DNA repair strategies,"$1,063,350 ", $-   , $-   ,,5 yrs 0 mth ,Cancer Research,"Cancer-Cancer Drug Development and Therapeutics; Molecular, Cellular and Systems Biology-Molecular Biology; Molecular Biology - DNA Repair Genetics - Gene therapy",4/1/2018,2023-03-31,0,"HR-Killer1, small molecules, CRISPR"
"Pause, Arnim P",McGill University,Quebec,Project Grant - PA: Breast Cancer Research,202209PLL,Cancer Progression & Therapeutics,Characterization of human TFE3 isoforms as drivers in breast cancer,"$100,000 ", $-   , $-   ,,1 yr 0 mth ,Cancer Research,Cancer-Cancer Progression and Metastasis; Cancer-Mechanisms of Carcinogenesis,3/1/2023,2024-02-29,0,"TFE3, isoforms, breast cancer"
"Gorczynski, Reginald M",University Health Network (Toronto),Ontario,Operating Grant,201003MOP,Cancer Progression & Therapeutics 2,Characterization of importance of sCD200 levels for prognosis in CLL patients,"$599,397 ", $-   , $-   ,,5 yrs 0 mth ,Cancer Research,LEUKAEMIAS; CANCER THERAPY GENERAL; CANCER; BLOOD,10/1/2010,2015-09-30,1,"sCD200, prognosis, CLL"
"Tyrrell, D. Lorne J",University of Alberta,Alberta,Operating Grant: COVID-19 Rapid Research Funding Opportunity - Therapeutics,202005VR3,COVID-19 Rapid Research - Therapeutics,Characterization of interferon-lambda 1 as a treatment for COVID-19,"$499,775 ", $-   , $-   ,,1 yr 0 mth ,Infection and Immunity,VIRAL; VIROLOGY; IMMUNOLOGY-TRANSPLANTATION,6/1/2020,2021-05-31,0,"interferon-lambda, COVID-19"
"Turcotte, Sandra",Universite de Moncton (New Brunswick),New Brunswick,Project Grant - Priority Announcement: Cancer Research,202209PJS,Cancer Progression & Therapeutics 2,Characterization of PIKfyve as novel therapeutic target in clear cell Renal Cell Carcinoma,"$100,000 ", $-   , $-   ,,1 yr 0 mth ,Cancer Research,Cancer-Cancer Drug Development and Therapeutics,3/1/2023,2024-02-29,0,"PIKfyve, renal cell carcinoma, characterization"
"Schild-Poulter, Caroline",Western University (Ontario),Ontario,Operating Grant,201103MOP,Cancer Biology & Therapeutics,Characterization of RanBPM function in apoptosis and cell transformation,"$335,472 ", $-   , $-   ,,3 yrs 0 mth ,Cancer Research,MULTIPLE DISEASE RELEVANCE; BREAST CANCER; CANCER; MOLECULAR BIOLOGY,10/1/2011,2014-09-30,0,"RanBPM, apoptosis, cell transformation"
"Casper, Robert F",Sinai Health System (Toronto),Ontario,Operating Grant: Industry-partnered Collaborative Research,201409IPR,Industry Partnered Collaborative Research,Characterization of the bioenergetic and metabolic function of mitochondria isolated from oocyte precursor stem cells.,"$911,700 ", $-   , $-   ,,5 yrs 0 mth ,"Human Development, Child and Youth Health",INFERTILITY FEMALE; AGING; REPRODUCTION/PREGNANCY; CELL BIOLOGY,4/1/2015,2020-03-31,0,"mitochondria, bioenergetic, stem cells"
"Velenosi, Thomas J",University of British Columbia,British Columbia,Project Grant - PA: Breast Cancer Research,202209PLL,Cancer Progression & Therapeutics 2,Characterizing and validating diacetylspermine as a metabolic biomarker of drug response and precision treatment in triple-negative breast cancer,"$100,000 ", $-   , $-   ,,1 yr 0 mth ,Cancer Research,Cancer-Cancer Drug Development and Therapeutics,3/1/2023,2024-02-29,0,"diacetylspermine, biomarker, breast cancer"
"Drangova, Maria",Western University (Ontario),Ontario,Project Grant,201803PJT,Medical Physics & Imaging,Characterizing cerebral thrombus composition with Phase-based MRI,"$881,664 ", $-   , $-   ,,5 yrs 0 mth ,Circulatory and Respiratory Health,Biomedical Engineering-Biomedical Imaging,10/1/2018,2023-09-30,0,"cerebral thrombus, MRI, phase-based"
"Velenosi, Thomas J",University of British Columbia,British Columbia,Project Grant,202403PJT,Cancer Progression & Therapeutics 2,Characterizing diacetylspermine as a biomarker of drug response and precision treatment in triple-negative breast cancer,"$979,200 ", $-   , $-   ,,5 yrs 0 mth ,Cancer Research,Cancer-Cancer Drug Development and Therapeutics,3/1/2024,2025-02-28,0,"diacetylspermine, biomarker, breast cancer"
"Velenosi, Thomas J",University of British Columbia,British Columbia,Project Grant - PA: Breast Cancer Research,202309PLL,Cancer Progression & Therapeutics 2,Characterizing diacetylspermine as a biomarker of drug response and precision treatment in triple-negative breast cancer,"$100,000 ", $-   , $-   ,,1 yr 0 mth ,Cancer Research,Cancer-Cancer Drug Development and Therapeutics,3/1/2024,2025-02-28,0,"diacetylspermine, biomarker, breast cancer"
"Brennand, Erin A",University of Calgary,Alberta,Catalyst Grant: NWHRI: Innovation Fund - Biomedical Discovery Grants,202307NWI,NWHRI: Innovation Fund - Biomedical Discovery Grants,Characterizing the impact of hysterectomy on female physiology: A proof-of-concept cohort study in pelvic organ prolapse patients,"$150,000 ", $-   , $-   ,,1 yr 0 mth ,Gender and Health,GENITO/URINARY SYSTEM; ENDOCRINOLOGY; REPRODUCTION/PREGNANCY; HEALTH RESEARCH,2/1/2024,2025-01-31,0,"hysterectomy, physiology, pelvic organ prolapse"
"Alman, Benjamin A",Hospital for Sick Children (Toronto),Ontario,Operating Grant,201203MOP,Cancer Progression & Therapeutics,Characterizing the Sarcoma Tumor Initiating Cell: Implications for the Development of Novel Treatments for Undifferentiated Pleomorphic Sarcoma,"$732,722 ", $-   , $-   ,,5 yrs 0 mth ,Musculoskeletal Health and Arthritis,"BONE CANCER; BONE CANCER THERAPY; CANCER; MUSCLE, BONE, OR JOINT",10/1/2012,2017-09-30,0,"Sarcoma, Tumor, Cell"
"Hope, Kristin",University Health Network (Toronto),Ontario,Project Grant,202209PJT,Cancer Progression & Therapeutics,Characterizing the stress granule network as a determinant of leukemic stem cells and novel therapeutic target in acute myeloid leukemia,"$956,250 ", $-   , $-   ,,5 yrs 0 mth ,Cancer Research,Cancer-Cancer Drug Development and Therapeutics; Cancer-Cancer Progression and Metastasis,4/1/2023,2028-03-31,0,"stress granule, leukemic stem cells, acute myeloid leukemia"
"Perrin, David M",University of British Columbia,British Columbia,Operating Grant,201003MOP,Cancer Biology & Therapeutics,Chemical Biology of Amanitin-Induced Transcriptional Inhibiton,"$357,800 ", $-   , $-   ,,4 yrs 0 mth ,Cancer Research,"CANCER THERAPY GENERAL; MULTIDISCIPLINARY; BIOCHEMISTRY; GENOMICS, PROTEOMICS, AND BIOINFORMATICS",10/1/2010,2014-09-30,0,"Amanitin, Transcription, Inhibition"
"Baker, Kristi",University of Alberta,Alberta,Project Grant,201809PJT,Cancer Biology & Therapeutics,Chemokine-mediated control of anti-tumor immunity in DNA-repair deficient colorectal cancer,"$765,000 ", $-   , $-   ,,5 yrs 0 mth ,Cancer Research,"Cancer-Cancer Progression and Metastasis; Immunology and Infection-Transplantation, Immune Tolerance and Tumor Immunology",4/1/2019,2024-03-31,1,"Chemokine, DNA-repair, colorectal cancer"
"Muller, William J",McGill University,Quebec,Project Grant,202303PJT,Cancer Biology & Therapeutics,Chi3L1 (YKL-40) plays a multifaceted role in modulating tumor immune microenvironment during breast cancer progression.,"$1,277,550 ", $-   , $-   ,,5 yrs 0 mth ,Cancer Research,Cancer-Mechanisms of Carcinogenesis,10/1/2023,2028-09-30,0,"Chi3L1, immune microenvironment, breast cancer"
"Muller, William J",McGill University,Quebec,Project Grant - PA: Breast Cancer Research,202209PLL,Cancer Biology & Therapeutics,Chi3L1 (YKL-40) plays a multifaceted role in modulating tumor immune microenvironment during breast cancer progression.,"$100,000 ", $-   , $-   ,,1 yr 0 mth ,Cancer Research,Cancer-Mechanisms of Carcinogenesis,10/1/2023,2028-09-30,0,"Chi3L1, immune microenvironment, breast cancer"
"Buschmann, Michael D",Polytechnique Montreal,Quebec,Collaborative Health Research Projects (NSERC partnered),201210CPG,Collaborative Health Research Projects - NSERC Partnered,Chitosan-siRNA nanoparticles for gene silencing in Atherosclerosis and Cancer,"$339,912 ", $-   , $-   ,,3 yrs 0 mth ,Cancer Research,BREAST CANCER THERAPY; ATHEROSCLEROSIS; CANCER; CARDIOVASCULAR,4/1/2013,2016-03-31,4,"Chitosan, siRNA, nanoparticles"
"Buschmann, Michael D",Polytechnique Montreal,Quebec,"Operating Grant - PA: Inst of Nutrition, Metabolism and Diabetes -Bridge Funding",200903NMD,Biomedical Engineering,Chitosan/Plasmid-DNA Polyelectrolyte Complexes for Delivery of Glucagon-Like Peptide-1 (GLP-1) in Diabetes Type 2 Models,"$100,000 ", $-   , $-   ,,1 yr 0 mth ,"Nutrition, Metabolism and Diabetes",DIABETES MELLITUS; OBESITY; METABOLISM/DIABETES; BIOPHYSICS,10/1/2009,2010-09-30,1,"Chitosan, Plasmid-DNA, GLP-1"
"Herzog, Walter",University of Calgary,Alberta,Operating Grant,201009MOP,Biomedical Engineering,Chondrocyte mechanics and biology in the intact joint: towards an understanding of osteoarthritis development in vivo,"$528,435 ", $-   , $-   ,,5 yrs 0 mth ,Musculoskeletal Health and Arthritis,"MUSCULO SKELETAL; ARTHRITIS/OSTEOARTHRITIS; MUSCLE, BONE, OR JOINT; MOLECULAR BIOLOGY",4/1/2011,2016-03-31,0,"chondrocyte, biomechanics, osteoarthritis"
"Goodarzi, Aaron",University of Calgary,Alberta,Operating Grant,201109MOP,Cancer Biology & Therapeutics,Chromatin remodeling dynamics during human DNA double strand break repair,"$758,975 ", $-   , $-   ,,5 yrs 0 mth ,Cancer Research,CANCER THERAPY GENERAL; AGING; CELL BIOLOGY; MOLECULAR BIOLOGY,4/1/2012,2017-03-31,0,"chromatin remodeling, DNA repair, double strand break"
"Nijnik, Anastasia",McGill University,Quebec,Project Grant,202303PJT,Cancer Progression & Therapeutics,Chromatin-binding deubiquitinase MYSM1 as a putative drug target for cMYC-driven B cell lymphoma,"$761,176 ", $-   , $-   ,,5 yrs 0 mth ,Cancer Research,"Cancer-Mechanisms of Carcinogenesis; Genetics-Molecular and Functional Genetics and Epigenetics; Molecular, Cellular and Systems Biology-Structure and Function of Macromolecules; Cancer> Cancer Drug Development and Therapeutics",10/1/2023,2028-09-30,0,"chromatin, deubiquitinase, lymphoma"
"Done, Susan J",University Health Network (Toronto),Ontario,Project Grant,201809PJT,Cancer Progression & Therapeutics 2,Circulating tumour cells and breast cancer heterogeneity,"$1,021,275 ", $-   , $-   ,,5 yrs 0 mth ,Cancer Research,Cancer-Cancer Progression and Metastasis,4/1/2019,2024-03-31,0,"circulating tumour cells, breast cancer, heterogeneity"
"Bardakjian, Berj L",University of Toronto,Ontario,Operating Grant,201209MOP,Biomedical Engineering,Classification and control of the electrical activities in the brain's neural networks under epileptic seizure conditions,"$418,000 ", $-   , $-   ,,5 yrs 0 mth ,"Neurosciences, Mental Health and Addiction",EPILEPSY; MENTAL DISABILITY; BIOPHYSICS; NERVOUS SYSTEM,4/1/2013,2018-03-31,4,"brain, neural networks, epilepsy"
"Siegel, Peter M",McGill University,Quebec,Operating Grant,201403MOP,Cancer Progression & Therapeutics,Claudin-2 as a Prognostic and Therapeutic Target in Breast Cancer Liver Metastasis,"$761,594 ", $-   , $-   ,,5 yrs 0 mth ,Cancer Research,BREAST CANCER; BREAST CANCER THERAPY; CANCER; MOLECULAR BIOLOGY,7/1/2014,2019-06-30,0,"Claudin-2, Breast Cancer, Liver Metastasis"
"Wootton, Sarah",University of Guelph,Ontario,Collaborative Health Research Projects (NSERC partnered),201910CPG,Collaborative Health Research Projects - NSERC Partnered,Clinical Advancement of an AAV Lung Gene Therapy Platform for the Treatment of Monogenic Lung Diseases,"$280,788 ","$25,000 ", $-   ,,3 yrs 0 mth ,Circulatory and Respiratory Health,VIRAL; RESPIRATION; VIROLOGY,4/1/2020,2023-03-31,0,"AAV, gene therapy, lung"
"Tabori, Uri",Hospital for Sick Children (Toronto),Ontario,Operating Grant,201203MOP,Cancer Progression & Therapeutics,Clinical and biological implications of monoallelic gene expression in pediatric malignant brain tumors.,"$573,543 ", $-   , $-   ,,4 yrs 0 mth ,Cancer Research,BRAIN TUMORS (INCL. RETINAL TUMORS); BRAIN TUMORS THERAPY; CANCER; MOLECULAR BIOLOGY,10/1/2012,2016-09-30,1,"monoallelic gene expression, pediatric brain tumors, malignancy"
"Huntsman, David G",University of British Columbia,British Columbia,Operating Grant,200903MOP,Cancer Progression & Therapeutics,Clinical and functional significance of a pathognomonic FOXL2 mutation in granulosa cell tumours of the ovary,"$538,998 ", $-   , $-   ,,4 yrs 0 mth ,Cancer Research,"NEOPLASMS; CANCER; GENOMICS, PROTEOMICS, AND BIOINFORMATICS",10/1/2009,2013-09-30,3,"FOXL2, granulosa cells, tumours"
"Purdie, Thomas G",University Health Network (Toronto),Ontario,Project Grant,202203PJT,Medical Physics & Imaging,Clinical Deployment of an End-to-End Artificial Intelligence (AI)-only Radiotherapy Treatment Planning and Decision Support Workflow,"$711,450 ", $-   , $-   ,,5 yrs 0 mth ,Cancer Research,Artificial Intelligence-Machine Learning; Cancer-Clinical Oncology,10/1/2022,2027-09-30,0,"Artificial Intelligence, Radiotherapy, Planning"
"Pelletier, Joelle N",Universite de Montreal,Quebec,Collaborative Health Research Projects (NSERC partnered),201210CPG,Collaborative Health Research Projects - NSERC Partnered,Clinical evaluation of surface-plasmon resonance and nanoparticle-based fluorescent detection of serum biomarkers,"$328,059 ", $-   , $-   ,,3 yrs 0 mth ,Genetics,PROSTATE AND BLADDER CANCER THERAPY; LEUKAEMIAS; CANCER; BIOCHEMISTRY,4/1/2013,2016-03-31,0,"surface-plasmon resonance, nanoparticle, biomarkers"
"Chung, Caroline",University Health Network (Toronto),Ontario,Operating Grant: Industry-partnered Collaborative Research,201509IPR,Industry Partnered Collaborative Research,"Clinical Investigation of Frameless, Adaptive, Image-guided Gamma Knife Radiosurgery","$264,656 ","$2,000 ", $-   ,,3 yrs 0 mth ,Cancer Research,BRAIN TUMORS THERAPY; CANCER THERAPY GENERAL; CANCER; NERVOUS SYSTEM,4/1/2016,2019-03-31,0,"Gamma Knife, Image-guided, Radiosurgery"
"Adamson, Robert B",Dalhousie University (Nova Scotia),Nova Scotia,Project Grant,202109PJT,Medical Physics & Imaging,Clinical optical coherence tomography of the middle ear,"$313,652 ", $-   , $-   ,,4 yrs 0 mth ,"Human Development, Child and Youth Health",Biomedical Engineering-Biomedical Imaging,4/1/2022,2026-03-31,2,"optical coherence tomography, middle ear"
"Singh, Sheila K",McMaster University,Ontario,Operating Grant,201303MOP,Cancer Biology & Therapeutics,Clonal evolution of medulloblastoma BTICs (brain tumor initiating cells) in response to therapy: Discovering the refractory BTIC population through genes regulating stem cell self-renewal,"$554,057 ", $-   , $-   ,,5 yrs 0 mth ,Cancer Research,BRAIN TUMORS (INCL. RETINAL TUMORS); BRAIN TUMORS THERAPY; CANCER; MOLECULAR BIOLOGY,10/1/2013,2018-09-30,2,"medulloblastoma, BTICs, stem cell"
"Karsan, Aly",University of British Columbia,British Columbia,Project Grant,202203PJT,Cancer Progression & Therapeutics 2,Clonal interactions in myeloid malignancy,"$1,025,100 ", $-   , $-   ,,5 yrs 0 mth ,Cancer Research,"Cancer-Cancer Progression and Metastasis; Molecular, Cellular and Systems Biology-Systems Biology",10/1/2022,2027-09-30,0,"clonal interactions, myeloid malignancy"
"Dumont, Guy A",University of British Columbia,British Columbia,Collaborative Health Research Projects (NSERC partnered),201210CPG,Collaborative Health Research Projects - NSERC Partnered,Closed-Loop Control of Anesthesia,"$309,194 ", $-   , $-   ,,3 yrs 0 mth ,Circulatory and Respiratory Health,MULTIDISCIPLINARY; NONE OF THE ABOVE; HEALTH RESEARCH; NOT CLASSIFIED,4/1/2013,2016-03-31,2,"Closed-Loop, Control, Anesthesia"
"Kremer, Richard B",McGill University,Quebec,Operating Grant,200909MOP,Cancer Progression & Therapeutics,Co-targeting parathyroid-hormone related protein (PTHrP) signaling and osteoclast activation to counter breast cancer metastasis to bone,"$506,268 ", $-   , $-   ,,4 yrs 0 mth ,Musculoskeletal Health and Arthritis,BREAST CANCER; BONE CANCER,4/1/2010,2014-03-31,0,"PTHrP, osteoclast, metastasis"
"Kremer, Richard B",Research Institute of the McGill University Health Centre,Quebec,Operating Grant,201503MOP,Cancer Progression & Therapeutics,Co-targeting parathyroid-hormone related protein (PTHrP) signaling and osteoclast activation to counter breast cancer metastasis to bone,"$739,955 ", $-   , $-   ,,5 yrs 0 mth ,Musculoskeletal Health and Arthritis,BREAST CANCER; BONE CANCER,7/1/2015,2020-06-30,0,"PTHrP, osteoclast, metastasis"
"Rak, Janusz",Research Institute of the McGill University Health Centre,Quebec,Operating Grant,201309MOP,Cancer Progression & Therapeutics 2,Coagulation system effectors as regulators of tumour dormancy and therapeutic targets,"$710,040 ", $-   , $-   ,,5 yrs 0 mth ,Cancer Research,NEOPLASMS; BRAIN TUMORS THERAPY; CANCER; BLOOD,4/1/2014,2015-06-30,0,"coagulation, tumour, dormancy"
"Godin, Michel",University of Ottawa,Ontario,Collaborative Health Research Projects (NSERC partnered),201410CPG,Collaborative Health Research Projects - NSERC Partnered,Cocooning Therapeutic Cells,"$261,805 ", $-   , $-   ,,3 yrs 0 mth ,Circulatory and Respiratory Health,CARDIOLOGY; MULTIPLE DISEASE RELEVANCE; HEALTH RESEARCH; BIOPHYSICS,4/1/2015,2018-03-31,0,"Cocooning, Therapeutic Cells"
"Wilansky, Pamela",Centre for Addiction and Mental Health (Toronto),Ontario,Operation:eHealth Innov Partnership Program(eHIPP)-Youth &Adolescent Mental Hlth,201506EH1,eHealth Innovation Partnership Program (eHIPP): Youth and Adolescents Mental Health,Cognitive Behavior Therapy for Anxious and Depressed Youth: Improving Outcomes through Mobile Technology,"$728,345 ", $-   , $-   ,,4 yrs 0 mth ,"Human Development, Child and Youth Health",MENTAL AND BEHAVIOURAL DISEASES; HEALTH CARE DELIVERY; MENTAL HEALTH; PSYCHOSOCIAL/HEALTH BEHAVIOURAL RES.,10/1/2015,2019-09-30,0,"Cognitive Behavior Therapy, Mobile Technology, Youth"
"Frampton, John P",Dalhousie University (Nova Scotia),Nova Scotia,Project Grant,202203PJT,Biomedical Engineering 2,Collagen Fiber Scaffolds for Emergency Treatment of Corneal Injury,"$952,426 ", $-   , $-   ,,5 yrs 0 mth ,"Neurosciences, Mental Health and Addiction","Biomedical Engineering-Biomaterials, Nanotechnology and Biomechanics; Biomedical Engineering-Regenerative Medicine and Tissue Engineering",10/1/2022,2027-09-30,0,"Collagen, Fiber, Corneal"
"Holdsworth, David W",Western University (Ontario),Ontario,Project Grant,202209PJT,Medical Physics & Imaging,Combined gamma probe and ultrasound imaging system for cancer surgery,"$807,075 ", $-   , $-   ,,5 yrs 0 mth ,Cancer Research,Biomedical Engineering-Biomedical Imaging; Cancer-Cancer Drug Development and Therapeutics,7/1/2023,2028-06-30,0,"gamma probe, ultrasound, imaging"
"Korneluk, Robert G",Children's Hospital of Eastern Ontario Research Institute Inc,Ontario,Operating Grant,201309MOP,Cancer Progression & Therapeutics 2,Combined IAP antagonism and immunotherapy for cancer treatment,"$794,885 ", $-   , $-   ,,5 yrs 0 mth ,Cancer Research,CANCER THERAPY GENERAL; VIRAL; CANCER; CELL BIOLOGY,4/1/2014,2019-03-31,0,"IAP, immunotherapy, cancer"
"Korneluk, Robert G",Children's Hospital of Eastern Ontario Research Institute Inc,Ontario,Project Grant,201803PJT,Cancer Progression & Therapeutics 2,Combined IAP antagonism and immunotherapy for cancer treatment,"$937,126 ", $-   , $-   ,,5 yrs 0 mth ,Cancer Research,CANCER THERAPY GENERAL; VIRAL; CANCER; CELL BIOLOGY,4/1/2014,2019-03-31,0,"IAP, immunotherapy, cancer"
"Bouffet, Eric",Hospital for Sick Children (Toronto),Ontario,Project Grant,201909PJT,Cancer Progression & Therapeutics,Combined MEK inhibition and metronomic chemotherapy for recurrent/refractory paediatric low grade gliomas,"$1,526,175 ", $-   , $-   ,,5 yrs 0 mth ,Cancer Research,Cancer-Pediatric Cancer,4/1/2020,2025-03-31,0,"MEK inhibition, chemotherapy, gliomas"
"Stanisz, Greg J","Sunnybrook Research Institute (Toronto, Ontario)",Ontario,Project Grant,202403PJT,Medical Physics & Imaging,"Combining Advanced Metabolic MRI with Genomics to Refine the Treatment Paradigm for Grade 2/3 IDH-wildtype Astrocytoma (""Molecular Glioblastoma"")","$787,950 ", $-   , $-   ,,5 yrs 0 mth ,Cancer Research,Cancer-Cancer Progression and Metastasis; Neurosciences-Neurological disorders,10/1/2024,2029-09-30,0,"Metabolic MRI, Genomics, Astrocytoma"
"Bherer, Louis","CIUSSS du Centre-Sud-de-l'ele-de-Montreal (Montreal, Quebec)",Quebec,Operating Grant : Adv Theoretical Meth Innov Hlth Res-Longitudinal Studies Aging,201110TO1,Operating Grant: Innovations in Health Research,Combining functional near infra-red spectroscopy and dual-task walking to track preclinical motor and cognitive declines and their evolution in aging individuals.,"$140,000 ","$60,000 ", $-   ,,2 yrs 0 mth ,Aging,AGING; MULTIDISCIPLINARY; HEALTH RESEARCH,2/1/2012,2014-01-31,0,"near-infrared spectroscopy, dual-task walking, aging"
"Walsh, Logan A",McGill University,Quebec,Project Grant,202403PJT,Cancer Progression & Therapeutics 2,Combining highly multiplexed imaging data with AI to unlock new predictive biomarkers for lung cancer,"$1,109,250 ", $-   , $-   ,,5 yrs 0 mth ,Cancer Research,Cancer-Cancer Progression and Metastasis,10/1/2024,2029-09-30,0,"multiplexed imaging, AI, biomarkers"
"Kim, Keekyoung",University of Calgary,Alberta,Project Grant,202203PJT,Biomedical Engineering,Computational modeling of anatomy guided 3D vasculature network for organ bioprinting and regeneration,"$114,750 ", $-   , $-   ,,1 yr 0 mth ,Circulatory and Respiratory Health,Biomedical Engineering-Regenerative Medicine and Tissue Engineering; Methods Development and Modelling-Computational Biology,10/1/2022,2023-09-30,0,"computational modeling, vasculature, bioprinting"
"Moradi, Mehdi",University of British Columbia,British Columbia,Operating Grant - PA: Cancer Research (bridge funding),201309IC1,Medical Physics & Imaging,Computational multimodal radiologic profiling as a prognostic biomarker for individualized prostate cancer therapy,"$100,000 ", $-   , $-   ,,1 yr 0 mth ,Cancer Research,PROSTATE AND BLADDER CANCER,3/1/2014,2015-02-28,3,"computational, radiologic, prostate cancer"
"Johnson, James A",Western University (Ontario),Ontario,Operating Grant,200809MOP,Biomedical Engineering,Computer Assisted Surgery of the Elbow,"$386,369 ", $-   , $-   ,,4 yrs 0 mth ,Musculoskeletal Health and Arthritis,"MUSCULO SKELETAL; MUSCLE, BONE, OR JOINT",4/1/2009,2013-03-31,1,"Computer, Surgery, Elbow"
"Krause, Juergen",University of Prince Edward Island (Charlottetown),Prince Edward Island,Operation:eHealth Innov Partnership Program(eHIPP)-Youth &Adolescent Mental Hlth,201506EH1,eHealth Innovation Partnership Program (eHIPP): Youth and Adolescents Mental Health,Computer Based Training for Cognitive Behavioral Therapy (CBT4CBT) for Improved  Addiction Treatment in Canadian Youth,"$618,797 ", $-   , $-   ,,4 yrs 0 mth ,"Neurosciences, Mental Health and Addiction",MENTAL AND BEHAVIOURAL DISEASES; PSYCHO-SOCIAL AND BEHAVIOURAL RESEARCH; MENTAL HEALTH; HEALTH RESEARCH,10/1/2015,2019-09-30,0,"Computer, Behavioral Therapy, Addiction"
"Cherkasov, Artem",University of British Columbia,British Columbia,Operating Grant: COVID-19 Rapid Research Funding Opportunity - Therapeutics,202005VR3,COVID-19 Rapid Research - Therapeutics,Computer-aided discovery of synergistic drug combinations with Remdevisir for COVID-19 through mechanism-based drug repurposing and combinatorial organoid screening.,"$2,109,120 ", $-   , $-   ,,1 yr 0 mth ,Infection and Immunity,DRUGS- PHARMACEUTICAL SCIENCE/CHEMISTRY & NON MEDICAL USE OF DRUGS; INFECTIOUS AND PARASITIC; DRUG RESEARCH; INTERNATIONAL HEALTH,6/1/2020,2021-05-31,0,"drug combinations, COVID-19, organoid screening"
"Tavakoli, Mahdi",University of Alberta,Alberta,Collaborative Health Research Projects (NSERC partnered),201711CPG,Collaborative Health Research Projects - NSERC Partnered,Computer-Integrated Ultrasound Guidance and Mechatronics Assistance for Breast Brachytherapy,"$219,829 ","$27,671 ", $-   ,,3 yrs 0 mth ,Cancer Research,BREAST CANCER THERAPY; CANCER,4/1/2018,2021-03-31,1,"Ultrasound, Guidance, Brachytherapy"
"Mckeown, Martin J",University of British Columbia,British Columbia,Collaborative Health Research Projects (NSERC partnered),201810CPG,Collaborative Health Research Projects - NSERC Partnered,"Confidential Automatic Monitoring, Examination, and Recognition of disease Activity (CAMERA): Application to Parkinson and Alzheimer Diseases","$517,818 ","$61,140 ", $-   ,,3 yrs 0 mth ,"Neurosciences, Mental Health and Addiction",PARKINSON'S DISEASE; ALZHEIMER'S DISEASE; NERVOUS SYSTEM; ETHICS,4/1/2019,2022-03-31,0,"Automatic, Monitoring, Disease"
"Tabrizian, Maryam",McGill University,Quebec,Project Grant,202104PJT,Biomedical Engineering,Conformal coating using layer-by-layer self-assembly of polyelectrolytes for immunomodulation of pancreatic islets,"$849,150 ", $-   , $-   ,,5 yrs 0 mth ,"Nutrition, Metabolism and Diabetes","Biomedical Engineering-Biomaterials, Nanotechnology and Biomechanics; Digestive, Endocrine and Excretory Systems-Metabolism and Disease (including Obesity, Diabetes and Metabolomics); Molecular, Cellular and Systems Biology-Cell Signaling",10/1/2021,2026-09-30,0,"conformal coating, layer-by-layer, polyelectrolytes"
"Naus, Christian C",University of British Columbia,British Columbia,Operating Grant,200909MOP,Cancer Progression & Therapeutics,Connexin regulation and glioma growth control,"$693,965 ", $-   , $-   ,,5 yrs 0 mth ,Cancer Research,BRAIN TUMORS (INCL. RETINAL TUMORS); NEOPLASMS; CANCER; CELL BIOLOGY,4/1/2010,2015-03-31,0,"Connexin, glioma, regulation"
"St. Lawrence, Keith S",London Health Sciences Centre Res. Inc. (Ont.),Ontario,Operating Grant,200903MOP,Medical Physics & Imaging,Continuous monitoring of cerebral blood flow and metabolism in the critically ill newborn,"$215,912 ", $-   , $-   ,,3 yrs 0 mth ,Circulatory and Respiratory Health,"STROKE, HEART FAILURE; PERINATAL; IMAGING; BIOPHYSICS",10/1/2009,2012-09-30,0,"cerebral blood flow, metabolism, newborn"
"Haas, Kurt",University of British Columbia,British Columbia,Operating Grant: COVID-19 Rapid Research Funding Opportunity - Therapeutics,202005VR3,COVID-19 Rapid Research - Therapeutics,"Contribution of genetic variation of ACE2, the receptor for SARS-CoV-2, to COVID-19 disease expression and development of therapeutics","$172,414 ", $-   , $-   ,,1 yr 0 mth ,Genetics,INFECTIOUS AND PARASITIC; MOLECULAR BIOLOGY,6/1/2020,2021-05-31,0,"ACE2, SARS-CoV-2, genetics"
"Waldman, Stephen D",Toronto Metropolitan University,Ontario,Project Grant,201809PJT,Biomedical Engineering,Controlling Glucose Metabolism to Develop Superior Tissue Engineered Cartilage,"$631,125 ", $-   , $-   ,,5 yrs 0 mth ,Musculoskeletal Health and Arthritis,"Biomedical Engineering-Regenerative Medicine and Tissue Engineering; Musculoskeletal Health-Bone, Skin and Cartilage Sciences",4/1/2019,2024-03-31,0,"Glucose, Metabolism, Cartilage"
"Ahmed, Shahid",University of Saskatchewan,Saskatchewan,Project Grant,201809PJT,Cancer Biology & Therapeutics 2,Conversion From Unresectable To Resectable Liver Metastases In Patients With Liver-Only Metastatic Colorectal Cancer Treated With FOLFOXIRI Plus Bevacizumab. The Conversion Trial.,"$100,000 ", $-   , $-   ,,3 yrs 0 mth ,Cancer Research,Cancer-Clinical Oncology,4/1/2019,2022-03-31,0,"liver metastases, colorectal cancer, FOLFOXIRI"
"Boucher, Marie-Josee",Universite de Sherbrooke,Quebec,Operating Grant - PA: Cancer Research (bridge funding),200909IC1,Cancer Progression & Therapeutics,Cooperation between the Notch and the kRas signaling pathways in pancreatic cancer progression.,"$100,000 ", $-   , $-   ,,1 yr 0 mth ,Cancer Research,GASTRO-INTESTINAL CANCER; GASTRO-INTESTINAL CANCER THERAPY; CANCER; GASTROINTESTINAL (LIVER),4/1/2010,2011-03-31,0,"Notch, kRas, pancreatic cancer"
"Di Noia, Javier M",Institut de recherches cliniques de Montreal,Quebec,Operating Grant,201303MOP,Cancer Biology & Therapeutics,"Coordinating DNA deamination, double strand break and repair to prevent genomic instability during antibody gene diversification.","$528,516 ", $-   , $-   ,,4 yrs 0 mth ,Cancer Research,MULTIPLE DISEASE RELEVANCE; MOLECULAR BIOLOGY; CANCER,10/1/2013,2018-03-31,1,"DNA, deamination, repair"
"Bell, Brendan B",Universite de Sherbrooke,Quebec,Catalyst Grant: Innovation in HIV Vaccine and HIV Cure Research,201211CHR,HIV Vaccine and Cure Research,Core promoter-binding complexes as novel targets to cure HIV/AIDS,"$100,000 ", $-   , $-   ,,1 yr 0 mth ,Infection and Immunity,AIDS; VIRAL; VIROLOGY; MOLECULAR BIOLOGY,3/1/2013,2014-02-28,0,"core promoter, binding complexes, HIV/AIDS"
"Germain, Lucie",Universite Laval,Quebec,Operating Grant,200909MOP,Biomedical Engineering,Cornee reconstruite in vitro par genie tissulaire pour des applications experimentales et cliniques,"$860,972 ", $-   , $-   ,,5 yrs 0 mth ,"Neurosciences, Mental Health and Addiction","DISEASES AFFECTING SPEECH/VISION/HEARING; INJURY, REGENERATION; CELL BIOLOGY; MOLECULAR BIOLOGY",4/1/2010,2015-03-31,0,"cornee, genie tissulaire, in vitro"
"Flamand, Louis",Universite Laval,Quebec,Operating Grant: COVID-19 Rapid Research Funding Opportunity - Therapeutics,202005VR3,COVID-19 Rapid Research - Therapeutics,"COVID-19 trilogy: ARDS, inflammation and coagulopathy.","$226,625 ", $-   , $-   ,,1 yr 0 mth ,Infection and Immunity,VIRAL; VIROLOGY,6/1/2020,2021-05-31,0,"COVID-19, ARDS, coagulopathy"
"Kim, Paul Y",McMaster University,Ontario,Operating Grant: COVID-19 Rapid Research Funding Opportunity - Diagnostics,202005VR2,COVID-19 Rapid Research - Diagnostics,COVID-19: Comprehensive biomarker analysis for prediction of clinical course and patient treatment outcomes (COVID-BEACONS),"$1,173,325 ", $-   , $-   ,,1 yr 0 mth ,Circulatory and Respiratory Health,CLOTTING DEFECTS/THROMBOSIS; BLOOD; BIOCHEMISTRY,6/1/2020,2021-05-31,0,"COVID-19, biomarker, prediction"
"Elliott, Janet A",University of Alberta,Alberta,Project Grant,201903PJT,Biomedical Engineering,Cryobiology and Cryopreservation of Corneal Endothelial Monolayers,"$703,800 ", $-   , $-   ,,5 yrs 0 mth ,"Neurosciences, Mental Health and Addiction",Biomedical Engineering-Regenerative Medicine and Tissue Engineering,10/1/2019,2024-09-30,0,"Cryobiology, Cryopreservation, Corneal Endothelial"
"Elliott, Janet A",University of Alberta,Alberta,Operating Grant,201110MOP,Biomedical Engineering,Cryobiology and Preservation of Cells and Tissues,"$100,000 ", $-   , $-   ,,1 yr 0 mth ,"Neurosciences, Mental Health and Addiction",MULTIDISCIPLINARY; MULTIPLE DISEASE RELEVANCE; NOT CLASSIFIED; BIOPHYSICS,4/1/2014,2019-03-31,0,"Cryobiology, Preservation, Cells"
"Elliott, Janet A",University of Alberta,Alberta,Operating Grant,201309MOP,Biomedical Engineering,Cryobiology and Preservation of Cells and Tissues,"$604,466 ", $-   , $-   ,,5 yrs 0 mth ,"Neurosciences, Mental Health and Addiction",MULTIDISCIPLINARY; MULTIPLE DISEASE RELEVANCE; NOT CLASSIFIED; BIOPHYSICS,4/1/2014,2019-03-31,0,"Cryobiology, Preservation, Cells"
"Elliott, Janet A",University of Alberta,Alberta,Operating Grant - PA: INMHA (bridge funding),201209INO,Biomedical Engineering,Cryobiology and Preservation of Cells and Tissues,"$100,000 ", $-   , $-   ,,1 yr 0 mth ,"Neurosciences, Mental Health and Addiction",MULTIDISCIPLINARY; MULTIPLE DISEASE RELEVANCE; NOT CLASSIFIED; BIOPHYSICS,3/1/2013,2014-02-28,0,"Cryobiology, Preservation, Cells"
"Elliott, Janet A",University of Alberta,Alberta,Operating Grant - PA: INMHA (bridge funding),201303INO,Biomedical Engineering,Cryobiology and Preservation of Cells and Tissues,"$100,000 ", $-   , $-   ,,1 yr 0 mth ,"Neurosciences, Mental Health and Addiction",MULTIDISCIPLINARY; MULTIPLE DISEASE RELEVANCE; NOT CLASSIFIED; BIOPHYSICS,4/1/2014,2019-03-31,0,"Cryobiology, Preservation, Cells"
"Elliott, Janet A",University of Alberta,Alberta,Project Grant,201803PJT,Biomedical Engineering,Cryobiology of Cardiomyocytes and Engineered Living Cardiac Tissue,"$711,450 ", $-   , $-   ,,5 yrs 0 mth ,Circulatory and Respiratory Health,"Biomedical Engineering-Regenerative Medicine and Tissue Engineering; Cardiovascular, Respiratory and Circulatory Systems-Cardiovascular and Circulatory Sciences",10/1/2018,2023-09-30,1,"Cryobiology, Cardiomyocytes, Cardiac tissue"
"Nielsen, Torsten O",University of British Columbia,British Columbia,Operating Grant,201003MOP,Cancer Progression & Therapeutics 2,CSF1 pathway inhibitors in tenosynovial giant cell tumors and leiomyosarcoma,"$289,885 ", $-   , $-   ,,3 yrs 0 mth ,Cancer Research,MUSCULO SKELETAL; CANCER THERAPY GENERAL; CANCER; DRUG RESEARCH,10/1/2010,2013-09-30,0,"CSF1, pathway inhibitors, giant cell tumors"
"Minden, Mark D",University Health Network (Toronto),Ontario,Operating Grant,201109MOP,Cancer Progression & Therapeutics 2,CSF1R as a therapeutic target in Acute Myeloid Leukemia,"$361,800 ", $-   , $-   ,,3 yrs 0 mth ,Cancer Research,LEUKAEMIAS; CANCER THERAPY GENERAL; CANCER; BLOOD,4/1/2012,2015-03-31,0,"CSF1R, Acute Myeloid Leukemia, therapeutic target"
"Devereaux, Philip J",McMaster University,Ontario,Operating Grant,200903MOP,Medical Physics & Imaging,CT Angiography Prediction of Vascular events In noncardiac Surgery patients cOhort evaluatioN (CTA-VISION),"$467,247 ", $-   , $-   ,,3 yrs 0 mth ,Circulatory and Respiratory Health,CARDIOLOGY; CORONARY CIRCULATION (INCL. INSUFFICIENCY); HEALTH RESEARCH; IMAGING,10/1/2009,2012-09-30,0,"CT, Angiography, Vascular"
"Haglund, Lisbet A",Research Institute of the McGill University Health Centre,Quebec,Project Grant,202203PJT,Biomedical Engineering,"Curve progression, tissue remodelling and disease-modifying drugs in idiopathic scoliosis.","$784,126 ", $-   , $-   ,,5 yrs 0 mth ,Musculoskeletal Health and Arthritis,"Musculoskeletal Health-Bone, Skin and Cartilage Sciences; Youth Health-Prevention, Treatment and Support",10/1/2022,2027-09-30,0,"curve, tissue remodelling, scoliosis"
"McElwee, Kevin J",University of British Columbia,British Columbia,Operating Grant: Fall 2008 Priority Announcement (IMHA),200809MUS,Cancer Biology & Therapeutics,CXC chemokines in basal cell carcinomas,"$84,507 ", $-   , $-   ,,1 yr 0 mth ,Musculoskeletal Health and Arthritis,SKIN AND SUBCUTANEOUS TISSUS; NEOPLASMS; CANCER; CELL BIOLOGY,1/1/2009,2009-12-31,0,"CXC chemokines, basal cell carcinoma"
"Steidl, Christian",University of British Columbia,British Columbia,Project Grant,202309PJT,Cancer Progression & Therapeutics,Cytokine receptor common beta chain alterations in mediastinal lymphomas,"$1,048,050 ", $-   , $-   ,,5 yrs 0 mth ,Cancer Research,"Cancer-Cancer Progression and Metastasis; Molecular, Cellular and Systems Biology-Cell Signaling; Genetics-Genomics, Transcriptomics and Proteomics",4/1/2024,2029-03-31,0,"cytokine receptor, beta chain, lymphomas"
"Thornton, Gail M",University of Calgary,Alberta,"Operating Grant - PA: Musculoskeletal Health, Arthritis, Skin and Oral Health",200809IMH,Biomedical Engineering,Damage Mechanics and Mechanisms in Ligament and Tendon,"$73,019 ", $-   , $-   ,,1 yr 0 mth ,Musculoskeletal Health and Arthritis,"MUSCULO SKELETAL; AGING; MUSCLE, BONE, OR JOINT",1/1/2009,2009-12-31,0,"Damage, Mechanics, Ligament"
"Rakovitch, Eileen","Sunnybrook Research Institute (Toronto, Ontario)",Ontario,Project Grant,201709PJT,Cancer Biology & Therapeutics 2,DCIS-Precise: A Genomics-Driven Model for Predicting DCIS Response to Radiation,"$910,352 ", $-   , $-   ,,4 yrs 0 mth ,Cancer Research,Cancer-Clinical Oncology,4/1/2018,2022-03-31,0,"DCIS, Genomics, Radiation"
"Garnis, Cathie",University of British Columbia,British Columbia,Operating Grant,201003MOP,Cancer Progression & Therapeutics,Deciphering and reconstituting genetic events in oral cancer progression,"$484,436 ", $-   , $-   ,,4 yrs 0 mth ,Cancer Research,NEOPLASMS; MOLECULAR BIOLOGY; CANCER,10/1/2010,2014-09-30,0,"genetic, oral cancer, reconstitution"
"Diamandis, Phedias",University Health Network (Toronto),Ontario,Project Grant,202309PJT,Cancer Progression & Therapeutics 2,Deciphering communication networks across glioblastoma cell states,"$761,176 ", $-   , $-   ,,4 yrs 0 mth ,Cancer Research,"Molecular, Cellular and Systems Biology-Molecular Biology",4/1/2024,2028-03-31,0,"communication, networks, glioblastoma"
"Lerch, Jason P",Hospital for Sick Children (Toronto),Ontario,Operating Grant,201203MOP,Medical Physics & Imaging,Deciphering the bases of sex differences in the brain and their role in psychiatric disorders,"$779,591 ", $-   , $-   ,,5 yrs 0 mth ,"Neurosciences, Mental Health and Addiction",MENTAL AND BEHAVIOURAL DISEASES; ENDOCRINOLOGY; NERVOUS SYSTEM; IMAGING,10/1/2012,2017-09-30,0,"sex differences, brain, psychiatric disorders"
"Nelson, Brad H",University of British Columbia,British Columbia,Project Grant,202209PJT,Cancer Biology & Therapeutics,Deciphering the Hottest Immune Neighbourhoods in Ovarian Cancer to Advance Immunotherapy,"$983,025 ", $-   , $-   ,,5 yrs 0 mth ,Cancer Research,"Immunology and Infection-Transplantation, Immune Tolerance and Tumor Immunology",4/1/2023,2028-03-31,0,"immune, ovarian, immunotherapy"
"McGuigan, Alison P",University of Toronto,Ontario,Project Grant,202010PJT,Cancer Biology & Therapeutics 2,Deciphering the impact of genetic and microenvironmental variation on pancreatic ductal adenocarcinoma (PDAC) cell phenotype and response to therapy,"$669,375 ", $-   , $-   ,,5 yrs 0 mth ,Cancer Research,Biomedical Engineering-Regenerative Medicine and Tissue Engineering; Cancer-Cancer Drug Development and Therapeutics; Genetics-Molecular and Functional Genetics and Epigenetics,4/1/2021,2026-03-31,0,"genetic, microenvironmental, pancreatic ductal adenocarcinoma"
"Stagg, John",Centre hospitalier de l'Universite de Montreal (CHUM),Quebec,Project Grant,202309PJT,Cancer Biology & Therapeutics,Deciphering the role of protease-activated receptor 2 in immuno-oncology,"$1,013,625 ", $-   , $-   ,,5 yrs 0 mth ,Cancer Research,Cancer-Cancer Drug Development and Therapeutics,4/1/2024,2029-03-31,0,"protease-activated receptor, immuno-oncology, receptor"
"Gevry, Nicolas",Universite de Sherbrooke,Quebec,Project Grant,201803PJT,Cancer Biology & Therapeutics 2,Deciphering the role of the nuclear receptor LRH-1 in the establishment of a specific transcriptional program in triple negative breast cancer.,"$868,276 ", $-   , $-   ,,5 yrs 0 mth ,Cancer Research,"Molecular, Cellular and Systems Biology-Molecular Biology; Cancer-Mechanisms of Carcinogenesis; Genetics-Genomics, Transcriptomics and Proteomics",10/1/2018,2023-09-30,0,"nuclear receptor, LRH-1, breast cancer"
"Haigh, Jody J",University of Manitoba,Manitoba,Project Grant,202403PJT,Cancer Progression & Therapeutics,Deciphering the Role of ZEB2 transcription factor in B cell Ontogeny and Transformation.,"$1,071,000 ", $-   , $-   ,,5 yrs 0 mth ,Cancer Research,"Cancer-Pediatric Cancer; Genetics-Genomics, Transcriptomics and Proteomics; Cancer-Cancer Drug Development and Therapeutics",10/1/2024,2029-09-30,0,"ZEB2, transcription factor, B cell"
"Anglesio, Michael S",University of British Columbia,British Columbia,Project Grant,202209PJT,Cancer Progression & Therapeutics,Deconvoluting Prognostic and Targetable Features of Endometrioid Ovarian Carcinomas of No Specific Molecular Profile,"$646,424 ", $-   , $-   ,,3 yrs 0 mth ,Cancer Research,Cancer-Cancer Progression and Metastasis; Cancer-Mechanisms of Carcinogenesis; Reproduction and Development-Reproductive Sciences,4/1/2023,2026-03-31,0,"Deconvoluting, Prognostic, Ovarian Carcinomas"
"Lapointe, Rejean",Centre hospitalier de l'Universite de Montreal (CHUM),Quebec,Vaccines of the 21st Century,200903CVC,Catalyst Grant: Vaccines of the 21st Century,Defining innovating cancer vaccine based on virus-like particles by targeting multiple antigens,"$100,000 ", $-   , $-   ,,1 yr 0 mth ,Infection and Immunity,CANCER THERAPY GENERAL; SKIN AND SUBCUTANEOUS TISSUS; IMMUNOLOGY-TRANSPLANTATION; CANCER,10/1/2009,2010-09-30,2,"cancer vaccine, virus-like particles, antigens"
"Watson, Ian R",McGill University,Quebec,Project Grant,202109PJT,Cancer Progression & Therapeutics,Defining the distinct roles of MAPK pathway mutations in immune and targeted therapy response in melanoma,"$990,675 ", $-   , $-   ,,5 yrs 0 mth ,Cancer Research,"Cancer-Cancer Drug Development and Therapeutics; Molecular, Cellular and Systems Biology-Cell Signaling",4/1/2022,2027-03-31,0,"MAPK, mutations, melanoma"
"Siegel, Peter M",McGill University,Quebec,Project Grant,202209PJT,Cancer Biology & Therapeutics,Defining the Immunomodulatory Role of GPNMB in Triple Negative Breast Cancer,"$994,500 ", $-   , $-   ,,5 yrs 0 mth ,Cancer Research,Cancer-Cancer Progression and Metastasis,4/1/2023,2028-03-31,0,"GPNMB, Immunomodulatory, Breast Cancer"
"Marcato, Paola",Dalhousie University (Nova Scotia),Nova Scotia,Project Grant,201809PJT,Cancer Biology & Therapeutics 2,Defining the mechanism of ALDH1A3 in breast cancer for the identification of novel therapeutic targets,"$918,000 ", $-   , $-   ,,5 yrs 0 mth ,Cancer Research,Cancer-Cancer Progression and Metastasis,4/1/2019,2024-03-31,0,"ALDH1A3, breast cancer, therapeutic targets"
"Ursini-Siegel, Giuseppina",CIUSSS de Centre-Ouest-de-l'Ile-de-Montreal-Jewish General,Quebec,Operating Grant,201503MOP,Cancer Progression & Therapeutics 2,Defining the mechanisms and therapeutic potential of ShcA-mediated angiogenesis and metabolism that fuel breast tumorigenesis,"$817,643 ", $-   , $-   ,,5 yrs 0 mth ,Cancer Research,BREAST CANCER; NEOPLASMS; CANCER; MOLECULAR BIOLOGY,7/1/2015,2020-06-30,0,"ShcA, angiogenesis, tumorigenesis"
"Ursini-Siegel, Giuseppina",CIUSSS de Centre-Ouest-de-l'Ile-de-Montreal-Jewish General,Quebec,Operating Grant,201309MOP,Cancer Progression & Therapeutics,Defining the Molecular Mechanisms and Clinical Implications of p66ShcA as a Driver of the Epithelial to Mesenchymal Transition in Breast Cancer,"$685,520 ", $-   , $-   ,,5 yrs 0 mth ,Cancer Research,BREAST CANCER; NEOPLASMS; CANCER; MOLECULAR BIOLOGY,4/1/2014,2019-03-31,0,"p66ShcA, Epithelial to Mesenchymal Transition, Breast Cancer"
"Pin, Christopher L",Western University (Ontario),Ontario,Project Grant,201903PJT,Cancer Biology & Therapeutics 2,Defining the role for ATF3 in recurrent pancreatic injury and PDAC,"$761,176 ", $-   , $-   ,,5 yrs 0 mth ,Cancer Research,"Cancer-Mechanisms of Carcinogenesis; Digestive, Endocrine and Excretory Systems-Gastroenterology and Hepatology",10/1/2019,2024-09-30,0,"ATF3, pancreatic injury, PDAC"
"Benoit, Yannick D",University of Ottawa,Ontario,Project Grant,202309PJT,Cancer Biology & Therapeutics 2,Defining the role of dopamine transporter in the hierarchical organization of colorectal tumors,"$1,086,300 ", $-   , $-   ,,5 yrs 0 mth ,Cancer Research,Cancer-Cancer Drug Development and Therapeutics; Cancer-Mechanisms of Carcinogenesis,4/1/2024,2029-03-31,0,"dopamine transporter, colorectal tumors"
"Richard, Stephane",CIUSSS de Centre-Ouest-de-l'Ile-de-Montreal-Jewish General,Quebec,Operating Grant,201309MOP,Cancer Biology & Therapeutics,Defining the role of protein arginine methyltransferases (PRMTs) and RGG/RG motifs in cancer and in the maintenance of genomic stability.,"$967,960 ", $-   , $-   ,,5 yrs 0 mth ,Cancer Research,CANCER THERAPY GENERAL; LEUKAEMIAS; CANCER; MOLECULAR BIOLOGY,4/1/2014,2017-06-30,0,"protein arginine methyltransferases, RGG/RG motifs, genomic stability"
"Hawkins, Cynthia E",Hospital for Sick Children (Toronto),Ontario,Project Grant,201709PJT,Cancer Progression & Therapeutics,Defining the role of the histone 3 (H3.3G34R) mutation in the pathogenesis of pediatric high grade astrocytoma,"$956,250 ", $-   , $-   ,,5 yrs 0 mth ,Cancer Research,Cancer-Cancer Drug Development and Therapeutics; Genetics-Molecular and Functional Genetics and Epigenetics,4/1/2018,2023-03-31,0,"histone, mutation, astrocytoma"
"Cummins, Carolyn L",University of Toronto,Ontario,Operating Grant: Industry-partnered Collaborative Research,201309IPR,Industry Partnered Collaborative Research,Defining the structural basis for LXR beta antagonism,"$126,664 ", $-   , $-   ,,2 yrs 0 mth ,"Nutrition, Metabolism and Diabetes",DRUGS- PHARMACEUTICAL SCIENCE/CHEMISTRY & NON MEDICAL USE OF DRUGS; DIABETES MELLITUS; DRUG RESEARCH; ENDOCRINOLOGY,4/1/2014,2016-03-31,0,"LXR, beta, antagonism"
"Nichols, Anthony C",Western University (Ontario),Ontario,Project Grant - Priority Announcement: Patient-Oriented Research,202203PJK,Cancer Progression & Therapeutics,Defining the tumour immune microenvironment underlying chemoradiation resistance in human papillomavirus related head and neck cancer,"$100,000 ", $-   , $-   ,,1 yr 0 mth ,Cancer Research,Cancer-Cancer Progression and Metastasis; Cancer-Cancer Drug Development and Therapeutics; Cancer-Clinical Oncology,10/1/2022,2023-09-30,1,"tumour, immune, chemoradiation"
"Hoemann, Caroline D",Polytechnique Montreal,Quebec,Operating Grant,201309MOP,Biomedical Engineering,Defining therapeutic inflammation for cartilage repair,"$658,035 ", $-   , $-   ,,5 yrs 0 mth ,Musculoskeletal Health and Arthritis,"ARTHRITIS/OSTEOARTHRITIS; INJURY, REGENERATION",4/1/2014,2019-03-31,2,"therapeutic inflammation, cartilage repair"
"Ma, Hongshen",University of British Columbia,British Columbia,Collaborative Health Research Projects (NSERC partnered),201810CPG,Collaborative Health Research Projects - NSERC Partnered,Deformability based Cell Sorting Enabling Quality Control of Stored Red Blood Cells,"$312,155 ", $-   , $-   ,,3 yrs 0 mth ,Circulatory and Respiratory Health,BLOOD; BIOPHYSICS,4/1/2019,2022-03-31,0,"Deformability, Cell Sorting, Red Blood Cells"
"Santerre, Paul",University of Toronto,Ontario,Collaborative Health Research Projects (NSERC partnered),201610CPG,Collaborative Health Research Projects - NSERC Partnered,Degradable Cardiac Patch with Immuno-modulatory function,"$273,483 ", $-   , $-   ,,3 yrs 0 mth ,Circulatory and Respiratory Health,"STROKE, HEART FAILURE; MYOCARDIAL INFARCTION; CARDIOVASCULAR; HEALTH RESEARCH",4/1/2017,2020-03-31,3,"Cardiac, Degradable, Immuno-modulatory"
"Huang, Annie",Hospital for Sick Children (Toronto),Ontario,Project Grant,202104PJT,Cancer Progression & Therapeutics,Delineating mechanisms of cellular and phenotypic heterogeneity in ETMRs,"$967,726 ", $-   , $-   ,,5 yrs 0 mth ,Cancer Research,Cancer-Pediatric Cancer,10/1/2021,2026-09-30,0,"cellular, heterogeneity, ETMRs"
"Huang, Annie",Hospital for Sick Children (Toronto),Ontario,Operating Grant,201403MOP,Cancer Progression & Therapeutics 2,Delineating transforming pathways in childhood primitive neuro-ectodermal brain tumours,"$990,596 ", $-   , $-   ,,5 yrs 0 mth ,Cancer Research,BRAIN TUMORS THERAPY; CANCER THERAPY GENERAL; CANCER; CELL BIOLOGY,7/1/2014,2019-06-30,2,"neuro-ectodermal, brain tumours, pathways"
"Lilge, Lothar",University Health Network (Toronto),Ontario,Operating Grant,200809MOP,Medical Physics & Imaging,Delivery improvements for photodynamic therapy,"$451,912 ", $-   , $-   ,,4 yrs 0 mth ,Cancer Research,CANCER THERAPY GENERAL; BRAIN TUMORS THERAPY; BIOPHYSICS; CANCER,4/1/2009,2013-03-31,3,"delivery, photodynamic, therapy"
"Unsworth, Larry D",University of Alberta,Alberta,Project Grant,201709PJT,Biomedical Engineering,Delivery platforms for treating perinatal brain injury,"$218,025 ", $-   , $-   ,,3 yrs 0 mth ,"Human Development, Child and Youth Health","Biomedical Engineering-Biomaterials, Nanotechnology and Biomechanics",4/1/2018,2021-03-31,0,"delivery, brain injury, perinatal"
"Gros-Louis, Francois",Universite Laval,Quebec,Project Grant,202303PJT,Biomedical Engineering,Depicting disease heterogeneity in neurofibromatosis type 1 and the role of dermal fibroblasts in the establishment of microenvironment favouring NF1-associated skin tumor formation using personalized tissue-engineered 3D models,"$1,113,076 ", $-   , $-   ,,5 yrs 0 mth ,Musculoskeletal Health and Arthritis,Biomedical Engineering-Regenerative Medicine and Tissue Engineering,10/1/2023,2028-09-30,0,"neurofibromatosis, dermal fibroblasts, tissue-engineered"
"Gros-Louis, Francois",Universite Laval,Quebec,Pro. Gr. - PA: Inst. of Musculoskeletal Health and Arthritis: IMHA Mandate Areas,202209MHM,Biomedical Engineering,Depicting disease heterogeneity in neurofibromatosis type 1 and the role of microenvironment in NF1-associated skin tumor formation through personalized tissue-engineered 3D models,"$100,000 ", $-   , $-   ,,1 yr 0 mth ,Musculoskeletal Health and Arthritis,Biomedical Engineering-Regenerative Medicine and Tissue Engineering,3/1/2023,2024-02-29,0,"neurofibromatosis, microenvironment, tissue-engineered"
"Lee, Tim K",University of British Columbia,British Columbia,"Operating Grant - PA: Musculoskeletal Health, Arthritis, Skin and Oral Health",201003IMH,Medical Physics & Imaging,Depth-sensitive low-coherent speckle technique for skin lesion differentiation,"$85,212 ", $-   , $-   ,,1 yr 0 mth ,Cancer Research,SKIN AND SUBCUTANEOUS TISSUS; MULTIDISCIPLINARY; BIOPHYSICS; CANCER,10/1/2010,2011-09-30,0,"depth, speckle, skin lesion"
"Rancourt, Derrick E",University of Calgary,Alberta,Collaborative Health Research Projects (NSERC partnered),201510CPG,Collaborative Health Research Projects - NSERC Partnered,Derivation and Culture of Naeve Pluripotent Stem Cells in Stirred Suspension Bioreactors,"$351,690 ", $-   , $-   ,,3 yrs 0 mth ,Genetics,MULTIDISCIPLINARY; MULTIPLE DISEASE RELEVANCE; CELL BIOLOGY; MOLECULAR BIOLOGY,4/1/2016,2019-03-31,0,"Naive, pluripotent, bioreactors"
"Dong, Xuesen",University of British Columbia,British Columbia,Project Grant,202104PJT,Cancer Biology & Therapeutics,Design a Double-Bolt Lock to Control Cancer Cell Growth,"$910,350 ", $-   , $-   ,,5 yrs 0 mth ,Cancer Research,Cancer-Cancer Drug Development and Therapeutics,10/1/2021,2026-09-30,0,"Double-Bolt Lock, Cancer Cell, Control"
"Biddiss, Elaine A",University of Toronto,Ontario,Collaborative Health Research Projects (NSERC partnered),201410CPG,Collaborative Health Research Projects - NSERC Partnered,Design and evaluation of an interactive computer play platform to motivate participation in home-based therapies for young people with cerebral palsy: Let's Play!,"$248,885 ", $-   , $-   ,,3 yrs 0 mth ,"Human Development, Child and Youth Health",MULTIDISCIPLINARY; MULTIPLE DISEASE RELEVANCE; HEALTH RESEARCH,4/1/2015,2018-03-31,0,"interactive, computer, therapies"
"Cafazzo, Joseph A",University Health Network (Toronto),Ontario,Catalyst Grant: eHealth Innovations,201210CEH,e-Health Innovation Partnership Program (eHIPP),Design and Evaluation of an mHealth Behavioural Intervention for the Self-Management of Type 2 Diabetes Mellitus,"$99,350 ", $-   , $-   ,,1 yr 0 mth ,"Nutrition, Metabolism and Diabetes",DIABETES MELLITUS; HEALTH CARE DELIVERY; METABOLISM/DIABETES; PSYCHOSOCIAL/HEALTH BEHAVIOURAL RES.,3/1/2013,2014-02-28,0,"mHealth, Behavioural Intervention, Diabetes"
"Cherkasov, Artem",University of British Columbia,British Columbia,Project Grant,201709PJT,Cancer Biology & Therapeutics 2,Design and evaluation of small molecules that target the dimerization interface of full-length and splice-variant forms of the androgen receptor as a potential treatment for advanced prostate cancer,"$459,000 ", $-   , $-   ,,3 yrs 0 mth ,Cancer Research,Cancer-Cancer Drug Development and Therapeutics,4/1/2018,2021-03-31,2,"small molecules, androgen receptor, prostate cancer"
"Cloutier, Guy",Universite de Montreal,Quebec,Collaborative Health Research Projects (NSERC partnered),201610CPG,Collaborative Health Research Projects - NSERC Partnered,Design of a bracelet embedding high-frequency ultrasound transducers to acquire venous blood echogenicity spectral data for patient monitoring,"$301,262 ", $-   , $-   ,,3 yrs 0 mth ,Circulatory and Respiratory Health,MULTIDISCIPLINARY; IMAGING; CARDIOVASCULAR,4/1/2017,2020-03-31,0,"ultrasound, transducers, blood"
"Shoichet, Molly S",University of Toronto,Ontario,Collaborative Health Research Projects (NSERC partnered),201210CPG,Collaborative Health Research Projects - NSERC Partnered,Design of a high content personalized medicine screening tool for the treatment of cancer,"$479,799 ", $-   , $-   ,,3 yrs 0 mth ,Cancer Research,BREAST CANCER; BREAST CANCER THERAPY; CANCER; CELL BIOLOGY,4/1/2013,2016-03-31,5,"personalized medicine, screening, cancer"
"Cullis, Pieter R",University of British Columbia,British Columbia,Operating Grant: Industry-partnered Collaborative Research,201203IPR,Industry Partnered Collaborative Research,Design of Lipid Nanoparticle Systems for the Systemic Delivery of siRNA,"$700,000 ", $-   , $-   ,,5 yrs 0 mth ,Cancer Research,CANCER THERAPY GENERAL; DRUG RESEARCH; BIOCHEMISTRY,10/1/2012,2017-09-30,17,"Lipid Nanoparticle, siRNA, Delivery"
"Rocheleau, Jonathan V",University Health Network (Toronto),Ontario,"Catalyst Grant: Invention and High-Risk, High-Benefit Research",200902NHG,"Inventions, Technologies, or High Risk Grants",Design of novel microfluidic devices to stimulate growth and maintenance of ex vivo pancreatic islet endothelial cells.,"$90,400 ", $-   , $-   ,,1 yr 0 mth ,Genetics,DIABETES MELLITUS; METABOLISM AND NUTRITION; METABOLISM/DIABETES; BIOPHYSICS,2/1/2009,2010-01-31,0,"microfluidic, pancreatic islet, endothelial cells"
"Uludag, Hasan",University of Alberta,Alberta,Operating Grant,201109MOP,Biomedical Engineering,Designing Amphiphilic Polymeric Carriers of DNA for Gene Therapy,"$513,029 ", $-   , $-   ,,4 yrs 0 mth ,Musculoskeletal Health and Arthritis,MUSCULO SKELETAL; SKIN AND SUBCUTANEOUS TISSUS; CELL BIOLOGY; DRUG RESEARCH,4/1/2012,2016-03-31,1,"Amphiphilic, Polymeric, DNA"
"Hoare, Todd R",McMaster University,Ontario,Collaborative Health Research Projects (NSERC partnered),201810CPG,Collaborative Health Research Projects - NSERC Partnered,Designing Highly Porous Drug-Impregnated Polymer Scaffolds Using Pressurized Gas Expanded Liquids for the Treatment of Lung Fibrosis and Wound Infections,"$327,657 ","$7,500 ", $-   ,,3 yrs 0 mth ,Aging,RESPIRATION; INFECTIOUS AND PARASITIC; AGING,4/1/2019,2022-03-31,0,"Polymer scaffolds, Gas expanded liquids, Lung fibrosis"
"Bernard, Nicole F",Research Institute of the McGill University Health Centre,Quebec,Catalyst Grant: Innovation in HIV Vaccine and HIV Cure Research,201211CHR,HIV Vaccine and Cure Research,Determinants of the functional cure profile observed in HIV infected Elite Controllers.,"$100,000 ", $-   , $-   ,,1 yr 0 mth ,Infection and Immunity,AIDS; VIRAL; IMMUNOLOGY-TRANSPLANTATION; VIROLOGY,3/1/2013,2014-02-28,0,"HIV, Elite Controllers, functional cure"
"Dirks, Peter B",Hospital for Sick Children (Toronto),Ontario,Project Grant,202109PJT,Cancer Biology & Therapeutics,Determining the cellular mechanisms of initiation and evolution of hypermutant glioma,"$1,147,500 ", $-   , $-   ,,5 yrs 0 mth ,Cancer Research,"Cancer-Mechanisms of Carcinogenesis; Neurosciences-Neurogenesis, Neurodifferentiation and Plasticity",4/1/2022,2027-03-31,0,"cellular, glioma, hypermutant"
"Lichty, Brian D",McMaster University,Ontario,Operating Grant,200810MOP,Cancer Biology & Therapeutics,Determining the fate of tumour cells killed by an oncolytic virus.,"$100,000 ", $-   , $-   ,,1 yr 0 mth ,Cancer Research,GASTRO-INTESTINAL CANCER THERAPY; BREAST CANCER THERAPY; CANCER; IMMUNOLOGY-TRANSPLANTATION,3/1/2009,2010-02-28,0,"oncolytic virus, tumour cells, fate"
"McCoy, Kathy",University of Calgary,Alberta,Project Grant,202104PJT,Cancer Biology & Therapeutics,Determining the impact of inosine-producing microbes in promoting the efficacy and modulating toxicity of immune checkpoint blockade therapy in cancer.,"$975,376 ", $-   , $-   ,,5 yrs 0 mth ,Cancer Research,"Cancer-Cancer Drug Development and Therapeutics; Immunology and Infection-Transplantation, Immune Tolerance and Tumor Immunology",10/1/2021,2026-09-30,0,"inosine, microbes, immune checkpoint"
"Lankarany, Milad",University Health Network (Toronto),Ontario,Project Grant,202303PJT,Biomedical Engineering,Developing a Biologically-realistic Model-based Approach for Generating Deep Brain Stimulation Patterns,"$841,500 ", $-   , $-   ,,5 yrs 0 mth ,"Neurosciences, Mental Health and Addiction",Neurosciences-Neurological disorders,10/1/2023,2028-09-30,1,"Deep Brain Stimulation, Model-based, Patterns"
"Giles, Joshua W",University of Victoria (British Columbia),British Columbia,Project Grant,202003PJT,Biomedical Engineering,Developing a Patient-Specific Surgical Decision-Assistance Tool to Improve Reverse Shoulder Replacement Outcomes,"$378,676 ", $-   , $-   ,,5 yrs 0 mth ,Musculoskeletal Health and Arthritis,"Biomedical Engineering-Biomaterials, Nanotechnology and Biomechanics; Artificial Intelligence-Machine Learning",10/1/2020,2025-09-30,0,"Patient-specific, Surgical, Reverse shoulder"
"Wu, Robert",University Health Network (Toronto),Ontario,Catalyst Grant: Personalized Health Catalyst Grants,201706PCG,Personalized Health - novel e-health applications,"Developing a wearable device and a mobile application that aids patients in self-management of their COPD by providing biofeedback, education and guidance","$197,304 ", $-   , $-   ,,2 yrs 0 mth ,Circulatory and Respiratory Health,RESPIRATION; HEALTH RESEARCH,9/1/2017,2019-08-31,1,"wearable device, mobile application, COPD"
"Vahidi, Siavash",University of Guelph,Ontario,Project Grant,202309PJT,Cancer Progression & Therapeutics,Developing allosteric inhibitors of mitochondrial ClpP protease for acute myeloid leukemia,"$1,143,675 ", $-   , $-   ,,5 yrs 0 mth ,Cancer Research,"Cancer-Cancer Drug Development and Therapeutics; Molecular, Cellular and Systems Biology-Structure and Function of Macromolecules; Pharmacological, Toxicological and Pharmaceutical Sciences-Drug Discovery, Design and Delivery",4/1/2024,2029-03-31,0,"allosteric, inhibitors, ClpP"
"Bizzotto, Dan",University of British Columbia,British Columbia,Collaborative Health Research Projects (NSERC partnered),201210CPG,Collaborative Health Research Projects - NSERC Partnered,Developing an electrochemical beacon detection method for pathogen nucleic acid speciation,"$211,250 ", $-   , $-   ,,3 yrs 0 mth ,Infection and Immunity,INFECTIOUS AND PARASITIC; QUALITATIVE METHODS; HEALTH RESEARCH; BIOCHEMISTRY,4/1/2013,2016-03-31,0,"electrochemical, beacon, nucleic acid"
"Kearney, Robert E",McGill University,Quebec,Collaborative Health Research Projects (NSERC partnered),201510CPG,Collaborative Health Research Projects - NSERC Partnered,Developing and clinically testing a learning algorithm that optimizes the performance of the artificial pancreas,"$218,863 ", $-   , $-   ,,3 yrs 0 mth ,"Nutrition, Metabolism and Diabetes",MULTIDISCIPLINARY; DIABETES MELLITUS; METABOLISM/DIABETES,4/1/2016,2019-03-31,1,"learning algorithm, artificial pancreas, performance"
"Malkin, David D",Hospital for Sick Children (Toronto),Ontario,Project Grant,202303PJT,Cancer Progression & Therapeutics,Developing diagnostics of patient-specific cancer risk and early-stage tumorigenesis,"$906,526 ", $-   , $-   ,,5 yrs 0 mth ,Cancer Research,Cancer-Pediatric Cancer,10/1/2023,2028-09-30,0,"diagnostics, cancer, tumorigenesis"
"Lee, Seung-Hwan",University of Ottawa,Ontario,Project Grant,202403PJT,Cancer Biology & Therapeutics,Developing Natural Killer Cell-Mediated Combination Immunotherapies for the Treatment of Multiple Myeloma,"$1,162,800 ", $-   , $-   ,,5 yrs 0 mth ,Cancer Research,"Methods Development and Modelling-Qualitative Methods Development for Health Research; Biomedical Engineering-Biomaterials, Nanotechnology and Biomechanics; Immunology and Infection-Transplantation, Immune Tolerance and Tumor Immunology",10/1/2024,2029-09-30,0,"Natural Killer, Immunotherapies, Multiple Myeloma"
"Lin, Francis",University of Manitoba,Manitoba,Collaborative Health Research Projects (NSERC partnered),201310CPG,Collaborative Health Research Projects - NSERC Partnered,Developing Novel Integrated Point-of-Care Systems for Chronic Kidney Disease Biomarkers Measurements,"$265,170 ", $-   , $-   ,,3 yrs 0 mth ,Aging,"GENITO/URINARY SYSTEM; DIABETES MELLITUS; RENAL FUNCTION, NEPHROLOGY, UROLOGY; HEALTH RESEARCH",4/1/2014,2017-03-31,3,"Point-of-Care, Biomarkers, Kidney Disease"
"Liu, Peter P",Ottawa Heart Institute Research Corporation (Ontario),Ontario,Operating Grant: Industry-partnered Collaborative Research,201509IPR,Industry Partnered Collaborative Research,Developing Novel Therapeutic Targets for Heart Failure,"$525,000 ", $-   , $-   ,,5 yrs 0 mth ,Circulatory and Respiratory Health,"STROKE, HEART FAILURE; CARDIOLOGY; CARDIOVASCULAR; AGING",4/1/2016,2021-03-31,13,"Therapeutic targets, Heart failure"
"Dacosta, Ralph S",University Health Network (Toronto),Ontario,Operating Grant,201203MOP,Cancer Biology & Therapeutics,"Developing Preclinical Optical Imaging Tools for Studying Vasculature, Microenvironment, and Radiation Response of Solid Tumours In Vivo.","$447,823 ", $-   , $-   ,,4 yrs 0 mth ,Cancer Research,CANCER THERAPY GENERAL,10/1/2012,2016-09-30,7,"Optical imaging, Vasculature, Tumours"
"Jirasek, Andrew I",University of Victoria (British Columbia),British Columbia,Operating Grant,201109MOP,Medical Physics & Imaging,Developing Raman spectroscopic techniques for the prediction and monitoring of cellular and tumour response to radiation therapy,"$523,965 ", $-   , $-   ,,5 yrs 0 mth ,Cancer Research,PROSTATE AND BLADDER CANCER; CANCER THERAPY GENERAL,4/1/2012,2017-03-31,0,"Raman spectroscopy, cellular response, radiation"
"Li, Yingfu",McMaster University,Ontario,Operating Grant,200810MOP,Cancer Biology & Therapeutics,Developing RNA-cleaving DNAzymes as Molecular Tools for Cancer Study and as Cancer Therapeutics,"$89,919 ", $-   , $-   ,,1 yr 0 mth ,Cancer Research,MULTIDISCIPLINARY; CANCER THERAPY GENERAL; BIOCHEMISTRY; CANCER,3/1/2009,2009-09-30,0,"RNA, DNAzymes, Cancer"
"Li, Yingfu",McMaster University,Ontario,Operating Grant,200903MOP,Cancer Biology & Therapeutics,Developing RNA-cleaving DNAzymes as Molecular Tools for Cancer Study and as Cancer Therapeutics,"$616,690 ", $-   , $-   ,,5 yrs 0 mth ,Cancer Research,MULTIDISCIPLINARY; CANCER THERAPY GENERAL; BIOCHEMISTRY; CANCER,10/1/2009,2014-09-30,0,"RNA, DNAzymes, Cancer"
"Jefferies, Wilfred A",University of British Columbia,British Columbia,Operating Grant: Industry-partnered Collaborative Research,201409IPR,Industry Partnered Collaborative Research,Developing Technologies to Modulate Immunogenicity in Disease,"$750,000 ", $-   , $-   ,,3 yrs 0 mth ,Infection and Immunity,DRUGS- PHARMACEUTICAL SCIENCE/CHEMISTRY & NON MEDICAL USE OF DRUGS; CANCER THERAPY GENERAL; DRUG RESEARCH; IMMUNOLOGY-TRANSPLANTATION,4/1/2015,2018-03-31,10,"Immunogenicity, Modulation, Disease"
"Thompson, Michael R",McMaster University,Ontario,Collaborative Health Research Projects (NSERC partnered),201711CPG,Collaborative Health Research Projects - NSERC Partnered,Developing Thermally Stable Dry Powder Vaccine Platforms Via Spray Drying Tailored for Inhalation Delivery,"$408,901 ","$16,929 ", $-   ,,3 yrs 0 mth ,Infection and Immunity,DRUGS- PHARMACEUTICAL SCIENCE/CHEMISTRY & NON MEDICAL USE OF DRUGS; INFECTIOUS AND PARASITIC; DRUG RESEARCH; HEALTH RESEARCH,4/1/2018,2021-03-31,4,"Thermal stability, Dry powder, Inhalation"
"Ghahary, Aziz",University of British Columbia,British Columbia,Project Grant - PA: MSK/Skin/Oral Health: Clinical Research - Skin Health,201903PJ6,Biomedical Engineering,Development and application of a Multifunctional Nutrient-rich Composite Scaffold for Treatment of Complex Wounds,"$100,000 ", $-   , $-   ,,1 yr 0 mth ,Musculoskeletal Health and Arthritis,Biomedical Engineering-Regenerative Medicine and Tissue Engineering,10/1/2019,2021-09-30,0,"Nutrient-rich, Composite Scaffold, Wounds"
"Stirling, Peter C",University of British Columbia,British Columbia,Project Grant,202403PJT,Cancer Progression & Therapeutics,Development and application of novel FEN1 endonuclease inhibitors,"$1,044,226 ", $-   , $-   ,,5 yrs 0 mth ,Cancer Research,"Molecular, Cellular and Systems Biology-Biochemistry; Pharmacological, Toxicological and Pharmaceutical Sciences-Drug Discovery, Design and Delivery; Genetics-Molecular and Functional Genetics and Epigenetics",10/1/2024,2029-09-30,0,"FEN1, endonuclease, inhibitors"
"Calon, Frederic",Universite Laval,Quebec,Collaborative Health Research Projects (NSERC partnered),201210CPG,Collaborative Health Research Projects - NSERC Partnered,Development and bioimaging of blood-brain barrier vectorized nanoparticles,"$383,134 ", $-   , $-   ,,3 yrs 0 mth ,"Neurosciences, Mental Health and Addiction",DRUGS- PHARMACEUTICAL SCIENCE/CHEMISTRY & NON MEDICAL USE OF DRUGS; AGING; DRUG RESEARCH; NERVOUS SYSTEM,4/1/2013,2016-03-31,0,"blood-brain barrier, nanoparticles, bioimaging"
"Miller, Donald W",University of Manitoba,Manitoba,Collaborative Health Research Projects (NSERC partnered),201810CPG,Collaborative Health Research Projects - NSERC Partnered,Development and clinical assessment of novel biomarker drugs targeting SSAT1 for detection and therapeutic monitoring of glioblastoma,"$405,529 ","$5,232 ", $-   ,,3 yrs 0 mth ,Cancer Research,BRAIN TUMORS (INCL. RETINAL TUMORS); BRAIN TUMORS THERAPY; CANCER; NERVOUS SYSTEM,4/1/2019,2022-03-31,1,"biomarker, SSAT1, glioblastoma"
"Anglin, Carolyn",University of Calgary,Alberta,Collaborative Health Research Projects (NSERC partnered),201310CPG,Collaborative Health Research Projects - NSERC Partnered,Development and Clinical Efficacies of an Innovative Quantitative Intraoperative C-arm System,"$234,775 ", $-   , $-   ,,3 yrs 0 mth ,Musculoskeletal Health and Arthritis,"MUSCULO SKELETAL; MULTIDISCIPLINARY; IMAGING; MUSCLE, BONE, OR JOINT",4/1/2014,2017-03-31,0,"C-arm, Intraoperative, Quantitative"
"Leblond, Frederic",Polytechnique Montreal,Quebec,Collaborative Health Research Projects (NSERC partnered),201510CPG,Collaborative Health Research Projects - NSERC Partnered,Development and clinical translation of a Raman spectroscopy imaging technique to increase the extent of tumor resection in glioma surgery,"$264,929 ", $-   , $-   ,,3 yrs 0 mth ,Cancer Research,BRAIN TUMORS (INCL. RETINAL TUMORS); CANCER; IMAGING,4/1/2016,2019-03-31,2,"Raman spectroscopy, imaging, glioma"
"Haibe-Kains, Benjamin",University Health Network (Toronto),Ontario,Project Grant,201909PJT,Cancer Progression & Therapeutics,Development and comparison of radiomics models for prognosis and monitoring,"$608,175 ", $-   , $-   ,,3 yrs 0 mth ,Cancer Research,Cancer-Clinical Oncology,4/1/2020,2023-03-31,0,"radiomics, prognosis, monitoring"
"van Donkelaar, Paul",University of British Columbia,British Columbia,Op. Grant: NWHRI: Innovation Fund - Translational Research,202403NW3,National Women's Health Research Initiative: Innovation Fund,Development and validation of a clinical assessment tool to improve detection of brain injury in intimate partner violence,"$495,144 ", $-   , $-   ,,2 yrs 10 mths ,Gender and Health,"ACCIDENTS, POISONING - VIOLENCE; NERVOUS SYSTEM",6/1/2024,2027-03-31,0,"brain injury, assessment tool, violence"
"Musselman, Kristin E",University of Toronto,Ontario,Collaborative Health Research Projects (NSERC partnered),201910CPG,Collaborative Health Research Projects - NSERC Partnered,"Development and validation of a clinically feasible, novel therapy for improving standing balance and reducing falls","$297,385 ","$4,064 ", $-   ,,3 yrs 0 mth ,"Neurosciences, Mental Health and Addiction","SPINAL CORD DISEASE; STROKE, HEART FAILURE; HEALTH RESEARCH; NERVOUS SYSTEM",4/1/2020,2023-03-31,0,"standing balance, fall prevention, clinical validation"
"Collins, Donald L",McGill University,Quebec,Operating Grant,201009MOP,Medical Physics & Imaging,Development and validation of MRI biomarkers for diagnosis and prognosis of prodromal Alzheimer's disease,"$383,741 ", $-   , $-   ,,3 yrs 0 mth ,"Neurosciences, Mental Health and Addiction",ALZHEIMER'S DISEASE; MULTIDISCIPLINARY; AGING; IMAGING,4/1/2011,2014-03-31,1,"MRI, biomarkers, Alzheimer's"
"De Ribaupierre, Sandrine",Western University (Ontario),Ontario,Operating Grant,201403MOP,Medical Physics & Imaging,Development and validation of new technologies to monitor hydrocephalus,"$367,156 ", $-   , $-   ,,4 yrs 0 mth ,"Human Development, Child and Youth Health",PERINATAL; MULTIDISCIPLINARY; IMAGING; NERVOUS SYSTEM,7/1/2014,2018-06-30,0,"hydrocephalus, monitoring, validation"
"Bathe, Oliver F",University of Calgary,Alberta,Collaborative Health Research Projects (NSERC partnered),201711CPG,Collaborative Health Research Projects - NSERC Partnered,Development of a Blood Test for Colorectal Cancer based on Metabolomic Signature,"$389,215 ", $-   , $-   ,,3 yrs 0 mth ,Cancer Research,GASTRO-INTESTINAL CANCER; HEALTH CARE DELIVERY; CANCER; HEALTH RESEARCH,4/1/2018,2021-03-31,1,"Blood test, colorectal cancer, metabolomics"
"Chiao, Mu",University of British Columbia,British Columbia,Collaborative Health Research Projects (NSERC partnered),201610CPG,Collaborative Health Research Projects - NSERC Partnered,Development of a confocal endoscope for gastrointestinal cancer diagnosis,"$311,545 ", $-   , $-   ,,3 yrs 0 mth ,Cancer Research,GASTRO-INTESTINAL CANCER; GASTRO-INTESTINAL DISEASE; IMAGING; CANCER,4/1/2017,2020-03-31,0,"confocal, endoscope, gastrointestinal"
"Mandelis, Andreas",University of Toronto,Ontario,Collaborative Health Research Projects (NSERC partnered),201610CPG,Collaborative Health Research Projects - NSERC Partnered,Development of a high-resolution photothermal coherence tomography clinical device for detection and 3-D mapping of early dental caries,"$358,647 ", $-   , $-   ,,3 yrs 0 mth ,Musculoskeletal Health and Arthritis,DENTAL DISEASE (INCL. ORAL BIOLOGY); MULTIDISCIPLINARY; DENTAL SCIENCE - Oral Biology; IMAGING,4/1/2017,2020-03-31,1,"photothermal, coherence tomography, dental caries"
"Yudin, Andrei",University of Toronto,Ontario,Collaborative Health Research Projects (NSERC partnered),201410CPG,Collaborative Health Research Projects - NSERC Partnered,Development of a lead boron-containing ClpP inhibitor for AML therapy,"$299,046 ", $-   , $-   ,,3 yrs 0 mth ,Cancer Research,CANCER THERAPY GENERAL; DRUGS- PHARMACEUTICAL SCIENCE/CHEMISTRY & NON MEDICAL USE OF DRUGS; CANCER; DRUG RESEARCH,4/1/2015,2018-03-31,0,"lead, boron, ClpP"
"Lee, Warren L",University of Toronto,Ontario,Collaborative Health Research Projects (NSERC partnered),201711CPG,Collaborative Health Research Projects - NSERC Partnered,Development of a lung ultrasound therapy system for acute respiratory distress syndrome,"$362,865 ", $-   , $-   ,,3 yrs 0 mth ,Circulatory and Respiratory Health,PNEUMONIA; RESPIRATION; BIOPHYSICS,4/1/2018,2021-03-31,2,"lung, ultrasound, respiratory distress"
"Waspe, Adam C",University of Toronto,Ontario,Collaborative Health Research Projects (NSERC partnered),201810CPG,Collaborative Health Research Projects - NSERC Partnered,Development of a Magnetic Resonance guided High Intensity Focused Ultrasound Therapy Platform for Perinatal Applications,"$325,250 ", $-   , $-   ,,3 yrs 0 mth ,"Human Development, Child and Youth Health",PERINATAL; CONGENITAL ANOMALIES; IMAGING; REPRODUCTION/PREGNANCY,4/1/2019,2022-03-31,0,"Magnetic Resonance, Focused Ultrasound, Perinatal"
"Pasini, Damiano",McGill University,Quebec,Collaborative Health Research Projects (NSERC partnered),201310CPG,Collaborative Health Research Projects - NSERC Partnered,Development of a mechanically biomcompatible hip replacement implant with Ti-6Al-4V open-cell microlattice architecture,"$237,998 ", $-   , $-   ,,3 yrs 0 mth ,Musculoskeletal Health and Arthritis,"MUSCULO SKELETAL; MUSCLE, BONE, OR JOINT",4/1/2014,2017-03-31,2,"hip replacement, biomcompatible, Ti-6Al-4V"
"Ren, Carolyn L",University of Waterloo (Ontario),Ontario,Operating Grant: COVID-19 Rapid Research Funding Opportunity - Diagnostics,202005VR2,COVID-19 Rapid Research - Diagnostics,Development of a Microwave Enabled Bio-Nano-Microfluidic Device for Point-of-Care Diagnosis of COVID-19,"$264,908 ", $-   , $-   ,,1 yr 0 mth ,Infection and Immunity,INFECTIOUS AND PARASITIC; VIRAL; VIROLOGY,6/1/2020,2021-05-31,0,"Microwave, Bio-Nano-Microfluidic, Diagnosis"
"Podolsky, Dale J",Hospital for Sick Children (Toronto),Ontario,Project Grant,202303PJT,Biomedical Engineering,Development of a minimally invasive bone cutting tool for craniosynostosis surgery,"$864,450 ", $-   , $-   ,,5 yrs 0 mth ,"Human Development, Child and Youth Health","Biomedical Engineering-Biophysics, Medical Technologies and Instrumentation",10/1/2023,2028-09-30,1,"bone, cutting, craniosynostosis"
"Frampton, John P",Dalhousie University (Nova Scotia),Nova Scotia,Collaborative Health Research Projects (NSERC partnered),201910CPG,Collaborative Health Research Projects - NSERC Partnered,Development of a near-care diagnostic test for Lyme disease,"$460,441 ","$31,265 ", $-   ,,3 yrs 0 mth ,Infection and Immunity,"INFECTIOUS AND PARASITIC; MULTIPLE DISEASE RELEVANCE; GENOMICS, PROTEOMICS, AND BIOINFORMATICS; NOT CLASSIFIED",4/1/2020,2023-03-31,0,"diagnostic test, Lyme disease"
"St. Lawrence, Keith S",London Health Sciences Centre Res. Inc. (Ont.),Ontario,Project Grant,202010PJT,Medical Physics & Imaging,Development of a non-invasive optical device to guide individualized neurointensive care,"$631,125 ", $-   , $-   ,,5 yrs 0 mth ,Circulatory and Respiratory Health,"Biomedical Engineering-Biomedical Imaging; Biomedical Engineering-Biophysics, Medical Technologies and Instrumentation",4/1/2021,2026-03-31,0,"optical device, neurointensive care, non-invasive"
"Abbasi Nejad Enger, Shirin",McGill University,Quebec,Collaborative Health Research Projects (NSERC partnered),201910CPG,Collaborative Health Research Projects - NSERC Partnered,Development of a non-invasive positron detector to measure the arterial input function for pharmacokinetic modelling in dynamic positron emission tomography imaging,"$1,214,556 ","$89,250 ", $-   ,,3 yrs 0 mth ,Cancer Research,MULTIDISCIPLINARY; CANCER THERAPY GENERAL; IMAGING; CANCER,4/1/2020,2023-03-31,0,"positron, detector, imaging"
"Hirano, Naoto",University Health Network (Toronto),Ontario,Project Grant,201809PJT,Cancer Biology & Therapeutics,Development of a novel mesothelin CAR-T immunotherapy and pharmacologic combinations for triple negative breast cancer,"$1,273,725 ", $-   , $-   ,,5 yrs 0 mth ,Cancer Research,Cancer-Cancer Drug Development and Therapeutics,4/1/2019,2024-03-31,0,"mesothelin, CAR-T, breast cancer"
"Leonardi, Mathew",McMaster University,Ontario,Op. Grant: NWHRI: Innovation Fund - Translational Research,202403NW3,National Women's Health Research Initiative: Innovation Fund,Development of a Novel Non-Surgical Endometriosis Diagnostic by Combining an Ultrasound-Based Procedure with Single Molecule Arrays (SIMOA),"$598,183 ", $-   , $-   ,,2 yrs 10 mths ,Gender and Health,INFERTILITY FEMALE; SUPPLEMENTARY CLASSIFICATIONS; REPRODUCTION/PREGNANCY; BIOCHEMISTRY,6/1/2024,2027-03-31,0,"Endometriosis, Ultrasound, SIMOA"
"Wang, Li",McMaster University,Ontario,Op. Grant: NWHRI: Innovation Fund - Translational Research,202403NW3,National Women's Health Research Initiative: Innovation Fund,Development of a novel risk prediction model for chronic postsurgical pain after breast cancer surgery,"$600,000 ", $-   , $-   ,,2 yrs 10 mths ,Cancer Research,BREAST CANCER; POPULATION HEALTH; CANCER,6/1/2024,2027-03-31,0,"risk prediction, chronic postsurgical pain, breast cancer"
"Parks, Robin J",Ottawa Hospital Research Institute,Ontario,"Catalyst Grant: Invention and High-Risk, High-Benefit Research",201003NHG,"Inventions, Technologies, or High Risk Grants",Development of a novel therapy for treatment of Spinal Muscular Atrophy,"$200,000 ", $-   , $-   ,,2 yrs 0 mth ,Musculoskeletal Health and Arthritis,"MUSCULO SKELETAL; MUSCULAR DYSTROPHY; MUSCLE, BONE, OR JOINT; NERVOUS SYSTEM",10/1/2010,2012-09-30,0,"Spinal Muscular Atrophy, therapy"
"Boffa, Michael B",Western University (Ontario),Ontario,Project Grant,202010PJT,Cancer Progression & Therapeutics,"Development of a Novel Therapy to Prevent Breast Cancer Metastasis: Modulation of TAFI, a Master Regulator of Extracellular Proteolysis","$722,925 ", $-   , $-   ,,5 yrs 0 mth ,Cancer Research,"Cancer-Cancer Progression and Metastasis; Molecular, Cellular and Systems Biology-Biochemistry; Cancer - Cancer Drug Development and Therapeutics",4/1/2021,2026-03-31,0,"Breast cancer, metastasis, TAFI"
"St. Lawrence, Keith S",London Health Sciences Centre Res. Inc. (Ont.),Ontario,Operating Grant,201109MOP,Medical Physics & Imaging,Development of a Perfusion MRI Technique to Investigate Longitudinal Effects of Chronic Pain on Brain Function,"$451,668 ", $-   , $-   ,,4 yrs 0 mth ,"Neurosciences, Mental Health and Addiction",CNS ORGANIC; IMAGING; NERVOUS SYSTEM,4/1/2012,2016-03-31,0,"Perfusion MRI, Chronic Pain, Brain Function"
"Carson, Jeffrey J",London Health Sciences Centre Res. Inc. (Ont.),Ontario,Operating Grant,201003MOP,Medical Physics & Imaging,Development of a photoacoustic imaging system for lesion characterization during breast cancer diagnostics,"$557,990 ", $-   , $-   ,,5 yrs 0 mth ,Cancer Research,BREAST CANCER; IMAGING; CANCER,10/1/2010,2015-09-30,0,"photoacoustic, imaging, breast cancer"
"Simmons, Craig A",University of Toronto,Ontario,Collaborative Health Research Projects (NSERC partnered),201610CPG,Collaborative Health Research Projects - NSERC Partnered,Development of a physiological cardiac microtissue platform for drug development,"$426,720 ", $-   , $-   ,,3 yrs 0 mth ,Circulatory and Respiratory Health,"CARDIOLOGY; STROKE, HEART FAILURE; CARDIOVASCULAR; CELL BIOLOGY",4/1/2017,2020-03-31,4,"cardiac, microtissue, drug"
"Connolly, John F",McMaster University,Ontario,Collaborative Health Research Projects (NSERC partnered),201711CPG,Collaborative Health Research Projects - NSERC Partnered,Development of a Point of Care System for Automated Coma Prognosis,"$273,862 ", $-   , $-   ,,3 yrs 0 mth ,"Neurosciences, Mental Health and Addiction",HEALTH CARE DELIVERY; CNS ORGANIC; NERVOUS SYSTEM,4/1/2018,2021-03-31,2,"Point of Care, Automated, Coma"
"Rottapel, Robert K",University Health Network (Toronto),Ontario,Operating Grant: COVID-19 Rapid Research Funding Opportunity - Diagnostics,202005VR2,COVID-19 Rapid Research - Diagnostics,Development of a Predictive Serologic Test for Cytopathogenic Autoantibodies in COVID-19 Patients,"$215,475 ", $-   , $-   ,,1 yr 0 mth ,Infection and Immunity,"LUPUS; INJURY, REGENERATION; IMMUNOLOGY-TRANSPLANTATION; CELL BIOLOGY",6/1/2020,2021-05-31,0,"Predictive, Serologic, Autoantibodies"
"Fusch, Christoph",McMaster University,Ontario,Collaborative Health Research Projects (NSERC partnered),201210CPG,Collaborative Health Research Projects - NSERC Partnered,Development of a pumpless lung assist device which acts like an artificial placenta for neonates with respiratory failure.,"$273,358 ", $-   , $-   ,,3 yrs 0 mth ,Circulatory and Respiratory Health,MULTIDISCIPLINARY; RESPIRATION; HEALTH RESEARCH; NOT CLASSIFIED,4/1/2013,2016-03-31,0,"lung assist, artificial placenta, neonates"
"Kobinger, Gary P",Universite Laval,Quebec,Operating Grant: Optimizing the VSV Vector towards an HIV Vaccine,201702OVV,Optimizing the VSV towards an HIV Vaccine,"Development of a safe, effective and clinically acceptable VSV-based HIV vaccine","$3,997,503 ", $-   , $-   ,,3 yrs 0 mth ,Infection and Immunity,VIRAL; HEALTH RESEARCH; VIROLOGY,4/1/2017,2020-03-31,5,"VSV, HIV, vaccine"
"Bell, John C",Ottawa Hospital Research Institute,Ontario,Operating Grant: Industry-partnered Collaborative Research,201109IPR,Industry Partnered Collaborative Research,Development of a Therapeutic Oncolytic Poxvirus with Enhanced Systemic Delivery and Potency,"$968,389 ", $-   , $-   ,,4 yrs 0 mth ,Cancer Research,CANCER THERAPY GENERAL; VIRAL; CANCER; MOLECULAR BIOLOGY,4/1/2012,2016-03-31,17,"Oncolytic Poxvirus, Systemic Delivery, Potency"
"Sebag, Michael",Research Institute of the McGill University Health Centre,Quebec,Operating Grant,201203MOP,Cancer Progression & Therapeutics 2,Development of a Transgenic Mouse Model and Testing Platform of Multiple Myeloma Bone Disease,"$331,788 ", $-   , $-   ,,3 yrs 0 mth ,Cancer Research,"CANCER THERAPY GENERAL; BLOOD; CANCER; MUSCLE, BONE, OR JOINT",10/1/2012,2015-09-30,1,"Transgenic, Mouse Model, Multiple Myeloma"
"Johnson, James A",Western University (Ontario),Ontario,Collaborative Health Research Projects (NSERC partnered),201310CPG,Collaborative Health Research Projects - NSERC Partnered,Development of a Virtual Training Simulator to Model Shoulder Replacement Surgery,"$253,000 ", $-   , $-   ,,3 yrs 0 mth ,Musculoskeletal Health and Arthritis,MUSCULO SKELETAL,4/1/2014,2017-03-31,0,"Virtual, Simulator, Shoulder"
"Mcmillen, David R",University of Toronto,Ontario,Operating Grant: COVID-19 Rapid Research Funding Opportunity - Diagnostics,202005VR2,COVID-19 Rapid Research - Diagnostics,Development of a yeast-based immunoassay for SARS-CoV-2 serologic testing amenable to inexpensive local production,"$179,140 ", $-   , $-   ,,1 yr 0 mth ,Infection and Immunity,VIRAL; EPIDEMIOLOGY; MOLECULAR BIOLOGY; INTERNATIONAL HEALTH,6/1/2020,2021-05-31,0,"yeast, immunoassay, SARS-CoV-2"
"Zhang, Wei",University of Guelph,Ontario,Project Grant,201809PJT,Cancer Progression & Therapeutics,Development of allosteric inhibitors for HECT E3 ligases,"$745,875 ", $-   , $-   ,,5 yrs 0 mth ,Cancer Research,"Cancer-Cancer Drug Development and Therapeutics; Molecular, Cellular and Systems Biology-Cell Signaling",4/1/2019,2024-03-31,1,"allosteric, inhibitors, E3 ligases"
"Bolduc, Franeois",University of Alberta,Alberta,Collaborative Health Research Projects (NSERC partnered),201810CPG,Collaborative Health Research Projects - NSERC Partnered,Development of an Artificial Intelligence Chatbot supporting coaching and optimal service for individuals with Neurodevelopmental disabilities and their families,"$967,734 ", $-   , $-   ,,3 yrs 0 mth ,"Human Development, Child and Youth Health",AUTISM; MENTAL DISABILITY; MENTAL HEALTH; PSYCHOSOCIAL/HEALTH BEHAVIOURAL RES.,4/1/2019,2022-03-31,0,"Artificial Intelligence, Chatbot, Neurodevelopmental"
"Karsan, Aly",University of British Columbia,British Columbia,Collaborative Health Research Projects (NSERC partnered),201510CPG,Collaborative Health Research Projects - NSERC Partnered,Development of an automated end-to-end next generation sequencing assay to detect all classes of genetic variant in a single diagnostic test,"$453,152 ", $-   , $-   ,,3 yrs 0 mth ,Cancer Research,"NEOPLASMS; HEALTH CARE DELIVERY; CANCER; GENOMICS, PROTEOMICS, AND BIOINFORMATICS",4/1/2016,2019-03-31,0,"automated, sequencing, genetic variant"
"Mazzulli, Tony",Sinai Health System (Toronto),Ontario,Operating Grant: AMR: Point of Care Diagnostics in Human Health Phase 2,201810APC,AMR: Point of Care Diagnostics in Human Health - Phase 2,Development of an automated point of care system for rapid multiplex detection and antibiotic resistance profiling of microbial pathogens.,"$673,199 ", $-   , $-   ,,3 yrs 0 mth ,Infection and Immunity,"INFECTIOUS AND PARASITIC; VIRAL; BACTERIOLOGY; GENOMICS, PROTEOMICS, AND BIOINFORMATICS",1/1/2019,2021-12-31,0,"point of care, multiplex detection, antibiotic resistance"
"Freed, Darren H",University of Alberta,Alberta,Collaborative Health Research Projects (NSERC partnered),201610CPG,Collaborative Health Research Projects - NSERC Partnered,Development of an ex vivo heart perfusion system for pre-transplant preservation and evaluation of donor hearts,"$315,794 ", $-   , $-   ,,3 yrs 0 mth ,Circulatory and Respiratory Health,"CARDIOLOGY; STROKE, HEART FAILURE; CARDIOVASCULAR; IMMUNOLOGY-TRANSPLANTATION",4/1/2017,2020-03-31,5,"heart perfusion, ex vivo, donor preservation"
"Nguan, Christopher",University of British Columbia,British Columbia,Collaborative Health Research Projects (NSERC partnered),201310CPG,Collaborative Health Research Projects - NSERC Partnered,Development of an Ultrasound based Elastography System for Renal Transplantation,"$194,000 ", $-   , $-   ,,3 yrs 0 mth ,Infection and Immunity,"GENITO/URINARY SYSTEM; RENAL FUNCTION, NEPHROLOGY, UROLOGY; IMAGING",4/1/2014,2017-03-31,0,"Ultrasound, Elastography, Renal"
"Allingham, John S","Queen's University (Kingston, Ontario)",Ontario,Collaborative Health Research Projects (NSERC partnered),201610CPG,Collaborative Health Research Projects - NSERC Partnered,Development of antibody-drug conjugates that use actin-targeting warheads,"$248,750 ", $-   , $-   ,,3 yrs 0 mth ,Cancer Research,CANCER THERAPY GENERAL; DRUGS- PHARMACEUTICAL SCIENCE/CHEMISTRY & NON MEDICAL USE OF DRUGS; DRUG RESEARCH; CANCER,4/1/2017,2020-03-31,1,"antibody, drug conjugates, actin"
"Hirano, Naoto",University Health Network (Toronto),Ontario,Project Grant,202303PJT,Cancer Biology & Therapeutics,Development of bi-specific T cell engagers (BiTEs) for the treatment of acute myeloid leukemia (AML),"$1,017,450 ", $-   , $-   ,,5 yrs 0 mth ,Cancer Research,Cancer-Cancer Drug Development and Therapeutics,10/1/2023,2028-09-30,0,"bi-specific T cell engagers, AML, leukemia"
"Foster, F. Stuart","Sunnybrook Research Institute (Toronto, Ontario)",Ontario,Operating Grant,201403MOP,Medical Physics & Imaging,Development of biogenic gas nanostructures as a new class of molecular reporters for ultrasound,"$731,378 ", $-   , $-   ,,5 yrs 0 mth ,Cancer Research,CANCER THERAPY GENERAL; IMAGING; CANCER,7/1/2014,2016-06-30,0,"biogenic gas, nanostructures, ultrasound"
"Vahidi, Siavash",University of Guelph,Ontario,Project Grant - Priority Announcement: Cancer Research,202209PJS,Cancer Progression & Therapeutics,Development of boron-based inhibitors of the mitochondrial ClpXP protease to combat AML,"$100,000 ", $-   , $-   ,,1 yr 0 mth ,Cancer Research,"Cancer-Cancer Drug Development and Therapeutics; Molecular, Cellular and Systems Biology-Structure and Function of Macromolecules",3/1/2023,2024-02-29,0,"boron, ClpXP, AML"
"Lavigne, Pierre",Universite de Sherbrooke,Quebec,Project Grant,201803PJT,Cancer Biology & Therapeutics 2,Development of cancer therapies targeting Myc with cell penetrating b-HLH-LZ domains,"$868,276 ", $-   , $-   ,,5 yrs 0 mth ,Cancer Research,Cancer-Cancer Drug Development and Therapeutics,10/1/2018,2023-09-30,0,"cancer, Myc, cell penetrating"
"Near, Jamie",CIUSSS de l'Ouest-de-l'Ile-de-Montreal-Douglas Hospital,Quebec,Project Grant,201903PJT,Medical Physics & Imaging,Development of dynamic 1H MRSI for the assessment of impaired brain glucose metabolism in patients with early Alzheimer's Disease,"$772,651 ", $-   , $-   ,,4 yrs 0 mth ,"Neurosciences, Mental Health and Addiction",Biomedical Engineering-Biomedical Imaging; Methods Development and Modelling-Quantitative Methods Development for Health Research; Neurosciences-Neurodegeneration,10/1/2019,2023-09-30,0,"1H MRSI, brain glucose, Alzheimer's"
"Saragovi, Horacio U",CIUSSS de Centre-Ouest-de-l'Ile-de-Montreal-Jewish General,Quebec,Project Grant,202203PJT,Cancer Progression & Therapeutics,"Development of effective targeted anti-GD2 cancer immunotherapies, that synergize with immune-checkpoint inhibitor blockades","$1,109,251 ", $-   , $-   ,,4 yrs 0 mth ,Cancer Research,Cancer-Cancer Drug Development and Therapeutics,10/1/2022,2026-09-30,2,"anti-GD2, immunotherapies, immune-checkpoint"
"Kelley, Shana O",University of Toronto,Ontario,Collaborative Health Research Projects (NSERC partnered),201711CPG,Collaborative Health Research Projects - NSERC Partnered,Development of integrated bioanalyte sensors for process monitoring in closed system bioreactors,"$419,100 ", $-   , $-   ,,3 yrs 0 mth ,Cancer Research,0,4/1/2018,2021-03-31,0,"bioanalyte, sensors, bioreactors"
"Dudley, Roy W",Research Institute of the McGill University Health Centre,Quebec,Project Grant,202209PJT,Medical Physics & Imaging,Development of intraoperative label-free Raman Spectroscopy techniques to delineate Focal Cortical Dysplasia borders in Epilepsy surgery and detect cells carrying somatic variants,"$1,147,500 ", $-   , $-   ,,5 yrs 0 mth ,"Human Development, Child and Youth Health","Biomedical Engineering-Biophysics, Medical Technologies and Instrumentation; Neurosciences-Neurological disorders",4/1/2023,2028-03-31,0,"Raman Spectroscopy, Focal Cortical Dysplasia, Epilepsy"
"Cullis, Pieter R",University of British Columbia,British Columbia,Project Grant,202203PJT,Cancer Biology & Therapeutics 2,Development of LNP/mRNA systems for direct transfection and generation of functional Chimeric Antigen Receptor (CAR) T-cells in-vivo for treatment of blood and other cancer cell types,"$856,800 ", $-   , $-   ,,5 yrs 0 mth ,Cancer Research,"Biomedical Engineering-Biomaterials, Nanotechnology and Biomechanics; Cancer-Cancer Drug Development and Therapeutics; Molecular, Cellular and Systems Biology-Biochemistry",7/1/2023,2028-06-30,0,"LNP, mRNA, CAR T-cells"
"Chow, Chung-Wai",University of Toronto,Ontario,Collaborative Health Research Projects (NSERC partnered),201810CPG,Collaborative Health Research Projects - NSERC Partnered,Development of Machine Learning to Assess Lung Function Using Airway Oscillometry,"$347,441 ","$66,200 ", $-   ,,3 yrs 0 mth ,Circulatory and Respiratory Health,RESPIRATION; MULTIDISCIPLINARY; NOT CLASSIFIED,4/1/2019,2022-03-31,1,"Machine Learning, Lung Function, Airway Oscillometry"
"Miller, Donald W",University of Manitoba,Manitoba,Collaborative Health Research Projects (NSERC partnered),201210CPG,Collaborative Health Research Projects - NSERC Partnered,Development of Magnetic Nanoparticles to Breakthrough the Blood-Brain Barrier,"$440,666 ", $-   , $-   ,,3 yrs 0 mth ,"Neurosciences, Mental Health and Addiction",DRUGS- PHARMACEUTICAL SCIENCE/CHEMISTRY & NON MEDICAL USE OF DRUGS; BRAIN TUMORS THERAPY; DRUG RESEARCH; NERVOUS SYSTEM,4/1/2013,2016-03-31,2,"Magnetic Nanoparticles, Blood-Brain Barrier"
"Foster, Paula J",Western University (Ontario),Ontario,Project Grant,202104PJT,Medical Physics & Imaging,Development of Magnetic Particle Imaging for In Vivo Cell Tracking,"$535,500 ", $-   , $-   ,,5 yrs 0 mth ,Cancer Research,Biomedical Engineering-Biomedical Imaging; cell therapy,10/1/2021,2026-09-30,0,"Magnetic Particle Imaging, In Vivo, Cell Tracking"
"Kirby, Miranda A",Toronto Metropolitan University,Ontario,Project Grant,202209PJT,Medical Physics & Imaging,Development of Magnetic Resonance Imaging Airway Segmentation to Assess and Monitor Cystic Fibrosis Lung Disease,"$699,975 ", $-   , $-   ,,5 yrs 0 mth ,Circulatory and Respiratory Health,"Methods Development and Modelling-Quantitative Methods Development for Health Research; Cardiovascular, Respiratory and Circulatory Systems-Respiratory Sciences",4/1/2023,2028-03-31,0,"Magnetic Resonance Imaging, Airway Segmentation, Cystic Fibrosis"
"Hamilton, Douglas W",Western University (Ontario),Ontario,Operating Grant,201403MOP,Biomedical Engineering,Development of Matricellular Protein-Containing Granulation Tissue Biomimetic Scaffolds to Enhance Skin Regeneration,"$723,542 ", $-   , $-   ,,5 yrs 0 mth ,Musculoskeletal Health and Arthritis,SKIN AND SUBCUTANEOUS TISSUS; CELL BIOLOGY; MOLECULAR BIOLOGY,10/1/2014,2019-09-30,1,"Matricellular protein, Granulation tissue, Skin regeneration"
"Podolsky, Dale J",Hospital for Sick Children (Toronto),Ontario,Project Grant,202203PJT,Biomedical Engineering,Development of miniaturized robotic tools for cleft palate repair,"$742,050 ", $-   , $-   ,,5 yrs 0 mth ,"Human Development, Child and Youth Health","Biomedical Engineering-Biophysics, Medical Technologies and Instrumentation",10/1/2022,2027-09-30,0,"robotic tools, cleft palate"
"Ronald, John A",Western University (Ontario),Ontario,Project Grant,202104PJT,Medical Physics & Imaging,Development of Molecular Imaging Tools to Monitor the Fate of an Off-The-Shelf Chimeric Antigen Receptor Natural Killer (CAR-NK) Cell Immunotherapy,"$799,426 ", $-   , $-   ,,5 yrs 0 mth ,Cancer Research,"Biomedical Engineering-Biomedical Imaging; Cancer-Cancer Drug Development and Therapeutics; Molecular, Cellular and Systems Biology-Molecular Biology",10/1/2021,2026-09-30,0,"Molecular Imaging, Chimeric Antigen Receptor, Natural Killer"
"Ronald, John A",Western University (Ontario),Ontario,Project Grant - PA: Cancer Research - Breast Cancer,202010PWW,Medical Physics & Imaging,Development of Molecular Imaging Tools to Monitor the Fate of an Off-The-Shelf Chimeric Antigen Receptor Natural Killer (CAR-NK) Cell Immunotherapy for Breast Cancer,"$100,000 ", $-   , $-   ,,1 yr 0 mth ,Cancer Research,"Biomedical Engineering-Biomedical Imaging; Cancer-Cancer Drug Development and Therapeutics; Molecular, Cellular and Systems Biology-Molecular Biology",3/1/2021,2022-02-28,0,"Molecular Imaging, Chimeric Antigen Receptor, Natural Killer"
"Valliant, John F",McMaster University,Ontario,Collaborative Health Research Projects (NSERC partnered),201510CPG,Collaborative Health Research Projects - NSERC Partnered,Development of Molecularly Targeted Ultrasound Contrast Agents for Prostate Cancer Imaging using Bioorthogonal Chemistry,"$261,250 ", $-   , $-   ,,3 yrs 0 mth ,Cancer Research,PROSTATE AND BLADDER CANCER; IMAGING; CANCER,4/1/2016,2019-03-31,0,"Ultrasound, Contrast Agents, Prostate Cancer"
"Beaulieu, Christian",University of Alberta,Alberta,Operating Grant,201403MOP,Medical Physics & Imaging,Development of Novel Diffusion Magnetic Resonance Methods for the Brain: Initial Applications to Stroke,"$777,172 ", $-   , $-   ,,5 yrs 0 mth ,Circulatory and Respiratory Health,"STROKE, HEART FAILURE; MULTIDISCIPLINARY; IMAGING; NERVOUS SYSTEM",7/1/2014,2016-06-30,0,"Diffusion, Magnetic Resonance, Stroke"
"Sadikot, Abbas F",McGill University,Quebec,Operating Grant,201503MOP,Medical Physics & Imaging,"Development of Novel Methods for Analyzing the Structure and Connectivity of the Human Basal Ganglia, Thalamus and Brainstem","$645,025 ", $-   , $-   ,,5 yrs 0 mth ,Aging,PARKINSON'S DISEASE; MUSCULO SKELETAL; AGING; NERVOUS SYSTEM,7/1/2015,2020-06-30,0,"Basal Ganglia, Connectivity, Brainstem"
"Wang, Jun",IWK Health Centre (Halifax),Nova Scotia,Vaccines of the 21st Century,200903CVC,Catalyst Grant: Vaccines of the 21st Century,Development of Novel Molecular Adjuvants for Genetic Vaccination,"$99,252 ", $-   , $-   ,,1 yr 0 mth ,Infection and Immunity,INFECTIOUS AND PARASITIC; VIRAL; VIROLOGY; IMMUNOLOGY-TRANSPLANTATION,10/1/2009,2010-09-30,0,"Molecular adjuvants, genetic vaccination"
"Lu, Qing-Bin",University of Waterloo (Ontario),Ontario,Project Grant,201903PJT,Medical Physics & Imaging,"Development of Novel Non-Platinum-Based Antitumor Agents for Natural Targeted Chemotherapy and Radiotherapy of Cervical, Lung and Ovarian Cancers","$910,350 ", $-   , $-   ,,5 yrs 0 mth ,Cancer Research,"Biomedical Engineering-Biophysics, Medical Technologies and Instrumentation; Cancer-Cancer Drug Development and Therapeutics",10/1/2019,2024-09-30,0,"Non-Platinum, Antitumor, Chemotherapy"
"Costantino, Santiago",CIUSSS Est-de-l'Ile-de- Montreal-Maisonneuve Rosemont,Quebec,Operating Grant,201309MOP,Medical Physics & Imaging,Development of novel OCT-based clinical measurements of ocular elasticity and retinal deformation as risk factors in glaucoma.,"$511,724 ", $-   , $-   ,,5 yrs 0 mth ,Aging,GLAUCOMA; MULTIDISCIPLINARY; IMAGING; VISION,4/1/2014,2019-03-31,1,"OCT, ocular elasticity, retinal deformation"
"Masani, Kei",University Health Network (Toronto),Ontario,Operating Grant - PA: IMHA New investigators - Bridge Funding,201303OMH,Biomedical Engineering,Development of novel tool to reduce muscle fatigue during rehabilitation using functional electrical stimulation,"$100,000 ", $-   , $-   ,,1 yr 0 mth ,Musculoskeletal Health and Arthritis,"MUSCULO SKELETAL; SPINAL CORD DISEASE; MUSCLE, BONE, OR JOINT; NERVOUS SYSTEM",10/1/2013,2014-09-30,0,"muscle fatigue, functional electrical stimulation, rehabilitation"
"Larche, Mark",McMaster University,Ontario,Operating Grant: Industry-partnered Collaborative Research,201503IPR,Industry Partnered Collaborative Research,Development of peptide immunotherapy for Rheumatoid Arthritis: Identification and validation of T cell epitopes from citrullinated auto-antigens.,"$295,386 ", $-   , $-   ,,3 yrs 0 mth ,Musculoskeletal Health and Arthritis,"ARTHRITIS/OSTEOARTHRITIS; MUSCLE, BONE, OR JOINT; IMMUNOLOGY-TRANSPLANTATION",10/1/2015,2018-09-30,0,"peptide, immunotherapy, citrullinated"
"Zhang, Li",University Health Network (Toronto),Ontario,Operating Grant,201109MOP,Cancer Progression & Therapeutics 2,Development of personalized immunotherapy to treat lung cancer using gamma-delta-T cells,"$785,005 ", $-   , $-   ,,5 yrs 0 mth ,Cancer Research,LUNG CANCER THERAPY; CANCER THERAPY GENERAL; CANCER; IMMUNOLOGY-TRANSPLANTATION,4/1/2012,2017-03-31,8,"immunotherapy, gamma-delta-T cells, lung cancer"
"Liu, Jun",University of Toronto,Ontario,Operating Grant: COVID-19 Rapid Research Funding Opportunity - Vaccines,202005VR1,COVID-19 Rapid Research - Vaccines,Development of safe and effective vaccines against COVID-19,"$416,483 ", $-   , $-   ,,1 yr 0 mth ,Infection and Immunity,INFECTIOUS AND PARASITIC; VIRAL; VIROLOGY; IMMUNOLOGY-TRANSPLANTATION,6/1/2020,2021-05-31,2,"vaccines, COVID-19"
"Babu, Mohan",University of Regina (Saskatchewan),Saskatchewan,Operating Grant: COVID-19 Rapid Research Funding Opportunity - Diagnostics,202005VR2,COVID-19 Rapid Research - Diagnostics,Development of SARS-CoV-2 Peptide Therapeutics and Point-of-Care Salivary Diagnostics for Rapid Viral Detection,"$937,950 ", $-   , $-   ,,1 yr 0 mth ,Genetics,VIRAL; DRUGS- PHARMACEUTICAL SCIENCE/CHEMISTRY & NON MEDICAL USE OF DRUGS; DRUG RESEARCH; VIROLOGY,6/1/2020,2021-05-31,0,"SARS-CoV-2, Peptide, Diagnostics"
"Gatignol, Anne",CIUSSS de Centre-Ouest-de-l'Ile-de-Montreal-Jewish General,Quebec,Operating Grant: COVID-19 Rapid Research Funding Opportunity - Therapeutics,202005VR3,COVID-19 Rapid Research - Therapeutics,Development of small interfering RNAs (siRNAs) for the treatment of Severe Acute Respiratory Syndrome-Coronavirus-2 (SARS-CoV-2),"$360,377 ", $-   , $-   ,,1 yr 0 mth ,Infection and Immunity,INFECTIOUS AND PARASITIC; VIRAL; VIROLOGY; DRUG RESEARCH,6/1/2020,2021-05-31,0,"siRNAs, RNA, SARS-CoV-2"
"Hirano, Naoto",University Health Network (Toronto),Ontario,Project Grant,202010PJT,Cancer Biology & Therapeutics,Development of TCR-engineered T cells against novel NY-ESO-1 epitopes for the treatment of triple negative breast cancer,"$1,438,200 ", $-   , $-   ,,5 yrs 0 mth ,Infection and Immunity,"Immunology and Infection-Transplantation, Immune Tolerance and Tumor Immunology",4/1/2021,2026-03-31,4,"TCR, T cells, NY-ESO-1"
"Ma, Hongshen",University of British Columbia,British Columbia,Collaborative Health Research Projects (NSERC partnered),201610CPG,Collaborative Health Research Projects - NSERC Partnered,Development of Technologies for Rapid Isolation and Genome Sequencing of Single Circulating Tumor Cells in Prostate Cancer,"$489,780 ", $-   , $-   ,,3 yrs 0 mth ,Cancer Research,PROSTATE AND BLADDER CANCER; PROSTATE AND BLADDER CANCER THERAPY; CANCER; GENETICS,4/1/2017,2020-03-31,0,"isolation, genome sequencing, circulating tumor cells"
"Stagljar, Igor",University of Toronto,Ontario,"Catalyst Grant: Invention and High-Risk, High-Benefit Research",200902NHG,"Inventions, Technologies, or High Risk Grants",Development of the mammalian membrane two-hybrid technology,"$99,519 ", $-   , $-   ,,1 yr 0 mth ,Genetics,NONE OF THE ABOVE; GENETICS; MOLECULAR BIOLOGY,2/1/2009,2010-01-31,1,"mammalian, membrane, two-hybrid"
"Stagljar, Igor",University of Toronto,Ontario,"Catalyst Grant: Invention and High-Risk, High-Benefit Research",200903NHG,"Inventions, Technologies, or High Risk Grants",Development of the mammalian membrane two-hybrid technology.,"$298,557 ", $-   , $-   ,,3 yrs 0 mth ,Genetics,NONE OF THE ABOVE; GENETICS; MOLECULAR BIOLOGY,10/1/2009,2012-09-30,0,"mammalian, membrane, two-hybrid"
"Dedhar, Shoukat R",University of British Columbia,British Columbia,Operating Grant,201309MOP,Cancer Progression & Therapeutics,Development of therapeutic antibodies targeting carbonic anhydrase IX (CAIX),"$609,976 ", $-   , $-   ,,4 yrs 0 mth ,Cancer Research,CANCER THERAPY GENERAL; BREAST CANCER,4/1/2014,2015-06-30,1,"therapeutic antibodies, carbonic anhydrase IX, CAIX"
"Kolios, Michael C",Toronto Metropolitan University,Ontario,Collaborative Health Research Projects (NSERC partnered),201510CPG,Collaborative Health Research Projects - NSERC Partnered,Development of treatment planning platform for ultrasound stimulated microbubble therapy,"$416,060 ", $-   , $-   ,,3 yrs 0 mth ,Cancer Research,CANCER THERAPY GENERAL; BREAST CANCER THERAPY; CANCER; BIOPHYSICS,4/1/2016,2019-03-31,4,"ultrasound, microbubble, therapy"
"Bell, John C",Ottawa Hospital Research Institute,Ontario,Operating Grant: COVID-19 Rapid Research Funding Opportunity - Vaccines,202005VR1,COVID-19 Rapid Research - Vaccines,Development of Vaccines to Prevent SARS-CoV-2 Infection of High Risk Individuals,"$1,936,150 ", $-   , $-   ,,1 yr 0 mth ,Infection and Immunity,DRUGS- PHARMACEUTICAL SCIENCE/CHEMISTRY & NON MEDICAL USE OF DRUGS; DRUG RESEARCH,6/1/2020,2021-05-31,1,"Vaccines,SARS-CoV-2,Infection"
"Diallo, Jean-Simon",Ottawa Hospital Research Institute,Ontario,Project Grant,201709PJT,Cancer Biology & Therapeutics,Development of Viral Sensitizing Antibody Drug Conjugate and Oncolytic virus Combination Regimens for the Treatment of Breast Cancer,"$776,475 ", $-   , $-   ,,5 yrs 0 mth ,Cancer Research,Cancer-Cancer Drug Development and Therapeutics,4/1/2018,2023-03-31,2,"Viral, Antibody, Oncolytic"
"Wilson, David R",University of British Columbia,British Columbia,Project Grant,201710PJT,Biomedical Engineering,"Development, assessment and application of a new method for characterizing degenerative lumbar spondylolisthesis in the symptomatic upright posture.","$100,000 ", $-   , $-   ,,1 yr 0 mth ,Musculoskeletal Health and Arthritis,"Biomedical Engineering-Biomaterials, Nanotechnology and Biomechanics; Biomedical Engineering-Biomedical Imaging",4/1/2018,2019-03-31,0,"lumbar spondylolisthesis, degenerative, characterization"
"Wilson, David R",University of British Columbia,British Columbia,Project Grant,201903PJT,Biomedical Engineering,"Development, assessment and application of a new method for characterizing degenerative lumbar spondylolisthesis in the symptomatic upright posture.","$550,800 ", $-   , $-   ,,4 yrs 0 mth ,Musculoskeletal Health and Arthritis,"Biomedical Engineering-Biomaterials, Nanotechnology and Biomechanics; Biomedical Engineering-Biomedical Imaging",4/1/2018,2019-03-31,0,"lumbar spondylolisthesis, degenerative, characterization"
"Sadatsafavi, Mohsen",University of British Columbia,British Columbia,Catalyst Grant: Personalized Health Catalyst Grants,201706PCG,Personalized Health - novel e-health applications,"Development, validation, and dissemination of an individualized prediction tool for acute exacerbations of chronic obstructive pulmonary disease","$198,305 ", $-   , $-   ,,2 yrs 0 mth ,Population and Public Health,CHRONIC OBSTRUCTIVE LUNG DISEASE; EPIDEMIOLOGY; RESPIRATION; POPULATION HEALTH,9/1/2017,2019-08-31,0,"prediction, COPD, exacerbations"
"Pai, Shraddha","Ontario Institute for Cancer Research (Toronto, Ontario)",Ontario,Project Grant - Priority Announcement: Pediatric Cancer Research,202209PDI,Cancer Progression & Therapeutics 2,Developmental epigenetic origins of Group 3 and 4 medulloblastoma,"$100,000 ", $-   , $-   ,,1 yr 0 mth ,Cancer Research,Cancer-Pediatric Cancer; Cancer-Mechanisms of Carcinogenesis; Genetics-Molecular and Functional Genetics and Epigenetics,3/1/2023,2024-02-29,0,"epigenetic, medulloblastoma, developmental"
"Sarret, Philippe",Universite de Sherbrooke,Quebec,Operating Grant,201003MOP,Cancer Progression & Therapeutics,Developpement de nouvelles strategies therapeutiques pour enrayer la dissemination metastatique et les douleurs chroniques consecutives au cancer du sein,"$445,569 ", $-   , $-   ,,3 yrs 0 mth ,Cancer Research,BONE CANCER; BREAST CANCER; CANCER; HEALTH RESEARCH,10/1/2010,2013-09-30,1,"metastatic, cancer, pain"
"Macaulay, Calum E",University of British Columbia,British Columbia,Project Grant,202104PJT,Medical Physics & Imaging,Devices for Image-Guided Biopsy of Peripheral Lung Nodules,"$386,326 ", $-   , $-   ,,3 yrs 0 mth ,Cancer Research,"Cancer-Clinical Oncology; Biomedical Engineering-Biophysics, Medical Technologies and Instrumentation",10/1/2021,2024-09-30,1,"Image-Guided, Biopsy, Lung"
"Gilbert, Lucy",Research Institute of the McGill University Health Centre,Quebec,Operating Grant,201203MOP,Cancer Progression & Therapeutics 2,Diagnosing Ovarian Cancer Early (DOvE)by targeting symptomatic women,"$1,404,691 ", $-   , $-   ,,3 yrs 0 mth ,Cancer Research,NEOPLASMS; GENITO/URINARY SYSTEM; CANCER; HEALTH SERVICES RESEARCH,10/1/2012,2015-09-30,2,"Ovarian cancer, diagnosis, symptomatic women"
"Hancock, Robert Ernest W",University of British Columbia,British Columbia,Operating Grant: COVID-19 Rapid Research Funding Opportunity - Diagnostics,202005VR2,COVID-19 Rapid Research - Diagnostics,Diagnosing the onset of severe Covid-19 disease,"$422,084 ", $-   , $-   ,,1 yr 0 mth ,Infection and Immunity,"INFECTIOUS AND PARASITIC; GENOMICS, PROTEOMICS, AND BIOINFORMATICS; HEALTH RESEARCH",6/1/2020,2021-05-31,0,"Covid-19, diagnosis, disease"
"Trudel, Dominique",Centre hospitalier de l'Universite de Montreal (CHUM),Quebec,Project Grant,201909PJT,Cancer Progression & Therapeutics 2,Diagnosis of Aggressive Prostate Cancer Using Key Features of Raman Spectroscopy,"$765,000 ", $-   , $-   ,,5 yrs 0 mth ,Cancer Research,"Cancer-Cancer Progression and Metastasis; Molecular, Cellular and Systems Biology-Biochemistry",4/1/2020,2025-03-31,0,"Prostate Cancer, Raman Spectroscopy, Diagnosis"
"Dick, Frederick A",Western University (Ontario),Ontario,Operating Grant,201103MOP,Cancer Biology & Therapeutics,Differential control of E2F transcription factors by pRB in  normal and cancer cells,"$434,192 ", $-   , $-   ,,3 yrs 0 mth ,Cancer Research,NEOPLASMS; CANCER THERAPY GENERAL; CANCER; GENETICS,10/1/2011,2014-09-30,0,"E2F, pRB, transcription factors"
"Tonin, Patricia N",Research Institute of the McGill University Health Centre,Quebec,Project Grant,201709PJT,Cancer Biology & Therapeutics 2,Discovering new high-risk ovarian cancer predisposing genes through targeted genetic analyses of a Canadian founder population,"$680,850 ", $-   , $-   ,,5 yrs 0 mth ,Cancer Research,Cancer-Mechanisms of Carcinogenesis; Genetics-Clinical Genetics,4/1/2018,2023-03-31,0,"ovarian cancer, genetic analyses, predisposing genes"
"Tsao, Ming-Sound",University Health Network (Toronto),Ontario,Project Grant,202403PJT,Cancer Progression & Therapeutics 2,Discovering pathways to drug tolerance and therapeutic vulnerabilities of persister cells in lung cancer,"$1,292,850 ", $-   , $-   ,,5 yrs 0 mth ,Cancer Research,"Cancer-Cancer Drug Development and Therapeutics; Molecular, Cellular and Systems Biology-Cell Biology and Physiology; Cardiovascular, Respiratory and Circulatory Systems-Respiratory System Pathologies and Clinical Interventions",10/1/2024,2029-09-30,0,"drug tolerance, persister cells, lung cancer"
"Fedida, David",University of British Columbia,British Columbia,Operating Grant: Industry-partnered Collaborative Research,201203IPR,Industry Partnered Collaborative Research,Discovery & Development of Novel Small Molecule Inhibitors of Viroporin Proteins for the Treatment of Acute & Chronic Viral Infections.,"$576,493 ", $-   , $-   ,,3 yrs 0 mth ,Infection and Immunity,INFECTIOUS AND PARASITIC; VIRAL; VIROLOGY; BIOPHYSICS,10/1/2012,2015-09-30,0,"Small Molecule, Viroporin Proteins, Viral Infections"
"Huang, Annie",Hospital for Sick Children (Toronto),Ontario,Operating Grant,200909MOP,Cancer Progression & Therapeutics,Discovery and characterization of C19MC a novel oncogenic miRNA locus in malignant brain tumors,"$515,320 ", $-   , $-   ,,4 yrs 0 mth ,Cancer Research,BRAIN TUMORS (INCL. RETINAL TUMORS); BRAIN TUMORS THERAPY; CANCER; MOLECULAR BIOLOGY,4/1/2010,2014-03-31,0,"C19MC, miRNA, brain tumors"
"Andrulis, Irene L",Sinai Health System (Toronto),Ontario,Operating Grant,200809MOP,Cancer Progression & Therapeutics,Discovery and characterization of clinically important changes in axillary node-negative breast cancer.,"$866,726 ", $-   , $-   ,,5 yrs 0 mth ,Cancer Research,BREAST CANCER; CANCER; GENETICS,4/1/2009,2014-03-31,0,"axillary node, breast cancer, characterization"
"Liu, Fei-Fei",University Health Network (Toronto),Ontario,Operating Grant,201209MOP,Cancer Progression & Therapeutics 2,Discovery and Characterization of UROD Inhibitors for Cancer Therapy,"$457,488 ", $-   , $-   ,,3 yrs 0 mth ,Cancer Research,CANCER THERAPY GENERAL; CANCER,4/1/2013,2016-03-31,0,"UROD, Inhibitors, Cancer"
"Melnyk, Roman",Hospital for Sick Children (Toronto),Ontario,Operating Grant: Industry-partnered Collaborative Research,201209IPR,Industry Partnered Collaborative Research,Discovery and Development of Small Molecule Toxin Antagonists to Treat C. difficile-Associated Disease,"$499,795 ", $-   , $-   ,,5 yrs 0 mth ,Infection and Immunity,DRUGS- PHARMACEUTICAL SCIENCE/CHEMISTRY & NON MEDICAL USE OF DRUGS; GASTRO-INTESTINAL DISEASE; DRUG RESEARCH; CELL BIOLOGY,4/1/2013,2018-03-31,6,"Small Molecule, Toxin, C. difficile"
"Cescon, David W",University Health Network (Toronto),Ontario,Project Grant,202010PJT,Cancer Biology & Therapeutics 2,Discovery and validation of vulnerabilities and therapeutic strategies for cyclin-dependent kinase 4/6 inhibitor-resistant hormone receptor positive breast cancer,"$895,050 ", $-   , $-   ,,5 yrs 0 mth ,Cancer Research,Cancer-Cancer Drug Development and Therapeutics,4/1/2021,2026-03-31,0,"cyclin-dependent kinase, inhibitor, breast cancer"
"Dick, John E",University Health Network (Toronto),Ontario,Project Grant,202403PJT,Cancer Progression & Therapeutics,Discovery of epigenetic determinants regulating stemness to target the eradication of human pre-leukemic and leukemic stem cells,"$1,419,942 ", $-   , $-   ,,5 yrs 0 mth ,Cancer Research,"Cancer-Cancer Progression and Metastasis; Molecular, Cellular and Systems Biology-Molecular Biology",10/1/2024,2029-09-30,0,"epigenetic, stem cells, leukemia"
"Ostrowski, Mario A",University of Toronto,Ontario,Vaccines of the 21st Century,200903CVC,Catalyst Grant: Vaccines of the 21st Century,Discovery of new B cell immunogens for HIV vaccines,"$99,252 ", $-   , $-   ,,1 yr 0 mth ,Infection and Immunity,AIDS; VIRAL; IMMUNOLOGY-TRANSPLANTATION; VIROLOGY,10/1/2009,2010-09-30,3,"B cell, immunogens, HIV"
"Khokha, Rama",University Health Network (Toronto),Ontario,Operating Grant,201503MOP,Cancer Progression & Therapeutics 2,Discovery of Novel Therapeutic Targets in Osteosarcoma,"$802,985 ", $-   , $-   ,,5 yrs 0 mth ,Cancer Research,BONE CANCER THERAPY; CANCER; MOLECULAR BIOLOGY,7/1/2015,2017-06-30,0,"Osteosarcoma, Therapeutic targets"
"De Carvalho, Daniel",University Health Network (Toronto),Ontario,Project Grant,202403PJT,Cancer Biology & Therapeutics,Disruption of the SPT-ADA-GCN5-ACETYLTRANSFERASE (SAGA) complex in adoptive cell therapies to enhance killing capacity and long-term immune cells effector function,"$860,626 ", $-   , $-   ,,5 yrs 0 mth ,Cancer Research,"Genetics-Genomics, Transcriptomics and Proteomics; Cancer-Cancer Drug Development and Therapeutics",10/1/2024,2029-09-30,0,"SAGA, cell therapies, immune cells"
"Gaiti, Federico",University Health Network (Toronto),Ontario,Project Grant,202209PJT,Cancer Biology & Therapeutics,Dissecting the determinants and dynamics of cellular states promoting glioma evolution,"$1,040,400 ", $-   , $-   ,,5 yrs 0 mth ,Cancer Research,BRAIN TUMORS (INCL. RETINAL TUMORS); CANCER THERAPY GENERAL; CANCER; MOLECULAR BIOLOGY,5/1/2024,2027-04-30,0,"glioma, cellular states, evolution"
"Jolicoeur, Paul",Institut de recherches cliniques de Montreal,Quebec,Catalyst Grant: HIV/AIDS Vaccine Discovery Research (Can HIV Vaccine Initiative),200811CHV,HIV Vaccine Discovery,Dissecting the mechanisms of protection by attenuated Nef-deleted HIV vaccine,"$100,000 ", $-   , $-   ,,1 yr 0 mth ,Infection and Immunity,AIDS; VIRAL; VIROLOGY; IMMUNOLOGY-TRANSPLANTATION,3/1/2009,2010-02-28,0,"HIV, vaccine, Nef"
"Tabori, Uri",Hospital for Sick Children (Toronto),Ontario,Project Grant,202104PJT,Cancer Progression & Therapeutics 2,Dissecting the origins and microenvironment of replication repair deficient hypermutant gliomas for novel immune based therapies,"$1,300,500 ", $-   , $-   ,,5 yrs 0 mth ,Cancer Research,Cancer-Cancer Drug Development and Therapeutics,10/1/2021,2026-09-30,0,"replication, repair, gliomas"
"Simmons, Craig A",University of Toronto,Ontario,Project Grant,201903PJT,Biomedical Engineering,Dissecting the role of hemodynamics in ascending aorta aneurysm development,"$860,626 ", $-   , $-   ,,5 yrs 0 mth ,Circulatory and Respiratory Health,"Cardiovascular, Respiratory and Circulatory Systems-Vascular and Endothelial Biology",10/1/2019,2024-09-30,0,"hemodynamics, ascending aorta, aneurysm"
"McCaffrey, Luke M",McGill University,Quebec,Project Grant,201709PJT,Cancer Biology & Therapeutics 2,Distinct roles for the Par6 polarity protein in development of low- and high-grade breast cancers.,"$898,875 ", $-   , $-   ,,5 yrs 0 mth ,Cancer Research,Cancer-Mechanisms of Carcinogenesis,4/1/2018,2023-03-31,0,"Par6, polarity protein, breast cancers"
"Forkert, Nils Daniel",University of Calgary,Alberta,Project Grant,202104PJT,Biomedical Engineering,Distributed Machine Learning for Diagnosis and Treatment Decision Support of Pediatric Brain Tumors,"$634,950 ", $-   , $-   ,,5 yrs 0 mth ,Cancer Research,Cancer-Pediatric Cancer; Artificial Intelligence-Machine Learning,10/1/2021,2026-09-30,0,"Distributed, Machine Learning, Diagnosis"
"Tannock, Ian F",University Health Network (Toronto),Ontario,Operating Grant,200909MOP,Cancer Progression & Therapeutics,Distribution of anticancer drugs and target cells within solid tumours,"$379,994 ", $-   , $-   ,,3 yrs 0 mth ,Cancer Research,CANCER THERAPY GENERAL; NEOPLASMS; CANCER; CELL BIOLOGY,4/1/2010,2013-03-31,0,"anticancer, drugs, tumours"
"Sleiman, Hanadi",McGill University,Quebec,Collaborative Health Research Projects (NSERC partnered),201210CPG,Collaborative Health Research Projects - NSERC Partnered,DNA Cages as a Platform for Efficient and Selective Delivery of Therapeutics into Tumor Cells,"$400,000 ", $-   , $-   ,,3 yrs 0 mth ,Cancer Research,LEUKAEMIAS; CANCER THERAPY GENERAL; DRUG RESEARCH; CANCER,4/1/2013,2016-03-31,0,"DNA cages, targeted delivery, tumor cells"
"Malkin, David D",Hospital for Sick Children (Toronto),Ontario,Operating Grant,200903MOP,Cancer Biology & Therapeutics,DNA Copy Number Variation in Li-Fraumeni Syndrome,"$769,785 ", $-   , $-   ,,4 yrs 0 mth ,Cancer Research,NEOPLASMS; CANCER; GENETICS,10/1/2009,2013-09-30,0,"DNA, Copy Number, Variation"
"Malkin, David D",Hospital for Sick Children (Toronto),Ontario,Operating Grant,201303MOP,Cancer Progression & Therapeutics,DNA Copy Number Variation in Li-Fraumeni Syndrome,"$1,075,723 ", $-   , $-   ,,5 yrs 0 mth ,Cancer Research,NEOPLASMS; CANCER; GENETICS,10/1/2013,2015-06-30,0,"DNA, Copy Number, Variation"
"Minden, Mark D",University Health Network (Toronto),Ontario,Operating Grant,200903MOP,Cancer Progression & Therapeutics,DNA Hypermethylation in AML: A means to understand the disease and to direct therapy,"$391,824 ", $-   , $-   ,,3 yrs 0 mth ,Cancer Research,NEOPLASMS; LEUKAEMIAS; CANCER; MOLECULAR BIOLOGY,10/1/2009,2012-09-30,2,"DNA, Hypermethylation, AML"
"St. Lawrence, Keith S",London Health Sciences Centre Res. Inc. (Ont.),Ontario,Project Grant,202109PJT,Medical Physics & Imaging,Does Impaired Cerebral Metabolism Link Vascular Dysfunction to Cognitive Decline?,"$612,000 ", $-   , $-   ,,5 yrs 0 mth ,Aging,Biomedical Engineering-Biomedical Imaging,4/1/2022,2027-03-31,0,"Cerebral Metabolism, Vascular Dysfunction, Cognitive Decline"
"Dunn, Jeff F",University of Calgary,Alberta,Project Grant,202003PJT,Medical Physics & Imaging,"Does inflammation in brain cause hypoxia, which then exacerbates inflammation: a multimodal study using the EAE inflammation model of multiple sclerosis.","$856,800 ", $-   , $-   ,,5 yrs 0 mth ,"Neurosciences, Mental Health and Addiction",Biomedical Engineering-Biomedical Imaging; Neurosciences-Neuroinflammation,10/1/2020,2025-09-30,0,"inflammation, hypoxia, multiple sclerosis"
"McLean, Linda",University of Ottawa,Ontario,Op. Grant: NWHRI: Innovation Fund - Translational Research,202403NW3,National Women's Health Research Initiative: Innovation Fund,Does repetitive transcranial magnetic stimulation (rTMS) reduce pain associated with endometriosis more effectively than a sham rTMS intervention? A randomized controlled trial.,"$600,000 ", $-   , $-   ,,2 yrs 10 mths ,Gender and Health,ILL-DEFINED CONDITIONS; PREGNANCY/BIRTH; HEALTH RESEARCH; REPRODUCTION/PREGNANCY,6/1/2024,2027-03-31,0,"transcranial magnetic stimulation, endometriosis, pain"
"Moroy, Tarik",Institut de recherches cliniques de Montreal,Quebec,Operating Grant,201009MOP,Cancer Biology & Therapeutics,Dose dependent role of Gfi1 in the initiation and maintenance of T-cell leukemia and lymphoma,"$339,678 ", $-   , $-   ,,3 yrs 0 mth ,Cancer Research,BLOOD; LEUKAEMIAS; MOLECULAR BIOLOGY; IMMUNOLOGY-TRANSPLANTATION,4/1/2011,2014-03-31,1,"Gfi1, T-cell leukemia, lymphoma"
"Bhattacharjee, Rabindra",London Health Sciences Centre Res. Inc. (Ont.),Ontario,Project Grant,202209PJT,Biomedical Engineering 2,Drug repositioning in a simulated ischemia-reperfusion injury model for the preservation of donor kidneys at room temperature,"$344,250 ", $-   , $-   ,,3 yrs 0 mth ,Circulatory and Respiratory Health,Methods Development and Modelling-Quantitative Methods Development for Health Research,4/1/2023,2026-03-31,0,"drug repositioning, ischemia-reperfusion injury, kidney preservation"
"Huang, Sidong",McGill University,Quebec,Operating Grant,201303MOP,Cancer Progression & Therapeutics 2,Drug resistance driven by SWI/SNF chromatin remodelers in lung cancer,"$815,192 ", $-   , $-   ,,5 yrs 0 mth ,Cancer Research,CANCER THERAPY GENERAL; LUNG CANCER THERAPY; CANCER; GENETICS,10/1/2013,2018-09-30,0,"drug resistance, SWI/SNF, chromatin remodeling"
"Singh, Sheila K",McMaster University,Ontario,Project Grant,202209PJT,Cancer Biology & Therapeutics,Dynamic metabolic reprogramming drives myc-amplified medulloblastoma recurrence,"$841,500 ", $-   , $-   ,,5 yrs 0 mth ,Cancer Research,Cancer-Pediatric Cancer,4/1/2023,2028-03-31,1,"metabolic reprogramming, myc-amplified, medulloblastoma"
"Holdsworth, David W",Western University (Ontario),Ontario,Operating Grant,201309MOP,Medical Physics & Imaging,Dynamic micro-computed tomography for pre-clinical musculoskeletal research,"$719,145 ", $-   , $-   ,,5 yrs 0 mth ,Musculoskeletal Health and Arthritis,"MUSCULO SKELETAL; ARTHRITIS/OSTEOARTHRITIS; IMAGING; MUSCLE, BONE, OR JOINT",4/1/2014,2016-06-30,0,"micro-computed tomography, musculoskeletal, pre-clinical"
"Provost, Jean",Polytechnique Montreal,Quebec,Project Grant,202309PJT,Medical Physics & Imaging,Dynamic Myocardial Ultrasound Localization Microscopy,"$841,500 ", $-   , $-   ,,5 yrs 0 mth ,Circulatory and Respiratory Health,Biomedical Engineering-Biomedical Imaging,4/1/2024,2029-03-31,0,"Myocardial, Ultrasound, Localization"
"Provost, Jean",Polytechnique Montreal,Quebec,Project Grant,202010PJT,Medical Physics & Imaging,Dynamic Ultrasound Localization Pulsatility Imaging,"$673,200 ", $-   , $-   ,,5 yrs 0 mth ,Circulatory and Respiratory Health,"Biomedical Engineering-Biomedical Imaging; Cardiovascular, Respiratory and Circulatory Systems-Cerebrovascular Sciences (including stroke); Cardiovascular, Respiratory and Circulatory Systems-Clinical and Translational Cardiovascular Sciences",4/1/2021,2026-03-31,2,"Ultrasound, Localization, Pulsatility"
"Reid, Robert D",Ottawa Heart Institute Research Corporation (Ontario),Ontario,Catalyst Grant: Personalized Health Catalyst Grants,201706PCG,Personalized Health - novel e-health applications,E-health intervention for cardiac rehabilitation: Pilot implementation and feasibility assessment,"$199,091 ", $-   , $-   ,,2 yrs 0 mth ,Circulatory and Respiratory Health,HEALTH SERVICES RESEARCH; CARDIOLOGY; PSYCHOSOCIAL/HEALTH BEHAVIOURAL RES.,9/1/2017,2019-08-31,0,"e-health, cardiac, rehabilitation"
"Pugh, Trevor J",University Health Network (Toronto),Ontario,Project Grant,201803PJT,Cancer Progression & Therapeutics,Early detection of cancer in high-risk patients through profiling of circulating tumour DNA,"$1,977,525 ", $-   , $-   ,,4 yrs 0 mth ,Cancer Research,Cancer-Cancer Progression and Metastasis,10/1/2018,2022-09-30,0,"cancer, circulating tumour DNA, detection"
"Kaufmann, Daniel E",Centre hospitalier de l'Universite de Montreal (CHUM),Quebec,Operating Grant: COVID-19 Rapid Research Funding Opportunity - Diagnostics,202005VR2,COVID-19 Rapid Research - Diagnostics,Early immune predictors of sustained SARS-CoV-2 antibody responses after COVID-19 disease, $-   , $-   , $-   ,,1 yr 0 mth ,Infection and Immunity,INFECTIOUS AND PARASITIC; VIROLOGY; IMMUNOLOGY-TRANSPLANTATION,9/1/2020,2021-08-31,0,"immune, SARS-CoV-2, antibody"
"Garcia, Damien",Centre hospitalier de l'Universite de Montreal (CHUM),Quebec,Operating Grant,201003MOP,Medical Physics & Imaging,Echocardiographic assessment of global and regional left ventricular function using an original modality of coupled wall-fluid dynamics mapping.,"$358,987 ", $-   , $-   ,,5 yrs 0 mth ,Circulatory and Respiratory Health,CARDIOLOGY; IMAGING; CARDIOVASCULAR,10/1/2010,2015-09-30,0,"echocardiographic, ventricular, wall-fluid"
"Litvinov, Ivan V",Research Institute of the McGill University Health Centre,Quebec,Project Grant,201909PJT,Cancer Biology & Therapeutics 2,"Ectopic reactivation of normally silenced germ cell programs contributes to genomic instability, carcinogenesis and cancer progression in Cutaneous T-Cell Lymphomas (CTCL).","$573,750 ", $-   , $-   ,,5 yrs 0 mth ,Cancer Research,Cancer-Mechanisms of Carcinogenesis; Cancer-Cancer Drug Development and Therapeutics; Cancer-Cancer Progression and Metastasis,4/1/2020,2025-03-31,0,"ectopic reactivation, germ cell, lymphomas"
"Lesage, Frederic",Polytechnique Montreal,Quebec,Collaborative Health Research Projects (NSERC partnered),201210CPG,Collaborative Health Research Projects - NSERC Partnered,EEG-fNIRS monitoring for critically ill patients,"$189,250 ", $-   , $-   ,,3 yrs 0 mth ,Circulatory and Respiratory Health,"INJURY, REGENERATION; EPILEPSY; IMAGING; NERVOUS SYSTEM",4/1/2013,2016-03-31,0,"EEG,fNIRS,monitoring"
"Segura, Mariela A",Universite de Montreal,Quebec,Vaccines of the 21st Century,200903CVC,Catalyst Grant: Vaccines of the 21st Century,Effect of sialic acid of Gram-positive bacteria capsular polysaccharides on the immunogenic capacity of conjugate vaccines,"$98,222 ", $-   , $-   ,,1 yr 0 mth ,Infection and Immunity,INFECTIOUS AND PARASITIC; IMMUNOLOGY-TRANSPLANTATION; BACTERIOLOGY,10/1/2009,2010-09-30,1,"sialic acid, Gram-positive bacteria, capsular polysaccharides"
"Antel, Jack P",McGill University,Quebec,Operating Grant: Industry-partnered Collaborative Research - Rx&D partner,201009IRO,Industry Partnered Collaborative Research,Effects of S1P receptor directed pharmaceutical agents on central nervous system myelination,"$178,125 ", $-   , $-   ,,3 yrs 0 mth ,"Neurosciences, Mental Health and Addiction",MULTIPLE SCLEROSIS; NERVOUS SYSTEM; IMMUNOLOGY-TRANSPLANTATION,4/1/2011,2014-03-31,0,"S1P receptor, myelination, pharmaceutical agents"
"Gaillet, Bruno",Universite Laval,Quebec,Collaborative Health Research Projects (NSERC partnered),201310CPG,Collaborative Health Research Projects - NSERC Partnered,elaboration d'un procede de production de cellules therapeutiques autologues destine au traitement de la Dystrophie musculaire de Duchenne,"$225,592 ", $-   , $-   ,,3 yrs 0 mth ,Musculoskeletal Health and Arthritis,"MULTIDISCIPLINARY; MUSCULAR DYSTROPHY; MUSCLE, BONE, OR JOINT; HEALTH RESEARCH",4/1/2014,2017-03-31,0,"cellules, autologues, dystrophie"
"Gotman, Jean",McGill University,Quebec,Operating Grant,201303MOP,Medical Physics & Imaging,Electrical and metobolic analysis of human epileptogenic lesions,"$808,834 ", $-   , $-   ,,5 yrs 0 mth ,"Neurosciences, Mental Health and Addiction",EPILEPSY; NERVOUS SYSTEM; IMAGING,10/1/2013,2015-06-30,0,"Electrical, metabolic, epileptogenic"
"Roy, Denis-Claude",CIUSSS Est-de-l'Ile-de- Montreal-Maisonneuve Rosemont,Quebec,Operating Grant,201503MOP,Biomedical Engineering,Elucidating mechanisms of MSC-induced tissue regeneration: path to mesenchymal stromal cell clinical trial in glaucoma,"$596,450 ", $-   , $-   ,,5 yrs 0 mth ,Health Services and Policy Research,"GLAUCOMA; INJURY, REGENERATION; VISION; CELL BIOLOGY",7/1/2015,2020-06-30,0,"MSC, tissue regeneration, glaucoma"
"Abraham, Sheela A","Queen's University (Kingston, Ontario)",Ontario,Project Grant,202010PJT,Cancer Biology & Therapeutics 2,Elucidating the role extracellular vesicles play in leukaemogenesis,"$1,071,000 ", $-   , $-   ,,5 yrs 0 mth ,Cancer Research,Cancer-Cancer Drug Development and Therapeutics; Cancer-Cancer Progression and Metastasis,4/1/2021,2026-03-31,0,"extracellular vesicles, leukaemogenesis"
"Aoudjit, Fawzi",Universite Laval,Quebec,Operating Grant,201403MOP,Cancer Biology & Therapeutics,Elucidating the role of alpha2beta1 integrin in the chemoresistance of acute lymphoblastic leukemia.,"$567,520 ", $-   , $-   ,,5 yrs 0 mth ,Cancer Research,LEUKAEMIAS; CANCER THERAPY GENERAL; CANCER,7/1/2014,2019-06-30,0,"alpha2beta1 integrin, chemoresistance, leukemia"
"Zhu, Xu-Dong",McMaster University,Ontario,Project Grant,201803PJT,Cancer Biology & Therapeutics,Elucidating the Role of CSB in the Maintenance of Genomic Stability,"$902,700 ", $-   , $-   ,,5 yrs 0 mth ,Cancer Research,Cancer-Mechanisms of Carcinogenesis,10/1/2018,2023-09-30,0,"CSB, Genomic Stability, DNA Repair"
"Tonin, Patricia N",Research Institute of the McGill University Health Centre,Quebec,Operating Grant,200909MOP,Cancer Progression & Therapeutics,Elucidating the tumor suppressor genes involved in reprogramming an ovarian cancer cell line model modified by chromosome 3 transfer,"$404,578 ", $-   , $-   ,,3 yrs 0 mth ,Cancer Research,NEOPLASMS; GENITO/URINARY SYSTEM; CANCER; MOLECULAR BIOLOGY,4/1/2010,2013-03-31,0,"tumor suppressor, reprogramming, ovarian cancer"
"Haigh, Jody J",University of Manitoba,Manitoba,Project Grant,201903PJT,Cancer Biology & Therapeutics 2,EMT Transcription factor corruption of epigenetic regulators in Acute Myeloid Leukemia,"$990,676 ", $-   , $-   ,,5 yrs 0 mth ,Cancer Research,Cancer-Cancer Drug Development and Therapeutics; Genetics-Molecular and Functional Genetics and Epigenetics; Cancer-Cancer Progression and Metastasis,10/1/2019,2024-09-30,0,"EMT, epigenetic, leukemia"
"Kallos, Michael S",University of Calgary,Alberta,Project Grant,201909PJT,Biomedical Engineering,Enabling Cellular Therapy Biomanufacturing through Integrated Modeling of Fluid Dynamics and Cellular Metabolism in Bioreactors,"$841,500 ", $-   , $-   ,,5 yrs 0 mth ,Musculoskeletal Health and Arthritis,Biomedical Engineering-Regenerative Medicine and Tissue Engineering,4/1/2020,2025-03-31,0,"Cellular therapy, Biomanufacturing, Bioreactors"
"Acker, Jason P",University of Alberta,Alberta,Project Grant,201804PJT,Biomedical Engineering,Enabling liver cryopreservation by controlling ice recrystallization with small molecule inhibitors,"$100,000 ", $-   , $-   ,,1 yr 0 mth ,Infection and Immunity,"Digestive, Endocrine and Excretory Systems-Gastroenterology and Hepatology; Pharmacological, Toxicological and Pharmaceutical Sciences-Drug Action, Toxicology and Metabolism; Biomedical Engineering-Regenerative Medicine and Tissue Engineering",10/1/2018,2019-09-30,0,"liver, cryopreservation, ice recrystallization"
"Acker, Jason P",University of Alberta,Alberta,Project Grant,202010PJT,Biomedical Engineering,Enabling liver cryopreservation by controlling ice recrystallization with small molecule inhibitors,"$600,524 ", $-   , $-   ,,4 yrs 0 mth ,Infection and Immunity,"Digestive, Endocrine and Excretory Systems-Gastroenterology and Hepatology; Pharmacological, Toxicological and Pharmaceutical Sciences-Drug Action, Toxicology and Metabolism; Biomedical Engineering-Regenerative Medicine and Tissue Engineering",10/1/2018,2019-09-30,0,"liver, cryopreservation, ice recrystallization"
"Santerre, Paul",University of Toronto,Ontario,Project Grant,201909PJT,Biomedical Engineering,Enabling the Engineering of Vascular Grafts with Human Cells-Appliations to Pulmonary Arterial Grafting,"$852,975 ", $-   , $-   ,,5 yrs 0 mth ,Circulatory and Respiratory Health,"Biomedical Engineering-Regenerative Medicine and Tissue Engineering; Cardiovascular, Respiratory and Circulatory Systems-Vascular and Endothelial Biology; Molecular, Cellular and Systems Biology-Cell Signaling",4/1/2020,2025-03-31,1,"Vascular Grafts, Human Cells, Pulmonary Arterial"
"Lane, Pierre","Simon Fraser University (Burnaby, B.C.)",British Columbia,Collaborative Health Research Projects (NSERC partnered),201610CPG,Collaborative Health Research Projects - NSERC Partnered,Endoscopic optical coherence tomography and autofluorescence imaging for early cancer detection,"$314,005 ", $-   , $-   ,,3 yrs 0 mth ,Cancer Research,LUNG CANCER; NEOPLASMS; IMAGING; CANCER,4/1/2017,2020-03-31,1,"optical coherence tomography, autofluorescence imaging, cancer detection"
"Leask, Richard L",McGill University,Quebec,Operating Grant,201109MOP,Biomedical Engineering,Endothelial Cell Biomechanics: The mechanotransduction of wall shear stress gradients,"$433,200 ", $-   , $-   ,,4 yrs 0 mth ,Circulatory and Respiratory Health,MULTIDISCIPLINARY; ATHEROSCLEROSIS; BIOPHYSICS; CARDIOVASCULAR,4/1/2012,2016-03-31,0,"Endothelial cells, Biomechanics, Mechanotransduction"
"Hoesli, Corinne",McGill University,Quebec,Operating Grant,201503MOP,Biomedical Engineering,Endothelial progenitor cell adhesion to biomimetic vascular substitutes,"$576,284 ", $-   , $-   ,,5 yrs 0 mth ,Circulatory and Respiratory Health,"ATHEROSCLEROSIS; STROKE, HEART FAILURE; CARDIOVASCULAR; CELL BIOLOGY",7/1/2015,2020-06-30,0,"endothelial, progenitor, biomimetic"
"Martel, Sylvain",Polytechnique Montreal,Quebec,Collaborative Health Research Projects (NSERC partnered),201410CPG,Collaborative Health Research Projects - NSERC Partnered,Endovascular navigation of magnetic drug eluting beads for liver cancer therapy: Feasibility and optimization,"$252,318 ", $-   , $-   ,,3 yrs 0 mth ,Cancer Research,LIVER DISEASE; CANCER THERAPY GENERAL; IMAGING; CANCER,4/1/2015,2018-03-31,0,"endovascular, magnetic beads, liver cancer"
"Soulez, Gilles",Centre hospitalier de l'Universite de Montreal (CHUM),Quebec,Operating Grant: Industry-partnered Collaborative Research,201203IPR,Industry Partnered Collaborative Research,Endovascular repair of abdominal aortic aneurysm : Enhanced guidance by elastic registration between CT-Scanner and fluoroscopy,"$274,796 ", $-   , $-   ,,3 yrs 0 mth ,Circulatory and Respiratory Health,ATHEROSCLEROSIS; MULTIDISCIPLINARY; CARDIOVASCULAR; IMAGING,10/1/2012,2015-09-30,0,"endovascular, aneurysm, elastic registration"
"Soulez, Gilles",Centre hospitalier de l'Universite de Montreal (CHUM),Quebec,Operating Grant: Industry-partnered Collaborative Research - Other Partner,200809ISO,Industry Partnered Collaborative Research,"Endovascular repair of abdominal aortic aneurysm: Enhanced planning, guidance and assessment by 2D/3D registration of fluoroscopic, CT, C-arm CT and virtual stent data","$120,845 ", $-   , $-   ,,3 yrs 0 mth ,Circulatory and Respiratory Health,ATHEROSCLEROSIS; CARDIOVASCULAR; IMAGING,4/1/2009,2012-03-31,2,"endovascular, aneurysm, registration"
"Cunningham, Ian A",Western University (Ontario),Ontario,Operating Grant,201103MOP,Medical Physics & Imaging,Energy-Subtraction Cardiac Angiography: A New Approach in X-Ray Imaging,"$329,049 ", $-   , $-   ,,3 yrs 0 mth ,Circulatory and Respiratory Health,CARDIOLOGY; IMAGING; CARDIOVASCULAR,10/1/2011,2014-09-30,0,"Energy-Subtraction, Cardiac Angiography, X-Ray Imaging"
"Hoesli, Corinne",McGill University,Quebec,Project Grant,202209PJT,Biomedical Engineering 2,Engineering a vascularized macroencapsulation device for diabetes cellular therapy,"$797,156 ", $-   , $-   ,,5 yrs 0 mth ,"Nutrition, Metabolism and Diabetes","Biomedical Engineering-Regenerative Medicine and Tissue Engineering; Molecular, Cellular and Systems Biology-Cell Differentiation",4/1/2023,2028-03-31,1,"vascularized, macroencapsulation, diabetes"
"Flynn, Lauren E","Queen's University (Kingston, Ontario)",Ontario,Operating Grant,201109MOP,Biomedical Engineering,Engineering Adipogenesis for Soft Tissue Regeneration,"$423,928 ", $-   , $-   ,,4 yrs 0 mth ,Musculoskeletal Health and Arthritis,"SKIN AND SUBCUTANEOUS TISSUS; INJURY, REGENERATION; CELL BIOLOGY; MOLECULAR BIOLOGY",4/1/2012,2016-03-31,0,"Adipogenesis, Soft Tissue, Regeneration"
"Flynn, Lauren E",Western University (Ontario),Ontario,Operating Grant,201503MOP,Biomedical Engineering,Engineering Adipogenesis for Soft Tissue Regeneration,"$682,393 ", $-   , $-   ,,5 yrs 0 mth ,Musculoskeletal Health and Arthritis,"SKIN AND SUBCUTANEOUS TISSUS; INJURY, REGENERATION; CELL BIOLOGY; MOLECULAR BIOLOGY",7/1/2015,2021-06-30,0,"Adipogenesis, Soft Tissue, Regeneration"
"Flynn, Lauren E","Queen's University (Kingston, Ontario)",Ontario,"Operating Grant - PA: Musculoskeletal Health, Arthritis, Skin and Oral Health",201009IMH,Biomedical Engineering,Engineering Adipogenesis for Soft Tissue Regeneration,"$99,346 ", $-   , $-   ,,1 yr 0 mth ,Musculoskeletal Health and Arthritis,"SKIN AND SUBCUTANEOUS TISSUS; INJURY, REGENERATION; CELL BIOLOGY; MOLECULAR BIOLOGY",3/1/2011,2012-02-29,0,"Adipogenesis, Soft Tissue, Regeneration"
"Tabrizian, Maryam",McGill University,Quebec,Project Grant,202309PJT,Biomedical Engineering 2,Engineering bacteria-based nanoplexes for melanoma immunomodulation,"$1,002,150 ", $-   , $-   ,,5 yrs 0 mth ,Cancer Research,"Biomedical Engineering-Biomaterials, Nanotechnology and Biomechanics; Cancer-Cancer Drug Development and Therapeutics; Pharmacological, Toxicological and Pharmaceutical Sciences-Drug Discovery, Design and Delivery",4/1/2024,2029-03-31,0,"bacteria, nanoplexes, melanoma"
"Fradette, Julie",Universite Laval,Quebec,Project Grant,202109PJT,Biomedical Engineering,Engineering bioactive dressings from mesenchymal cells to enhance healing of irradiated skin wounds,"$837,675 ", $-   , $-   ,,5 yrs 0 mth ,Musculoskeletal Health and Arthritis,"Biomedical Engineering-Regenerative Medicine and Tissue Engineering; Musculoskeletal Health-Bone, Skin and Cartilage Sciences; Molecular, Cellular and Systems Biology-Cell Biology and Physiology",4/1/2022,2027-03-31,0,"bioactive, dressings, skin"
"Uludag, Hasan",University of Alberta,Alberta,Project Grant,201709PJT,Biomedical Engineering,Engineering Biomimetic Gene Activated Matrices for Bone Tissue Regeneration,"$504,900 ", $-   , $-   ,,4 yrs 0 mth ,Musculoskeletal Health and Arthritis,"Biomedical Engineering-Regenerative Medicine and Tissue Engineering; Musculoskeletal Health-Bone, Skin and Cartilage Sciences; Pharmacological, Toxicological and Pharmaceutical Sciences-Drug Discovery, Design and Delivery",4/1/2018,2022-03-31,0,"Biomimetic, Gene Activated, Bone Tissue"
"Chan, Warren C",University of Toronto,Ontario,Operating Grant,201303MOP,Biomedical Engineering,Engineering DNA-nanosystems for tumor targeting,"$632,126 ", $-   , $-   ,,5 yrs 0 mth ,Cancer Research,BREAST CANCER,10/1/2013,2018-06-30,0,"DNA, nanosystems, tumor"
"Chan, Warren C",University of Toronto,Ontario,Operating Grant - Priority Announcement: Breast Cancer,201209COP,Biomedical Engineering,Engineering DNA-nanosystems for tumor targeting,"$100,000 ", $-   , $-   ,,1 yr 0 mth ,Cancer Research,BREAST CANCER,3/1/2013,2014-02-28,0,"DNA, nanosystems, tumor"
"Chan, Warren C",University of Toronto,Ontario,Collaborative Health Research Projects (NSERC partnered),201711CPG,Collaborative Health Research Projects - NSERC Partnered,Engineering DNAzyme-gold nanoparticle diagnostic device,"$353,172 ","$15,000 ", $-   ,,3 yrs 0 mth ,Infection and Immunity,INFECTIOUS AND PARASITIC; VIROLOGY,4/1/2018,2021-03-31,0,"DNAzyme, gold nanoparticle, diagnostic"
"Jaffray, David A",University Health Network (Toronto),Ontario,Operating Grant,200909MOP,Medical Physics & Imaging,Engineering Gold Nanoparticle Radiosensitizers for Cancer Therapy,"$559,353 ", $-   , $-   ,,5 yrs 0 mth ,Cancer Research,CANCER THERAPY GENERAL; MULTIDISCIPLINARY; CANCER; BIOPHYSICS,4/1/2010,2015-03-31,1,"Gold, Nanoparticles, Radiosensitizers"
"Morshead, Cindi M",University of Toronto,Ontario,Collaborative Health Research Projects (NSERC partnered),201910CPG,Collaborative Health Research Projects - NSERC Partnered,Engineering healing: Combinatorial strategies to promote repair of the stroke injured brain,"$551,700 ", $-   , $-   ,,3 yrs 0 mth ,"Neurosciences, Mental Health and Addiction","INJURY, REGENERATION; STROKE, HEART FAILURE; NERVOUS SYSTEM; CELL BIOLOGY",4/1/2020,2023-03-31,0,"brain, repair, stroke"
"Chen, Guojun",McGill University,Quebec,Project Grant,202203PJT,Biomedical Engineering 2,Engineering injectable cold atmospheric plasma-preserved hydrogel to treat breast cancer,"$787,950 ", $-   , $-   ,,5 yrs 0 mth ,Cancer Research,"Biomedical Engineering-Biomaterials, Nanotechnology and Biomechanics",10/1/2022,2027-09-30,0,"injectable, plasma, hydrogel"
"Chen, Guojun",McGill University,Quebec,Project Grant - PA: Breast Cancer Research,202109PLL,Biomedical Engineering,Engineering injectable cold atmospheric plasma-preserved hydrogel to treat breast cancer,"$100,000 ", $-   , $-   ,,1 yr 0 mth ,Cancer Research,"Biomedical Engineering-Biomaterials, Nanotechnology and Biomechanics",10/1/2022,2027-09-30,0,"injectable, plasma, hydrogel"
"Radisic, Milica",University of Toronto,Ontario,Operating Grant,201209MOP,Biomedical Engineering,Engineering Microenvironments for Cardiac Regeneration,"$523,039 ", $-   , $-   ,,4 yrs 0 mth ,Circulatory and Respiratory Health,CARDIOLOGY; MULTIDISCIPLINARY; CARDIOVASCULAR; DRUG RESEARCH,4/1/2013,2017-03-31,6,"Microenvironments, Cardiac, Regeneration"
"Blakney, Anna",University of British Columbia,British Columbia,Project Grant,202303PJT,Biomedical Engineering 2,Engineering next-generation self-amplifying RNA therapeutics encoding bispecific T cell engager (BiTE) antibodies for treatment of ovarian cancer,"$795,600 ", $-   , $-   ,,5 yrs 0 mth ,Infection and Immunity,"Biomedical Engineering-Biomaterials, Nanotechnology and Biomechanics; Cancer-Cancer Drug Development and Therapeutics",10/1/2023,2028-09-30,0,"RNA, bispecific T cell engager, ovarian cancer"
"Zandstra, Peter W",University of Toronto,Ontario,Operating Grant,201203MOP,Biomedical Engineering,Engineering niches to support the development of definitive blood progenitors from human pluripotent stem cells,"$819,405 ", $-   , $-   ,,5 yrs 0 mth ,Circulatory and Respiratory Health,BLOOD; LEUKAEMIAS; CELL BIOLOGY,10/1/2012,2017-09-30,0,"blood progenitors, pluripotent stem cells, niches"
"Willett, Thomas",Sinai Health System (Toronto),Ontario,Operating Grant,201103MOP,Biomedical Engineering,Engineering of Irradiation-Sterilized Musculoskeletal Allografts for Improved Biomechanical Performance,"$230,350 ", $-   , $-   ,,3 yrs 0 mth ,Musculoskeletal Health and Arthritis,"MUSCULO SKELETAL; INJURY, REGENERATION; MUSCLE, BONE, OR JOINT",10/1/2011,2014-09-30,1,"Irradiation, Allografts, Biomechanical"
"Willett, Thomas",Sinai Health System (Toronto),Ontario,Operating Grant - PA: IMHA - New Invest.- Musculoskeletal Health Bridge Funding,201403ONM,Biomedical Engineering,Engineering of Irradiation-Sterilized Skeletal Allograft for Improved Clinical Outcomes,"$100,000 ", $-   , $-   ,,1 yr 0 mth ,Musculoskeletal Health and Arthritis,"MUSCULO SKELETAL; INJURY, REGENERATION; MUSCLE, BONE, OR JOINT",10/1/2014,2015-09-30,0,"Irradiation, Sterilization, Allograft"
"Simmons, Craig A",University of Toronto,Ontario,Collaborative Health Research Projects (NSERC partnered),201610CPG,Collaborative Health Research Projects - NSERC Partnered,Engineering Pulmonary Valve Tissue for Pediatric Patients with Tetralogy of Fallot,"$386,873 ", $-   , $-   ,,3 yrs 0 mth ,Circulatory and Respiratory Health,CARDIOLOGY; CARDIOVASCULAR; CELL BIOLOGY,4/1/2017,2020-03-31,0,"Pulmonary Valve, Tissue Engineering, Pediatric"
"Wylie, Ryan G",McMaster University,Ontario,Project Grant,202003PJT,Biomedical Engineering,Engineering solid tumors for bispecific immunotherapies through controlled delivery,"$692,326 ", $-   , $-   ,,5 yrs 0 mth ,Cancer Research,"Biomedical Engineering-Biomaterials, Nanotechnology and Biomechanics",10/1/2021,2026-09-30,0,"solid tumors, bispecific, immunotherapies"
"Hoare, Todd R",McMaster University,Ontario,Collaborative Health Research Projects (NSERC partnered),201610CPG,Collaborative Health Research Projects - NSERC Partnered,Engineering Starch-Based Nanoparticles and Nanoparticle Clusters for Improving Local Drug Delivery to Tumour Cores and the Brain,"$240,625 ", $-   , $-   ,,3 yrs 0 mth ,"Neurosciences, Mental Health and Addiction",CANCER THERAPY GENERAL; SCHIZOPHRENIA; DRUG RESEARCH; CANCER,4/1/2017,2020-03-31,3,"Starch, Nanoparticles, Drug delivery"
"Holt, Rob",University of British Columbia,British Columbia,Project Grant,201709PJT,Cancer Progression & Therapeutics 2,Engineering T cells to overcome an immunosuppressive solid tumour microenvironment,"$150,000 ", $-   , $-   ,,3 yrs 0 mth ,Cancer Research,"Immunology and Infection-Transplantation, Immune Tolerance and Tumor Immunology; Molecular, Cellular and Systems Biology-Molecular Biology",4/1/2018,2021-03-31,0,"T cells, immunosuppressive, tumour"
"Sidhu, Sachdev S",University of Toronto,Ontario,Project Grant,201803PJT,Cancer Progression & Therapeutics,Engineering therapeutics for the treatment of anemia in oncology patients,"$623,476 ", $-   , $-   ,,5 yrs 0 mth ,Cancer Research,"Cancer-Cancer Drug Development and Therapeutics; Cancer-Cancer Progression and Metastasis; Cardiovascular, Respiratory and Circulatory Systems-Hematology",10/1/2018,2023-09-30,5,"therapeutics, anemia, oncology"
"Wu, Xiao Yu S",University of Toronto,Ontario,Operating Grant,201403MOP,Biomedical Engineering,Engineering Transformable Polymer-lipid Nanoparticles for Cascade Drug Delivery to Brain Cancer Cells,"$512,205 ", $-   , $-   ,,5 yrs 0 mth ,Cancer Research,CANCER THERAPY GENERAL; BRAIN TUMORS THERAPY; CANCER,7/1/2014,2019-06-30,3,"Polymer-lipid, Nanoparticles, Drug delivery"
"Matsuura, Naomi",University of Toronto,Ontario,Project Grant,202403PJT,Cancer Progression & Therapeutics 2,Enhanced drug delivery to lung cancers using endobronchial ultrasound (EBUS),"$753,526 ", $-   , $-   ,,5 yrs 0 mth ,Cancer Research,Cancer-Cancer Drug Development and Therapeutics,10/1/2024,2029-09-30,0,"drug delivery, lung cancers, endobronchial ultrasound"
"Borschel, Gregory H",University of Toronto,Ontario,Collaborative Health Research Projects (NSERC partnered),201210CPG,Collaborative Health Research Projects - NSERC Partnered,Enhancement of nerve regeneration with controlled release of neurotrophic factors,"$220,356 ", $-   , $-   ,,3 yrs 0 mth ,"Neurosciences, Mental Health and Addiction",MUSCULO SKELETAL; MULTIDISCIPLINARY; NERVOUS SYSTEM,4/1/2013,2016-03-31,5,"nerve regeneration, neurotrophic factors, controlled release"
"Godin, Michel",University of Ottawa,Ontario,Collaborative Health Research Projects (NSERC partnered),201910CPG,Collaborative Health Research Projects - NSERC Partnered,Enhancing cell therapies using microfluidic encapsulation strategies,"$480,060 ","$13,960 ", $-   ,,3 yrs 0 mth ,Circulatory and Respiratory Health,CARDIOLOGY; MULTIPLE DISEASE RELEVANCE; HEALTH RESEARCH; BIOPHYSICS,4/1/2020,2023-03-31,0,"cell, microfluidic, encapsulation"
"Walsh, Logan A",McGill University,Quebec,Project Grant,202309PJT,Cancer Biology & Therapeutics,Enhancing immunotherapy through the food-gut-axis in non-small cell lung cancer,"$1,109,250 ", $-   , $-   ,,5 yrs 0 mth ,Cancer Research,Cancer-Cancer Progression and Metastasis,4/1/2024,2029-03-31,0,"immunotherapy, gut-axis, lung cancer"
"Goertz, David E","Sunnybrook Research Institute (Toronto, Ontario)",Ontario,Project Grant,201709PJT,Medical Physics & Imaging,Enhancing immunotherapy with ultrasound stimulated bubbles,"$776,475 ", $-   , $-   ,,5 yrs 0 mth ,Cancer Research,"Biomedical Engineering-Biophysics, Medical Technologies and Instrumentation; Cancer-Cancer Drug Development and Therapeutics",4/1/2018,2023-03-31,0,"immunotherapy, ultrasound, bubbles"
"Vanderhyden, Barbara C",Ottawa Hospital Research Institute,Ontario,Project Grant,201709PJT,Cancer Biology & Therapeutics,Enhancing ovarian cancer immunogenicity by increasing antitumoral responses using engineered oncolytic vaccines,"$910,350 ", $-   , $-   ,,5 yrs 0 mth ,Cancer Research,"Cancer-Cancer Drug Development and Therapeutics; Immunology and Infection-Antiviral Drug Resistance, Viral Vaccine Development and Therapeutics (including vaccines); Immunology and Infection-Transplantation, Immune Tolerance and Tumor Immunology",4/1/2018,2023-03-31,0,"ovarian cancer, immunogenicity, oncolytic vaccines"
"Rutka, James T",Hospital for Sick Children (Toronto),Ontario,Project Grant,201709PJT,Cancer Biology & Therapeutics 2,Enhancing the Delivery of Novel Chemotherapeutics to Diffuse Intrinsic Pontine Glioma,"$623,476 ", $-   , $-   ,,4 yrs 0 mth ,Cancer Research,Cancer-Cancer Drug Development and Therapeutics,4/1/2018,2022-03-31,0,"Chemotherapeutics, Diffuse Intrinsic Pontine Glioma, Delivery"
"Ostrowski, Mario A",University of Toronto,Ontario,Catalyst Grant: Innovation in HIV Vaccine and HIV Cure Research,201211CHR,HIV Vaccine and Cure Research,Enhancing the Recognition and Killing of HIV Reservoirs,"$100,000 ", $-   , $-   ,,1 yr 0 mth ,Infection and Immunity,AIDS; VIRAL; IMMUNOLOGY-TRANSPLANTATION; VIROLOGY,3/1/2013,2014-02-28,0,"HIV, Reservoirs, Recognition"
"Witcher, Michael",CIUSSS de Centre-Ouest-de-l'Ile-de-Montreal-Jewish General,Quebec,Project Grant,201803PJT,Cancer Progression & Therapeutics 2,Epigenetic characterization and therapeutic targeting of cancers harboring dysfunctional CTCF.,"$726,750 ", $-   , $-   ,,5 yrs 0 mth ,Cancer Research,Cancer-Cancer Progression and Metastasis,10/1/2018,2023-09-30,0,"Epigenetic, CTCF, cancers"
"Orouji, Elias",University Health Network (Toronto),Ontario,Project Grant,202303PJT,Cancer Biology & Therapeutics,Epigenetic Drivers in Metastatic Melanoma and Chromatin Loop-Specific Targeting Strategies,"$784,126 ", $-   , $-   ,,5 yrs 0 mth ,Cancer Research,"Genetics-Molecular and Functional Genetics and Epigenetics; Genetics-Genomics, Transcriptomics and Proteomics; Cancer-Cancer Progression and Metastasis",10/1/2023,2028-09-30,0,"Epigenetic, Melanoma, Chromatin"
"Kim, Tae-Hee",Hospital for Sick Children (Toronto),Ontario,Project Grant,202003PJT,Cancer Progression & Therapeutics,Epigenetic mechanisms of gastric cancer associated with ARID1A mutations and H. pylori,"$918,000 ", $-   , $-   ,,5 yrs 0 mth ,Cancer Research,Cancer-Cancer Progression and Metastasis,10/1/2020,2025-09-30,0,"epigenetic, gastric cancer, ARID1A"
"Garzia, Livia",Research Institute of the McGill University Health Centre,Quebec,Project Grant - Priority Announcement: Pediatric Cancer Research,202209PDI,Cancer Progression & Therapeutics,Epigenetic mechanisms of osteosarcoma pathogenesis and progression.,"$100,000 ", $-   , $-   ,,1 yr 0 mth ,Cancer Research,Cancer-Cancer Progression and Metastasis; Cancer-Pediatric Cancer,3/1/2023,2024-02-29,0,"epigenetic, osteosarcoma, mechanisms"
"Dos Santos, Claudia C",Unity Health Toronto,Ontario,Collaborative Health Research Projects (NSERC partnered),201910CPG,Collaborative Health Research Projects - NSERC Partnered,Epigenetic PowerBlade - DNA Precision Marks for Critical Illness,"$392,250 ","$24,000 ", $-   ,,3 yrs 0 mth ,Circulatory and Respiratory Health,INFECTIOUS AND PARASITIC; HEALTH CARE DELIVERY; MOLECULAR BIOLOGY; BIOCHEMISTRY,4/1/2020,2023-03-31,0,"Epigenetic, DNA, Marks"
"Raynal, Noel J","Centre hospitalier universitaire Sainte-Justine (Montreal, Quebec)",Quebec,Project Grant,202309PJT,Cancer Biology & Therapeutics,Epigenetic priming of neuroblastoma to Natural Killer cell-based immunotherapy,"$810,900 ", $-   , $-   ,,5 yrs 0 mth ,Cancer Research,Cancer-Pediatric Cancer; Cancer-Cancer Drug Development and Therapeutics; Cancer-Cancer Progression and Metastasis,4/1/2024,2029-03-31,0,"Epigenetic, neuroblastoma, immunotherapy"
"Raynal, Noel J","Centre hospitalier universitaire Sainte-Justine (Montreal, Quebec)",Quebec,Project Grant - Priority Announcement: Pediatric Cancer Research,202209PDI,Cancer Biology & Therapeutics,Epigenetic priming of neuroblastoma to NK cell-based immunotherapy,"$100,000 ", $-   , $-   ,,1 yr 0 mth ,Cancer Research,"Youth Health-Prevention, Treatment and Support; Cancer-Cancer Progression and Metastasis; Immunology and Infection-Transplantation, Immune Tolerance and Tumor Immunology",3/1/2023,2024-02-29,0,"Epigenetic, neuroblastoma, immunotherapy"
"He, Housheng H",University Health Network (Toronto),Ontario,Operating Grant,201503MOP,Cancer Progression & Therapeutics,Epigenetic Regulation and Noncoding RNA in Prostate Cancer Progression,"$695,400 ", $-   , $-   ,,5 yrs 0 mth ,Cancer Research,PROSTATE AND BLADDER CANCER THERAPY; CANCER THERAPY GENERAL; CANCER; GENETICS,7/1/2015,2021-06-30,1,"Epigenetic, Noncoding RNA, Prostate Cancer"
"Elahi, Shokrollah",University of Alberta,Alberta,Project Grant,202309PJT,Cancer Progression & Therapeutics,Erythroid progenitors and precursors impair tumor immunogenicity and promote tumour progression in breast cancer,"$749,700 ", $-   , $-   ,,5 yrs 0 mth ,Cancer Research,Cancer-Cancer Progression and Metastasis,3/1/2022,2023-02-28,0,"erythroid progenitors, tumor immunogenicity, breast cancer"
"Elahi, Shokrollah",University of Alberta,Alberta,Project Grant - PA: Breast Cancer Research,202109PLL,Cancer Biology & Therapeutics 2,Erythroid progenitors and precursors impair tumor immunogenicity and promote tumour progression in breast cancer,"$100,000 ", $-   , $-   ,,1 yr 0 mth ,Cancer Research,Cancer-Cancer Progression and Metastasis,3/1/2022,2023-02-28,0,"erythroid progenitors, tumor immunogenicity, breast cancer"
"Elahi, Shokrollah",University of Alberta,Alberta,Project Grant - PA: Breast Cancer Research,202303PLL,Cancer Progression & Therapeutics,Erythroid progenitors and precursors impair tumor immunogenicity and promote tumour progression in breast cancer,"$100,000 ", $-   , $-   ,,1 yr 0 mth ,Cancer Research,Cancer-Cancer Progression and Metastasis,3/1/2022,2023-02-28,0,"erythroid progenitors, tumor immunogenicity, breast cancer"
"Kandel, Rita A",Sinai Health System (Toronto),Ontario,Operating Grant,201103MOP,Biomedical Engineering,Establishing annulus fibrosus interfaces:  towards tissue engineering an intervertebral disc,"$459,432 ", $-   , $-   ,,3 yrs 0 mth ,Musculoskeletal Health and Arthritis,"MUSCULO SKELETAL; MULTIDISCIPLINARY; MUSCLE, BONE, OR JOINT; AGING",10/1/2011,2014-09-30,2,"annulus fibrosus, tissue engineering, intervertebral disc"
"Cypel, Marcelo",University Health Network (Toronto),Ontario,Project Grant,202010PJT,Biomedical Engineering,Establishing strategies to preserve donor lungs for multiple days: Cyclic Normothermic Ex vivo Lung Perfusion and Mitochondrial Transplantation .,"$803,252 ", $-   , $-   ,,4 yrs 0 mth ,Circulatory and Respiratory Health,"Molecular, Cellular and Systems Biology-Molecular Biology; Cardiovascular, Respiratory and Circulatory Systems-Respiratory System Pathologies and Clinical Interventions",4/1/2021,2025-03-31,1,"lung perfusion, normothermic, mitochondrial"
"O'Reilly, Meaghan","Sunnybrook Research Institute (Toronto, Ontario)",Ontario,Project Grant,202210PJT,Medical Physics & Imaging,Establishing the chronic safety profile of focused ultrasound-mediated blood-spinal cord barrier opening in a large animal model,"$100,000 ", $-   , $-   ,,1 yr 0 mth ,"Neurosciences, Mental Health and Addiction","Biomedical Engineering-Biophysics, Medical Technologies and Instrumentation; Biomedical Engineering-Biomedical Imaging",4/1/2023,2024-03-31,0,"focused ultrasound, blood-spinal cord barrier, safety"
"O'Reilly, Meaghan","Sunnybrook Research Institute (Toronto, Ontario)",Ontario,Project Grant,202303PJT,Medical Physics & Imaging,Establishing the chronic safety profile of focused ultrasound-mediated blood-spinal cord barrier opening in a large animal model.,"$860,626 ", $-   , $-   ,,5 yrs 0 mth ,"Neurosciences, Mental Health and Addiction","Biomedical Engineering-Biophysics, Medical Technologies and Instrumentation; Biomedical Engineering-Biomedical Imaging",4/1/2023,2024-03-31,0,"focused ultrasound, blood-spinal cord barrier, safety"
"Zadeh, Gelareh",University Health Network (Toronto),Ontario,Project Grant,202003PJT,Cancer Progression & Therapeutics 2,Establishing the epigenetic drivers of aggressive behaviour in meningiomas,"$902,700 ", $-   , $-   ,,5 yrs 0 mth ,Cancer Research,Cancer-Cancer Drug Development and Therapeutics; Health Services and Systems-Personalized Medicine; Cancer-Clinical Oncology,10/1/2020,2025-09-30,0,"epigenetic, meningiomas, behaviour"
"Rutka, James T",Hospital for Sick Children (Toronto),Ontario,Project Grant,202210PJT,Cancer Progression & Therapeutics,Establishment of a drug discovery and delivery platform for diffuse intrinsic pontine glioma (DIPG).,"$100,000 ", $-   , $-   ,,1 yr 0 mth ,Cancer Research,Cancer-Cancer Drug Development and Therapeutics,4/1/2023,2024-03-31,0,"drug delivery, diffuse intrinsic pontine glioma, drug discovery"
"Adeli, Khosrow",Hospital for Sick Children (Toronto),Ontario,Operating Grant: Industry-partnered Collaborative Research - Rx&D partner,201003IRO,Industry Partnered Collaborative Research,Establishment of A New Database of Pediatric Laboratory Reference Intervals for Biomarkers of Pediatric Disease,"$66,196 ", $-   , $-   ,,1 yr 0 mth ,"Human Development, Child and Youth Health",BLOOD; HEALTH SERVICES RESEARCH; BIOCHEMISTRY; POPULATION HEALTH,10/1/2010,2011-09-30,0,"database, biomarkers, pediatric disease"
"Jefferies, Wilfred A",University of British Columbia,British Columbia,"Catalyst Grant: Invention and High-Risk, High-Benefit Research",201003NHG,"Inventions, Technologies, or High Risk Grants",Establishment of a Novel High Throughput Conditional Gene Trapping System,"$300,000 ", $-   , $-   ,,3 yrs 0 mth ,Genetics,MULTIPLE DISEASE RELEVANCE; DETERMINANTS OF HEALTH; GENETICS; CELL BIOLOGY,10/1/2010,2013-09-30,1,"Gene trapping, High throughput, Conditional"
"Ancuta, Petronela",Centre hospitalier de l'Universite de Montreal (CHUM),Quebec,Catalyst Grant: Innovation in HIV Vaccine and HIV Cure Research,201211CHR,HIV Vaccine and Cure Research,Establishment of Long-Lived HIV-1 Reservoirs in Naive Th17 Precursors: Implications for the Cure,"$100,000 ", $-   , $-   ,,1 yr 0 mth ,Infection and Immunity,VIRAL; AIDS; VIROLOGY; IMMUNOLOGY-TRANSPLANTATION,3/1/2013,2014-02-28,0,"HIV-1, Reservoirs, Th17"
"Grover, Steven A",Research Institute of the McGill University Health Centre,Quebec,Catalyst Grant: eHealth Innovations,201210CEH,e-Health Innovation Partnership Program (eHIPP),Evaluating a Multidisciplinary E-Health Program to Promote Regular Physical Activity Among Individuals at Increased Risk of Cardiovascular Disease,"$99,390 ", $-   , $-   ,,1 yr 0 mth ,Health Services and Policy Research,HEALTH PROMOTION; PSYCHOSOCIAL AND HEALTH BEHAVIOURS; PSYCHOSOCIAL/HEALTH BEHAVIOURAL RES.; HEALTH RESEARCH,3/1/2013,2014-02-28,0,"E-Health, Physical Activity, Cardiovascular Disease"
"Rose, April A",CIUSSS de Centre-Ouest-de-l'Ile-de-Montreal-Jewish General,Quebec,Project Grant,202109PJT,Cancer Biology & Therapeutics 2,Evaluating mutant NRAS as a molecular mediator of immunotherapy resistance in melanoma,"$860,625 ", $-   , $-   ,,5 yrs 0 mth ,Cancer Research,Cancer-Cancer Drug Development and Therapeutics,4/1/2022,2027-03-31,0,"NRAS, immunotherapy, melanoma"
"Gilbert, Penney M",University of Toronto,Ontario,Project Grant,202309PJT,Biomedical Engineering,Evaluating the nerve-muscle connection as a Duchenne muscular dystrophy therapeutic target,"$925,650 ", $-   , $-   ,,5 yrs 0 mth ,Musculoskeletal Health and Arthritis,Biomedical Engineering-Regenerative Medicine and Tissue Engineering; Musculoskeletal Health-Skeletal Muscle Biology and Physiology,4/1/2024,2029-03-31,0,"nerve-muscle, Duchenne muscular dystrophy, therapeutic"
"Nabi, Ivan R",University of British Columbia,British Columbia,Operating Grant,201009MOP,Cancer Progression & Therapeutics 2,Evaluation of autocrine motility factor as a targeted delivery agent for cancer therapy,"$405,657 ", $-   , $-   ,,3 yrs 0 mth ,Cancer Research,CANCER THERAPY GENERAL; CANCER; CELL BIOLOGY,4/1/2011,2014-03-31,0,"autocrine motility factor, targeted delivery, cancer"
"Garnis, Cathie",University of British Columbia,British Columbia,Operating Grant,201309MOP,Cancer Progression & Therapeutics,Evaluation of circulating small RNA markers as simple blood test biomarkers for detecting and predicting outcomes in oral cancer,"$491,649 ", $-   , $-   ,,3 yrs 0 mth ,Cancer Research,DENTAL DISEASE (INCL. ORAL BIOLOGY); CANCER; MOLECULAR BIOLOGY,4/1/2014,2017-03-31,0,"small RNA, biomarkers, oral cancer"
"Lillicrap, David P","Queen's University (Kingston, Ontario)",Ontario,Operating Grant: Industry-partnered Collaborative Research,201403IPR,Industry Partnered Collaborative Research,Evaluation of innovative therapeutic strategies for hemophilia A in a unique hemophilic dog colony.,"$390,000 ", $-   , $-   ,,3 yrs 0 mth ,Circulatory and Respiratory Health,BLOOD; CLOTTING DEFECTS/THROMBOSIS; GENETICS,10/1/2014,2017-09-30,0,"hemophilia A, therapeutic strategies, dog colony"
"Lillicrap, David P","Queen's University (Kingston, Ontario)",Ontario,Operating Grant: Industry-partnered Collaborative Research - Rx&D partner,201103IRO,Industry Partnered Collaborative Research,Evaluation of innovative therapeutic strategies for hemophilia A in a unique hemophilic dog colony.,"$360,000 ", $-   , $-   ,,3 yrs 0 mth ,Circulatory and Respiratory Health,BLOOD; CLOTTING DEFECTS/THROMBOSIS; GENETICS,10/1/2011,2014-09-30,0,"hemophilia A, therapeutic strategies, dog colony"
"Stanisz, Greg J","Sunnybrook Research Institute (Toronto, Ontario)",Ontario,Operating Grant,201209MOP,Medical Physics & Imaging,Evaluation of MR Chemical Exchange Saturation Transfer Imaging as a marker of tumour environment and pH,"$540,084 ", $-   , $-   ,,4 yrs 0 mth ,Cancer Research,CANCER THERAPY GENERAL; BREAST CANCER THERAPY; BIOPHYSICS; CANCER,4/1/2013,2017-03-31,0,"MR, Chemical Exchange Saturation Transfer, tumor environment"
"Lorimer, Ian Anthony J",Ottawa Hospital Research Institute,Ontario,Operating Grant,201009MOP,Cancer Progression & Therapeutics,Evaluation of protein kinase C iota as a target for glioblastoma therapy,"$326,658 ", $-   , $-   ,,3 yrs 0 mth ,Cancer Research,BRAIN TUMORS THERAPY; CANCER THERAPY GENERAL; CANCER; CELL BIOLOGY,4/1/2011,2014-03-31,0,"protein kinase C, glioblastoma, target"
"Lorimer, Ian Anthony J",Ottawa Hospital Research Institute,Ontario,Operating Grant,201403MOP,Cancer Progression & Therapeutics,Evaluation of protein kinase C iota as a target for glioblastoma therapy,"$567,572 ", $-   , $-   ,,4 yrs 0 mth ,Cancer Research,BRAIN TUMORS THERAPY; CANCER THERAPY GENERAL; CANCER; CELL BIOLOGY,7/1/2014,2018-06-30,0,"protein kinase C, glioblastoma, target"
"Ansermino, John M",University of British Columbia,British Columbia,Operating Grant,200909MOP,Biomedical Engineering,eVENT: An expert system for detecting ventilatory events during anesthesia,"$299,186 ", $-   , $-   ,,3 yrs 0 mth ,Circulatory and Respiratory Health,NONE OF THE ABOVE; HEALTH RESEARCH; NOT CLASSIFIED,4/1/2010,2013-03-31,1,"ventilatory events, expert system, anesthesia"
"Pukall, Caroline F","Queen's University (Kingston, Ontario)",Ontario,Op. Grant: NWHRI: Innovation Fund - Translational Research,202403NW3,National Women's Health Research Initiative: Innovation Fund,Examining the efficacy of a multimodal virtual program on pain and sexual outcomes in individuals with provoked vestibulodynia: A randomized clinical trial,"$599,086 ", $-   , $-   ,,2 yrs 10 mths ,Gender and Health,GENITO/URINARY SYSTEM; HEALTH RESEARCH,6/1/2024,2027-03-31,0,"virtual, pain, vestibulodynia"
"Wang, Yemin",University of British Columbia,British Columbia,Project Grant,202104PJT,Cancer Biology & Therapeutics 2,Exploit the metabolic vulnerabilities in SWI/SNF-deficient cancer,"$688,501 ", $-   , $-   ,,4 yrs 0 mth ,Cancer Research,Cancer-Cancer Drug Development and Therapeutics,10/1/2021,2025-09-30,0,"metabolic, vulnerabilities, SWI/SNF-deficient"
"Huang, Sidong",McGill University,Quebec,Project Grant,202003PJT,Cancer Progression & Therapeutics,Exploiting genetic vulnerabilities to improve outcomes in small cell carcinoma of the ovary,"$952,426 ", $-   , $-   ,,5 yrs 0 mth ,Cancer Research,Cancer-Cancer Drug Development and Therapeutics,10/1/2020,2025-09-30,0,"genetic, vulnerabilities, small cell carcinoma"
"Cellot, Sonia","Centre hospitalier universitaire Sainte-Justine (Montreal, Quebec)",Quebec,Project Grant,202104PJT,Cancer Biology & Therapeutics 2,Exploiting induction of mitochondrial apoptosis as a therapeutic vulnerability in high fatality pediatric leukemia,"$944,776 ", $-   , $-   ,,5 yrs 0 mth ,Cancer Research,Cancer-Pediatric Cancer,10/1/2021,2026-09-30,0,"mitochondrial apoptosis, pediatric leukemia, therapeutic vulnerability"
"Roy, Denis-Claude",CIUSSS Est-de-l'Ile-de- Montreal-Maisonneuve Rosemont,Quebec,Project Grant,202010PJT,Cancer Progression & Therapeutics 2,Exploiting minor histocompatibility antigens for personalized cancer immunotherapy,"$1,067,175 ", $-   , $-   ,,5 yrs 0 mth ,Cancer Research,"Cancer-Cancer Drug Development and Therapeutics; Immunology and Infection-Transplantation, Immune Tolerance and Tumor Immunology",4/1/2021,2026-03-31,0,"minor histocompatibility, antigens, immunotherapy"
"Turcotte, Sandra",Universite de Moncton (New Brunswick),New Brunswick,Operating Grant,201403MOP,Cancer Progression & Therapeutics,Exploiting synthetic lethality in Renal Cell Carcinoma: Targeting the loss of the von Hippel-Lindau tumor suppressor gene through autophagy for the development of anticancer therapy,"$495,930 ", $-   , $-   ,,5 yrs 0 mth ,Cancer Research,CANCER; BIOCHEMISTRY,7/1/2014,2019-06-30,0,"synthetic lethality, renal cell carcinoma, autophagy"
"Chithrani, Devika B",University of Victoria (British Columbia),British Columbia,Project Grant,202309PJT,Biomedical Engineering,Exploiting the full potential of cancer radiotherapy using a novel combined treatment approach to treat locally advanced tumors,"$612,000 ", $-   , $-   ,,5 yrs 0 mth ,Cancer Research,"Biomedical Engineering-Biomaterials, Nanotechnology and Biomechanics",4/1/2024,2029-03-31,0,"cancer, radiotherapy, tumors"
"Ramaswamy, Vijay",Hospital for Sick Children (Toronto),Ontario,Project Grant,202209PJT,Cancer Progression & Therapeutics 2,Exploiting therapeutic vulnerabilities to identify new treatments for high-risk SHH medulloblastoma,"$1,285,200 ", $-   , $-   ,,5 yrs 0 mth ,Cancer Research,Cancer-Pediatric Cancer,4/1/2023,2028-03-31,0,"therapeutic vulnerabilities, SHH medulloblastoma"
"Mallette, Frederick A",CIUSSS Est-de-l'Ile-de- Montreal-Maisonneuve Rosemont,Quebec,Project Grant,202403PJT,Cancer Biology & Therapeutics,Exploiting translational reprogramming in neoplasia to devise unique strategies to eliminate cancer and cancer-promoting senescent cells,"$940,950 ", $-   , $-   ,,5 yrs 0 mth ,Cancer Research,"Molecular, Cellular and Systems Biology-Biochemistry; Cancer-Cancer Progression and Metastasis; Cancer-Mechanisms of Carcinogenesis",10/1/2024,2029-09-30,0,"translational reprogramming, neoplasia, cancer"
"Mallette, Frederick A",CIUSSS Est-de-l'Ile-de- Montreal-Maisonneuve Rosemont,Quebec,Project Grant - PA: Breast Cancer Research,202309PLL,Cancer Biology & Therapeutics 2,Exploiting translational reprogramming in neoplasia to devise unique strategies to eliminate cancer and cancer-promoting senescent cells,"$100,000 ", $-   , $-   ,,1 yr 0 mth ,Cancer Research,"Molecular, Cellular and Systems Biology-Biochemistry; Cancer-Cancer Progression and Metastasis; Cancer-Mechanisms of Carcinogenesis",10/1/2024,2029-09-30,0,"translational reprogramming, neoplasia, cancer"
"Koti, Madhuri","Queen's University (Kingston, Ontario)",Ontario,Project Grant,201803PJT,Cancer Progression & Therapeutics 2,Exploiting tumour innate immunity for sensitization of ovarian tumours to PD-L1 immune checkpoint blockade immunotherapy,"$765,000 ", $-   , $-   ,,5 yrs 0 mth ,Cancer Research,Cancer-Cancer Drug Development and Therapeutics,10/1/2018,2023-09-30,0,"tumour, innate immunity, PD-L1"
"McManus, Kirk J",University of Manitoba,Manitoba,Project Grant,201809PJT,Cancer Progression & Therapeutics,Exploring and Exploiting Reduced USP22 Expression in Colorectal Cancer,"$807,075 ", $-   , $-   ,,5 yrs 0 mth ,Cancer Research,Cancer-Cancer Progression and Metastasis; Cancer-Mechanisms of Carcinogenesis; Genetics-Molecular and Functional Genetics and Epigenetics,4/1/2019,2024-03-31,0,"USP22, colorectal cancer, gene expression"
"Barha, Cindy",University of Calgary,Alberta,Catalyst Grant: NWHRI: Innovation Fund - Biomedical Discovery Grants,202307NWI,NWHRI: Innovation Fund - Biomedical Discovery Grants,Exploring biomarkers of physical activity promotion of cognition in menopause: Role of race/ethnicity,"$150,000 ", $-   , $-   ,,1 yr 0 mth ,Aging,AGING; ALZHEIMER'S DISEASE; ENDOCRINOLOGY,2/1/2024,2025-01-31,0,"biomarkers, physical activity, cognition"
"Bouvier, Michel",Universite de Montreal,Quebec,Operating Grant: Industry-partnered Collaborative Research,201403IPR,Industry Partnered Collaborative Research,Exploring GPCR functional selectivity for anti-inflammatory drugs,"$116,000 ", $-   , $-   ,,2 yrs 0 mth ,Genetics,CHRONIC INFLAMMATORY BOWEL DISEASE; ARTHRITIS/OSTEOARTHRITIS; DRUG RESEARCH; CELL BIOLOGY,10/1/2014,2016-09-30,1,"GPCR, selectivity, anti-inflammatory"
"Miller, Wilson H",CIUSSS de Centre-Ouest-de-l'Ile-de-Montreal-Jewish General,Quebec,Project Grant,202203PJT,Cancer Biology & Therapeutics,Exploring the therapeutic potential of combined inhibition of MNK1/2 and CDK4/6 to treat melanoma.,"$841,500 ", $-   , $-   ,,5 yrs 0 mth ,Cancer Research,Cancer-Cancer Drug Development and Therapeutics,10/1/2022,2027-09-30,0,"MNK1, CDK4/6, melanoma"
"Richardson, Christopher D",Dalhousie University (Nova Scotia),Nova Scotia,Operating Grant: COVID-19 Rapid Research Funding Opportunity - Vaccines,202005VR1,COVID-19 Rapid Research - Vaccines,Expression and Purification of COVID19 Virus Spike (S) Protein for Diagnostics and Vaccines,"$138,097 ", $-   , $-   ,,1 yr 0 mth ,Infection and Immunity,VIRAL; INFECTIOUS AND PARASITIC; VIROLOGY; MOLECULAR BIOLOGY,6/1/2020,2021-05-31,0,"COVID19, Spike Protein, Diagnostics"
"Lesage, Frederic",Montreal Heart Institute,Quebec,"Catalyst Grant: Invention and High-Risk, High-Benefit Research",201003NHG,"Inventions, Technologies, or High Risk Grants",Fast multispectral diffuse optical imager applied to pharmacokinetics of cancer.,"$276,850 ", $-   , $-   ,,3 yrs 0 mth ,Cancer Research,BREAST CANCER; MULTIDISCIPLINARY; IMAGING; CANCER,10/1/2010,2013-09-30,0,"multispectral, diffuse optical, pharmacokinetics"
"Underhill, Michael",University of British Columbia,British Columbia,Project Grant,202203PJT,Cancer Progression & Therapeutics,Fate and function of mesenchymal progenitors within the medulloblastoma tumour microenvironment,"$841,500 ", $-   , $-   ,,5 yrs 0 mth ,Cancer Research,Cancer-Cancer Progression and Metastasis; Cancer-Cancer Drug Development and Therapeutics; Cancer-Pediatric Cancer,10/1/2022,2027-09-30,0,"mesenchymal progenitors, medulloblastoma, microenvironment"
"White, John H",McGill University,Quebec,Operating Grant,201303MOP,Cancer Biology & Therapeutics,FBW7-dependent regulation of cMYC and MXD1 function by the vitamin D receptor,"$380,219 ", $-   , $-   ,,3 yrs 0 mth ,Cancer Research,CANCER THERAPY GENERAL; ENDOCRINOLOGY; MOLECULAR BIOLOGY; CELL BIOLOGY,10/1/2013,2016-09-30,0,"FBW7, cMYC, vitamin D receptor"
"Hynynen, Kullervo H","Sunnybrook Research Institute (Toronto, Ontario)",Ontario,Operating Grant,201503MOP,Medical Physics & Imaging,Feasibility of focused ultrasound treatment of deep vein thrombosis,"$722,716 ", $-   , $-   ,,5 yrs 0 mth ,Circulatory and Respiratory Health,CLOTTING DEFECTS/THROMBOSIS; IMAGING,7/1/2015,2017-06-30,1,"focused ultrasound, deep vein thrombosis"
"Andrysek, Jan",Holland Bloorview Kids Rehabilitation Hospital (Toronto),Ontario,Project Grant,202309PJT,Biomedical Engineering,Feasibility RCT evaluating digitally and traditionally produced ankle foot orthoses for individuals with impaired lower limb function,"$470,475 ", $-   , $-   ,,3 yrs 0 mth ,Musculoskeletal Health and Arthritis,Musculoskeletal Health-Rehabilitation and Physical Therapy; Health Services and Systems-Management of Chronic Diseases and Conditions,4/1/2024,2027-03-31,0,"ankle foot orthoses, lower limb, digital fabrication"
"Sussman, Dafna",Toronto Metropolitan University,Ontario,Project Grant,202303PJT,Medical Physics & Imaging,FetAS: Fetal Assessment Suite to Facilitate Rapid Fetal MRI Diagnosis using Artificial Intelligence,"$906,526 ", $-   , $-   ,,5 yrs 0 mth ,"Human Development, Child and Youth Health","Artificial Intelligence-Machine Learning; Biomedical Engineering-Biomedical Imaging; Reproduction and Development-Clinical Embryology, Neonatology and Pediatrics",10/1/2023,2028-09-30,0,"Fetal MRI, Artificial Intelligence, Diagnosis"
"Minchinton, Andrew I",University of British Columbia,British Columbia,Project Grant,202104PJT,Cancer Biology & Therapeutics 2,FLASH radiotherapy - mechanisms and translational studies,"$918,000 ", $-   , $-   ,,4 yrs 0 mth ,Cancer Research,Cancer-Cancer Drug Development and Therapeutics; Radiation biology,10/1/2021,2025-09-30,0,"FLASH, radiotherapy, mechanisms"
"Price, Morgan Thomas M",University of Victoria (British Columbia),British Columbia,Catalyst Grant: Personalized Health Catalyst Grants,201706PCG,Personalized Health - novel e-health applications,Focus:  Engaging patients with chronic pain to use their character strengths to improve quality of life through a tailored mHealth intervention.,"$199,427 ", $-   , $-   ,,2 yrs 0 mth ,Musculoskeletal Health and Arthritis,"NONE OF THE ABOVE; PSYCHOSOCIAL/HEALTH BEHAVIOURAL RES.; MUSCLE, BONE, OR JOINT",9/1/2017,2019-08-31,0,"chronic pain, mHealth, patient engagement"
"Siu, K. W. Michael","York University (Toronto, Ontario)",Ontario,Operating Grant,200810MOP,Cancer Progression & Therapeutics,"From Tumors to Blood: Biomarker-Based Diagnostics, and Implications in Prognostics and Therapeutics of Glioblastoma Multiforme","$100,000 ", $-   , $-   ,,1 yr 0 mth ,Cancer Research,"BRAIN TUMORS (INCL. RETINAL TUMORS); NONE OF THE ABOVE; CANCER; GENOMICS, PROTEOMICS, AND BIOINFORMATICS",3/1/2009,2009-09-30,0,"Biomarkers, Glioblastoma, Diagnostics"
"Siu, K. W. Michael","York University (Toronto, Ontario)",Ontario,Operating Grant,200903MOP,Cancer Progression & Therapeutics,"From Tumors to Blood: Biomarker-Based Diagnostics, and Implications in Prognostics and Therapeutics of Glioblastoma Multiforme","$385,416 ", $-   , $-   ,,3 yrs 0 mth ,Cancer Research,"BRAIN TUMORS (INCL. RETINAL TUMORS); NONE OF THE ABOVE; CANCER; GENOMICS, PROTEOMICS, AND BIOINFORMATICS",10/1/2009,2012-09-30,0,"Biomarkers, Glioblastoma, Diagnostics"
"McGlade, Catherine J",Hospital for Sick Children (Toronto),Ontario,Operating Grant,201003MOP,Cancer Biology & Therapeutics,Function and regulation of Numb alternative splicing in cancer.,"$654,230 ", $-   , $-   ,,5 yrs 0 mth ,Cancer Research,CANCER THERAPY GENERAL; BRAIN TUMORS (INCL. RETINAL TUMORS); CELL BIOLOGY; MOLECULAR BIOLOGY,10/1/2010,2015-09-30,0,"Numb, splicing, cancer"
"McGlade, Catherine J",Hospital for Sick Children (Toronto),Ontario,Operating Grant,201503MOP,Cancer Progression & Therapeutics 2,Function and regulation of Numb protein isoforms in cancer.,"$817,497 ", $-   , $-   ,,5 yrs 0 mth ,Cancer Research,BREAST CANCER; LUNG CANCER; CANCER; MOLECULAR BIOLOGY,7/1/2015,2020-06-30,0,"Numb protein, isoforms, cancer"
"Wang, Yuzhuo",University of British Columbia,British Columbia,Project Grant,201809PJT,Cancer Biology & Therapeutics 2,Function and therapeutic potential of SUV420H2 in neuroendocrine prostate cancer,"$956,250 ", $-   , $-   ,,5 yrs 0 mth ,Cancer Research,Cancer-Cancer Progression and Metastasis,4/1/2019,2024-03-31,0,"SUV420H2, neuroendocrine, prostate cancer"
"He, Housheng H",University Health Network (Toronto),Ontario,Project Grant,202109PJT,Cancer Progression & Therapeutics,Function of LSD1 in aggressive prostate cancer,"$998,325 ", $-   , $-   ,,5 yrs 0 mth ,Cancer Research,Cancer-Cancer Progression and Metastasis,4/1/2022,2027-03-31,0,"LSD1, prostate cancer"
"He, Housheng H",University Health Network (Toronto),Ontario,Project Grant,201803PJT,Cancer Progression & Therapeutics 2,Function of OC2 in Neuroendocrine Transdifferentiation and NEPC,"$868,276 ", $-   , $-   ,,5 yrs 0 mth ,Cancer Research,Cancer-Cancer Progression and Metastasis; Cancer-Cancer Drug Development and Therapeutics,10/1/2018,2023-09-30,0,"OC2, Neuroendocrine, Transdifferentiation"
"Moroy, Tarik",Institut de recherches cliniques de Montreal,Quebec,Operating Grant,201103MOP,Cancer Biology & Therapeutics,Function of the BTB/POZ domain transcription factor Miz-1 in the activation of lymphoid cells and in lymphoid leukemia and lymphoma,"$706,460 ", $-   , $-   ,,5 yrs 0 mth ,Cancer Research,LEUKAEMIAS; BLOOD; CANCER; IMMUNOLOGY-TRANSPLANTATION,10/1/2011,2016-09-30,0,"BTB, transcription factor, lymphoid"
"Zhu, Xu-Dong",McMaster University,Ontario,Operating Grant,201209MOP,Cancer Biology & Therapeutics,Functional Analysis of Proteins Involved in Telomere Maintenance and Genome Integrity,"$813,505 ", $-   , $-   ,,5 yrs 0 mth ,Cancer Research,CANCER THERAPY GENERAL; AGING; CANCER,4/1/2013,2018-03-31,0,"Proteins, Telomere, Genome"
"Santyr, Giles E",Western University (Ontario),Ontario,Operating Grant,201009MOP,Medical Physics & Imaging,Functional and Metabolic Magnetic Resonance Imaging of Lung Inflammation,"$367,905 ", $-   , $-   ,,3 yrs 0 mth ,Circulatory and Respiratory Health,RESPIRATION; NONE OF THE ABOVE; IMAGING,4/1/2011,2014-03-31,0,"Magnetic Resonance Imaging, Lung Inflammation"
"Werbowetski-Ogilvie, Tamra E",University of Manitoba,Manitoba,Operating Grant,201309MOP,Cancer Progression & Therapeutics 2,Functional characterization of novel biomarkers for subtype-specific medulloblastoma cell phenotypes,"$614,472 ", $-   , $-   ,,5 yrs 0 mth ,Cancer Research,BRAIN TUMORS (INCL. RETINAL TUMORS); MULTIDISCIPLINARY; CANCER; CELL BIOLOGY,4/1/2014,2019-03-31,1,"biomarkers, medulloblastoma, phenotypes"
"Stambolic, Vuk",University Health Network (Toronto),Ontario,Operating Grant - Priority Announcement: Breast Cancer,201003COP,Cancer Biology & Therapeutics,Functional characterization of the NIMA-related kinase 10 (Nek10) in development and disease,"$481,140 ", $-   , $-   ,,4 yrs 0 mth ,Cancer Research,BREAST CANCER; MULTIPLE DISEASE RELEVANCE; MOLECULAR BIOLOGY; CANCER,10/1/2010,2014-09-30,0,"NIMA-related kinase, Nek10, disease"
"Snider, Denis P",McMaster University,Ontario,Catalyst Grant: HIV/AIDS Vaccine Discovery Research (Can HIV Vaccine Initiative),200811CHV,HIV Vaccine Discovery,Functional correlate of mucosal antibody response to HIV infection in blood.,"$100,000 ", $-   , $-   ,,1 yr 0 mth ,Infection and Immunity,AIDS; IMMUNOLOGY-TRANSPLANTATION; VIROLOGY,3/1/2009,2010-02-28,0,"mucosal antibody, HIV, blood"
"Tsao, Ming-Sound",University Health Network (Toronto),Ontario,Operating Grant,201403MOP,Cancer Progression & Therapeutics 2,Functional Genomics and in vitro Modeling of Human Pancreatic Carcinogenesis,"$754,235 ", $-   , $-   ,,5 yrs 0 mth ,Cancer Research,NEOPLASMS; GASTRO-INTESTINAL CANCER; CANCER; CELL BIOLOGY,7/1/2014,2016-06-30,3,"Genomics, in vitro, Pancreatic Carcinogenesis"
"Durocher, Daniel",Sinai Health System (Toronto),Ontario,Operating Grant,201003MOP,Cancer Biology & Therapeutics,Functional genomics of the response to DNA double-strand breaks,"$858,940 ", $-   , $-   ,,5 yrs 0 mth ,Genetics,CANCER THERAPY GENERAL; CARCINOGENS (INCL ENVIRONMENTAL); CANCER; GENETICS,10/1/2010,2015-06-30,0,"genomics, DNA breaks, double-strand"
"Demore, Christine E","Sunnybrook Research Institute (Toronto, Ontario)",Ontario,Project Grant,202010PJT,Medical Physics & Imaging,Functional micro-ultrasound imaging of the neurovascular response to focal ischemia,"$757,350 ", $-   , $-   ,,5 yrs 0 mth ,"Neurosciences, Mental Health and Addiction",Biomedical Engineering-Biomedical Imaging; Neurosciences-Neurological disorders,4/1/2021,2026-03-31,0,"micro-ultrasound, neurovascular, ischemia"
"Pike, G. Bruce",McGill University,Quebec,Operating Grant,201109MOP,Medical Physics & Imaging,Functional MRI of Brain Physiology,"$829,562 ", $-   , $-   ,,5 yrs 0 mth ,"Neurosciences, Mental Health and Addiction","STROKE, HEART FAILURE; MULTIPLE DISEASE RELEVANCE; IMAGING; NERVOUS SYSTEM",4/1/2012,2017-03-31,0,"Functional MRI, Brain Physiology"
"Dunn, Jeff F",University of Calgary,Alberta,Project Grant,201709PJT,Medical Physics & Imaging 2,Functional near-infrared spectroscopic measures of coherence as a new bio-marker of injury in mTBI patients,"$669,375 ", $-   , $-   ,,5 yrs 0 mth ,"Neurosciences, Mental Health and Addiction",Mental Health and Behavioural Conditions-Mental Health and Addiction; Biomedical Engineering-Biomedical Imaging,4/1/2018,2023-03-31,0,"near-infrared, spectroscopic, mTBI"
"Lesage, Frederic",Polytechnique Montreal,Quebec,Operating Grant,201203MOP,Medical Physics & Imaging,Functionalized nanoparticles applied to photoacoustic molecular imaging of atherosclerotic plaque.,"$424,935 ", $-   , $-   ,,5 yrs 0 mth ,Circulatory and Respiratory Health,ATHEROSCLEROSIS; CLOTTING DEFECTS/THROMBOSIS,10/1/2012,2017-09-30,0,"nanoparticles, photoacoustic, imaging"
"Masson, Jean-Yves",Universite Laval,Quebec,Operating Grant,201009MOP,Cancer Biology & Therapeutics,Functions of the tumor suppressor PALB2 in DNA double-strand break repair and tumorigenesis,"$742,371 ", $-   , $-   ,,5 yrs 0 mth ,Genetics,CANCER THERAPY GENERAL; BREAST CANCER; BIOCHEMISTRY; CANCER,4/1/2011,2016-03-31,0,"PALB2,DNA repair, tumorigenesis"
"Szturm, Tony J",University of Manitoba,Manitoba,Catalyst Grant: eHealth Innovations,201310CEH,e-Health Innovation Partnership Program (eHIPP),Games and Telerehabilitation for Balance impairments and gaze dysfunction: Testing model in clients with Peripheral Vestibular Disorders,"$66,461 ", $-   , $-   ,,1 yr 0 mth ,Population and Public Health,HEALTH CARE DELIVERY; NONE OF THE ABOVE; HEALTH RESEARCH; NERVOUS SYSTEM,3/1/2014,2015-02-28,0,"Telerehabilitation, Balance, Vestibular Disorders"
"Zandstra, Peter W",University of British Columbia,British Columbia,Project Grant,202403PJT,Biomedical Engineering 2,Gastruloid Engineering: Precision Organoid Design for Developmental and Disease Modeling,"$1,208,700 ", $-   , $-   ,,5 yrs 0 mth ,Genetics,"Biomedical Engineering-Regenerative Medicine and Tissue Engineering; Molecular, Cellular and Systems Biology-Cell Biology and Physiology; Reproduction and Development-Developmental Biology and Organogenesis; Computational Biology",10/1/2024,2029-09-30,0,"Gastruloid, Organoid, Disease Modeling"
"Guha, Abhijit",Hospital for Sick Children (Toronto),Ontario,Operating Grant,200909MOP,Cancer Biology & Therapeutics,GATA4 and GATA6 Transcription Factors in Gliomagenesis,"$808,632 ", $-   , $-   ,,5 yrs 0 mth ,Cancer Research,BRAIN TUMORS (INCL. RETINAL TUMORS); BRAIN TUMORS THERAPY; CANCER; NERVOUS SYSTEM,4/1/2010,2015-03-31,0,"GATA4, GATA6, Gliomagenesis"
"Schreiner, L. John","Queen's University (Kingston, Ontario)",Ontario,Collaborative Health Research Projects (NSERC partnered),201610CPG,Collaborative Health Research Projects - NSERC Partnered,Gel dosimetry for brachytherapy dose delivery validation,"$157,870 ", $-   , $-   ,,3 yrs 0 mth ,Cancer Research,CANCER THERAPY GENERAL; NONE OF THE ABOVE; CANCER; IMAGING,4/1/2017,2020-03-31,0,"Gel dosimetry, brachytherapy, dose validation"
"Buschmann, Michael D",Polytechnique Montreal,Quebec,Operating Grant: Industry-partnered Collaborative Research - Other Partner,201103ISO,Industry Partnered Collaborative Research,Gene Delivery of Glucagon-like Peptide-1 (GLP-1) for the Treatment of Type 2 Diabetes,"$521,739 ", $-   , $-   ,,3 yrs 0 mth ,"Nutrition, Metabolism and Diabetes",DIABETES MELLITUS; METABOLISM/DIABETES,10/1/2011,2014-09-30,2,"Gene delivery, GLP-1, diabetes"
"Unrau, Peter J","Simon Fraser University (Burnaby, B.C.)",British Columbia,Operating Grant: COVID-19 Rapid Research Funding Opportunity - Diagnostics,202005VR2,COVID-19 Rapid Research - Diagnostics,General and Inexpensive Saliva-based Viral RNA Testing by Direct Imaging,"$82,026 ", $-   , $-   ,,1 yr 0 mth ,Infection and Immunity,VIRAL; MULTIDISCIPLINARY; IMAGING; BIOCHEMISTRY,6/1/2020,2021-05-31,1,"Saliva, Viral RNA, Imaging"
"Stanescu, Teodor",University Health Network (Toronto),Ontario,Project Grant,202309PJT,Medical Physics & Imaging,Generative Adversarial Networks for MRI-driven Radiation Therapy,"$604,352 ", $-   , $-   ,,4 yrs 0 mth ,Cancer Research,Cancer-Clinical Oncology; Artificial Intelligence-Machine Learning; Biomedical Engineering-Biomedical Imaging,4/1/2024,2028-03-31,0,"Generative Adversarial Networks, MRI, Radiation Therapy"
"Greer, Peter A","Queen's University (Kingston, Ontario)",Ontario,Operating Grant,201003MOP,Cancer Biology & Therapeutics,Genetic and cell biological analysis of calpain: a potential therapeutic target in breast cancer,"$734,701 ", $-   , $-   ,,5 yrs 0 mth ,Cancer Research,CANCER THERAPY GENERAL; BREAST CANCER; CANCER; MOLECULAR BIOLOGY,10/1/2010,2015-09-30,0,"calpain, genetic, breast cancer"
"Nieman, Brian J",Hospital for Sick Children (Toronto),Ontario,Project Grant,202309PJT,Medical Physics & Imaging,Genetic determinants of radiation-induced brain toxicity in a juvenile mouse model,"$1,143,675 ", $-   , $-   ,,5 yrs 0 mth ,Cancer Research,"Cancer-Pediatric Cancer; Neurosciences-Cognition, Communication and Behaviour (including sleep and memory); Youth Health-Prevention, Treatment and Support",4/1/2024,2029-03-31,0,"genetic, radiation, brain toxicity"
"Krajinovic, Maja","Centre hospitalier universitaire Sainte-Justine (Montreal, Quebec)",Quebec,Operating Grant,201003MOP,Cancer Progression & Therapeutics 2,"Genetic determinants of the resistance to corticosteroids, vincristine and asparaginase in childhood acute lymphoblastic leukemia","$295,728 ", $-   , $-   ,,3 yrs 0 mth ,Cancer Research,LEUKAEMIAS; DRUGS- PHARMACEUTICAL SCIENCE/CHEMISTRY & NON MEDICAL USE OF DRUGS; GENETICS; DRUG RESEARCH,10/1/2010,2013-09-30,0,"genetic, corticosteroids, leukemia"
"Garzia, Livia",Research Institute of the McGill University Health Centre,Quebec,Project Grant,201809PJT,Cancer Progression & Therapeutics,Genetic drivers of medulloblastoma metastasis,"$665,550 ", $-   , $-   ,,5 yrs 0 mth ,Cancer Research,Cancer-Pediatric Cancer; Cancer-Cancer Progression and Metastasis,4/1/2019,2024-03-31,0,"genetic, medulloblastoma, metastasis"
"Gascoyne, Randy D",University of British Columbia,British Columbia,Operating Grant,201009MOP,Cancer Progression & Therapeutics 2,Genetic mechanisms underlying immune escape in malignant lymphomas,"$368,667 ", $-   , $-   ,,3 yrs 0 mth ,Cancer Research,NEOPLASMS; BLOOD; CANCER; HEALTH RESEARCH,4/1/2011,2014-03-31,1,"genetic, immune escape, lymphomas"
"Diamandis, Eleftherios P",Sinai Health System (Toronto),Ontario,Operating Grant,200810MOP,Cancer Progression & Therapeutics,"Genetic, Epigenetic and Proteomic Analysis of the Kallikrein Family in Search for Novel Diagnostic Prognostic and Risk Susceptibility Algorithms for Prostate Cancer","$100,000 ", $-   , $-   ,,1 yr 0 mth ,Cancer Research,"PROSTATE AND BLADDER CANCER; GENITO/URINARY SYSTEM; GENOMICS, PROTEOMICS, AND BIOINFORMATICS; CANCER",3/1/2009,2010-02-28,0,"Genetic, Epigenetic, Proteomic"
"Diamandis, Eleftherios P",Sinai Health System (Toronto),Ontario,Operating Grant,200903MOP,Cancer Progression & Therapeutics,"Genetic, Epigenetic and Proteomic Analysis of the Kallikrein Family in Search for Novel Diagnostic Prognostic and Risk Susceptibility Algorithms for Prostate Cancer","$599,728 ", $-   , $-   ,,3 yrs 0 mth ,Cancer Research,"PROSTATE AND BLADDER CANCER; GENITO/URINARY SYSTEM; GENOMICS, PROTEOMICS, AND BIOINFORMATICS; CANCER",10/1/2009,2012-09-30,0,"Genetic, Epigenetic, Proteomic"
"Rudnicki, Michael A",Ottawa Hospital Research Institute,Ontario,Operating Grant,201309MOP,Cancer Biology & Therapeutics,Genomic Analysis of Rhabdomyosarcoma Tumor Initiating Cells,"$1,207,800 ", $-   , $-   ,,5 yrs 0 mth ,Cancer Research,"MUSCULO SKELETAL; NEOPLASMS; GENOMICS, PROTEOMICS, AND BIOINFORMATICS; CANCER",4/1/2014,2016-06-30,1,"Genomic, Rhabdomyosarcoma, Tumor Cells"
"Shah, Sohrab P",University of British Columbia,British Columbia,Operating Grant,201103MOP,Cancer Progression & Therapeutics 2,Genomic Disruption in High-Grade Serous Ovarian Carcinomas: Steady State or Continuous Drift?,"$563,330 ", $-   , $-   ,,4 yrs 0 mth ,Cancer Research,NEOPLASMS; CANCER; GENETICS,10/1/2011,2015-09-30,4,"Genomic, Ovarian, Carcinomas"
"Wyatt, Alexander W",University of British Columbia,British Columbia,Project Grant,202104PJT,Cancer Progression & Therapeutics 2,Genomic dissection of de novo metastatic prostate cancer prior to treatment,"$734,400 ", $-   , $-   ,,3 yrs 0 mth ,Cancer Research,Cancer-Cancer Progression and Metastasis,10/1/2021,2024-09-30,0,"genomic, metastatic, prostate cancer"
"Poh, Catherine",University of British Columbia,British Columbia,Project Grant - PA: MSK/Skin/Oral Health: Clinical Research - Oral Health,201903PJ7,Cancer Progression & Therapeutics 2,"Genomic, Epigenomic, and Phenotypic Characterization of Oral Premalignant Fields for the Development of Actionable Prevention Strategies","$100,000 ", $-   , $-   ,,1 yr 0 mth ,Cancer Research,Cancer-Mechanisms of Carcinogenesis,10/1/2019,2020-09-30,0,"Genomic, Epigenomic, Phenotypic"
"Bratman, Scott V",University Health Network (Toronto),Ontario,Project Grant,201809PJT,Cancer Progression & Therapeutics 2,Genomics-based radiosensitization for HPV-negative squamous cell carcinoma of the aerodigestive tract,"$757,352 ", $-   , $-   ,,4 yrs 0 mth ,Cancer Research,"Cancer-Cancer Drug Development and Therapeutics; Pharmacological, Toxicological and Pharmaceutical Sciences-Translational and Clinical Pharmacology",4/1/2019,2023-03-31,0,"Genomics, radiosensitization, carcinoma"
"Pyle, Glen W",University of Guelph,Ontario,Catalyst Grant: NWHRI: Innovation Fund - Biomedical Discovery Grants,202307NWI,NWHRI: Innovation Fund - Biomedical Discovery Grants,Getting to the Heart of Domestic Abuse: Identifying the molecular mechanisms of heart disease in association with physical and psychological stress,"$150,000 ", $-   , $-   ,,1 yr 0 mth ,Gender and Health,CARDIOLOGY; MYOCARDIAL INFARCTION; CARDIOVASCULAR; CELL BIOLOGY,2/1/2024,2025-01-31,0,"heart disease, molecular mechanisms, stress"
"Valliant, John F",McMaster University,Ontario,Project Grant,201903PJT,Cancer Biology & Therapeutics 2,Getting to the heart of hard-to-treat cancers: Anti-CD133 theranostics for molecular imaging and treatment of GBM,"$860,624 ", $-   , $-   ,,4 yrs 0 mth ,Cancer Research,"Cancer-Cancer Drug Development and Therapeutics; Pharmacological, Toxicological and Pharmaceutical Sciences-Drug Discovery, Design and Delivery",10/1/2019,2023-09-30,0,"CD133, theranostics, GBM"
"Klein Geltink, Ramon",University of British Columbia,British Columbia,Project Grant,202303PJT,Cancer Biology & Therapeutics,Glucose restriction-mediated changes to mitochondria as a driver of anti-tumour CD8+ T cell function.,"$983,026 ", $-   , $-   ,,5 yrs 0 mth ,Cancer Research,Cancer-Cancer Drug Development and Therapeutics,10/1/2023,2028-09-30,0,"glucose restriction, mitochondria, CD8+ T cells"
"Siegel, Peter M",McGill University,Quebec,Operating Grant,201109MOP,Cancer Progression & Therapeutics 2,GPNMB as an emerging therapeutic target in metastatic breast cancer,"$729,830 ", $-   , $-   ,,5 yrs 0 mth ,Cancer Research,BREAST CANCER; BREAST CANCER THERAPY; CANCER; MOLECULAR BIOLOGY,4/1/2012,2017-03-31,0,"GPNMB, metastatic breast cancer, therapeutic target"
"Martin, Alberto",University of Toronto,Ontario,Project Grant,202003PJT,Cancer Biology & Therapeutics,Gut microbiota and the etiology of colon cancer,"$1,005,976 ", $-   , $-   ,,5 yrs 0 mth ,Cancer Research,Cancer-Mechanisms of Carcinogenesis; Immunology and Infection-Infectious Diseases,10/1/2020,2025-09-30,1,"gut microbiota, colon cancer, etiology"
"Tang, Shuo",University of British Columbia,British Columbia,Collaborative Health Research Projects (NSERC partnered),201610CPG,Collaborative Health Research Projects - NSERC Partnered,Handheld Multiphoton Imaging Device for Detecting Oral Cancer,"$294,250 ", $-   , $-   ,,3 yrs 0 mth ,Cancer Research,MULTIDISCIPLINARY; DENTAL DISEASE (INCL. ORAL BIOLOGY); IMAGING; CANCER,4/1/2017,2020-03-31,0,"Multiphoton, Imaging, Oral Cancer"
"Baker, Kristi",University of Alberta,Alberta,Project Grant,202209PJT,Cancer Biology & Therapeutics,Harnessing dendritic cells to regulate antitumor immunity in colorectal cancer,"$956,250 ", $-   , $-   ,,5 yrs 0 mth ,Cancer Research,"Cancer-Mechanisms of Carcinogenesis; Immunology and Infection-Transplantation, Immune Tolerance and Tumor Immunology; Cancer-Cancer Progression and Metastasis",4/1/2023,2028-03-31,0,"dendritic cells, antitumor immunity, colorectal cancer"
"Reid, Gregor",University of British Columbia,British Columbia,Project Grant,202403PJT,Cancer Biology & Therapeutics,Harnessing infection-associated modifiers of paediatric acute lymphoblastic leukaemia progression for therapeutic benefit,"$918,000 ", $-   , $-   ,,5 yrs 0 mth ,Cancer Research,"Cancer-Pediatric Cancer; Immunology and Infection-Transplantation, Immune Tolerance and Tumor Immunology; Health Determinants-Etiology of Disease and Conditions",3/1/2024,2025-02-28,0,"infection, lymphoblastic leukaemia, paediatric"
"Reid, Gregor",University of British Columbia,British Columbia,Project Grant - Priority Announcement: Early Detection/Cancer Prevention,202309DCP,Cancer Biology & Therapeutics 2,Harnessing infection-associated modifiers of paediatric acute lymphoblastic leukaemia progression for therapeutic benefit,"$100,000 ", $-   , $-   ,,1 yr 0 mth ,Cancer Research,"Cancer-Pediatric Cancer; Immunology and Infection-Transplantation, Immune Tolerance and Tumor Immunology; Health Determinants-Etiology of Disease and Conditions",3/1/2024,2025-02-28,0,"infection, lymphoblastic leukaemia, paediatric"
"Crome, Sarah A",University Health Network (Toronto),Ontario,Project Grant,201909PJT,Cancer Biology & Therapeutics,Harnessing innate lymphoid cells to improve hematopoietic stem cell transplant outcomes,"$944,775 ", $-   , $-   ,,5 yrs 0 mth ,Infection and Immunity,"Cancer-Cancer Drug Development and Therapeutics; Immunology and Infection-Transplantation, Immune Tolerance and Tumor Immunology; Immunology and Infection-Immunology and Autoimmune Diseases (including rheumatology)",4/1/2020,2025-03-31,2,"innate lymphoid cells, hematopoietic stem cell, transplant"
"Monument, Michael J",University of Calgary,Alberta,Project Grant,202010PJT,Cancer Biology & Therapeutics,Harnessing STING activation for the treatment of sarcoma,"$1,071,000 ", $-   , $-   ,,5 yrs 0 mth ,Cancer Research,Cancer-Cancer Drug Development and Therapeutics; Cancer-Pediatric Cancer,4/1/2021,2026-03-31,0,"STING, activation, sarcoma"
"Tandon, Puneeta",University of Alberta,Alberta,Catalyst Grant: Personalized Health Catalyst Grants,201706PCG,Personalized Health - novel e-health applications,HEAL-C : Home-based eHealth App for Cirrhosis,"$200,000 ", $-   , $-   ,,2 yrs 0 mth ,"Nutrition, Metabolism and Diabetes","LIVER DISEASE; MUSCULO SKELETAL; GASTROINTESTINAL (LIVER); MUSCLE, BONE, OR JOINT",9/1/2017,2019-08-31,0,"eHealth, Cirrhosis, App"
"Allen, Christine J",University of Toronto,Ontario,Project Grant,201709PJT,Medical Physics & Imaging 2,Heat Activated Liposomal Delivery of Chemo and Molecular Therapy in Combination with Radiotherapy for Treatment of Breast Cancer Recurrence at the Chest Wall,"$459,000 ", $-   , $-   ,,4 yrs 0 mth ,Cancer Research,"Cancer-Cancer Drug Development and Therapeutics; Pharmacological, Toxicological and Pharmaceutical Sciences-Drug Discovery, Design and Delivery; Biomedical Engineering-Biomedical Imaging",4/1/2018,2022-03-31,0,"Liposomal, Chemotherapy, Radiotherapy"
"Charron, Frederic",Institut de recherches cliniques de Montreal,Quebec,Operating Grant,201203MOP,Cancer Progression & Therapeutics,Hedgehog signaling and medulloblastoma tumorigenesis,"$713,954 ", $-   , $-   ,,5 yrs 0 mth ,Cancer Research,BRAIN TUMORS (INCL. RETINAL TUMORS); NEOPLASMS; CANCER; GENETICS,10/1/2012,2017-09-30,0,"Hedgehog signaling, medulloblastoma, tumorigenesis"
"King, Graham John W",Western University (Ontario),Ontario,Operating Grant,201003MOP,Biomedical Engineering,Hemi-Arthroplasty of the Elbow: The Effect of Implant Surface Design and Materials on Joint Kinematics and Contact Mechanics,"$307,002 ", $-   , $-   ,,4 yrs 0 mth ,Musculoskeletal Health and Arthritis,"MUSCULO SKELETAL; ARTHRITIS/OSTEOARTHRITIS; MUSCLE, BONE, OR JOINT",10/1/2010,2014-09-30,0,"Hemi-Arthroplasty, Implant Surface, Contact Mechanics"
"Macgowan, Christopher K",Hospital for Sick Children (Toronto),Ontario,Project Grant,201909PJT,Medical Physics & Imaging,Hemodynamics of Pediatric Congenital Heart Disease Using Accelerated and Motion-Compensated MRI,"$722,925 ", $-   , $-   ,,5 yrs 0 mth ,Circulatory and Respiratory Health,"Biomedical Engineering-Biomedical Imaging; Cardiovascular, Respiratory and Circulatory Systems-Clinical and Translational Cardiovascular Sciences",4/1/2020,2025-03-31,0,"Hemodynamics, MRI, Congenital Heart Disease"
"Bordeleau, Franeois",Universite Laval,Quebec,Project Grant - Priority Announcement: Early Detection/Cancer Prevention,202209DCP,Cancer Progression & Therapeutics,Hepatic stellate cells as a driver of the pre-metastatic niche in uveal melanoma,"$100,000 ", $-   , $-   ,,1 yr 0 mth ,Cancer Research,"Biomedical Engineering-Regenerative Medicine and Tissue Engineering; Cancer-Cancer Progression and Metastasis; Molecular, Cellular and Systems Biology-Cell Biology and Physiology",3/1/2023,2024-02-29,0,"hepatic stellate cells, pre-metastatic niche, uveal melanoma"
"Grant, Michael D",Memorial University of Newfoundland,Newfoundland and Labrador,Catalyst Grant: HIV/AIDS Vaccine Discovery Research (Can HIV Vaccine Initiative),200811CHV,HIV Vaccine Discovery,Heteroclitic Peptides to Increase Human Immunodeficiency Virus-specific CD8+ T cell Interleukin-2 Production,"$100,000 ", $-   , $-   ,,1 yr 0 mth ,Infection and Immunity,AIDS; VIRAL; IMMUNOLOGY-TRANSPLANTATION; VIROLOGY,3/1/2009,2010-02-28,0,"Heteroclitic Peptides, Immunodeficiency Virus, CD8+ T cells"
"Ladbon Bernasconi, Neda",McGill University,Quebec,Operating Grant,200809MOP,Medical Physics & Imaging,High field imaging of focal epilepsy,"$393,809 ", $-   , $-   ,,4 yrs 0 mth ,"Neurosciences, Mental Health and Addiction",EPILEPSY; IMAGING; NERVOUS SYSTEM,4/1/2009,2013-03-31,0,"high field, imaging, epilepsy"
"Zehbe, Ingeborg","Lakehead University (Thunder Bay, Ontario)",Ontario,Collaborative Health Research Projects (NSERC partnered),201410CPG,Collaborative Health Research Projects - NSERC Partnered,High intensity focused ultrasound and newly engineered single domain antibodies for non-invasive treatment of human papillomavirus-related cervical cancer,"$226,870 ", $-   , $-   ,,3 yrs 0 mth ,Cancer Research,CANCER THERAPY GENERAL; GENITO/URINARY SYSTEM; CANCER; VIROLOGY,4/1/2015,2018-03-31,0,"ultrasound, antibodies, cervical cancer"
"Cunningham, Ian A",Western University (Ontario),Ontario,Operating Grant,201309MOP,Medical Physics & Imaging,High-Performance X-Ray Detectors that Maximize Image Quality and Reduce Patient Exposures,"$419,099 ", $-   , $-   ,,3 yrs 0 mth ,Cancer Research,BREAST CANCER; IMAGING; CANCER,4/1/2014,2017-03-31,2,"X-Ray, Detectors, Image Quality"
"Lane, Pierre",University of British Columbia,British Columbia,Operating Grant,201009MOP,Medical Physics & Imaging,High-Resolution OCT Imaging of Bronchial Epithelium,"$266,164 ", $-   , $-   ,,3 yrs 0 mth ,Cancer Research,LUNG CANCER; NEOPLASMS; CANCER; BIOPHYSICS,4/1/2011,2014-03-31,2,"OCT, Imaging, Bronchial Epithelium"
"Goodarzi, Aaron",University of Calgary,Alberta,Project Grant,202003PJT,Cancer Biology & Therapeutics,"High-Throughput Analysis of Low Dose, Repetitive Alpha Particle Irradiation as a source of Radon-Induced Lung Cancer","$940,950 ", $-   , $-   ,,5 yrs 0 mth ,Cancer Research,Cancer-Mechanisms of Carcinogenesis,10/1/2020,2025-09-30,0,"Alpha particle, irradiation, lung cancer"
"Ward, Aaron",Western University (Ontario),Ontario,Project Grant,202303PJT,Medical Physics & Imaging,Histopathology image analysis for prostate cancer prognosis after radical prostatectomy,"$592,876 ", $-   , $-   ,,5 yrs 0 mth ,Cancer Research,"Cancer-Clinical Oncology; Biomedical Engineering-Biophysics, Medical Technologies and Instrumentation; Artificial Intelligence-Machine Learning",10/1/2023,2028-09-30,0,"histopathology, image analysis, prostate cancer"
"Harrigan, Richard P",University of British Columbia,British Columbia,Operating Grant: Industry-partnered Collaborative Research - Rx&D partner,200903IRO,Industry Partnered Collaborative Research,HIV Drug Resistance: Transitioning to New Sequencing Technologies,"$63,000 ", $-   , $-   ,,1 yr 6 mths ,Infection and Immunity,"AIDS; EPIDEMIOLOGY; VIROLOGY; GENOMICS, PROTEOMICS, AND BIOINFORMATICS",10/1/2009,2011-03-31,1,"HIV, sequencing, resistance"
"Ahmed, Sofia B",University of Alberta,Alberta,Op. Grant: NWHRI: Innovation Fund - Translational Research,202403NW3,National Women's Health Research Initiative: Innovation Fund,Hormonal route of administration and cardiorenal health,"$420,000 ", $-   , $-   ,,2 yrs 10 mths ,Gender and Health,"HYPERTENSION; CARDIOVASCULAR; RENAL FUNCTION, NEPHROLOGY, UROLOGY",6/1/2024,2027-03-31,0,"hormonal, administration, cardiorenal"
"Zoubeidi, Amina",University of British Columbia,British Columbia,Project Grant,201803PJT,Cancer Biology & Therapeutics 2,Hormone therapy induces reprogramming to drive aggressive prostate cancer,"$669,376 ", $-   , $-   ,,5 yrs 0 mth ,Cancer Research,Cancer-Mechanisms of Carcinogenesis; Cancer-Cancer Drug Development and Therapeutics,10/1/2018,2023-09-30,0,"hormone therapy, reprogramming, prostate cancer"
"Russell, James A",University of British Columbia,British Columbia,Operating Grant: COVID-19 Rapid Research Funding Opportunity - Therapeutics,202005VR3,COVID-19 Rapid Research - Therapeutics,HOST RESPONSE MEDIATORS IN CORONAVIRUS (COVID-19) INFECTION - IS THERE A PROTECTIVE EFFECT OF ARBs ON OUTCOMES OF CORONAVIRUS INFECTION? (ARBs CORONA II),"$3,456,541 ", $-   , $-   ,,1 yr 0 mth ,Circulatory and Respiratory Health,INFECTIOUS AND PARASITIC; HEALTH RESEARCH,6/1/2020,2021-05-31,0,"host response, coronavirus, ARBs"
"Grova, Christophe","Concordia University (Montreal, Quebec)",Quebec,Project Grant,202403PJT,Medical Physics & Imaging,How is neurovascular coupling impacted by the occurrence of epileptic activity during sleep: a whole night personalized EEG/fNIRS investigation,"$799,426 ", $-   , $-   ,,5 yrs 0 mth ,"Neurosciences, Mental Health and Addiction",Biomedical Engineering-Biomedical Imaging; Neurosciences-Neurological disorders; Neurosciences-Neural Circuits and Systems,10/1/2024,2029-09-30,0,"neurovascular, epileptic activity, EEG/fNIRS"
"Pai, Emil F",University of Toronto,Ontario,Catalyst Grant: Innovation in HIV Vaccine and HIV Cure Research,201211CHR,HIV Vaccine and Cure Research,How viral membrane components influence epitope recognition by the broadly neutralizing anti-HIV-1 antibody 2F5: potential translation into vaccine design,"$100,000 ", $-   , $-   ,,1 yr 0 mth ,Infection and Immunity,AIDS; VIRAL; BIOCHEMISTRY; VIROLOGY,3/1/2013,2014-02-28,0,"viral membrane, epitope recognition, HIV-1"
"Mandelis, Andreas",University of Toronto,Ontario,Collaborative Health Research Projects (NSERC partnered),201210CPG,Collaborative Health Research Projects - NSERC Partnered,Hybrid (Co-registered) Intravascular Imaging Technology of Coronary Atherosclerosis using Wavelength-Modulated Differential Photoacoustic Radar and Ultrasonic Tomography,"$404,580 ", $-   , $-   ,,3 yrs 0 mth ,Circulatory and Respiratory Health,ATHEROSCLEROSIS; HEALTH PROMOTION; CARDIOVASCULAR; BIOPHYSICS,4/1/2013,2016-03-31,1,"Intravascular imaging, Photoacoustic radar, Ultrasonic tomography"
"El Naqa, Issam M",Research Institute of the McGill University Health Centre,Quebec,Operating Grant,201403MOP,Medical Physics & Imaging,Hybrid Image Analysis for Radiotherapy,"$394,720 ", $-   , $-   ,,4 yrs 0 mth ,Cancer Research,CANCER THERAPY GENERAL; MULTIDISCIPLINARY; BIOPHYSICS; CANCER,7/1/2014,2018-06-30,4,"Image analysis, radiotherapy"
"Dhanvantari, Savita",Western University (Ontario),Ontario,Collaborative Health Research Projects (NSERC partnered),201410CPG,Collaborative Health Research Projects - NSERC Partnered,Hybrid Molecular Imaging in the Diagnosis of Heart Disease,"$223,308 ", $-   , $-   ,,3 yrs 0 mth ,Circulatory and Respiratory Health,MULTIDISCIPLINARY; CARDIOVASCULAR; IMAGING,4/1/2015,2018-03-31,0,"Molecular Imaging, Heart Disease"
"Du, Caigan",University of British Columbia,British Columbia,Collaborative Health Research Projects (NSERC partnered),201410CPG,Collaborative Health Research Projects - NSERC Partnered,Hyperbranched polyglycerol-based colloid preservation solutions: Toward clinical applications,"$310,627 ", $-   , $-   ,,3 yrs 0 mth ,"Nutrition, Metabolism and Diabetes","INJURY, REGENERATION; MULTIPLE DISEASE RELEVANCE; CELL BIOLOGY; DRUG RESEARCH",4/1/2015,2018-03-31,1,"hyperbranched, polyglycerol, colloid"
"McKenzie, Charles A",Western University (Ontario),Ontario,Project Grant,201809PJT,Medical Physics & Imaging,Hyperpolarised 13C MRI of Placental Metabolism in Intrauterine Growth Restriction,"$638,776 ", $-   , $-   ,,4 yrs 0 mth ,"Human Development, Child and Youth Health","Biomedical Engineering-Biomedical Imaging; Reproduction and Development-Clinical Embryology, Neonatology and Pediatrics",4/1/2019,2023-03-31,0,"hyperpolarised, MRI, placental metabolism"
"Parraga, Grace",Western University (Ontario),Ontario,Operating Grant,200903MOP,Medical Physics & Imaging,Hyperpolarized Helium-3 Magnetic Resonance Imaging Phenotypes of Chronic Obstructive Pulmonary Disease,"$359,119 ", $-   , $-   ,,3 yrs 0 mth ,Circulatory and Respiratory Health,CHRONIC OBSTRUCTIVE LUNG DISEASE; EMPHYSEMA; IMAGING; RESPIRATION,10/1/2009,2012-09-30,0,"Hyperpolarized, Helium-3, MRI"
"Santyr, Giles E",Western University (Ontario),Ontario,Operating Grant,201203MOP,Medical Physics & Imaging,Hyperpolarized Xenon-129 Magnetic Resonance Imaging of Radiation-Induced Lung Injury,"$500,264 ", $-   , $-   ,,5 yrs 0 mth ,Circulatory and Respiratory Health,CANCER THERAPY GENERAL; LUNG CANCER THERAPY; IMAGING; CANCER,10/1/2012,2017-09-30,0,"Hyperpolarized, Xenon-129, MRI"
"Hedley, David W",University Health Network (Toronto),Ontario,Operating Grant,201209MOP,Cancer Biology & Therapeutics,Hypoxia in micrometastases as a cause of treatment failure in the adjuvant setting,"$245,857 ", $-   , $-   ,,3 yrs 0 mth ,Cancer Research,GASTRO-INTESTINAL CANCER; GASTRO-INTESTINAL CANCER THERAPY; CANCER; HEALTH RESEARCH,4/1/2013,2016-03-31,0,"hypoxia, micrometastases, treatment failure"
"Bennewith, Kevin L",University of British Columbia,British Columbia,Project Grant,201803PJT,Cancer Biology & Therapeutics,Hypoxia in tumour-draining lymph nodes as an indication of immune activation and immunotherapy response,"$956,250 ", $-   , $-   ,,5 yrs 0 mth ,Cancer Research,Cancer-Cancer Progression and Metastasis; Cancer-Cancer Drug Development and Therapeutics,10/1/2018,2023-09-30,0,"hypoxia, lymph nodes, immunotherapy"
"Minchinton, Andrew I",University of British Columbia,British Columbia,Collaborative Health Research Projects (NSERC partnered),201711CPG,Collaborative Health Research Projects - NSERC Partnered,Hypoxia-selective inhibitors of DNA repair,"$259,381 ", $-   , $-   ,,3 yrs 0 mth ,Cancer Research,CANCER THERAPY GENERAL; DRUG RESEARCH; CANCER,4/1/2018,2021-03-31,3,"hypoxia, inhibitors, DNA repair"
"Minchinton, Andrew I",University of British Columbia,British Columbia,Operating Grant,200809MOP,Cancer Biology & Therapeutics,Hypoxia-selective radiation sensitizers,"$560,232 ", $-   , $-   ,,4 yrs 0 mth ,Cancer Research,CANCER THERAPY GENERAL; CANCER,4/1/2009,2013-03-31,0,"Hypoxia, radiation, sensitizers"
"Hill, Richard P",University Health Network (Toronto),Ontario,Operating Grant,200909MOP,Cancer Progression & Therapeutics,Hypoxia:  Effects on Tumour Response and Progression in Cervix Cancer,"$599,314 ", $-   , $-   ,,4 yrs 0 mth ,Cancer Research,CANCER THERAPY GENERAL; CANCER; CELL BIOLOGY,4/1/2010,2014-03-31,0,"Hypoxia, Tumour, Cervix Cancer"
"Lee, Seung-Hwan",University of Ottawa,Ontario,Project Grant,202104PJT,Cancer Biology & Therapeutics,Hypoxic-specific activation of natural killer cells: Being resilient in the tumor microenvironment,"$918,000 ", $-   , $-   ,,5 yrs 0 mth ,Cancer Research,Cancer-Cancer Drug Development and Therapeutics,10/1/2021,2026-09-30,0,"hypoxic, natural killer cells, tumor microenvironment"
"Stagljar, Igor",University of Toronto,Ontario,Project Grant,201903PJT,Cancer Biology & Therapeutics 2,Identification and analysis of new small-molecules active against drug-resistant non-small cell lung cancer,"$749,700 ", $-   , $-   ,,3 yrs 0 mth ,Cancer Research,"Cancer-Cancer Drug Development and Therapeutics; Molecular, Cellular and Systems Biology-Cell Signaling",10/1/2019,2022-09-30,2,"small-molecules, drug-resistant, lung cancer"
"Kelvin, David J",University Health Network (Toronto),Ontario,Vaccines of the 21st Century,200903CVC,Catalyst Grant: Vaccines of the 21st Century,Identification and Characterization of Adjuvant Controlled Correlates of Immune Protection,"$99,250 ", $-   , $-   ,,1 yr 0 mth ,Infection and Immunity,PNEUMONIA; AGING; IMMUNOLOGY-TRANSPLANTATION,10/1/2009,2010-09-30,0,"Adjuvant, Immune, Correlates"
"Hassell, John A",McMaster University,Ontario,Operating Grant - Priority Announcement: Breast Cancer,201403COP,Cancer Progression & Therapeutics,Identification and characterization of drugs affecting serotonin signalling that may be repurposed to treat breast cancer,"$100,000 ", $-   , $-   ,,1 yr 0 mth ,Cancer Research,BREAST CANCER; CANCER THERAPY GENERAL; CANCER; MOLECULAR BIOLOGY,10/1/2014,2015-09-30,0,"serotonin, drugs, breast cancer"
"Jabado, Nada",Research Institute of the McGill University Health Centre,Quebec,Operating Grant,201103MOP,Cancer Progression & Therapeutics 2,Identification and characterization of genes involved in the genesis and progression of pediatric astrocytomas.,"$707,975 ", $-   , $-   ,,5 yrs 0 mth ,Cancer Research,BRAIN TUMORS (INCL. RETINAL TUMORS); BRAIN TUMORS THERAPY; CANCER; GENETICS,10/1/2011,2016-09-30,1,"genes, astrocytomas, pediatric"
"Salmena, Leonardo L",University of Toronto,Ontario,Project Grant,202010PJT,Cancer Progression & Therapeutics 2,Identification and characterization of microRNAs essential for the development and fitness of chemoresistant AML,"$898,875 ", $-   , $-   ,,5 yrs 0 mth ,Cancer Research,Cancer-Cancer Drug Development and Therapeutics,4/1/2021,2026-03-31,0,"microRNAs, chemoresistant AML, characterization"
"Neel, Benjamin G",University Health Network (Toronto),Ontario,Operating Grant,200810MOP,Cancer Biology & Therapeutics,Identification and characterization of ovarian cancer initiating cells,"$100,000 ", $-   , $-   ,,1 yr 0 mth ,Cancer Research,NEOPLASMS; CANCER,3/1/2009,2010-02-28,0,"ovarian cancer, initiating cells, characterization"
"Wang, Yuzhuo",University of British Columbia,British Columbia,Operating Grant,200809MOP,Cancer Progression & Therapeutics,Identification and functional analysis of a novel metastasis-associated gene in prostate cancer,"$541,348 ", $-   , $-   ,,4 yrs 0 mth ,Cancer Research,PROSTATE AND BLADDER CANCER; PROSTATE AND BLADDER CANCER THERAPY; CANCER; CELL BIOLOGY,4/1/2009,2013-03-31,4,"metastasis, gene, prostate cancer"
"Catelas, Isabelle",University of Ottawa,Ontario,Operating Grant,201309MOP,Biomedical Engineering,Identification and modulation of molecular mechanisms involved in the biological response to wear and corrosion of hip implants,"$524,631 ", $-   , $-   ,,4 yrs 0 mth ,Musculoskeletal Health and Arthritis,"MUSCULO SKELETAL; MULTIDISCIPLINARY; MUSCLE, BONE, OR JOINT; CELL BIOLOGY",4/1/2014,2018-03-31,1,"molecular mechanisms, biological response, hip implants"
"Spagnuolo, Paul",University of Guelph,Ontario,Operating Grant: COVID-19 Rapid Research Funding Opportunity - Therapeutics,202005VR3,COVID-19 Rapid Research - Therapeutics,Identification and validation of nutraceuticals that prevent SARS-CoV-2 infection,"$211,250 ", $-   , $-   ,,1 yr 0 mth ,Infection and Immunity,VIRAL; DRUG RESEARCH,6/1/2020,2021-05-31,0,"nutraceuticals, SARS-CoV-2, infection"
"Silva Wurzba, Sabrina Daniela",McGill University,Quebec,Project Grant,202109PJT,Cancer Biology & Therapeutics 2,Identification of biological properties and molecular signatures to predict treatment response in patients with advanced HPV positive oropharyngeal cancer,"$665,550 ", $-   , $-   ,,5 yrs 0 mth ,Cancer Research,Musculoskeletal Health-Oral Health,4/1/2022,2027-03-31,0,"biological properties, molecular signatures, HPV"
"Watson, Ian R",McGill University,Quebec,Project Grant,202209PJT,Cancer Progression & Therapeutics 2,Identification of biomarkers using single cell technology that inform on optimal duration of immunotherapy treatment in melanoma,"$1,422,900 ", $-   , $-   ,,5 yrs 0 mth ,Cancer Research,Cancer-Cancer Progression and Metastasis,4/1/2023,2028-03-31,0,"biomarkers, single cell, immunotherapy"
"Savas, Sevtap",Memorial University of Newfoundland,Newfoundland and Labrador,Operating Grant - PA: Regional Partnership Program - Newfoundland and Labrador,201003RNL,Cancer Progression & Therapeutics,Identification of genetic factors correlated with survival in colorectal cancer: Investigation of genetic markers from angiogenesis/lymphangiogenesis and metastasis pathways,"$114,190 ", $-   , $-   ,,2 yrs 6 mths ,Cancer Research,GASTRO-INTESTINAL CANCER; NONE OF THE ABOVE; CANCER; GENETICS,3/1/2011,2012-02-29,0,"genetic factors, colorectal cancer, metastasis"
"Gleave, Martin E",University of British Columbia,British Columbia,Project Grant,202003PJT,Cancer Biology & Therapeutics 2,Identification of HOXB13 inhibitors to treat castrate-resistant prostate cancer,"$413,100 ", $-   , $-   ,,3 yrs 0 mth ,Cancer Research,Cancer-Cancer Drug Development and Therapeutics; Cancer-Mechanisms of Carcinogenesis,10/1/2020,2023-09-30,0,"HOXB13, inhibitors, prostate cancer"
"Marcato, Paola",Dalhousie University (Nova Scotia),Nova Scotia,Project Grant - PA: Breast Cancer Research,202209PLL,Cancer Progression & Therapeutics 2,Identification of lncRNAs that regulate biological processes required for breast cancer progression,"$100,000 ", $-   , $-   ,,1 yr 0 mth ,Cancer Research,Cancer-Cancer Progression and Metastasis,3/1/2023,2024-02-29,0,"lncRNAs, breast cancer, biological processes"
"Tikhonova, Anastasia",University Health Network (Toronto),Ontario,Project Grant,202109PJT,Cancer Progression & Therapeutics 2,Identification of microenvironmental cues that promote acute lymphoblastic leukemia,"$1,128,375 ", $-   , $-   ,,5 yrs 0 mth ,Cancer Research,Cancer-Mechanisms of Carcinogenesis,4/1/2022,2027-03-31,0,"microenvironmental cues, acute lymphoblastic leukemia"
"Wang, Yuzhuo",University of British Columbia,British Columbia,Operating Grant,201203MOP,Cancer Progression & Therapeutics 2,Identification of miRNAs and their Specific Gene Targets that are Critical for Prostate Cancer Metastases,"$775,000 ", $-   , $-   ,,4 yrs 0 mth ,Cancer Research,PROSTATE AND BLADDER CANCER; PROSTATE AND BLADDER CANCER THERAPY; CANCER; CELL BIOLOGY,10/1/2012,2016-09-30,1,"miRNAs, gene targets, prostate cancer"
"Catelas, Isabelle",University of Ottawa,Ontario,Project Grant,201909PJT,Biomedical Engineering,Identification of molecular mechanisms involved in the biological response to implant wear and corrosion,"$826,200 ", $-   , $-   ,,5 yrs 0 mth ,Musculoskeletal Health and Arthritis,"Biomedical Engineering-Biomaterials, Nanotechnology and Biomechanics; Musculoskeletal Health-Bone, Skin and Cartilage Sciences",4/1/2020,2025-03-31,0,"molecular mechanisms, implant wear, corrosion"
"Catelas, Isabelle",University of Ottawa,Ontario,"Project Grant - PA: MSK, Skin and Oral Health: Clinical Research - MSK Health",201803PJ5,Biomedical Engineering,Identification of molecular mechanisms involved in the biological response to implant wear and corrosion,"$100,000 ", $-   , $-   ,,1 yr 0 mth ,Musculoskeletal Health and Arthritis,"Biomedical Engineering-Biomaterials, Nanotechnology and Biomechanics; Musculoskeletal Health-Bone, Skin and Cartilage Sciences",4/1/2020,2025-03-31,0,"molecular mechanisms, implant wear, corrosion"
"Reedijk, Michael",University Health Network (Toronto),Ontario,Operating Grant,200909MOP,Cancer Biology & Therapeutics,Identification of molecular pathways associated with Notch activation in triple-negative breast cancer,"$346,950 ", $-   , $-   ,,3 yrs 0 mth ,Cancer Research,BREAST CANCER; BREAST CANCER THERAPY; CANCER; MOLECULAR BIOLOGY,4/1/2010,2013-03-31,0,"Notch, molecular pathways, breast cancer"
"Finzi, Andres",Centre hospitalier de l'Universite de Montreal (CHUM),Quebec,Catalyst Grant: Innovation in HIV Vaccine and HIV Cure Research,201211CHR,HIV Vaccine and Cure Research,Identification of Naturally-Occurring anti-HIV-1 Neutralizing Molecules from a Cohort of Highly-HIV-1-Exposed Seronegative Individuals,"$100,000 ", $-   , $-   ,,1 yr 0 mth ,Infection and Immunity,AIDS; VIRAL; VISION; MOLECULAR BIOLOGY,3/1/2013,2014-02-28,1,"anti-HIV, neutralizing molecules, seronegative"
"Moghal, Nadeem",University Health Network (Toronto),Ontario,Project Grant,202010PJT,Cancer Progression & Therapeutics,Identification of novel therapeutic targets for SOX2-driven lung squamous cell carcinoma,"$650,252 ", $-   , $-   ,,4 yrs 0 mth ,Cancer Research,Cancer-Cancer Drug Development and Therapeutics,4/1/2021,2025-03-31,0,"SOX2, lung cancer, targets"
"Muller, William J",McGill University,Quebec,Operating Grant,201309MOP,Cancer Progression & Therapeutics,Identification of PI-3K coupled signalling pathways involved in mammary tumour progression: Implication for resistance to targeted therapy.,"$841,225 ", $-   , $-   ,,5 yrs 0 mth ,Cancer Research,BREAST CANCER; BREAST CANCER THERAPY; CANCER; MOLECULAR BIOLOGY,4/1/2014,2016-06-30,0,"PI-3K, signalling pathways, mammary tumor"
"LeVan, Pierre",University of Calgary,Alberta,Project Grant,202203PJT,Medical Physics & Imaging,Identification of seizure-generating brain areas in drug-resistant epilepsy using dynamic resting-state fMRI,"$631,126 ", $-   , $-   ,,5 yrs 0 mth ,"Neurosciences, Mental Health and Addiction",Methods Development and Modelling-Quantitative Methods Development for Health Research; Neurosciences-Neurological disorders,10/1/2022,2027-09-30,0,"seizure, brain areas, fMRI"
"Eppert, Kolja",Research Institute of the McGill University Health Centre,Quebec,Project Grant,202203PJT,Cancer Biology & Therapeutics,Identification of the mechanisms underlying the early stages of leukemogenesis in human hematopoietic stem cells.,"$898,876 ", $-   , $-   ,,5 yrs 0 mth ,Cancer Research,"Cancer-Cancer Progression and Metastasis; Cancer-Mechanisms of Carcinogenesis; Molecular, Cellular and Systems Biology-Cell Biology and Physiology",10/1/2022,2027-09-30,0,"leukemogenesis, hematopoietic stem cells, mechanisms"
"Mallette, Frederick A",CIUSSS Est-de-l'Ile-de- Montreal-Maisonneuve Rosemont,Quebec,Project Grant,201709PJT,Cancer Progression & Therapeutics,Identification of therapeutic targets for pediatric acute megakaryoblastic leukemia,"$765,000 ", $-   , $-   ,,5 yrs 0 mth ,Cancer Research,Cancer-Mechanisms of Carcinogenesis; Cancer-Pediatric Cancer; Cancer-Cancer Drug Development and Therapeutics,4/1/2018,2023-03-31,0,"therapeutic targets, pediatric leukemia, megakaryoblastic"
"Vizeacoumar, Franco J",University of Saskatchewan,Saskatchewan,Project Grant,202104PJT,Cancer Progression & Therapeutics,Identification of therapeutically relevant targets in telomerase overexpressing prostate cancers,"$983,026 ", $-   , $-   ,,5 yrs 0 mth ,Cancer Research,Cancer-Cancer Drug Development and Therapeutics,10/1/2021,2026-09-30,0,"telomerase, prostate cancer, targets"
"Mak, Tak W",University Health Network (Toronto),Ontario,Project Grant,202403PJT,Cancer Progression & Therapeutics,Identification of tumour-reactive gamma delta T cell receptors to treat hematological malignancies.,"$1,147,500 ", $-   , $-   ,,5 yrs 0 mth ,Cancer Research,"Cancer-Cancer Drug Development and Therapeutics; Immunology and Infection-Transplantation, Immune Tolerance and Tumor Immunology",10/1/2024,2029-09-30,0,"gamma delta T, tumor-reactive, receptors"
"Schramek, Daniel",Sinai Health System (Toronto),Ontario,Project Grant,202303PJT,Cancer Progression & Therapeutics,Identifying and characterizing essential genes and cancer driver genes in HNSCC using in vivo CRISPR screens.,"$1,063,350 ", $-   , $-   ,,5 yrs 0 mth ,Cancer Research,Cancer-Cancer Drug Development and Therapeutics; Cancer-Mechanisms of Carcinogenesis,10/1/2023,2028-09-30,0,"CRISPR, genes, cancer"
"Moffat, Jason",University of Toronto,Ontario,Project Grant,202003PJT,Cancer Biology & Therapeutics,Identifying cancer intrinsic immune evasion mechanism for target discovery,"$956,250 ", $-   , $-   ,,5 yrs 0 mth ,Cancer Research,Cancer-Cancer Progression and Metastasis; Cancer-Cancer Drug Development and Therapeutics; Cancer-Mechanisms of Carcinogenesis,10/1/2020,2025-09-30,1,"cancer, immune evasion, target discovery"
"Stein, Lincoln","Ontario Institute for Cancer Research (Toronto, Ontario)",Ontario,Project Grant,202309PJT,Cancer Progression & Therapeutics,Identifying Cancer Tissue of Origin using Plasma Whole Genome Sequencing,"$979,200 ", $-   , $-   ,,4 yrs 0 mth ,Cancer Research,Cancer-Cancer Progression and Metastasis; Artificial Intelligence-Machine Learning,4/1/2024,2028-03-31,0,"Cancer, Genome Sequencing, Tissue"
"Prodger, Jessica L",Western University (Ontario),Ontario,Catalyst Grant: NWHRI: Innovation Fund - Biomedical Discovery Grants,202307NWI,NWHRI: Innovation Fund - Biomedical Discovery Grants,Identifying causes of neovaginal malodour in transfeminine people,"$149,115 ", $-   , $-   ,,1 yr 0 mth ,Gender and Health,,5/1/2023,2024-04-30,0,"neovaginal, malodour, transfeminine"
"Prodger, Jessica L",Western University (Ontario),Ontario,Catalyst Grant: NWHRI: Innovation Fund - Biomedical Discovery Grants,202307NWI,NWHRI: Innovation Fund - Biomedical Discovery Grants,Identifying causes of neovaginal malodour in transfeminine people,"$149,115 ", $-   , $-   ,,1 yr 0 mth ,Gender and Health,HEALTH RESEARCH,2/1/2024,2025-01-31,0,"neovaginal, malodour, transfeminine"
"Bally, Marcel B",University of British Columbia,British Columbia,Operating Grant,201003MOP,Cancer Progression & Therapeutics 2,Identifying Cytoprotective Responses Triggered Following Initial Exposure to Targeted Therapy: Defining Improved Treatment Strategies for Patients with HER-2 Positive Breast Cancer.,"$774,156 ", $-   , $-   ,,5 yrs 0 mth ,Cancer Research,BREAST CANCER THERAPY; DRUGS- PHARMACEUTICAL SCIENCE/CHEMISTRY & NON MEDICAL USE OF DRUGS; DRUG RESEARCH; CANCER,10/1/2010,2015-09-30,0,"Cytoprotective responses, HER-2, breast cancer"
"Reid, Gregor",University of British Columbia,British Columbia,Operating Grant,201209MOP,Cancer Biology & Therapeutics,Identifying Determinants of Acute Lymphoblastic Leukemia Progression,"$582,966 ", $-   , $-   ,,5 yrs 0 mth ,Cancer Research,LEUKAEMIAS; NONE OF THE ABOVE; CANCER; IMMUNOLOGY-TRANSPLANTATION,4/1/2013,2018-03-31,0,"Acute Lymphoblastic Leukemia, Progression, Determinants"
"Krzeczkowski, John E",Brock University (Ontario),Ontario,Catalyst Grant: NWHRI: Innovation Fund - Biomedical Discovery Grants,202307NWI,NWHRI: Innovation Fund - Biomedical Discovery Grants,Identifying epigenetic biomarkers of the response to cognitive behavioural therapy in mothers/birthing parents treated for postpartum depression,"$146,230 ", $-   , $-   ,,1 yr 0 mth ,Gender and Health,DEPRESSION; MENTAL AND BEHAVIOURAL DISEASES; MENTAL HEALTH; NERVOUS SYSTEM,2/1/2024,2025-01-31,0,"epigenetic, biomarkers, postpartum depression"
"Schramek, Daniel",Sinai Health System (Toronto),Ontario,Project Grant,202210PJT,Cancer Progression & Therapeutics 2,Identifying essential genes for epithelial homeostasis and KRas-driven carcinomas using in vivo CRISPR screens.,"$100,000 ", $-   , $-   ,,1 yr 0 mth ,Cancer Research,Cancer-Cancer Drug Development and Therapeutics; Cancer-Mechanisms of Carcinogenesis,4/1/2023,2024-03-31,0,"CRISPR, genes, carcinomas"
"Reid, Gregor",University of British Columbia,British Columbia,Project Grant,201709PJT,Cancer Biology & Therapeutics 2,Identifying infection-induced determinants of paediatric acute lymphoblastic leukaemia progression,"$688,500 ", $-   , $-   ,,5 yrs 0 mth ,Cancer Research,"Cancer-Cancer Progression and Metastasis; Immunology and Infection-Transplantation, Immune Tolerance and Tumor Immunology; Health Determinants-Etiology of Disease and Conditions",4/1/2018,2023-03-31,0,"infection, lymphoblastic leukaemia, paediatric"
"Berman, Jason N",Children's Hospital of Eastern Ontario Research Institute Inc,Ontario,Project Grant,202209PJT,Cancer Progression & Therapeutics,Identifying novel strategies for leukemia prevention using zebrafish models of dnajc21-mutant Shwachman Diamond syndrome,"$910,350 ", $-   , $-   ,,5 yrs 0 mth ,Cancer Research,Cancer-Pediatric Cancer,4/1/2023,2028-03-31,0,"leukemia, zebrafish, dnajc21"
"Mallette, Frederick A",CIUSSS Est-de-l'Ile-de- Montreal-Maisonneuve Rosemont,Quebec,Project Grant - Priority Announcement: Pediatric Cancer Research,202309PDI,Cancer Progression & Therapeutics 2,Identifying novel therapeutic vulnerabilities in pediatric acute megakaryoblastic leukemia,"$100,000 ", $-   , $-   ,,1 yr 0 mth ,Cancer Research,Cancer-Mechanisms of Carcinogenesis; Cancer-Pediatric Cancer; Cancer-Cancer Drug Development and Therapeutics,3/1/2024,2025-02-28,0,"therapeutic vulnerabilities, pediatric leukemia, megakaryoblastic"
"Ciampi, Antonio",McGill University,Quebec,Operating Grant : Adv Theoretical Meth Innov Hlth Res-Longitudinal Studies Aging,201110TO1,Operating Grant: Innovations in Health Research,Identifying states and courses of a mental disorder from longitudinal data: Delirium as an example,"$190,662 ","$3,000 ", $-   ,,2 yrs 0 mth ,Population and Public Health,BIOSTATISTICS; EPIDEMIOLOGY; MENTAL HEALTH; HEALTH RESEARCH,2/1/2012,2014-01-31,0,"mental disorder, longitudinal data, delirium"
"Pearson, Joel",University of Manitoba,Manitoba,Project Grant,202309PJT,Cancer Progression & Therapeutics 2,Identifying strategies to therapeutically target the unique epigenetic landscape of small cell lung cancer,"$983,025 ", $-   , $-   ,,5 yrs 0 mth ,Cancer Research,0,3/1/2024,2025-02-28,0,"epigenetic, small cell lung cancer, targeting"
"Muller, William J",McGill University,Quebec,Project Grant - PA: Breast Cancer Research,202303PLL,Cancer Progression & Therapeutics,Identifying the molecular and environmental factors involved in promoting escape from breast cancer dormancy.,"$100,000 ", $-   , $-   ,,1 yr 0 mth ,Cancer Research,Cancer-Cancer Progression and Metastasis,4/1/2024,2029-03-31,0,"breast cancer, dormancy, molecular factors"
"Siegel, Peter M",McGill University,Quebec,Project Grant,202010PJT,Cancer Progression & Therapeutics 2,Identifying tumor-derived and microenvironmental factors that drive invasive growth of brain metastases,"$1,032,750 ", $-   , $-   ,,5 yrs 0 mth ,Cancer Research,Cancer-Cancer Progression and Metastasis,4/1/2021,2026-03-31,0,"tumor, microenvironment, metastases"
"MacIntosh, Bradley J","Sunnybrook Research Institute (Toronto, Ontario)",Ontario,Project Grant,201903PJT,Medical Physics & Imaging,Identifying vascular targets to treat cerebral small vessel disease,"$665,550 ", $-   , $-   ,,5 yrs 0 mth ,Aging,"Cardiovascular, Respiratory and Circulatory Systems-Cerebrovascular Sciences (including stroke); Neurosciences-Neurodegeneration",10/1/2019,2024-09-30,0,"vascular, targets, vessel disease"
"Salcudean, Septimiu E",University of British Columbia,British Columbia,Operating Grant,201503MOP,Medical Physics & Imaging,Image guidance for radical prostatectomy,"$667,966 ", $-   , $-   ,,5 yrs 0 mth ,Cancer Research,"PROSTATE AND BLADDER CANCER THERAPY; PROSTATE AND BLADDER CANCER; IMAGING; RENAL FUNCTION, NEPHROLOGY, UROLOGY",7/1/2015,2020-06-30,3,"Image guidance, prostatectomy"
"Collins, Donald L",McGill University,Quebec,Operating Grant: Fall 2008 Priority Announcement (IMHA),200809MUS,Biomedical Engineering,Image guided neurosurgery,"$100,000 ", $-   , $-   ,,1 yr 0 mth ,"Neurosciences, Mental Health and Addiction",MUSCULO SKELETAL; SPINAL CORD DISEASE; NERVOUS SYSTEM; IMAGING,1/1/2009,2009-12-31,0,"Image, neurosurgery"
"Collins, Donald L",McGill University,Quebec,Operating Grant,200903MOP,Biomedical Engineering,Image guided neurosurgery: Improving guidance during spinal surgery.,"$503,702 ", $-   , $-   ,,3 yrs 0 mth ,Musculoskeletal Health and Arthritis,MUSCULO SKELETAL; SPINAL CORD DISEASE; NERVOUS SYSTEM; IMAGING,10/1/2009,2012-09-30,0,"Image, neurosurgery, guidance"
"Kadoury, Samuel",Polytechnique Montreal,Quebec,Operating Grant,201503MOP,Medical Physics & Imaging,Image-guided device interventions for arterial therapies in liver cancer,"$334,419 ", $-   , $-   ,,3 yrs 0 mth ,Cancer Research,LIVER DISEASE; IMAGING; CANCER,7/1/2015,2018-06-30,1,"image-guided, device, liver cancer"
"Peters, Terence M",Western University (Ontario),Ontario,Operating Grant,201109MOP,Medical Physics & Imaging,Image-guided Mitral Valve Repair,"$711,980 ", $-   , $-   ,,5 yrs 0 mth ,Circulatory and Respiratory Health,CARDIOLOGY; IMAGING,4/1/2012,2017-03-31,0,"Image-guided, Mitral Valve, Repair"
"Kadoury, Samuel",Polytechnique Montreal,Quebec,Collaborative Health Research Projects (NSERC partnered),201711CPG,Collaborative Health Research Projects - NSERC Partnered,Image-Guided Molecular Optical Spectroscopy for Tumor-Targeted Prostate Cancer Interventions,"$201,422 ","$71,937 ", $-   ,,3 yrs 0 mth ,Cancer Research,PROSTATE AND BLADDER CANCER; IMAGING; CANCER,4/1/2018,2021-03-31,0,"Image-Guided, Molecular, Spectroscopy"
"Yee, Albert J",University of Toronto,Ontario,Collaborative Health Research Projects (NSERC partnered),201510CPG,Collaborative Health Research Projects - NSERC Partnered,"Image-guided Radiofrequency Ablation (RFA) - Development, Validation, and Integration of Multimodality Treatment Planning for Vertebral Tumors","$165,000 ", $-   , $-   ,,3 yrs 0 mth ,Cancer Research,"MULTIDISCIPLINARY; BONE CANCER; CANCER; MUSCLE, BONE, OR JOINT",4/1/2016,2019-03-31,0,"Image-guided, Radiofrequency Ablation, Tumors"
"Wilman, Alan H",University of Alberta,Alberta,Operating Grant,201403MOP,Medical Physics & Imaging,"Imaging Brain Iron in Multiple Sclerosis: Development, Validation and Clinical Implementation","$678,786 ", $-   , $-   ,,5 yrs 0 mth ,"Neurosciences, Mental Health and Addiction",MULTIPLE SCLEROSIS; IMAGING,10/1/2014,2019-09-30,0,"Brain imaging, Iron detection, Multiple sclerosis"
"Kubes, Paul",University of Calgary,Alberta,Operating Grant: COVID-19 Rapid Research Funding Opportunity - Therapeutics,202005VR3,COVID-19 Rapid Research - Therapeutics,Imaging COVID-19 Lungs to Uncover Therapies,"$1,271,404 ", $-   , $-   ,,1 yr 0 mth ,Infection and Immunity,INFECTIOUS AND PARASITIC; VIRAL; IMAGING; IMMUNOLOGY-TRANSPLANTATION,6/1/2020,2021-05-31,0,"Imaging, COVID-19, Lungs"
"Thompson, Richard B",University of Alberta,Alberta,Operating Grant,201403MOP,Medical Physics & Imaging,Imaging Diffuse Fibrosis in Acute Myocardial Infarction,"$462,429 ", $-   , $-   ,,4 yrs 0 mth ,Circulatory and Respiratory Health,CARDIOLOGY; MULTIDISCIPLINARY; IMAGING; CARDIOVASCULAR,7/1/2014,2018-06-30,0,"Imaging, Fibrosis, Myocardial Infarction"
"Lepage, Martin",Universite de Sherbrooke,Quebec,Operating Grant,201203MOP,Medical Physics & Imaging,Imaging important steps in the formation of brain metastases,"$582,717 ", $-   , $-   ,,5 yrs 0 mth ,Cancer Research,NEOPLASMS; BRAIN TUMORS (INCL. RETINAL TUMORS); CANCER,10/1/2012,2017-09-30,0,"imaging, brain metastases, formation"
"Cunningham, Charles H","Sunnybrook Research Institute (Toronto, Ontario)",Ontario,Project Grant,202303PJT,Medical Physics & Imaging,Imaging Lactate Production and Consumption in the Human Brain,"$875,925 ", $-   , $-   ,,4 yrs 0 mth ,Cancer Research,Biomedical Engineering-Biomedical Imaging; Cancer-Cancer Progression and Metastasis; Neurosciences-Neurodegeneration,10/1/2023,2027-09-30,0,"Imaging, Lactate, Brain"
"Rauscher, Alexander",University of British Columbia,British Columbia,Project Grant,201903PJT,Medical Physics & Imaging,Imaging markers for tissue damage and disease progression in MS,"$707,626 ", $-   , $-   ,,5 yrs 0 mth ,"Neurosciences, Mental Health and Addiction",Biomedical Engineering-Biomedical Imaging; Neurosciences-Neurological disorders; Immunology and Infection-Immunology and Autoimmune Diseases (including rheumatology),10/1/2019,2024-09-30,0,"imaging, markers, tissue damage"
"Stefanovic, Bojana","Sunnybrook Research Institute (Toronto, Ontario)",Ontario,Project Grant,202309PJT,Medical Physics & Imaging,Imaging metrics of neuronal stochasticity and brain resilience,"$975,375 ", $-   , $-   ,,5 yrs 0 mth ,"Neurosciences, Mental Health and Addiction",Biomedical Engineering-Biomedical Imaging,4/1/2024,2029-03-31,0,"Imaging, neuronal, resilience"
"Thompson, Richard B",University of Alberta,Alberta,Project Grant,202403PJT,Medical Physics & Imaging,Imaging of Long Term Tissue Damage from COVID-19 and Cardiometabolic Disease,"$887,400 ", $-   , $-   ,,5 yrs 0 mth ,Circulatory and Respiratory Health,Biomedical Engineering-Biomedical Imaging; Musculoskeletal Health-Skeletal Muscle Biology and Physiology,10/1/2024,2029-09-30,0,"Imaging, Tissue Damage, COVID-19"
"Frayne, Richard",University of Calgary,Alberta,Operating Grant,201003MOP,Medical Physics & Imaging,Imaging of Small Vessel Disease in Dementia,"$815,081 ", $-   , $-   ,,5 yrs 0 mth ,Circulatory and Respiratory Health,"STROKE, HEART FAILURE; ALZHEIMER'S DISEASE; CARDIOVASCULAR; AGING",10/1/2010,2015-06-30,0,"Imaging, Small Vessel Disease, Dementia"
"Lepage, Martin",Universite de Sherbrooke,Quebec,Project Grant,202109PJT,Medical Physics & Imaging,Imaging the contribution of early cerebrovascular inflammation in Alzheimer's disease,"$1,002,150 ", $-   , $-   ,,5 yrs 0 mth ,"Neurosciences, Mental Health and Addiction",Neurosciences-Neuroinflammation,4/1/2022,2027-03-31,0,"imaging, cerebrovascular, Alzheimer's"
"Thompson, Richard B",University of Alberta,Alberta,Operating Grant,201003MOP,Medical Physics & Imaging,Imaging the Mechanisms of Diastolic Dysfunction and its Role in Cardiovascular Performance,"$281,098 ", $-   , $-   ,,3 yrs 0 mth ,Circulatory and Respiratory Health,CARDIOLOGY; MULTIDISCIPLINARY; IMAGING; CARDIOVASCULAR,10/1/2010,2013-09-30,1,"Imaging, Diastolic Dysfunction, Cardiovascular"
"Wilson, David R",University of British Columbia,British Columbia,Operating Grant,201003MOP,Biomedical Engineering,Imaging-based assessments of knee mechanics,"$676,920 ", $-   , $-   ,,5 yrs 0 mth ,Musculoskeletal Health and Arthritis,"ARTHRITIS/OSTEOARTHRITIS; MUSCULO SKELETAL; MUSCLE, BONE, OR JOINT; IMAGING",10/1/2010,2015-09-30,2,"Imaging, knee, mechanics"
"Jolicoeur, Marc E",Montreal Heart Institute,Quebec,Operating Grant: Industry-partnered Collaborative Research,201303IPR,Industry Partnered Collaborative Research,Immediate vs. Delayed Stenting after Primary Percutaneous Reperfusion in ST Elevation Myocardial Infarction,"$211,072 ", $-   , $-   ,,3 yrs 0 mth ,Circulatory and Respiratory Health,CARDIOLOGY; CARDIOVASCULAR,10/1/2013,2016-09-30,0,"stenting, reperfusion, myocardial infarction"
"Pantophlet, Ralph A","Simon Fraser University (Burnaby, B.C.)",British Columbia,Vaccines of the 21st Century,200903CVC,Catalyst Grant: Vaccines of the 21st Century,Immunogen design to elicit broadly neutralizing antibodies to influenza,"$99,242 ", $-   , $-   ,,1 yr 0 mth ,Infection and Immunity,INFECTIOUS AND PARASITIC; VIRAL; VIROLOGY; MOLECULAR BIOLOGY,10/1/2009,2010-09-30,0,"Immunogen, neutralizing antibodies, influenza"
"Holt, Rob",University of British Columbia,British Columbia,Vaccines of the 21st Century,200903CVC,Catalyst Grant: Vaccines of the 21st Century,Immunogenicity and HLA restriction of kinase mutations in colorectal adenoma and carcinoma patients,"$100,000 ", $-   , $-   ,,1 yr 0 mth ,Infection and Immunity,GASTRO-INTESTINAL CANCER; CANCER,10/1/2009,2010-09-30,0,"Immunogenicity, HLA, kinase mutations"
"Cottrell, Tricia","Queen's University (Kingston, Ontario)",Ontario,Project Grant,202010PJT,Cancer Biology & Therapeutics,Immunophenotyping Malignant Pleural Mesothelioma: Identifying Predictive and Prognostic Biomarkers for Combinatorial Immunotherapy,"$872,865 ", $-   , $-   ,,5 yrs 0 mth ,Cancer Research,Cancer-Clinical Oncology,4/1/2021,2026-03-31,0,"Immunophenotyping, Mesothelioma, Biomarkers"
"Rafei, Moutih",Universite de Montreal,Quebec,Project Grant,202209PJT,Cancer Biology & Therapeutics,Immunoproteasome-expressing mesenchymal stromal cells: a new tool for cancer vaccination,"$956,250 ", $-   , $-   ,,5 yrs 0 mth ,Cancer Research,"Immunology and Infection-Transplantation, Immune Tolerance and Tumor Immunology",4/1/2023,2028-03-31,1,"immunoproteasome, mesenchymal stromal cells, cancer vaccination"
"Stein, Lincoln","Ontario Institute for Cancer Research (Toronto, Ontario)",Ontario,Project Grant,202003PJT,Cancer Biology & Therapeutics,Immunotherapeutic Targeting of the U1 snRNA Mutation in Cancer,"$1,013,626 ", $-   , $-   ,,5 yrs 0 mth ,Cancer Research,Cancer-Cancer Drug Development and Therapeutics; Cancer-Mechanisms of Carcinogenesis,10/1/2020,2025-09-30,0,"Immunotherapy, U1 snRNA, Cancer"
"Notta, Faiyaz",University Health Network (Toronto),Ontario,Project Grant,202010PJT,Cancer Progression & Therapeutics 2,Impact of copy number imbalances in mutant KRAS on pancreatic cancer chemoresistance and metastases,"$765,000 ", $-   , $-   ,,5 yrs 0 mth ,Cancer Research,Cancer-Cancer Progression and Metastasis,4/1/2021,2026-03-31,0,"KRAS, chemoresistance, pancreatic cancer"
"Quail, Daniela",McGill University,Quebec,Project Grant,201803PJT,Cancer Biology & Therapeutics,Impact of obesity-associated inflammation on breast cancer progression,"$944,776 ", $-   , $-   ,,5 yrs 0 mth ,Cancer Research,"Cancer-Cancer Progression and Metastasis; Immunology and Infection-Transplantation, Immune Tolerance and Tumor Immunology",10/1/2018,2023-09-30,0,"obesity, inflammation, breast cancer"
"Harvey, Edward J",McGill University,Quebec,Collaborative Health Research Projects (NSERC partnered),201310CPG,Collaborative Health Research Projects - NSERC Partnered,IMPLANTABLE MICRO-DEVICE to MONITOR MUSCLE COMPARTMENT PRESSURE in TRAUMA VICTIMS,"$180,569 ", $-   , $-   ,,3 yrs 0 mth ,Musculoskeletal Health and Arthritis,"HEALTH CARE DELIVERY; MUSCULO SKELETAL; HEALTH RESEARCH; MUSCLE, BONE, OR JOINT",4/1/2014,2017-03-31,2,"implantable, micro-device, pressure"
"Kassouf, Wassim",Research Institute of the McGill University Health Centre,Quebec,Project Grant,201909PJT,Cancer Biology & Therapeutics,Implication of neutrophil extracellular traps in the efficacy of bladder-sparing therapy in muscle invasive bladder cancer,"$902,700 ", $-   , $-   ,,5 yrs 0 mth ,Cancer Research,Cancer-Cancer Drug Development and Therapeutics,4/1/2020,2025-03-31,0,"neutrophil extracellular traps, bladder-sparing, bladder cancer"
"Whyne, Cari M","Sunnybrook Research Institute (Toronto, Ontario)",Ontario,Operating Grant,201209MOP,Biomedical Engineering,Implications of pathologic changes to bone material properties on the skeletal stability of the metastatic spine,"$720,465 ", $-   , $-   ,,5 yrs 0 mth ,Cancer Research,"BONE CANCER; MUSCULO SKELETAL; CANCER; MUSCLE, BONE, OR JOINT",4/1/2013,2018-03-31,0,"bone, metastasis, stability"
"Whyne, Cari M","Sunnybrook Research Institute (Toronto, Ontario)",Ontario,Operating Grant - Priority Announcement: Breast Cancer,201203COP,Biomedical Engineering,Implications of pathologic changes to bone material properties on the skeletal stability of the metastatic spine,"$100,000 ", $-   , $-   ,,1 yr 0 mth ,Cancer Research,"BONE CANCER; MUSCULO SKELETAL; CANCER; MUSCLE, BONE, OR JOINT",10/1/2012,2013-09-30,0,"bone, metastasis, stability"
"Rahmim, Arman",University of British Columbia,British Columbia,Project Grant,202003PJT,Medical Physics & Imaging,Improved Assessment of Disease in Lymphoma Patients using Quantitative PET Imaging,"$898,876 ", $-   , $-   ,,5 yrs 0 mth ,Cancer Research,Biomedical Engineering-Biomedical Imaging; Cancer-Cancer Progression and Metastasis; Artificial Intelligence-Machine Learning,10/1/2020,2025-09-30,0,"Lymphoma, PET imaging, Quantitative"
"Walker, Gilbert C",University of Toronto,Ontario,Collaborative Health Research Projects (NSERC partnered),201310CPG,Collaborative Health Research Projects - NSERC Partnered,Improved Diagnosis of Leukemia Using Highly Multiplexed Surface Enhanced Raman Scattering Nanoparticles,"$100,000 ", $-   , $-   ,,2 yrs 0 mth ,Cancer Research,LEUKAEMIAS; BLOOD; CANCER; IMAGING,4/1/2014,2016-03-31,0,"Leukemia, Surface Enhanced Raman Scattering, Nanoparticles"
"Withers, Stephen G",University of British Columbia,British Columbia,Collaborative Health Research Projects (NSERC partnered),201910CPG,Collaborative Health Research Projects - NSERC Partnered,Improved organ transplant across the ABO barrier through enzymatic removal of antigens,"$431,290 ", $-   , $-   ,,3 yrs 0 mth ,Circulatory and Respiratory Health,RESPIRATION; CORONARY CIRCULATION (INCL. INSUFFICIENCY); IMMUNOLOGY-TRANSPLANTATION; BIOCHEMISTRY,4/1/2020,2023-03-31,3,"organ transplant, enzymatic removal, antigens"
"Harrigan, Richard P",University of British Columbia,British Columbia,Operating Grant: Industry-partnered Collaborative Research - Rx&D partner,200809IRO,Industry Partnered Collaborative Research,Improved Screening Methods for CCR5-Antagonists Use by Ultra Deep Sequencing and Quantitative Population-Based Sequencing Techniques: Analyzes of the Phase III Human Clinical Trials of Maraviroc (08-09).,"$690,659 ", $-   , $-   ,,3 yrs 0 mth ,Infection and Immunity,"AIDS; EPIDEMIOLOGY; VIROLOGY; GENOMICS, PROTEOMICS, AND BIOINFORMATICS",4/1/2009,2012-03-31,1,"CCR5, sequencing, Maraviroc"
"Jaffray, David A",University Health Network (Toronto),Ontario,Operating Grant,201303MOP,Medical Physics & Imaging,Improved treatment of cervical cancer through heat-activated delivery of chemo-radiosensitizing agents in combination with radiotherapy,"$328,486 ", $-   , $-   ,,3 yrs 0 mth ,Cancer Research,CANCER THERAPY GENERAL; CANCER,10/1/2013,2016-09-30,0,"cervical cancer, heat-activated, chemo-radiosensitizing"
"Pardee, Keith I",University of Toronto,Ontario,Project Grant,202403PJT,Biomedical Engineering 2,"Improving Access to Diagnostics: The Development of Deployable, Low-Burden Hand-Held Testing for Infectious Disease and Health Biomarkers.","$952,424 ", $-   , $-   ,,4 yrs 0 mth ,Infection and Immunity,"Biomedical Engineering-Biophysics, Medical Technologies and Instrumentation; Molecular, Cellular and Systems Biology-Molecular Biology",10/1/2024,2028-09-30,0,"Diagnostics, Hand-Held Testing, Infectious Disease"
"Zheng, Gang",University Health Network (Toronto),Ontario,Operating Grant,201309MOP,Cancer Progression & Therapeutics 2,Improving cure rate of early stage lung cancer with personalized nanomedicine,"$695,400 ", $-   , $-   ,,5 yrs 0 mth ,Cancer Research,LUNG CANCER THERAPY; MULTIDISCIPLINARY; CANCER,4/1/2014,2017-06-30,3,"lung cancer, nanomedicine, cure rate"
"Spaner, David E","Sunnybrook Research Institute (Toronto, Ontario)",Ontario,Operating Grant,201303MOP,Cancer Progression & Therapeutics,Improving Glucocorticoid Therapy in Leukemia,"$377,124 ", $-   , $-   ,,3 yrs 0 mth ,Cancer Research,CANCER THERAPY GENERAL; LEUKAEMIAS; CANCER; DRUG RESEARCH,10/1/2013,2016-09-30,0,"Glucocorticoid, Leukemia"
"Arcand, JoAnne",Ontario Tech University,Ontario,Catalyst Grant: Personalized Health Catalyst Grants,201706PCG,Personalized Health - novel e-health applications,Improving heart failure outcomes through apps that support self-management and adherence,"$146,368 ", $-   , $-   ,,2 yrs 0 mth ,"Nutrition, Metabolism and Diabetes","STROKE, HEART FAILURE; HEALTH PROMOTION; CARDIOVASCULAR; NUTRITION",9/1/2017,2019-08-31,0,"heart failure, self-management, adherence"
"Yasufuku, Kazuhiro",University Health Network (Toronto),Ontario,Project Grant,201709PJT,Cancer Progression & Therapeutics 2,Improving lung cancer patient bronchoscopy efficiency through a novel pairing of biosensors with EBUS-TBNA,"$688,500 ", $-   , $-   ,,5 yrs 0 mth ,Cancer Research,"Cancer-Cancer Progression and Metastasis; Cancer-Clinical Oncology; Cardiovascular, Respiratory and Circulatory Systems-Clinical and Translational Cardiovascular Sciences",4/1/2018,2023-03-31,1,"lung, biosensors, EBUS-TBNA"
"St. Lawrence, Keith S",London Health Sciences Centre Res. Inc. (Ont.),Ontario,Operating Grant,201303MOP,Medical Physics & Imaging,Improving neurological outcome of intensive care by bedside monitoring of cerebral perfusion,"$459,168 ", $-   , $-   ,,4 yrs 0 mth ,Circulatory and Respiratory Health,"STROKE, HEART FAILURE; NONE OF THE ABOVE; IMAGING; NERVOUS SYSTEM",10/1/2013,2018-03-31,0,"neurological, perfusion, monitoring"
"Purdie, Thomas G",University of Toronto,Ontario,Collaborative Health Research Projects (NSERC partnered),201210CPG,Collaborative Health Research Projects - NSERC Partnered,Improving Quality and Patient Safety in Radiation Therapy by Integrating Multi-Disciplinary Criteria into an Artificial Intelligence System,"$325,530 ", $-   , $-   ,,3 yrs 0 mth ,Cancer Research,CANCER THERAPY GENERAL; CANCER; BIOPHYSICS,4/1/2013,2016-03-31,1,"Radiation Therapy, Artificial Intelligence, Patient Safety"
"Dutta, Tilak",University Health Network (Toronto),Ontario,Project Grant,202309PJT,Biomedical Engineering,Improving Repositioning Adherence in Home Care: Supporting Pressure Injury Care and Prevention,"$623,476 ", $-   , $-   ,,4 yrs 0 mth ,Aging,"Biomedical Engineering-Biophysics, Medical Technologies and Instrumentation",4/1/2024,2028-03-31,0,"Repositioning, Pressure Injury, Home Care"
"Weersink, Robert A",University Health Network (Toronto),Ontario,Operating Grant,201503MOP,Medical Physics & Imaging,Improving Target Definition in Radiation Therapy Planning by the Spatial Registration of Optical Endoscopy Imaging with Volumetric Imaging,"$280,582 ", $-   , $-   ,,3 yrs 0 mth ,Cancer Research,CANCER THERAPY GENERAL; GASTRO-INTESTINAL CANCER THERAPY; CANCER; IMAGING,7/1/2015,2018-06-30,0,"Radiation Therapy, Optical Endoscopy, Volumetric Imaging"
"Lesage, Frederic",Polytechnique Montreal,Quebec,Collaborative Health Research Projects (NSERC partnered),201711CPG,Collaborative Health Research Projects - NSERC Partnered,Improving the identification of retinal biomarkers of Alzheimer disease in vivo,"$237,423 ","$22,613 ", $-   ,,3 yrs 0 mth ,Aging,ALZHEIMER'S DISEASE; AGING; IMAGING,4/1/2018,2021-03-31,0,"retinal biomarkers, Alzheimer, in vivo"
"Meunier, Michel",Polytechnique Montreal,Quebec,Collaborative Health Research Projects (NSERC partnered),201711CPG,Collaborative Health Research Projects - NSERC Partnered,Improving the reliability of cytology diagnosis with immunoplasmonic multiplex labeling.,"$301,500 ", $-   , $-   ,,3 yrs 0 mth ,Cancer Research,MULTIDISCIPLINARY; CANCER; IMAGING,4/1/2018,2021-03-31,0,"cytology, immunoplasmonic, multiplex labeling"
"Miller, Robert John D",University of Toronto,Ontario,"Catalyst Grant: Invention and High-Risk, High-Benefit Research",200902NHG,"Inventions, Technologies, or High Risk Grants",Impulsive Heat desorption of the single cell - towards a full protein content determination,"$89,450 ", $-   , $-   ,,1 yr 0 mth ,Genetics,NONE OF THE ABOVE; BIOPHYSICS; IMAGING,2/1/2009,2010-01-31,0,"Heat desorption, protein content, single cell"
"Schramek, Daniel",Sinai Health System (Toronto),Ontario,Project Grant,202003PJT,Cancer Biology & Therapeutics 2,In vivo CRISPR screen to identify clinically relevant therapeutic targets for lung cancer,"$1,071,000 ", $-   , $-   ,,5 yrs 0 mth ,Cancer Research,Cancer-Cancer Drug Development and Therapeutics,10/1/2020,2025-09-30,0,"CRISPR, lung cancer, targets"
"Foster, Paula J",Western University (Ontario),Ontario,Operating Grant,201303MOP,Cancer Progression & Therapeutics,In Vivo Investigation of Mechanisms of Brain Metastasis and Metastatic Recurrence,"$381,453 ", $-   , $-   ,,3 yrs 0 mth ,Cancer Research,BREAST CANCER; BRAIN TUMORS (INCL. RETINAL TUMORS); CANCER; IMAGING,10/1/2013,2016-09-30,0,"brain, metastasis, recurrence"
"Rennie, Paul S",University of British Columbia,British Columbia,Operating Grant,201009MOP,Cancer Progression & Therapeutics 2,In Vivo siRNA Knockdown of Androgen Receptors to Treat Advanced Prostate Cancer,"$685,781 ", $-   , $-   ,,5 yrs 0 mth ,Cancer Research,ENDOCRINOLOGY; PROSTATE AND BLADDER CANCER; CANCER,4/1/2011,2016-03-31,4,"siRNA, androgen receptors, prostate cancer"
"Vanderhyden, Barbara C",Ottawa Hospital Research Institute,Ontario,Project Grant,202209PJT,Cancer Biology & Therapeutics,Increasing anti-tumoral responses to ovarian cancer using engineered viruses,"$906,525 ", $-   , $-   ,,5 yrs 0 mth ,Cancer Research,"Cancer-Cancer Drug Development and Therapeutics; Immunology and Infection-Antiviral Drug Resistance, Viral Vaccine Development and Therapeutics (including vaccines); Immunology and Infection-Transplantation, Immune Tolerance and Tumor Immunology",4/1/2023,2028-03-31,0,"anti-tumoral, engineered viruses, ovarian cancer"
"Sicheri, Frank",Sinai Health System (Toronto),Ontario,Project Grant,202109PJT,Cancer Progression & Therapeutics 2,Induced proximity therapeutics for the difficult-to-drug RAS and RAF oncoproteins,"$1,300,882 ", $-   , $-   ,,5 yrs 0 mth ,Cancer Research,"Cancer-Cancer Drug Development and Therapeutics; Molecular, Cellular and Systems Biology-Biochemistry; Molecular, Cellular and Systems Biology-Structure and Function of Macromolecules",4/1/2022,2027-03-31,0,"induced proximity, RAS, RAF"
"Koropatnick, James",London Health Sciences Centre Res. Inc. (Ont.),Ontario,Project Grant,201709PJT,Cancer Biology & Therapeutics,Inducing Mismatch Repair Deficiency in Cancer Cells for Therapeutic Benefit,"$983,025 ", $-   , $-   ,,5 yrs 0 mth ,Cancer Research,"Cancer-Cancer Drug Development and Therapeutics; Immunology and Infection-Immunology and Autoimmune Diseases (including rheumatology); Pharmacological, Toxicological and Pharmaceutical Sciences-Drug Discovery, Design and Delivery",4/1/2018,2023-03-31,0,"Mismatch repair, cancer cells, deficiency"
"Ursini-Siegel, Giuseppina",CIUSSS de Centre-Ouest-de-l'Ile-de-Montreal-Jewish General,Quebec,Project Grant - PA: Breast Cancer Research,202109PLL,Cancer Progression & Therapeutics,Inducing oxidative stress as a mechanism to increase the clinical impact of complex I inhibitors in treating aggressive breast cancers.,"$100,000 ", $-   , $-   ,,1 yr 0 mth ,Cancer Research,Cancer-Cancer Drug Development and Therapeutics; Cancer-Cancer Progression and Metastasis,3/1/2022,2023-02-28,0,"oxidative stress, complex I inhibitors, breast cancers"
"Cloutier, Guy",Centre hospitalier de l'Universite de Montreal (CHUM),Quebec,Project Grant,202303PJT,Medical Physics & Imaging,"Inflammatory phenotype, senescence, and viscoelasticity imaging of macrophages in HIV","$726,750 ", $-   , $-   ,,5 yrs 0 mth ,Aging,"Biomedical Engineering-Biomedical Imaging; Biomedical Engineering-Biophysics, Medical Technologies and Instrumentation",10/1/2023,2028-09-30,0,"inflammatory, senescence, macrophages"
"Allan, Alison L",Western University (Ontario),Ontario,Project Grant,202010PJT,Cancer Progression & Therapeutics 2,Influence of breast cancer-derived extracellular vesicles (BCEVs) on lung metastasis of triple negative breast cancer,"$872,100 ", $-   , $-   ,,5 yrs 0 mth ,Cancer Research,"Cancer-Cancer Progression and Metastasis; Molecular, Cellular and Systems Biology-Cell Biology and Physiology; Molecular, Cellular and Systems Biology-Biochemistry",4/1/2021,2026-03-31,0,"extracellular vesicles, breast cancer, metastasis"
"Milot, Eric",CIUSSS Est-de-l'Ile-de- Montreal-Maisonneuve Rosemont,Quebec,Project Grant,202109PJT,Cancer Biology & Therapeutics,Influence of Ikaros on treatment response in Acute Lymphoblastic Leukemia,"$868,275 ", $-   , $-   ,,5 yrs 0 mth ,Cancer Research,"Cancer-Mechanisms of Carcinogenesis; Genetics-Genomics, Transcriptomics and Proteomics; Molecular, Cellular and Systems Biology-Molecular Biology",4/1/2022,2027-03-31,0,"Ikaros, Acute Lymphoblastic Leukemia, response"
"Tsang, Teresa S",University of British Columbia,British Columbia,Collaborative Health Research Projects (NSERC partnered),201510CPG,Collaborative Health Research Projects - NSERC Partnered,INformation FUSion for Echocardiography (INFUSE): A Novel Platform for Automatic Analysis of Echocardiography Data at Any Point-Of-Care,"$327,819 ", $-   , $-   ,,3 yrs 0 mth ,Circulatory and Respiratory Health,CARDIOLOGY; HEALTH SERVICES RESEARCH; CARDIOVASCULAR; IMAGING,4/1/2016,2019-03-31,0,"Information, Fusion, Echocardiography"
"Schimmer, Aaron D",University Health Network (Toronto),Ontario,Operating Grant,201209MOP,Cancer Progression & Therapeutics 2,Inhibiting oncogenic kinases to target metabolism in AML,"$714,400 ", $-   , $-   ,,5 yrs 0 mth ,Cancer Research,LEUKAEMIAS; CANCER THERAPY GENERAL; CANCER; BLOOD,4/1/2013,2018-03-31,1,"kinases, metabolism, AML"
"Del Rincon, Sonia V",CIUSSS de Centre-Ouest-de-l'Ile-de-Montreal-Jewish General,Quebec,Project Grant,201809PJT,Cancer Progression & Therapeutics,"Inhibiting the MNK1/2-eIF4E axis, to favor anti-tumor immunity in melanoma.","$761,175 ", $-   , $-   ,,5 yrs 0 mth ,Cancer Research,"Cancer-Cancer Progression and Metastasis; Immunology and Infection-Transplantation, Immune Tolerance and Tumor Immunology",4/1/2019,2024-03-31,0,"MNK1, eIF4E, melanoma"
"Chan, Steven M",University Health Network (Toronto),Ontario,Project Grant,202309PJT,Cancer Biology & Therapeutics 2,Inhibiting Thrombopoietin Receptor (TPO-R) Signaling as a Novel Approach to Target TET2 Mutation-Driven Clonal Hematopoiesis,"$409,276 ", $-   , $-   ,,3 yrs 0 mth ,Cancer Research,Cancer-Cancer Progression and Metastasis; Cancer-Mechanisms of Carcinogenesis; Cancer-Cancer Drug Development and Therapeutics,4/1/2024,2027-03-31,0,"Thrombopoietin, TPO-R, TET2"
"Chan, Steven M",University Health Network (Toronto),Ontario,Project Grant - Priority Announcement: Early Detection/Cancer Prevention,202303DCP,Cancer Progression & Therapeutics,Inhibiting Thrombopoietin Receptor (TPO-R) Signaling as a Novel Approach to Target TET2 Mutation-Driven Clonal Hematopoiesis,"$100,000 ", $-   , $-   ,,1 yr 0 mth ,Cancer Research,Cancer-Cancer Progression and Metastasis; Cancer-Mechanisms of Carcinogenesis; Cancer-Cancer Drug Development and Therapeutics,4/1/2024,2027-03-31,0,"Thrombopoietin, TPO-R, TET2"
"O'Brien, Catherine A",University Health Network (Toronto),Ontario,Project Grant - Priority Announcement: Cancer Research,202209PJS,Cancer Biology & Therapeutics,Inhibition of CBP/p300 bromodomain activity increases chemosensitivity of p53 mutant colorectal cancers through inhibiting p53 aggregation,"$100,000 ", $-   , $-   ,,1 yr 0 mth ,Cancer Research,Cancer-Cancer Drug Development and Therapeutics,3/1/2023,2024-02-29,0,"CBP, p300, bromodomain"
"Lerouge, Sophie",ecole de technologie superieure (Montreal),Quebec,Collaborative Health Research Projects (NSERC partnered),201610CPG,Collaborative Health Research Projects - NSERC Partnered,Injectable bioactive hydrogel for the regeneration of intervertebral disc,"$298,387 ", $-   , $-   ,,3 yrs 0 mth ,Musculoskeletal Health and Arthritis,"MUSCULO SKELETAL; INJURY, REGENERATION; MUSCLE, BONE, OR JOINT",4/1/2017,2020-03-31,0,"bioactive, hydrogel, intervertebral disc"
"Suuronen, Erik",University of Ottawa,Ontario,Collaborative Health Research Projects (NSERC partnered),201711CPG,Collaborative Health Research Projects - NSERC Partnered,Injectable collagen matrices for cardiac tissue repair,"$417,412 ","$25,000 ", $-   ,,3 yrs 0 mth ,Circulatory and Respiratory Health,"MYOCARDIAL INFARCTION; INJURY, REGENERATION; CARDIOVASCULAR",4/1/2018,2021-03-31,1,"Injectable, collagen, cardiac"
"Radisic, Milica",University of Toronto,Ontario,Operating Grant,201403MOP,Biomedical Engineering,Injectable functional tissues: a perfect marriage of tissue engineering and minimally invasive delivery,"$542,243 ", $-   , $-   ,,4 yrs 0 mth ,Circulatory and Respiratory Health,MYOCARDIAL INFARCTION; MULTIDISCIPLINARY; CARDIOVASCULAR; CELL BIOLOGY,7/1/2014,2018-06-30,8,"injectable, tissue engineering, minimally invasive"
"Dirks, Peter B",Hospital for Sick Children (Toronto),Ontario,Project Grant - Priority Announcement: Pediatric Cancer Research,202303PDI,Cancer Biology & Therapeutics,Injury Reprogramming at the Root of Glioblastoma Initiation and Progression,"$100,000 ", $-   , $-   ,,1 yr 0 mth ,Cancer Research,Cancer-Mechanisms of Carcinogenesis; Cancer-Pediatric Cancer,10/1/2023,2028-09-30,0,"injury, reprogramming, glioblastoma"
"Lerouge, Sophie",ecole de technologie superieure (Montreal),Quebec,Collaborative Health Research Projects (NSERC partnered),201210CPG,Collaborative Health Research Projects - NSERC Partnered,Innovative vascular implants based on electrospinning and bioactive coatings,"$305,350 ", $-   , $-   ,,3 yrs 0 mth ,Circulatory and Respiratory Health,ATHEROSCLEROSIS; CARDIOLOGY; CARDIOVASCULAR,4/1/2013,2016-03-31,2,"vascular, electrospinning, bioactive"
"Eng, Janice J",University of British Columbia,British Columbia,Collaborative Health Research Projects (NSERC partnered),201910CPG,Collaborative Health Research Projects - NSERC Partnered,Instrumented i-GRASP for the assessment and treatment of upper extremity function after neurological injury,"$268,658 ", $-   , $-   ,,3 yrs 0 mth ,"Neurosciences, Mental Health and Addiction","STROKE, HEART FAILURE; NERVOUS SYSTEM; AGING",4/1/2020,2023-03-31,0,"i-GRASP, assessment, neurological injury"
"Diamandis, Eleftherios P",Sinai Health System (Toronto),Ontario,Operating Grant,201209MOP,Cancer Progression & Therapeutics,Integrated Approach to Discover Prostate Cancer Biomarkers in Seminal Plasma,"$417,240 ", $-   , $-   ,,3 yrs 0 mth ,Cancer Research,"PROSTATE AND BLADDER CANCER; CANCER; GENOMICS, PROTEOMICS, AND BIOINFORMATICS",4/1/2013,2016-03-31,1,"Prostate, Biomarkers, Seminal Plasma"
"Zeng, Haishan",University of British Columbia,British Columbia,Operating Grant,201303MOP,Medical Physics & Imaging,Integrated In Vivo Multiphoton Microscopy and Confocal Raman Spectroscopy for Skin Cancer Detection and Evaluation,"$493,204 ", $-   , $-   ,,5 yrs 0 mth ,Cancer Research,SKIN AND SUBCUTANEOUS TISSUS; MULTIDISCIPLINARY; IMAGING; CANCER,10/1/2013,2018-09-30,2,"Multiphoton Microscopy, Raman Spectroscopy, Skin Cancer"
"Lagally, Eric T",University of British Columbia,British Columbia,"Catalyst Grant: Invention and High-Risk, High-Benefit Research",200902NHG,"Inventions, Technologies, or High Risk Grants",Integrated Microsystems for Selecting and Screening Novel Molecular Recognition Reagents,"$73,000 ","$25,000 ", $-   ,,1 yr 0 mth ,Genetics,DRUGS- PHARMACEUTICAL SCIENCE/CHEMISTRY & NON MEDICAL USE OF DRUGS; MULTIPLE DISEASE RELEVANCE; BIOPHYSICS; DRUG RESEARCH,2/1/2009,2010-01-31,1,"microarrays, molecular recognition, screening"
"Coombs, Kevin M",University of Manitoba,Manitoba,Operating Grant: COVID-19 Rapid Research Funding Opportunity - Therapeutics,202005VR3,COVID-19 Rapid Research - Therapeutics,Integrated multi-omic delineation of SARS-CoV-2-dysregulated cellular processes,"$790,162 ", $-   , $-   ,,1 yr 0 mth ,Infection and Immunity,VIRAL; INFECTIOUS AND PARASITIC; VIROLOGY; CELL BIOLOGY,6/1/2020,2021-05-31,0,"multi-omic, SARS-CoV-2, cellular processes"
"Beaulieu, Christian",University of Alberta,Alberta,Operating Grant: Methodological Innovations for Neuroimaging Datasets,201304OMI,Methodological Innovations for Neuroimaging Datasets,Integrated Software for the Assessment of Diffusion Tensor Imaging of Brain Wiring in Alzheimer's Disease and Dementia,"$215,821 ","$3,000 ", $-   ,,3 yrs 0 mth ,Aging,ALZHEIMER'S DISEASE; AGING; IMAGING; NERVOUS SYSTEM,10/1/2013,2016-09-30,0,"Diffusion Tensor Imaging, Brain Wiring, Alzheimer's Disease"
"Lesage, Frederic",Polytechnique Montreal,Quebec,Collaborative Health Research Projects (NSERC partnered),201711CPG,Collaborative Health Research Projects - NSERC Partnered,Integrated time-domain micro-optode to facilitate long-term clinical fNIRS,"$249,000 ", $-   , $-   ,,3 yrs 0 mth ,"Neurosciences, Mental Health and Addiction",EPILEPSY; HEALTH CARE DELIVERY; IMAGING; NERVOUS SYSTEM,4/1/2018,2021-03-31,0,"micro-optode, fNIRS, time-domain"
"Pare, Guillaume",McMaster University,Ontario,Operating Grant: Industry-partnered Collaborative Research,201209IPR,Industry Partnered Collaborative Research,"Integration of clinical, biomarker, and genetic data for prediction of adverse outcomes in diabetes.","$999,330 ", $-   , $-   ,,4 yrs 0 mth ,"Nutrition, Metabolism and Diabetes",DIABETES MELLITUS; METABOLISM/DIABETES; GENETICS,4/1/2013,2017-03-31,3,"clinical, biomarker, genetics"
"Kassouf, Wassim",Research Institute of the McGill University Health Centre,Quebec,Operating Grant,201109MOP,Cancer Progression & Therapeutics,Integration of mTOR-p53 pathway crosstalk and miR-34 family in prognostication and prediction of response to bladder cancer therapy,"$549,872 ", $-   , $-   ,,4 yrs 0 mth ,Cancer Research,PROSTATE AND BLADDER CANCER THERAPY; PROSTATE AND BLADDER CANCER; CANCER,4/1/2012,2016-03-31,0,"mTOR, p53, miR-34"
"Dagnino, Lina",Western University (Ontario),Ontario,Operating Grant,201009MOP,Cancer Biology & Therapeutics,Integrin-linked kinase in epidermal stem cells,"$703,280 ", $-   , $-   ,,5 yrs 0 mth ,Musculoskeletal Health and Arthritis,SKIN AND SUBCUTANEOUS TISSUS; MULTIPLE DISEASE RELEVANCE; CELL BIOLOGY,4/1/2011,2016-03-31,0,"Integrin, kinase, epidermal stem cells"
"Takahata, Kenichi",University of British Columbia,British Columbia,Collaborative Health Research Projects (NSERC partnered),201711CPG,Collaborative Health Research Projects - NSERC Partnered,Intelligent Ureteral Stent System for Prevention of Renal Damage,"$326,860 ","$3,750 ", $-   ,,3 yrs 0 mth ,Infection and Immunity,"GENITO/URINARY SYSTEM; CANCER THERAPY GENERAL; RENAL FUNCTION, NEPHROLOGY, UROLOGY",4/1/2018,2021-03-31,0,"Ureteral stent, Renal damage, Prevention"
"Ben-David, Yaacov","Sunnybrook Research Institute (Toronto, Ontario)",Ontario,Operating Grant,201009MOP,Cancer Progression & Therapeutics 2,Interaction of cancer initiating cells with the tumor microenvironment during leukemogenesis,"$696,385 ", $-   , $-   ,,5 yrs 0 mth ,Cancer Research,LEUKAEMIAS; BLOOD; CANCER,4/1/2011,2016-03-31,0,"cancer cells, tumor microenvironment, leukemogenesis"
"Sonenberg, Nahum",McGill University,Quebec,Operating Grant: COVID-19 Rapid Research Funding Opportunity - Therapeutics,202005VR3,COVID-19 Rapid Research - Therapeutics,INTERCEPTORs: engINeered ThERapeutiC dEfensive Particles TO SARS-CoV-2,"$745,124 ", $-   , $-   ,,1 yr 0 mth ,Infection and Immunity,MULTIDISCIPLINARY; MOLECULAR BIOLOGY; VIROLOGY,6/1/2020,2021-05-31,0,"interceptor, engineered particles, SARS-CoV-2"
"Buttyan, Ralph",University of British Columbia,British Columbia,Project Grant,201709PJT,Cancer Progression & Therapeutics 2,Interference with Gli to Control Castration Resistant Prostate Cancer,"$344,250 ", $-   , $-   ,,3 yrs 0 mth ,Cancer Research,"Cancer-Cancer Drug Development and Therapeutics; Sex-and-Gender Health-Sex Differences in Cells, Tissues and Animals",4/1/2018,2021-03-31,0,"Gli, prostate cancer, interference"
"Masson, Jean-Yves",Universite Laval,Quebec,Operating Grant,201303MOP,Cancer Biology & Therapeutics,Interplay between homologous recombination and anti-recombination activities at broken DNA replication forks and genomic instability,"$514,295 ", $-   , $-   ,,5 yrs 0 mth ,Genetics,CANCER THERAPY GENERAL; BREAST CANCER; BIOCHEMISTRY; MOLECULAR BIOLOGY,10/1/2013,2018-06-30,0,"homologous recombination, DNA replication, genomic instability"
"Bizheva, Kostadinka K",University of Waterloo (Ontario),Ontario,Collaborative Health Research Projects (NSERC partnered),201210CPG,Collaborative Health Research Projects - NSERC Partnered,Intra-operative Optical Coherence Tomography for corneal transplant surgery in Keratoconus,"$314,970 ", $-   , $-   ,,3 yrs 0 mth ,"Neurosciences, Mental Health and Addiction",MULTIDISCIPLINARY; NONE OF THE ABOVE; IMAGING; VISION,4/1/2013,2016-03-31,0,"Optical Coherence Tomography, corneal transplant, Keratoconus"
"Campbell, Robert E",University of Alberta,Alberta,"Catalyst Grant: Invention and High-Risk, High-Benefit Research",200902NHG,"Inventions, Technologies, or High Risk Grants",Intracellular biosensors based on engineered fluorescent proteins: new tools and techniques for imaging the spatiotemporal dynamics of correlated biochemical events in single cells,"$90,600 ", $-   , $-   ,,1 yr 0 mth ,Genetics,CANCER THERAPY GENERAL; BREAST CANCER; BIOCHEMISTRY; IMAGING,2/1/2009,2010-01-31,0,"biosensors, fluorescent proteins, imaging"
"Prisman, Eitan",University of British Columbia,British Columbia,Collaborative Health Research Projects (NSERC partnered),201810CPG,Collaborative Health Research Projects - NSERC Partnered,Intraoperative Surgical Tools for Advanced Reconstruction Workflow to Optimize Outcomes of Head and Neck Cancer Treatment,"$360,914 ","$33,363 ", $-   ,,3 yrs 0 mth ,Cancer Research,DENTAL DISEASE (INCL. ORAL BIOLOGY); MUSCULO SKELETAL; DENTAL SCIENCE - Oral Biology; CANCER,4/1/2019,2022-03-31,0,"surgical tools, reconstruction, head and neck cancer"
"Mushahwar, Vivian",University of Alberta,Alberta,Operating Grant,201303MOP,Biomedical Engineering,Intraspinal Neural Prosthesis for Restoring Function after Spinal Cord Injury,"$661,685 ", $-   , $-   ,,4 yrs 0 mth ,"Neurosciences, Mental Health and Addiction","SPINAL CORD DISEASE; MUSCULO SKELETAL; NERVOUS SYSTEM; MUSCLE, BONE, OR JOINT",10/1/2013,2018-03-31,0,"neural prosthesis, spinal cord, injury"
"Salmena, Leonardo L",University of Toronto,Ontario,Project Grant,202210PJT,Cancer Progression & Therapeutics 2,Investigating a novel phosphoinositide-lysosomal signalling axis for pancreatic cancer therapy,"$100,000 ", $-   , $-   ,,1 yr 0 mth ,Cancer Research,Cancer-Cancer Progression and Metastasis,4/1/2023,2024-03-31,0,"phosphoinositide, lysosomal, pancreatic cancer"
"Hawkins, Cynthia E",Hospital for Sick Children (Toronto),Ontario,Project Grant,202104PJT,Cancer Progression & Therapeutics 2,Investigating diffuse midline glioma evolution and treatment resistance,"$1,051,876 ", $-   , $-   ,,5 yrs 0 mth ,Cancer Research,Cancer-Pediatric Cancer,10/1/2021,2026-09-30,0,"glioma, evolution, resistance"
"Lee, Jong Bok",University of Calgary,Alberta,Project Grant,202309PJT,Cancer Biology & Therapeutics 2,Investigating how double-negative T cells affect anti-leukemic and GvHD-inducing activities of conventional T cells,"$1,013,625 ", $-   , $-   ,,5 yrs 0 mth ,Cancer Research,"Cancer-Cancer Drug Development and Therapeutics; Immunology and Infection-Transplantation, Immune Tolerance and Tumor Immunology",4/1/2024,2029-03-31,0,"double-negative T cells, leukemia, GvHD"
"Salmena, Leonardo L",University of Toronto,Ontario,Project Grant,201803PJT,Cancer Progression & Therapeutics 2,Investigating INPP4B signalling as a target for therapy in leukaemia,"$745,876 ", $-   , $-   ,,5 yrs 0 mth ,Cancer Research,Cancer-Cancer Drug Development and Therapeutics,10/1/2018,2023-09-30,0,"INPP4B, signalling, leukaemia"
"Jones, Russell G",McGill University,Quebec,Project Grant,201709PJT,Cancer Biology & Therapeutics,Investigating LKB1-mediated inflammation as a mediator of tumour progression,"$837,675 ", $-   , $-   ,,5 yrs 0 mth ,Cancer Research,"Cancer-Mechanisms of Carcinogenesis; Cancer-Cancer Progression and Metastasis; Immunology and Infection-Transplantation, Immune Tolerance and Tumor Immunology",4/1/2018,2023-03-31,0,"LKB1, inflammation, tumour progression"
"Jay-Gerin, Jean-Paul",Universite de Sherbrooke,Quebec,Project Grant,202403PJT,Medical Physics & Imaging,Investigating the 'FLASH' effect: Mechanistic studies of the chemical and biological impact of ultra-high dose-rate radiation.,"$983,024 ", $-   , $-   ,,4 yrs 0 mth ,Cancer Research,"Cancer-Cancer Drug Development and Therapeutics; Methods Development and Modelling-Quantitative Methods Development for Health Research; Sex-and-Gender Health-Sex Differences in Cells, Tissues and Animals",10/1/2024,2028-09-30,0,"FLASH, radiation, dose-rate"
"Barakat, Khaled H",University of Alberta,Alberta,Project Grant,202104PJT,Cancer Biology & Therapeutics,Investigating the cell-based activity of a new class of cytotoxic T-lymphocyte antigen-4 (CTLA-4) small molecule inhibitors,"$508,726 ", $-   , $-   ,,5 yrs 0 mth ,Cancer Research,Immunology and Infection-Immunology and Autoimmune Diseases (including rheumatology),10/1/2021,2026-09-30,0,"cytotoxic T-lymphocyte, CTLA-4, small molecule"
"Shrive, Nigel G",University of Calgary,Alberta,"Operating Grant - PA: Musculoskeletal Health, Arthritis, Skin and Oral Health",201109IMH,Biomedical Engineering,Investigating the Mechanisims of Osteoarthritis in an Ovine Model,"$100,000 ", $-   , $-   ,,1 yr 0 mth ,Musculoskeletal Health and Arthritis,"MUSCULO SKELETAL; ARTHRITIS/OSTEOARTHRITIS; MUSCLE, BONE, OR JOINT",3/1/2012,2013-02-28,0,"Osteoarthritis, Ovine, Mechanisms"
"Deblois, Genevieve",Universite de Montreal,Quebec,Project Grant,202109PJT,Cancer Progression & Therapeutics,Investigating the metabolic determinants of triple-negative breast cancer progression through chromatin dependencies,"$619,650 ", $-   , $-   ,,5 yrs 0 mth ,Cancer Research,"Cancer-Cancer Progression and Metastasis; Cancer-Mechanisms of Carcinogenesis; Molecular, Cellular and Systems Biology-Systems Biology; Cancer - Treatment Genetics - Molecular and Functional Genetics and Epigenetics",4/1/2022,2027-03-31,0,"metabolic, breast cancer, chromatin"
"Deblois, Genevieve",Universite de Montreal,Quebec,Project Grant - PA: Epigenetics/epigenomics in human health or disease,202003PJG,Cancer Biology & Therapeutics 2,Investigating the metabolic determinants of triple-negative breast cancer progression through chromatin dependencies,"$100,000 ", $-   , $-   ,,1 yr 0 mth ,Cancer Research,"Cancer-Cancer Progression and Metastasis; Cancer-Mechanisms of Carcinogenesis; Molecular, Cellular and Systems Biology-Systems Biology; Cancer - Treatment Genetics - Molecular and Functional Genetics and Epigenetics",4/1/2022,2027-03-31,0,"metabolic, breast cancer, chromatin"
"Deblois, Genevieve",Universite de Montreal,Quebec,Project Grant - PA: Epigenetics/epigenomics in human health or disease,202104PJG,Cancer Progression & Therapeutics,Investigating the metabolic determinants of triple-negative breast cancer progression through chromatin dependencies,"$100,000 ", $-   , $-   ,,1 yr 0 mth ,Cancer Research,"Cancer-Cancer Progression and Metastasis; Cancer-Mechanisms of Carcinogenesis; Molecular, Cellular and Systems Biology-Systems Biology; Cancer - Treatment Genetics - Molecular and Functional Genetics and Epigenetics",4/1/2022,2027-03-31,0,"metabolic, breast cancer, chromatin"
"Bailey, Swneke D",Research Institute of the McGill University Health Centre,Quebec,Project Grant,201909PJT,Cancer Progression & Therapeutics,Investigating the Molecular Determinants of Peritoneal Metastasis from Gastro-Esophageal Adenocarcinomas,"$753,525 ", $-   , $-   ,,5 yrs 0 mth ,Cancer Research,Cancer-Cancer Progression and Metastasis,4/1/2020,2025-03-31,0,"Peritoneal metastasis, Molecular determinants, Gastro-Esophageal adenocarcinomas"
"Morin, Ryan D","Simon Fraser University (Burnaby, B.C.)",British Columbia,Operating Grant,201303MOP,Cancer Biology & Therapeutics,Investigating the mutations driving non Hodgkin lymphomas and developing plasma-based assays for tumour detection and monitoring,"$612,722 ", $-   , $-   ,,5 yrs 0 mth ,Cancer Research,"LEUKAEMIAS; CANCER THERAPY GENERAL; CANCER; GENOMICS, PROTEOMICS, AND BIOINFORMATICS",10/1/2013,2018-09-30,0,"mutations, lymphomas, assays"
"Yang, Xiaolong","Queen's University (Kingston, Ontario)",Ontario,Project Grant,202209PJT,Cancer Progression & Therapeutics 2,Investigating the PTK-Hippo axis in breast cancer metastasis,"$956,250 ", $-   , $-   ,,5 yrs 0 mth ,Cancer Research,Cancer-Cancer Progression and Metastasis,4/1/2023,2028-03-31,0,"PTK, Hippo, metastasis"
"Mulligan, Lois M","Queen's University (Kingston, Ontario)",Ontario,Project Grant,202104PJT,Cancer Biology & Therapeutics 2,Investigating the Regulation of RET Receptor-Mediated Perineural Invasion and Metastasis,"$887,400 ", $-   , $-   ,,5 yrs 0 mth ,Cancer Research,"Cancer-Cancer Progression and Metastasis; Molecular, Cellular and Systems Biology-Molecular Biology; Neurosciences-Neurogenesis, Neurodifferentiation and Plasticity",10/1/2021,2026-09-30,0,"RET, receptor, metastasis"
"Marcato, Paola",Dalhousie University (Nova Scotia),Nova Scotia,Project Grant,202303PJT,Cancer Progression & Therapeutics,Investigating the role of LINC01929 in regulating processes critical for breast cancer progression,"$1,093,950 ", $-   , $-   ,,5 yrs 0 mth ,Cancer Research,Cancer-Cancer Progression and Metastasis,10/1/2023,2028-09-30,0,"LINC01929, breast cancer, regulation"
"Ferri, Lorenzo",Research Institute of the McGill University Health Centre,Quebec,Operating Grant,201309MOP,Cancer Progression & Therapeutics 2,Investigating the Role of Neutrophil Extracellular Traps In Cancer Metastasis,"$707,578 ", $-   , $-   ,,5 yrs 0 mth ,Cancer Research,LUNG CANCER; GASTRO-INTESTINAL CANCER; CANCER; CELL BIOLOGY,4/1/2014,2019-03-31,0,"Neutrophil, Extracellular Traps, Cancer"
"Charron, Frederic",Institut de recherches cliniques de Montreal,Quebec,Project Grant,202109PJT,Cancer Progression & Therapeutics 2,Investigation of a novel tumor suppressor mechanism in medulloblastoma,"$990,675 ", $-   , $-   ,,5 yrs 0 mth ,Genetics,Cancer-Pediatric Cancer,4/1/2022,2027-03-31,0,"tumor suppressor, medulloblastoma"
"Thu, Kelsie L",Unity Health Toronto,Ontario,Project Grant,202104PJT,Cancer Biology & Therapeutics,Investigation of centrosome amplification as a therapeutic vulnerability in non-small cell lung cancer,"$841,500 ", $-   , $-   ,,5 yrs 0 mth ,Cancer Research,"Cancer-Mechanisms of Carcinogenesis; Molecular, Cellular and Systems Biology-Molecular Biology",10/1/2021,2026-09-30,0,"centrosome amplification, non-small cell lung cancer"
"Cattral, Mark S",University Health Network (Toronto),Ontario,Operating Grant,201303MOP,Cancer Biology & Therapeutics,Investigation of Dendritic Cell De-differentiation in Cancer,"$673,346 ", $-   , $-   ,,5 yrs 0 mth ,Cancer Research,CANCER THERAPY GENERAL; NEOPLASMS; CANCER,10/1/2013,2018-09-30,0,"Dendritic cell, De-differentiation, Cancer"
"Dedhar, Shoukat R",University of British Columbia,British Columbia,Project Grant,202209PJT,Cancer Progression & Therapeutics 2,Investigation of Neutrophil Extracellular Trap DNA ( NET-DNA) induced signaling in the progression of Pancreatic Ductal Adenocarcinoma,"$956,250 ", $-   , $-   ,,5 yrs 0 mth ,Cancer Research,Cancer-Cancer Progression and Metastasis,4/1/2023,2028-03-31,0,"Neutrophil, NET-DNA, Adenocarcinoma"
"Rathee, Satyapal",Alberta Health Services,Alberta,Operating Grant,200809MOP,Medical Physics & Imaging,Investigation of Pulsed Radiation Effects on RF Coils for Integrated MRI-Linac Project,"$263,007 ", $-   , $-   ,,3 yrs 0 mth ,Cancer Research,CANCER THERAPY GENERAL; LUNG CANCER THERAPY; CANCER; IMAGING,4/1/2009,2012-03-31,3,"Pulsed Radiation, RF Coils, MRI-Linac"
"Hardy, Pierre","Centre hospitalier universitaire Sainte-Justine (Montreal, Quebec)",Quebec,Project Grant,201909PJT,Cancer Biology & Therapeutics 2,Investigation of the antineoplastic effect of miRNA-181a and development a novel pharmaceutical approaches for treating advanced retinoblastoma,"$642,600 ", $-   , $-   ,,5 yrs 0 mth ,Cancer Research,"Cancer-Pediatric Cancer; Pharmacological, Toxicological and Pharmaceutical Sciences-Drug Discovery, Design and Delivery; Molecular, Cellular and Systems Biology-Cell Signaling",4/1/2020,2025-03-31,0,"miRNA-181a, retinoblastoma, antineoplastic"
"Hynynen, Kullervo H","Sunnybrook Research Institute (Toronto, Ontario)",Ontario,Operating Grant,201109MOP,Medical Physics & Imaging,Investigation of the bioeffects of blood-brain barrier disruption by focused ultrasound: A multifaceted imaging approach,"$803,100 ", $-   , $-   ,,5 yrs 0 mth ,"Neurosciences, Mental Health and Addiction",ALZHEIMER'S DISEASE; AGING; IMAGING; NERVOUS SYSTEM,4/1/2012,2017-03-31,9,"blood-brain barrier, focused ultrasound, imaging"
"Quenneville, Cheryl",McMaster University,Ontario,Project Grant,202109PJT,Medical Physics & Imaging,Investigation of the factors contributing to fracture risk in clinical populations using novel image processing techniques of standard DXA images from longitudinal datasets.,"$459,000 ", $-   , $-   ,,4 yrs 0 mth ,Musculoskeletal Health and Arthritis,"Biomedical Engineering-Biomedical Imaging; Musculoskeletal Health-Bone, Skin and Cartilage Sciences; Aging-Aging Process and Biological Determinants of Aging",4/1/2022,2026-03-31,0,"fracture risk, image processing, DXA"
"Alaoui-Jamali, Moulay A",CIUSSS de Centre-Ouest-de-l'Ile-de-Montreal-Jewish General,Quebec,Operating Grant - Priority Announcement: Breast Cancer,201003COP,Cancer Progression & Therapeutics 2,Investigation of the Filamin Signaling Network's Function in Cancer Progression,"$740,235 ", $-   , $-   ,,5 yrs 0 mth ,Cancer Research,CANCER THERAPY GENERAL; NEOPLASMS; CANCER; CELL BIOLOGY,10/1/2010,2015-09-30,0,"Filamin, Signaling, Cancer"
"Sinnett, Daniel","Centre hospitalier universitaire Sainte-Justine (Montreal, Quebec)",Quebec,Operating Grant,201003MOP,Cancer Progression & Therapeutics 2,Investigation of the genomic determinants of childhood leukemia using next-generation sequencing,"$647,040 ", $-   , $-   ,,5 yrs 0 mth ,Genetics,"LEUKAEMIAS; BIOSTATISTICS; CANCER; GENOMICS, PROTEOMICS, AND BIOINFORMATICS",10/1/2010,2015-09-30,0,"genomic, leukemia, sequencing"
"Watson, Ian R",McGill University,Quebec,Project Grant,202104PJT,Cancer Progression & Therapeutics 2,Investigation of the sexual dimorphic role of DDX3X in melanoma,"$803,250 ", $-   , $-   ,,5 yrs 0 mth ,Cancer Research,"Cancer-Mechanisms of Carcinogenesis; Molecular, Cellular and Systems Biology-Cell Signaling; Genetics-Genomics, Transcriptomics and Proteomics",10/1/2021,2026-09-30,0,"DDX3X, melanoma, sexual dimorphism"
"Sanche, Leon",Universite de Sherbrooke,Quebec,Operating Grant,201003MOP,Medical Physics & Imaging,Investigations of low energy electron damage to cellular constituents: application to Chemoradiation therapy.,"$753,239 ", $-   , $-   ,,5 yrs 0 mth ,Cancer Research,CANCER THERAPY GENERAL; BRAIN TUMORS THERAPY; CANCER; DRUG RESEARCH,10/1/2010,2015-09-30,0,"electron, damage, chemoradiation"
"Cullis, Pieter R",University of British Columbia,British Columbia,Operating Grant,200810MOP,Cancer Biology & Therapeutics,Investigations of nanoparticulate formulations of lipophilic prodrugs,"$100,000 ", $-   , $-   ,,1 yr 0 mth ,Cancer Research,CANCER THERAPY GENERAL; DRUGS- PHARMACEUTICAL SCIENCE/CHEMISTRY & NON MEDICAL USE OF DRUGS; CANCER; BIOPHYSICS,3/1/2009,2010-02-28,6,"nanoparticulate, lipophilic, prodrugs"
"Lee, Patrick W",Dalhousie University (Nova Scotia),Nova Scotia,Operating Grant,200903MOP,Cancer Biology & Therapeutics,Involvement of the DNA-dependent protein kinase (DNA-PK) in p53-mediated apoptosis.,"$648,339 ", $-   , $-   ,,5 yrs 0 mth ,Cancer Research,CANCER THERAPY GENERAL; CANCER; CELL BIOLOGY,10/1/2009,2014-09-30,0,"DNA-PK, p53, apoptosis"
"Grynpas, Marc D",University of Toronto,Ontario,Collaborative Health Research Projects (NSERC partnered),201210CPG,Collaborative Health Research Projects - NSERC Partnered,Irradiation-Sterilized Skeletal Allografts with Superior Biomechanical Performance through Collaborative Multidisciplinary Translational Research,"$255,330 ", $-   , $-   ,,3 yrs 0 mth ,Musculoskeletal Health and Arthritis,"MUSCULO SKELETAL; INJURY, REGENERATION; MUSCLE, BONE, OR JOINT",4/1/2013,2016-03-31,0,"Irradiation, Sterilization, Skeletal Allografts"
"Moorehead, Roger A",University of Guelph,Ontario,Operating Grant,201003MOP,Cancer Progression & Therapeutics,Is IGF-IR Mediated Mammary Tumorigenesis Influenced by the Mammary Developmental Stage,"$453,972 ", $-   , $-   ,,4 yrs 0 mth ,Cancer Research,BREAST CANCER; BREAST CANCER THERAPY; CANCER; CELL BIOLOGY,10/1/2010,2014-09-30,0,"IGF-IR, Mammary, Tumorigenesis"
"Calon, Frederic",Universite Laval,Quebec,Operating Grant: Industry-partnered Collaborative Research - Other Partner,200909ISO,Industry Partnered Collaborative Research,Isolation of therapeutic fractions from intravenous immunoglobulins using the triple transgenic mouse model of Alzheimer's disease,"$70,000 ", $-   , $-   ,,4 yrs 0 mth ,"Neurosciences, Mental Health and Addiction",ALZHEIMER'S DISEASE; BLOOD; DRUG RESEARCH; NERVOUS SYSTEM,4/1/2010,2014-03-31,0,"immunoglobulins, Alzheimer's, transgenic mouse"
"Daniel, Juliet M",McMaster University,Ontario,Project Grant,202003PJT,Cancer Progression & Therapeutics,"Kaiso, Triple Negative Breast Cancer and Women of African Ancestry.","$807,076 ", $-   , $-   ,,5 yrs 0 mth ,Cancer Research,"Molecular, Cellular and Systems Biology-Cell Signaling; Cancer-Cancer Progression and Metastasis; Genetics-Genomics, Transcriptomics and Proteomics",10/1/2020,2025-09-30,0,"Kaiso, Breast Cancer, African Ancestry"
"Cripton, Peter A",University of British Columbia,British Columbia,Operating Grant,201503MOP,Biomedical Engineering,Kinematics and Muscle Activation of the Cervical Spine During Impending Head First Impacts in Motor Vehicle Rollovers,"$355,773 ", $-   , $-   ,,5 yrs 0 mth ,Musculoskeletal Health and Arthritis,"MUSCULO SKELETAL; INJURY, REGENERATION; MUSCLE, BONE, OR JOINT; BIOPHYSICS",7/1/2015,2020-06-30,0,"Kinematics, Muscle Activation, Cervical Spine"
"Paquette, Jean-Sebastien",Universite Laval,Quebec,Op. Grant: NWHRI: Innovation Fund - Translational Research,202403NW3,National Women's Health Research Initiative: Innovation Fund,"Klotho, a new biomarker to improve breast cancer screening programs by reducing false-positive results.","$300,000 ", $-   , $-   ,,2 yrs 0 mth ,Cancer Research,BREAST CANCER; NEOPLASMS; CANCER; HEALTH RESEARCH,6/1/2024,2026-05-31,0,"Klotho, biomarker, breast cancer"
"Fortin, Sebastien",Universite Laval,Quebec,Project Grant,202104PJT,Cancer Progression & Therapeutics,"L'AIMZ-938, un nouveau promedicament anticancereux pour le traitement des cancers du sein humain refractaires aux traitements actuels et exprimant le cytochrome P450 1A1","$891,226 ", $-   , $-   ,,5 yrs 0 mth ,Cancer Research,"Pharmacological, Toxicological and Pharmaceutical Sciences-Drug Discovery, Design and Delivery; Cancer-Cancer Drug Development and Therapeutics",10/1/2021,2026-09-30,0,"anticancer, breast cancer, cytochrome P450"
"Bujold, Emmanuel",Universite Laval,Quebec,Op. Grant: NWHRI: Innovation Fund - Healthcare implementation research,202403NW2,National Women's Health Research Initiative: Innovation Fund,L'inversion de la pyramide des soins antenataux pour ameliorer l'acces aux soins et la sante des meres et des enfants vivant en region eloignee (PROJET PYRAMIDE),"$599,003 ", $-   , $-   ,,2 yrs 10 mths ,"Human Development, Child and Youth Health",PREGNANCY/BIRTH; DETERMINANTS OF HEALTH; REPRODUCTION/PREGNANCY; HEALTH SERVICES RESEARCH,6/1/2024,2027-03-31,0,"pyramide, soins, sante"
"Bolduc, Stephane",Universite Laval,Quebec,Operating Grant,200809MOP,Biomedical Engineering,La methode d'auto-assemblage pour l'elaboration de tissus urologiques autologues reconstruits par genie tissulaire.,"$388,428 ", $-   , $-   ,,3 yrs 0 mth ,Musculoskeletal Health and Arthritis,"GENITO/URINARY SYSTEM; INJURY, REGENERATION; RENAL FUNCTION, NEPHROLOGY, UROLOGY",4/1/2009,2012-03-31,0,"auto-assemblage, tissus, g?enie tissulaire"
"Archambault, Denis",Universite du Quebec e Montreal,Quebec,Collaborative Health Research Projects (NSERC partnered),201310CPG,Collaborative Health Research Projects - NSERC Partnered,La portion C-terminale de la proteine P97 de Mycoplasma hyopneumoniae: une nouvelle molecule adjuvante e des fins vaccinales,"$364,959 ", $-   , $-   ,,3 yrs 0 mth ,Infection and Immunity,INFECTIOUS AND PARASITIC; MULTIPLE DISEASE RELEVANCE; HEALTH RESEARCH; IMMUNOLOGY-TRANSPLANTATION,4/1/2014,2017-03-31,0,"P97, Mycoplasma hyopneumoniae, adjuvant"
"Lilge, Lothar",University Health Network (Toronto),Ontario,Operating Grant,200909MOP,Biomedical Engineering,Lab-on-a-chip platform for single rare cell genomic and proteomic analysis,"$373,708 ", $-   , $-   ,,4 yrs 0 mth ,Cancer Research,MULTIPLE DISEASE RELEVANCE; BIOPHYSICS; CANCER,4/1/2010,2014-03-31,0,"lab-on-a-chip, genomics, proteomics"
"De Koninck, Yves",Universite Laval,Quebec,Collaborative Health Research Projects (NSERC partnered),201410CPG,Collaborative Health Research Projects - NSERC Partnered,"Large-scale, high-resolution light-sheet microscope for whole brain connectomics","$326,994 ", $-   , $-   ,,3 yrs 0 mth ,"Neurosciences, Mental Health and Addiction",MULTIPLE DISEASE RELEVANCE; MENTAL AND BEHAVIOURAL DISEASES,4/1/2015,2018-03-31,0,"light-sheet,microscope,connectomics"
"Fine, Alan",Dalhousie University (Nova Scotia),Nova Scotia,Collaborative Health Research Projects (NSERC partnered),201410CPG,Collaborative Health Research Projects - NSERC Partnered,Lensless microscopy for rapid portable hematology diagnostics at the point of care,"$431,955 ", $-   , $-   ,,3 yrs 0 mth ,Cancer Research,BLOOD; LEUKAEMIAS; IMAGING,4/1/2015,2018-03-31,1,"lensless,microscopy,hematology"
"Holt, Rob",University of British Columbia,British Columbia,Project Grant,202010PJT,Cancer Biology & Therapeutics,Lentiviral infusion as a universal approach for genetically modified immune effector cell therapies.,"$642,600 ", $-   , $-   ,,4 yrs 0 mth ,Cancer Research,"Cancer-Cancer Drug Development and Therapeutics; Immunology and Infection-Transplantation, Immune Tolerance and Tumor Immunology; Genetics-Bioinformatics",4/1/2021,2025-03-31,0,"Lentiviral, infusion, immune effector cells"
"Di Renna, Tania",Women's College Hospital (Toronto),Ontario,Op. Grant: NWHRI: Innovation Fund - Translational Research,202403NW3,National Women's Health Research Initiative: Innovation Fund,Let's not wait 11 years: Development and rapid adoption of a screening measure for endometriosis in young Canadian adults,"$594,250 ", $-   , $-   ,,2 yrs 10 mths ,Gender and Health,HEALTH RESEARCH,6/1/2024,2027-03-31,0,"endometriosis, screening, young adults"
"Evgin, Laura E",University of British Columbia,British Columbia,Project Grant,202203PJT,Cancer Biology & Therapeutics,Leveraging TCR reactivity to improve CAR T therapy,"$745,876 ", $-   , $-   ,,5 yrs 0 mth ,Cancer Research,"Cancer-Cancer Drug Development and Therapeutics; Immunology and Infection-Transplantation, Immune Tolerance and Tumor Immunology; Genetics-Molecular and Functional Genetics and Epigenetics",10/1/2022,2027-09-30,1,"TCR, CAR T, reactivity"
"Nieman, Brian J",Hospital for Sick Children (Toronto),Ontario,Project Grant,201709PJT,Medical Physics & Imaging 2,Limiting late effects following pediatric cranial radiation,"$994,500 ", $-   , $-   ,,5 yrs 0 mth ,Cancer Research,"Cancer-Pediatric Cancer; Youth Health-Prevention, Treatment and Support; Neurosciences-Cognition, Communication and Behaviour (including sleep and memory)",4/1/2018,2023-03-31,0,"cranial radiation, late effects, pediatric"
"Dong, Xuesen",University of British Columbia,British Columbia,Project Grant,202403PJT,Cancer Progression & Therapeutics,Lin28b as a therapeutic target for prostate cancer progression,"$967,726 ", $-   , $-   ,,5 yrs 0 mth ,Cancer Research,Cancer-Cancer Progression and Metastasis,10/1/2024,2029-09-30,0,"Lin28b, prostate cancer, progression"
"Zadeh, Gelareh",University Health Network (Toronto),Ontario,Project Grant,202010PJT,Cancer Progression & Therapeutics 2,Liquid biopsy-based DNA methylation profiling for improved diagnosis and prognostication of primary and metastatic CNS tumors,"$1,147,500 ", $-   , $-   ,,5 yrs 0 mth ,Cancer Research,"Cancer-Cancer Progression and Metastasis; Genetics-Genomics, Transcriptomics and Proteomics",4/1/2021,2026-03-31,1,"liquid biopsy, DNA methylation, CNS tumors"
"Yeates, Karen","Queen's University (Kingston, Ontario)",Ontario,Op. Grant: NWHRI: Innovation Fund - Healthcare implementation research,202403NW2,National Women's Health Research Initiative: Innovation Fund,"Listening to our Women: Understanding barriers, enablers, and strategies to cervical cancer screening uptake using HPV DNA self-sampling through participatory, community-based approaches among Indigenous women living remotely in Ontario","$600,000 ", $-   , $-   ,,2 yrs 10 mths ,Indigenous Peoples' Health,POPULATION HEALTH; CANCER,6/1/2024,2027-03-31,0,"HPV DNA, self-sampling, cervical cancer"
"Cullis, Pieter R",University of British Columbia,British Columbia,Operating Grant: COVID-19 Rapid Research Funding Opportunity - Therapeutics,202005VR3,COVID-19 Rapid Research - Therapeutics,Liver as a bioreactor for robust production of SARS-CoV-2 neutralizing antibodies,"$237,445 ", $-   , $-   ,,1 yr 0 mth ,Infection and Immunity,DRUGS- PHARMACEUTICAL SCIENCE/CHEMISTRY & NON MEDICAL USE OF DRUGS; VIRAL; DRUG RESEARCH; HEALTH RESEARCH,6/1/2020,2021-05-31,0,"liver, bioreactor, antibodies"
"Costantino, Santiago",CIUSSS Est-de-l'Ile-de- Montreal-Maisonneuve Rosemont,Quebec,Project Grant,202104PJT,Medical Physics & Imaging,Local and global biomechanical properties of the eye as new glaucoma risk factors,"$692,326 ", $-   , $-   ,,5 yrs 0 mth ,"Neurosciences, Mental Health and Addiction",Biomedical Engineering-Biomedical Imaging,10/1/2021,2026-09-30,0,"biomechanical properties, eye, glaucoma"
"Shoichet, Molly S",University of Toronto,Ontario,Operating Grant,201203MOP,Biomedical Engineering,Local Delivery of Therapeutic Biomolecules to the Injured Spinal Cord,"$756,107 ", $-   , $-   ,,5 yrs 0 mth ,"Neurosciences, Mental Health and Addiction","SPINAL CORD DISEASE; INJURY, REGENERATION; NERVOUS SYSTEM",10/1/2012,2017-09-30,3,"biomolecules, spinal cord, delivery"
"Lin, Fa-Hsuan","Sunnybrook Research Institute (Toronto, Ontario)",Ontario,Project Grant,202104PJT,Medical Physics & Imaging,Localization of epileptic spike generators using combined EEG and MRI,"$863,530 ", $-   , $-   ,,5 yrs 0 mth ,"Neurosciences, Mental Health and Addiction",Biomedical Engineering-Biomedical Imaging; Neurosciences-Neurological disorders,10/1/2021,2026-09-30,1,"epileptic, EEG, MRI"
"Pignol, Jean-Philippe","Sunnybrook Research Institute (Toronto, Ontario)",Ontario,Operating Grant,201009MOP,Cancer Progression & Therapeutics,Long term outcomes of a multicentre controlled clinical trial of breast irradiation using Intensity-Modulated Radiation Therapy,"$130,322 ", $-   , $-   ,,3 yrs 0 mth ,Cancer Research,BREAST CANCER THERAPY; CANCER,4/1/2011,2014-03-31,0,"breast irradiation, intensity-modulated radiation therapy, clinical trial"
"Brambilla, Davide",Universite de Montreal,Quebec,Project Grant,202303PJT,Biomedical Engineering 2,Long-lasting recovery of lysosomal acid lipase deficiency using non-viral delivery of non-integrating episomal DNA constructs.,"$661,725 ", $-   , $-   ,,4 yrs 0 mth ,"Nutrition, Metabolism and Diabetes","Biomedical Engineering-Biomaterials, Nanotechnology and Biomechanics; Pharmacological, Toxicological and Pharmaceutical Sciences-Drug Discovery, Design and Delivery",10/1/2023,2027-09-30,0,"lysosomal acid lipase, non-viral delivery, episomal DNA"
"Nazy, Ishac",McMaster University,Ontario,Operating Grant: COVID-19 Rapid Research Funding Opportunity - Diagnostics,202005VR2,COVID-19 Rapid Research - Diagnostics,Long-term protective immunity against SARS-CoV-2 virus in COVID-19 patients, $-   , $-   ,"$350,000 ",Public Health Agency of Canada,1 yr 0 mth ,Infection and Immunity,VIRAL; INFECTIOUS AND PARASITIC; VIROLOGY; IMMUNOLOGY-TRANSPLANTATION,9/1/2020,2021-08-31,1,"immunity, SARS-CoV-2, COVID-19"
"Chen, Robert E",University Health Network (Toronto),Ontario,Operating Grant: Industry-partnered Collaborative Research,201403IPR,Industry Partnered Collaborative Research,Long-term stability of local field potentials recorded from the subthalamic nucleus and effects of deep brain stimulation,"$270,228 ", $-   , $-   ,,3 yrs 0 mth ,"Neurosciences, Mental Health and Addiction",PARKINSON'S DISEASE; MULTIPLE DISEASE RELEVANCE; NERVOUS SYSTEM; HEALTH RESEARCH,10/1/2014,2017-09-30,0,"local field potentials, subthalamic nucleus, deep brain stimulation"
"Lockwood, William W",University of British Columbia,British Columbia,Operating Grant,201503MOP,Cancer Progression & Therapeutics,Longitudinal assessment of immune-tumor interactions during lung cancer progression,"$704,111 ", $-   , $-   ,,5 yrs 0 mth ,Cancer Research,LUNG CANCER; LUNG CANCER THERAPY; CANCER,7/1/2015,2020-06-30,0,"immune, tumor, lung"
"Sung, Lillian",Hospital for Sick Children (Toronto),Ontario,Catalyst Grant: Personalized Health Catalyst Grants,201706PCG,Personalized Health - novel e-health applications,"Longitudinal symptom screening and symptom reporting, and development and access to supportive care clinical practice guidelines using SPARK (Supportive care Prioritization, Assessment and Recommendations for Kids) in children receiving cancer treatment","$199,906 ", $-   , $-   ,,2 yrs 0 mth ,Cancer Research,CANCER,9/1/2017,2019-08-31,0,"symptom screening, supportive care, clinical guidelines"
"Kerbel, Robert S","Sunnybrook Research Institute (Toronto, Ontario)",Ontario,Project Grant,201909PJT,Cancer Progression & Therapeutics,Low Dose Metronomic Chemotherapy as a Combination Strategy to Combat Innate or Acquired Resistance to Immune Checkpoint Therapy,"$581,400 ", $-   , $-   ,,4 yrs 0 mth ,Cancer Research,Cancer-Cancer Drug Development and Therapeutics,4/1/2020,2024-03-31,0,"Metronomic Chemotherapy, Resistance, Immune Checkpoint"
"Bratman, Scott V",University Health Network (Toronto),Ontario,Project Grant,201903PJT,Cancer Progression & Therapeutics 2,Lung cancer early detection and classification using methylome analysis of plasma cell free DNA,"$995,264 ", $-   , $-   ,,4 yrs 0 mth ,Cancer Research,Cancer-Clinical Oncology,10/1/2019,2023-09-30,6,"lung cancer, methylome, plasma cell free DNA"
"Post, Martin",Hospital for Sick Children (Toronto),Ontario,Project Grant,202309PJT,Cancer Biology & Therapeutics,Lung cancer therapy using genetically modified macrophages,"$979,200 ", $-   , $-   ,,5 yrs 0 mth ,Circulatory and Respiratory Health,"Cardiovascular, Respiratory and Circulatory Systems-Respiratory System Pathologies and Clinical Interventions; Cancer-Cancer Drug Development and Therapeutics",4/1/2024,2029-03-31,0,"lung cancer, macrophages, genetically modified"
"Chou, Leo",University of Toronto,Ontario,Project Grant,202309PJT,Biomedical Engineering 2,Lymph node targeting of DNA nanostructured vaccines,"$650,250 ", $-   , $-   ,,5 yrs 0 mth ,Cancer Research,"Biomedical Engineering-Biomaterials, Nanotechnology and Biomechanics",4/1/2024,2029-03-31,0,"Lymph node, DNA nanostructures, vaccines"
"Reinhold, Caroline",Research Institute of the McGill University Health Centre,Quebec,Catalyst Grant: NWHRI: Innovation Fund - Biomedical Discovery Grants,202307NWI,NWHRI: Innovation Fund - Biomedical Discovery Grants,Magnetic Resonance Imaging (MRI) and Artificial Intelligence (AI) can improve preoperative malignancy risk prediction of ovarian masses.,"$150,000 ", $-   , $-   ,,1 yr 0 mth ,Cancer Research,NEOPLASMS; NONE OF THE ABOVE; IMAGING; CANCER,2/1/2024,2025-01-31,0,"Magnetic Resonance Imaging, Artificial Intelligence, Ovarian masses"
"Wright, Graham A","Sunnybrook Research Institute (Toronto, Ontario)",Ontario,Operating Grant,200809MOP,Medical Physics & Imaging,Magnetic Resonance Imaging for Ischemic Heart Disease,"$830,540 ", $-   , $-   ,,5 yrs 0 mth ,Circulatory and Respiratory Health,MYOCARDIAL INFARCTION; CARDIOLOGY; IMAGING; CARDIOVASCULAR,4/1/2009,2014-03-31,11,"Magnetic Resonance, Imaging, Ischemic Heart Disease"
"Lerch, Jason P",Hospital for Sick Children (Toronto),Ontario,Operating Grant,201403MOP,Medical Physics & Imaging,Magnetic resonance imaging of brain plasticity,"$694,870 ", $-   , $-   ,,5 yrs 0 mth ,"Neurosciences, Mental Health and Addiction",MENTAL AND BEHAVIOURAL DISEASES; BIOSTATISTICS; NERVOUS SYSTEM; IMAGING,7/1/2014,2015-06-30,0,"Magnetic resonance, brain, plasticity"
"Bernasconi, Andrea",McGill University,Quebec,Operating Grant,201003MOP,Medical Physics & Imaging,Magnetic resonance imaging of epilepsy,"$704,014 ", $-   , $-   ,,5 yrs 0 mth ,"Neurosciences, Mental Health and Addiction",EPILEPSY; IMAGING; NERVOUS SYSTEM,10/1/2010,2015-09-30,0,"Magnetic resonance imaging, epilepsy"
"Arnold, Douglas L",McGill University,Quebec,Operating Grant,201303MOP,Medical Physics & Imaging,Magnetic Resonance Imaging of Multiple Sclerosis,"$698,337 ", $-   , $-   ,,5 yrs 0 mth ,"Neurosciences, Mental Health and Addiction",MULTIPLE SCLEROSIS; IMAGING; NERVOUS SYSTEM,10/1/2013,2018-09-30,0,"Magnetic Resonance, Imaging, Multiple Sclerosis"
"Santyr, Giles E",Hospital for Sick Children (Toronto),Ontario,Project Grant,202010PJT,Medical Physics & Imaging,Magnetic Resonance Imaging Toolbox for Assessment of Lung Structure and Function in the Early Years of Life,"$627,635 ", $-   , $-   ,,5 yrs 0 mth ,Circulatory and Respiratory Health,"Methods Development and Modelling-Quantitative Methods Development for Health Research; Cardiovascular, Respiratory and Circulatory Systems-Respiratory System Pathologies and Clinical Interventions",4/1/2021,2026-03-31,0,"Magnetic Resonance Imaging, Lung, Structure"
"Soulez, Gilles",Centre hospitalier de l'Universite de Montreal (CHUM),Quebec,Project Grant,202003PJT,Medical Physics & Imaging,Magnetic resonance navigation of drug eluting beads for liver cancer therapy: in-vitro optimization and preclinical safety efficacy study,"$619,651 ", $-   , $-   ,,4 yrs 0 mth ,Cancer Research,"Biomedical Engineering-Biomaterials, Nanotechnology and Biomechanics",10/1/2020,2024-09-30,0,"magnetic resonance, drug eluting beads, liver cancer"
"Bartha, Robert",Western University (Ontario),Ontario,Operating Grant,200910MOP,Medical Physics & Imaging,Magnetic Resonance PARACEST Imaging of In-vivo Protease Activity,"$96,414 ", $-   , $-   ,,1 yr 0 mth ,Aging,ALZHEIMER'S DISEASE; AGING; IMAGING; BIOPHYSICS,10/1/2010,2011-09-30,0,"Magnetic Resonance, PARACEST, Protease"
"Bartha, Robert",Western University (Ontario),Ontario,Operating Grant,201003MOP,Medical Physics & Imaging,Magnetic Resonance PARACEST Imaging of In-vivo Protease Activity,"$449,243 ", $-   , $-   ,,4 yrs 0 mth ,Aging,ALZHEIMER'S DISEASE; AGING; IMAGING; BIOPHYSICS,10/1/2010,2014-09-30,0,"Magnetic Resonance, PARACEST, Protease"
"Drake, James M",Hospital for Sick Children (Toronto),Ontario,Project Grant,201903PJT,Medical Physics & Imaging,Magnetic Resonance-guided Focused Ultrasound for Incisionless Musculotendinous Contracture Release,"$424,576 ", $-   , $-   ,,3 yrs 0 mth ,Musculoskeletal Health and Arthritis,"Musculoskeletal Health-Skeletal Muscle Biology and Physiology; Biomedical Engineering-Biophysics, Medical Technologies and Instrumentation",10/1/2019,2022-09-30,0,"Magnetic Resonance, Focused Ultrasound, Musculotendinous"
"Bier, Nathalie",Universite de Montreal,Quebec,Collaborative Health Research Projects (NSERC partnered),201610CPG,Collaborative Health Research Projects - NSERC Partnered,Maintien e domicile des personnes egees vulnerables : co-conception et deploiement de solutions technologiques dans le cadre d'un laboratoire vivant,"$489,287 ", $-   , $-   ,,3 yrs 0 mth ,Aging,AGING; MULTIDISCIPLINARY; HEALTH RESEARCH,4/1/2017,2020-03-31,0,"domicile, personnes egees, solutions technologiques"
"Khan, Omar F",University of Toronto,Ontario,Project Grant - PA: Infection and Immunity (Early Career Research Support),202203PTT,Biomedical Engineering 2,Making donated lungs infected with cytomegalovirus safer: nanoparticle-mediated deletion of essential viral genes prior to transplant using ex vivo lung perfusion,"$300,000 ", $-   , $-   ,,3 yrs 0 mth ,Infection and Immunity,"Biomedical Engineering-Biomaterials, Nanotechnology and Biomechanics",10/1/2022,2025-09-30,0,"cytomegalovirus, nanoparticle, lung perfusion"
"Mcgilvray, Ian D",University Health Network (Toronto),Ontario,Project Grant,202309PJT,Biomedical Engineering 2,Manipulating the cellular microenvironment to bioengineer bile ducts,"$1,067,175 ", $-   , $-   ,,5 yrs 0 mth ,Infection and Immunity,"Biomedical Engineering-Regenerative Medicine and Tissue Engineering; Digestive, Endocrine and Excretory Systems-Gastroenterology and Hepatology; Immunology and Infection-Transplantation, Immune Tolerance and Tumor Immunology",4/1/2024,2029-03-31,0,"cellular, microenvironment, bile ducts"
"Diamandis, Phedias",University Health Network (Toronto),Ontario,Project Grant,202003PJT,Cancer Progression & Therapeutics,Mapping and targeting the niche-specific proteomes of glioblastoma,"$830,024 ", $-   , $-   ,,4 yrs 0 mth ,Cancer Research,Cancer-Cancer Progression and Metastasis,10/1/2020,2024-09-30,0,"glioblastoma, proteomes, mapping"
"Chen, Jing J",Baycrest Centre for Geriatric Care (Toronto),Ontario,"Project Grant - PA: Neurosciences, Mental Health and Addiction",201909PJ8,Medical Physics & Imaging,Mapping cellular and extracellular white-matter changes in aging using MRI: Towards clinical translation,"$77,500 ", $-   , $-   ,,1 yr 0 mth ,Aging,Biomedical Engineering-Biomedical Imaging; Aging-Aging Process and Biological Determinants of Aging,3/1/2020,2021-02-28,1,"white-matter, MRI, aging"
"Guidolin, Leila M",Carleton University (Ottawa),Ontario,Project Grant,202309PJT,Medical Physics & Imaging,Mapping ECM Remodelling in Asthma Using Multimodal Imaging and Physiologically-Relevant Tissue Models,"$673,200 ", $-   , $-   ,,5 yrs 0 mth ,Circulatory and Respiratory Health,"Biomedical Engineering-Biomedical Imaging; Cardiovascular, Respiratory and Circulatory Systems-Respiratory Sciences",4/1/2024,2029-03-31,0,"ECM, Imaging, Asthma"
"Orouji, Elias",University Health Network (Toronto),Ontario,Project Grant,202003PJT,Cancer Biology & Therapeutics 2,Mapping epigenomic makeup in colorectal cancer patient models to identify novel therapeutic options,"$814,726 ", $-   , $-   ,,5 yrs 0 mth ,Cancer Research,"Genetics-Molecular and Functional Genetics and Epigenetics; Genetics-Genomics, Transcriptomics and Proteomics; Cancer-Cancer Drug Development and Therapeutics",10/1/2020,2025-09-30,0,"epigenomic, colorectal cancer, patient models"
"Ladak, Hanif M",Western University (Ontario),Ontario,Collaborative Health Research Projects (NSERC partnered),201610CPG,Collaborative Health Research Projects - NSERC Partnered,Mastoidectomy Simulator for Surgical Training and Rehearsal,"$186,200 ", $-   , $-   ,,3 yrs 0 mth ,"Neurosciences, Mental Health and Addiction",HEALTH CARE DELIVERY; DEAFNESS; IMAGING; HEARING,4/1/2017,2020-03-31,0,"Mastoidectomy, Simulator, Surgical"
"Algar, Walter R",University of British Columbia,British Columbia,Project Grant,202010PJT,Biomedical Engineering,Materials and Technologies for Highly Sensitive Biomarker Analysis of Extracellular Vesicles Toward Cancer Diagnostics,"$367,200 ", $-   , $-   ,,3 yrs 0 mth ,Cancer Research,"Biomedical Engineering-Biomaterials, Nanotechnology and Biomechanics; Methods Development and Modelling-Quantitative Methods Development for Health Research",4/1/2021,2024-03-31,0,"Biomarker, Extracellular Vesicles, Cancer"
"Hamilton, Douglas W",Western University (Ontario),Ontario,Operating Grant,201103MOP,Biomedical Engineering,Matricellular Protein Biomimetic Scaffolds to Enhance Skin Regeneration,"$335,902 ", $-   , $-   ,,3 yrs 0 mth ,Musculoskeletal Health and Arthritis,SKIN AND SUBCUTANEOUS TISSUS; CELL BIOLOGY; MOLECULAR BIOLOGY,10/1/2011,2014-09-30,0,"Matricellular, Biomimetic, Scaffolds"
"Gilbert, Penney M",University of Toronto,Ontario,Operating Grant - PA: IMHA - New Invest.- Musculoskeletal Health Bridge Funding,201403ONM,Biomedical Engineering,Matrix biomechanics and satellite cell aging,"$100,000 ", $-   , $-   ,,1 yr 0 mth ,Musculoskeletal Health and Arthritis,"AGING; MUSCULO SKELETAL; MUSCLE, BONE, OR JOINT",10/1/2014,2015-09-30,0,"matrix, biomechanics, satellite cell"
"Duronio, Vincent",University of British Columbia,British Columbia,Operating Grant,201003MOP,Cancer Biology & Therapeutics,MCL-1: Functions in the nucleus regulating cell cycle and DNA damage response,"$665,920 ", $-   , $-   ,,5 yrs 0 mth ,Cancer Research,MULTIPLE DISEASE RELEVANCE; CANCER THERAPY GENERAL; CANCER; CELL BIOLOGY,10/1/2010,2015-09-30,0,"MCL-1, cell cycle, DNA damage"
"Duronio, Vincent",University of British Columbia,British Columbia,Operating Grant - PA: Institute of Cancer Research (bridge funding),200909IC3,Cancer Biology & Therapeutics,MCL-1: Functions in the nucleus regulating cell cycle and DNA damage response,"$100,000 ", $-   , $-   ,,1 yr 0 mth ,Cancer Research,MULTIPLE DISEASE RELEVANCE; CANCER THERAPY GENERAL; CANCER; CELL BIOLOGY,3/1/2010,2011-02-28,0,"MCL-1, cell cycle, DNA damage"
"Lee, J. M",Dalhousie University (Nova Scotia),Nova Scotia,Operating Grant,201309MOP,Biomedical Engineering,Mechanical Overload in Tendons Produces Characteristic Nanoscaled Damage to Collagen Fibrils which Activates Cellular Remodelling,"$383,948 ", $-   , $-   ,,4 yrs 0 mth ,Musculoskeletal Health and Arthritis,"MUSCULO SKELETAL; ARTHRITIS/OSTEOARTHRITIS; MUSCLE, BONE, OR JOINT; BIOPHYSICS",4/1/2014,2018-03-31,1,"Mechanical overload, collagen fibrils, cellular remodelling"
"Li, Jianyu",McGill University,Quebec,Project Grant,201903PJT,Biomedical Engineering,Mechanically and Biologically Functional Adhesives for Intervertebral Disc Repair and Regeneration,"$520,200 ", $-   , $-   ,,4 yrs 0 mth ,Musculoskeletal Health and Arthritis,"Biomedical Engineering-Biomaterials, Nanotechnology and Biomechanics; Musculoskeletal Health-Bone, Skin and Cartilage Sciences",10/1/2019,2023-09-30,1,"Adhesives, Intervertebral Disc, Regeneration"
"Hassell, John A",McMaster University,Ontario,Operating Grant,201503MOP,Cancer Progression & Therapeutics,Mechanism of action of drugs affecting serotonin signalling in breast cancer stem cells,"$664,508 ", $-   , $-   ,,4 yrs 0 mth ,Cancer Research,BREAST CANCER; CANCER THERAPY GENERAL; CANCER; MOLECULAR BIOLOGY,7/1/2015,2019-06-30,0,"serotonin, breast cancer, stem cells"
"Mai, Sabine",University of Manitoba,Manitoba,Operating Grant,200809MOP,Cancer Biology & Therapeutics,Mechanisms and consequences of three-dimensional (3D) nuclear remodeling of telomeres in cancer,"$388,829 ", $-   , $-   ,,3 yrs 0 mth ,Cancer Research,LEUKAEMIAS; NEOPLASMS; CANCER; GENETICS,4/1/2009,2012-03-31,6,"nuclear remodeling, telomeres, cancer"
"Buschmann, Michael D",Polytechnique Montreal,Quebec,Operating Grant,201103MOP,Biomedical Engineering,Mechanisms and optimisation of marrow stimulated cartilage repair,"$558,505 ", $-   , $-   ,,5 yrs 0 mth ,Musculoskeletal Health and Arthritis,"ARTHRITIS/OSTEOARTHRITIS; INJURY, REGENERATION; MUSCLE, BONE, OR JOINT",10/1/2011,2016-09-30,0,"marrow, cartilage, repair"
"Buschmann, Michael D",Polytechnique Montreal,Quebec,"Operating Grant - PA: Musculoskeletal Health, Arthritis, Skin and Oral Health",201009IMH,Biomedical Engineering,Mechanisms and optimisation of marrow stimulated cartilage repair,"$100,000 ", $-   , $-   ,,1 yr 0 mth ,Musculoskeletal Health and Arthritis,"ARTHRITIS/OSTEOARTHRITIS; INJURY, REGENERATION; MUSCLE, BONE, OR JOINT",3/1/2011,2012-02-29,0,"marrow, cartilage, repair"
"Hitzler, Johann H",Hospital for Sick Children (Toronto),Ontario,Operating Grant,201503MOP,Cancer Biology & Therapeutics,Mechanisms and Risk Stratification for Treatment of Acute Myeloid Leukemia in Children with Down  syndrome,"$773,060 ", $-   , $-   ,,5 yrs 0 mth ,Cancer Research,LEUKAEMIAS; CANCER; MOLECULAR BIOLOGY,7/1/2015,2020-06-30,0,"Acute Myeloid Leukemia, Risk Stratification, Down syndrome"
"Aparicio, Samuel J",University of British Columbia,British Columbia,Project Grant,202303PJT,Cancer Progression & Therapeutics,Mechanisms and targeting of repair deficient cancers with G-quadruplex small molecule ligands,"$1,048,050 ", $-   , $-   ,,5 yrs 0 mth ,Cancer Research,Cancer-Cancer Progression and Metastasis,10/1/2023,2028-09-30,0,"G-quadruplex, small molecule, cancers"
"Johnson, James D",University of British Columbia,British Columbia,Project Grant,201909PJT,Cancer Biology & Therapeutics 2,Mechanisms by which hyperinsulinemia promotes pancreatic cancer,"$1,090,125 ", $-   , $-   ,,5 yrs 0 mth ,Cancer Research,Cancer-Mechanisms of Carcinogenesis,4/1/2020,2025-03-31,2,"hyperinsulinemia, pancreatic cancer"
"Boivin, Guy",Universite Laval,Quebec,Operating Grant: Industry-partnered Collaborative Research - Rx&D partner,201009IRO,Industry Partnered Collaborative Research,Mechanisms of antiviral drug resistance in seasonal and pandemic influenza strains and evaluation of new therapeutic modalities,"$228,975 ", $-   , $-   ,,3 yrs 0 mth ,Infection and Immunity,VIRAL; PNEUMONIA; VIROLOGY; RESPIRATION,4/1/2011,2014-03-31,10,"antiviral, drug resistance, influenza"
"Le, Xiaochun C",University of Alberta,Alberta,Operating Grant,201309MOP,Cancer Biology & Therapeutics,Mechanisms of arsenic carcinogenesis,"$702,720 ", $-   ,"$100,000 ",Alberta Cancer Foundation,4 yrs 0 mth ,Cancer Research,CARCINOGENS (INCL ENVIRONMENTAL); POPULATION HEALTH; CANCER; ENVIRONMENTAL INFLUENCES ON HEALTH,4/1/2014,2011-09-30,0,"arsenic, carcinogenesis"
"Le, Xiaochun C",University of Alberta,Alberta,Operating Grant - PA: Alberta Cancer Foundation - Research (bridge funding),201203OAC,Cancer Biology & Therapeutics,Mechanisms of arsenic carcinogenesis, $-   , $-   ,"$100,000 ",Alberta Cancer Foundation,1 yr 0 mth ,Cancer Research,CARCINOGENS (INCL ENVIRONMENTAL); POPULATION HEALTH; CANCER; ENVIRONMENTAL INFLUENCES ON HEALTH,10/1/2012,2013-09-30,0,"arsenic, carcinogenesis"
"Nelson, Brad H",University of British Columbia,British Columbia,Project Grant,201909PJT,Cancer Progression & Therapeutics 2,Mechanisms of B cell-mediated immunity in human cancer,"$1,193,400 ", $-   , $-   ,,5 yrs 0 mth ,Cancer Research,"Cancer-Cancer Progression and Metastasis; Immunology and Infection-Transplantation, Immune Tolerance and Tumor Immunology",4/1/2020,2025-03-31,6,"B cell, immunity, cancer"
"Wang, Rizhi",University of British Columbia,British Columbia,Operating Grant,200903MOP,Biomedical Engineering,Mechanisms of Bone Fracture and their Clinical Applications,"$511,717 ", $-   , $-   ,,4 yrs 0 mth ,Musculoskeletal Health and Arthritis,"OSTEOPOROSIS; AGING; MUSCLE, BONE, OR JOINT",10/1/2009,2013-09-30,0,"Bone, Fracture, Mechanisms"
"Graham, Charles H","Queen's University (Kingston, Ontario)",Ontario,Operating Grant,201109MOP,Cancer Progression & Therapeutics,Mechanisms of hypoxia-induced immune escape in cancer and their regulation by nitric oxide,"$443,733 ", $-   , $-   ,,3 yrs 0 mth ,Cancer Research,CANCER THERAPY GENERAL; NONE OF THE ABOVE; CANCER; CELL BIOLOGY,4/1/2012,2015-03-31,0,"hypoxia, immune escape, nitric oxide"
"Nelson, Brad H",University of British Columbia,British Columbia,Operating Grant,201405MOP,Cancer Progression & Therapeutics 2,Mechanisms of Protective Immunity in Ovarian Cancer,"$100,000 ", $-   , $-   ,,1 yr 0 mth ,Cancer Research,CANCER THERAPY GENERAL; CANCER; IMMUNOLOGY-TRANSPLANTATION,7/1/2015,2020-06-30,0,"Protective immunity, ovarian cancer"
"Nelson, Brad H",University of British Columbia,British Columbia,Operating Grant,201503MOP,Cancer Progression & Therapeutics 2,Mechanisms of Protective Immunity in Ovarian Cancer,"$639,477 ", $-   , $-   ,,5 yrs 0 mth ,Cancer Research,CANCER THERAPY GENERAL; CANCER; IMMUNOLOGY-TRANSPLANTATION,7/1/2015,2020-06-30,0,"Protective immunity, ovarian cancer"
"Schild-Poulter, Caroline",Western University (Ontario),Ontario,Operating Grant - PA: Cancer Research (bridge funding),200909IC1,Cancer Biology & Therapeutics,Mechanisms of RanBPM-mediated cell death,"$100,000 ", $-   , $-   ,,1 yr 0 mth ,Cancer Research,MULTIPLE DISEASE RELEVANCE; BREAST CANCER; CANCER; MOLECULAR BIOLOGY,4/1/2010,2011-03-31,0,"RanBPM, cell death, mechanisms"
"Nichols, Anthony C",Western University (Ontario),Ontario,Operating Grant,201503MOP,Cancer Progression & Therapeutics,Mechanisms of resistance and sensitivity to PI3K inhibition in head and neck cancer.,"$515,090 ", $-   , $-   ,,5 yrs 0 mth ,Cancer Research,"CANCER THERAPY GENERAL; NEOPLASMS; CANCER; GENOMICS, PROTEOMICS, AND BIOINFORMATICS",7/1/2015,2020-06-30,1,"PI3K, resistance, cancer"
"Nichols, Anthony C",Western University (Ontario),Ontario,Project Grant - Priority Announcement: Dental and craniofacial research,202003PJP,Cancer Progression & Therapeutics 2,Mechanisms of resistance to cisplatin and radiation in human papillomavirus (HPV) related head and neck cancer,"$100,000 ", $-   , $-   ,,1 yr 0 mth ,Cancer Research,Cancer-Cancer Progression and Metastasis; Cancer-Mechanisms of Carcinogenesis,10/1/2020,2021-09-30,1,"cisplatin, radiation, HPV"
"Miller, Wilson H",CIUSSS de Centre-Ouest-de-l'Ile-de-Montreal-Jewish General,Quebec,Operating Grant,201209MOP,Cancer Progression & Therapeutics 2,Mechanisms of response and resistance to epigenetic therapy in hematological malignancy,"$729,885 ", $-   , $-   ,,5 yrs 0 mth ,Cancer Research,CANCER THERAPY GENERAL; CANCER; CELL BIOLOGY,4/1/2013,2018-03-31,0,"epigenetic, hematological malignancy, response"
"Miller, Wilson H",CIUSSS de Centre-Ouest-de-l'Ile-de-Montreal-Jewish General,Quebec,Operating Grant,200809MOP,Cancer Progression & Therapeutics,Mechanisms of the anti-cancer actions of arsenic.,"$851,780 ", $-   , $-   ,,5 yrs 0 mth ,Cancer Research,CANCER THERAPY GENERAL; CANCER,4/1/2009,2014-03-31,0,"arsenic, anti-cancer, mechanisms"
"Ferbeyre, Gerardo",Universite de Montreal,Quebec,Operating Grant,201009MOP,Cancer Biology & Therapeutics,Mechanisms of the tumor suppression activity of the ERK pathway,"$791,460 ", $-   , $-   ,,5 yrs 0 mth ,Cancer Research,NEOPLASMS; AGING; CANCER; CELL BIOLOGY,4/1/2011,2016-03-31,0,"tumor suppression, ERK pathway"
"Rodier, Francis",Centre hospitalier de l'Universite de Montreal (CHUM),Quebec,Operating Grant,201103MOP,Cancer Biology & Therapeutics,Mechanisms regulating persistent DNA damage signaling and the linked control of cell proliferation and extracellular signals,"$606,634 ", $-   , $-   ,,5 yrs 0 mth ,Cancer Research,NEOPLASMS; CANCER THERAPY GENERAL; CANCER; AGING,10/1/2011,2016-09-30,3,"DNA damage, cell proliferation, signaling"
"Mulligan, Lois M","Queen's University (Kingston, Ontario)",Ontario,Operating Grant,201503MOP,Cancer Biology & Therapeutics,Mechanisms regulating RET receptor-mediated tumourigenesis,"$695,582 ", $-   , $-   ,,5 yrs 0 mth ,Cancer Research,NEOPLASMS; MULTIPLE DISEASE RELEVANCE; CANCER; CELL BIOLOGY,7/1/2015,2021-06-30,0,"RET, receptor, tumourigenesis"
"Ursini-Siegel, Giuseppina",CIUSSS de Centre-Ouest-de-l'Ile-de-Montreal-Jewish General,Quebec,Operating Grant,201009MOP,Cancer Progression & Therapeutics 2,Mechanisms through which ShcA integrates tyrosine kinase signaling to promote breast cancer progression,"$681,336 ", $-   , $-   ,,5 yrs 0 mth ,Cancer Research,BREAST CANCER; CANCER; MOLECULAR BIOLOGY,4/1/2011,2016-03-31,0,"ShcA, tyrosine kinase, breast cancer"
"Mahoney, Douglas J",University of Calgary,Alberta,Project Grant,201903PJT,Cancer Biology & Therapeutics,Mechanisms underlying oncolytic rhabdovirus-mediated anticancer immunity,"$822,376 ", $-   , $-   ,,5 yrs 0 mth ,Cancer Research,"Cancer-Cancer Drug Development and Therapeutics; Immunology and Infection-Transplantation, Immune Tolerance and Tumor Immunology; Immunology and Infection-Virology",10/1/2019,2024-09-30,0,"oncolytic, rhabdovirus, anticancer"
"Jones, Glenville","Queen's University (Kingston, Ontario)",Ontario,Operating Grant: Industry-partnered Collaborative Research - Other Partner,200903ISO,Industry Partnered Collaborative Research,Mechanistic basis for the metabolic differences between vitamin D2 and vitamin D3,"$84,359 ","$5,000 ", $-   ,,1 yr 0 mth ,"Nutrition, Metabolism and Diabetes",ENDOCRINOLOGY; METABOLISM AND NUTRITION; BIOCHEMISTRY,10/1/2009,2010-09-30,0,"metabolic, vitamin D, D2, D3"
"McGaha, Tracy",University Health Network (Toronto),Ontario,Project Grant,201809PJT,Cancer Biology & Therapeutics,Mechanistic studies of macrophages and the tumour microenvironment as immunologic barriers to therapy in pancreatic ductal adenocarcinoma,"$1,059,525 ", $-   , $-   ,,5 yrs 0 mth ,Infection and Immunity,"Immunology and Infection-Transplantation, Immune Tolerance and Tumor Immunology",4/1/2019,2024-03-31,1,"macrophages, tumour microenvironment, pancreatic ductal adenocarcinoma"
"Penninger, Josef",University of British Columbia,British Columbia,Operating Grant: COVID-19 Rapid Research Funding Opportunity - Therapeutics,202005VR3,COVID-19 Rapid Research - Therapeutics,Mechanistic studies on ACE2 as a rational therapy for COVID-19,"$578,090 ", $-   , $-   ,,1 yr 0 mth ,Circulatory and Respiratory Health,RESPIRATION; VIRAL; DRUG RESEARCH,6/1/2020,2021-05-31,4,"ACE2, COVID-19, therapy"
"Trejos, Ana Luisa",Western University (Ontario),Ontario,Collaborative Health Research Projects (NSERC partnered),201711CPG,Collaborative Health Research Projects - NSERC Partnered,Mechatronic Device for Multimodal Suppression of Parkinsonian Tremor,"$207,246 ","$4,223 ", $-   ,,3 yrs 0 mth ,Musculoskeletal Health and Arthritis,"PARKINSON'S DISEASE; HEALTH CARE DELIVERY; HEALTH RESEARCH; MUSCLE, BONE, OR JOINT",4/1/2018,2021-03-31,1,"Mechatronic, Suppression, Tremor"
"Nabi, Ivan R",University of British Columbia,British Columbia,Operating Grant,201209MOP,Cancer Biology & Therapeutics,Membrane domain regulation of receptor signaling,"$867,203 ", $-   , $-   ,,5 yrs 0 mth ,Cancer Research,CANCER THERAPY GENERAL; THYROID; CANCER; CELL BIOLOGY,4/1/2013,2018-03-31,1,"Membrane, receptor, signaling"
"Zeng, Haishan",University of British Columbia,British Columbia,Operating Grant,200909MOP,Medical Physics & Imaging,MEMS Enabled Reflectance Confocal Microscopy for Early GI Cancer Detection,"$293,915 ", $-   , $-   ,,3 yrs 0 mth ,Cancer Research,GASTRO-INTESTINAL CANCER; MULTIDISCIPLINARY; IMAGING; CANCER,4/1/2010,2013-03-31,2,"MEMS, Confocal Microscopy, GI Cancer"
"Kreindler, David","Sunnybrook Research Institute (Toronto, Ontario)",Ontario,Catalyst Grant: eHealth Innovations,201210CEH,e-Health Innovation Partnership Program (eHIPP),Mental Health Telemetry for Self-Management in Major Depression,"$96,207 ", $-   , $-   ,,1 yr 0 mth ,"Neurosciences, Mental Health and Addiction",HEALTH PROMOTION; MENTAL HEALTH,3/1/2013,2014-02-28,0,"Mental Health, Telemetry, Depression"
"Lum, Julian J",University of Victoria (British Columbia),British Columbia,Project Grant,202309PJT,Cancer Biology & Therapeutics,Metabolic Insights into Immune Suppression in Ovarian Cancer,"$1,101,600 ", $-   , $-   ,,5 yrs 0 mth ,Cancer Research,"Cancer-Cancer Drug Development and Therapeutics; Cancer-Cancer Progression and Metastasis; Immunology and Infection-Transplantation, Immune Tolerance and Tumor Immunology",4/1/2024,2029-03-31,0,"Metabolic, Immune Suppression, Ovarian Cancer"
"Minchinton, Andrew I",University of British Columbia,British Columbia,Operating Grant,201309MOP,Cancer Biology & Therapeutics,Metabolic manipulation of hypoxia and radiotherapy response,"$727,090 ", $-   , $-   ,,5 yrs 0 mth ,Cancer Research,CANCER THERAPY GENERAL,4/1/2014,2019-03-31,2,"metabolic, hypoxia, radiotherapy"
"Minchinton, Andrew I",University of British Columbia,British Columbia,Project Grant,202109PJT,Cancer Biology & Therapeutics 2,Metabolic manipulation of hypoxia for improved radiotherapy response,"$677,024 ", $-   , $-   ,,4 yrs 0 mth ,Cancer Research,Cancer-Cancer Drug Development and Therapeutics,4/1/2022,2026-03-31,1,"metabolic manipulation, hypoxia, radiotherapy"
"Spaner, David E","Sunnybrook Research Institute (Toronto, Ontario)",Ontario,Operating Grant,200809MOP,Cancer Biology & Therapeutics,Metabolic Regulation of Toll-like Receptor Agonist Therapy in Leukemia,"$380,709 ", $-   , $-   ,,3 yrs 0 mth ,Cancer Research,LEUKAEMIAS; CANCER THERAPY GENERAL; CANCER; IMMUNOLOGY-TRANSPLANTATION,4/1/2009,2012-03-31,0,"Metabolic, Toll-like Receptor, Leukemia"
"Dennis, James W",Sinai Health System (Toronto),Ontario,Operating Grant,201403MOP,Cancer Progression & Therapeutics 2,Metabolic reprogramming in cancer cells and the hexosamine biosynthesis pathway,"$664,934 ", $-   , $-   ,,5 yrs 0 mth ,Cancer Research,CANCER THERAPY GENERAL; METABOLISM AND NUTRITION; CANCER; METABOLISM/DIABETES,7/1/2014,2019-06-30,0,"metabolic reprogramming, cancer cells, hexosamine biosynthesis"
"Davenport Huyer, Locke S",Dalhousie University (Nova Scotia),Nova Scotia,Project Grant,202309PJT,Biomedical Engineering,Metabolite-based Immunoregulatory Polymer Surgical Meshes for Pelvic Floor Reconstructive Surgery,"$918,000 ", $-   , $-   ,,5 yrs 0 mth ,Infection and Immunity,"Biomedical Engineering-Biomaterials, Nanotechnology and Biomechanics",4/1/2024,2029-03-31,1,"Metabolite, Immunoregulatory, Polymer"
"Hampson, David R",University of Toronto,Ontario,Operating Grant: Industry-partnered Collaborative Research - Rx&D partner,201103IRO,Industry Partnered Collaborative Research,Metabotropic Glutamate and GABA Receptors in Neuroinflammation,"$193,701 ","$4,785 ", $-   ,,3 yrs 0 mth ,"Neurosciences, Mental Health and Addiction",AUTISM; MENTAL DISABILITY; MENTAL HEALTH; DRUG RESEARCH,10/1/2011,2014-09-30,1,"Glutamate, GABA, Receptors"
"Minchinton, Andrew I",University of British Columbia,British Columbia,Operating Grant,201109MOP,Cancer Biology & Therapeutics,Microenvironmental strategies for the optimal utilization of anti-angiogenic drugs combinations,"$662,588 ", $-   , $-   ,,4 yrs 0 mth ,Cancer Research,CANCER THERAPY GENERAL; CANCER,4/1/2012,2016-03-31,0,"microenvironment, anti-angiogenic, drugs"
"Juncker, David",McGill University,Quebec,Project Grant,201803PJT,Biomedical Engineering,Microfiltration of Circulating and Disseminated Tumor Cells in Ovarian Cancer: From Monitoring Therapeutic Response Towards Predicting Disease Outcome,"$382,500 ", $-   , $-   ,,3 yrs 0 mth ,Cancer Research,"Biomedical Engineering-Biophysics, Medical Technologies and Instrumentation; Methods Development and Modelling-Quantitative Methods Development for Health Research; Cancer-Cancer Progression and Metastasis",10/1/2018,2021-09-30,0,"Microfiltration, Tumor Cells, Ovarian Cancer"
"Ma, Hongshen",University of British Columbia,British Columbia,Operating Grant,201109MOP,Biomedical Engineering,Microfluidic Device to Measure the Deformability of Stored Red Blood Cells,"$318,353 ", $-   , $-   ,,3 yrs 0 mth ,Circulatory and Respiratory Health,BLOOD; BIOPHYSICS,4/1/2012,2015-03-31,0,"microfluidic, deformability, red blood cells"
"Ma, Hongshen",University of British Columbia,British Columbia,Operating Grant - Priority Announcement: Blood Utilization and Conservation,201403BUC,Biomedical Engineering,Microfluidic Devices to Measure the Deformability of Stored Red Blood Cells, $-   , $-   ,"$398,301 ",Canadian Blood Services (Ottawa),3 yrs 0 mth ,Circulatory and Respiratory Health,BLOOD; BIOPHYSICS,10/1/2014,2017-09-30,1,"microfluidic, deformability, red blood cells"
"Ma, Hongshen",University of British Columbia,British Columbia,Operating Grant,201309MOP,Biomedical Engineering,Microfluidic Separation of Circulating Tumor Cells,"$632,779 ", $-   , $-   ,,4 yrs 0 mth ,Cancer Research,PROSTATE AND BLADDER CANCER; BLOOD; CANCER; BIOPHYSICS,4/1/2014,2018-03-31,0,"microfluidic, circulating tumor cells"
"Hansen, Carl L",University of British Columbia,British Columbia,Collaborative Health Research Projects (NSERC partnered),201410CPG,Collaborative Health Research Projects - NSERC Partnered,Microfluidic technology platform for selection of functional monoclonal antibodies with application to fibrosis,"$442,500 ", $-   , $-   ,,3 yrs 0 mth ,Musculoskeletal Health and Arthritis,MULTIDISCIPLINARY; NOT CLASSIFIED,4/1/2015,2018-03-31,3,"microfluidic, monoclonal antibodies, fibrosis"
"Liu, Fei-Fei",University Health Network (Toronto),Ontario,Operating Grant - PA: Cancer Research (bridge funding),201009IC1,Cancer Progression & Therapeutics 2,MicroRNA and mRNA Expression Profiling to Predict Outcome and Characterize the Cervix Cancer Microenvironment,"$100,000 ", $-   , $-   ,,1 yr 0 mth ,Cancer Research,CANCER,3/1/2011,2012-02-29,0,"MicroRNA, mRNA, Cervix Cancer"
"Lesage, Frederic",Polytechnique Montreal,Quebec,Operating Grant,201303MOP,Medical Physics & Imaging,Microscopic underpinnings of brain oxygen delivery with aging.,"$554,138 ", $-   , $-   ,,5 yrs 0 mth ,Aging,AGING; ATHEROSCLEROSIS; BIOPHYSICS,10/1/2013,2018-09-30,0,"brain, oxygen, delivery"
"Baron, Corey A",Western University (Ontario),Ontario,Project Grant,202109PJT,Medical Physics & Imaging,Microstructural MRI in Temporal Lobe Epilepsy,"$581,400 ", $-   , $-   ,,5 yrs 0 mth ,"Neurosciences, Mental Health and Addiction",Biomedical Engineering-Biomedical Imaging; Neurosciences-Neurological disorders,4/1/2022,2027-03-31,0,"Microstructural MRI, Temporal Lobe Epilepsy"
"Kolios, Michael C",Toronto Metropolitan University,Ontario,Operating Grant,200903MOP,Medical Physics & Imaging,Mid to High frequency ultrasound imaging and spectroscopy for cancer treatment monitoring,"$427,592 ", $-   , $-   ,,3 yrs 0 mth ,Cancer Research,CANCER THERAPY GENERAL; MULTIDISCIPLINARY; BIOPHYSICS; IMAGING,10/1/2009,2012-09-30,9,"ultrasound, imaging, spectroscopy"
"Drake, James M",Hospital for Sick Children (Toronto),Ontario,Project Grant,202209PJT,Biomedical Engineering,Minimally Invasive Robotic Surgical Tools for In-utero Repair of Open Spina Bifida,"$397,800 ", $-   , $-   ,,4 yrs 0 mth ,"Human Development, Child and Youth Health","Biomedical Engineering-Biophysics, Medical Technologies and Instrumentation",4/1/2023,2027-03-31,0,"Robotic, Surgical, Spina Bifida"
"Messaddeq, Younes",Universite Laval,Quebec,Collaborative Health Research Projects (NSERC partnered),201410CPG,Collaborative Health Research Projects - NSERC Partnered,"Minimally-invasive, wireless, multimodal micro-optrodes for brain sensing","$375,000 ", $-   , $-   ,,3 yrs 0 mth ,"Neurosciences, Mental Health and Addiction",MENTAL AND BEHAVIOURAL DISEASES; MULTIPLE DISEASE RELEVANCE; MENTAL HEALTH; BIOPHYSICS,4/1/2015,2018-03-31,0,"micro-optrodes, brain sensing, wireless"
"Moorehead, Roger A",University of Guelph,Ontario,Operating Grant,201403MOP,Cancer Biology & Therapeutics,miRNA function in breast cancer,"$589,508 ", $-   , $-   ,,5 yrs 0 mth ,Cancer Research,BREAST CANCER; BREAST CANCER THERAPY; CANCER; CELL BIOLOGY,7/1/2014,2019-06-30,0,"miRNA, breast cancer"
"Kelley, Shana O",University of Toronto,Ontario,Operating Grant,201109MOP,Cancer Progression & Therapeutics,Mitochondrial delivery of DNA-alkylating anticancer agents,"$514,560 ", $-   , $-   ,,4 yrs 0 mth ,Cancer Research,CANCER THERAPY GENERAL; LEUKAEMIAS; CANCER; GENETICS,4/1/2012,2016-03-31,0,"Mitochondrial, DNA-alkylating, anticancer"
"Fichtinger, Gabor","Queen's University (Kingston, Ontario)",Ontario,Collaborative Health Research Projects (NSERC partnered),201410CPG,Collaborative Health Research Projects - NSERC Partnered,Mobile Image Overlay System (MIOS) for Musculoskeletal Needle Placement Guidance,"$138,013 ", $-   , $-   ,,3 yrs 0 mth ,Musculoskeletal Health and Arthritis,"MUSCULO SKELETAL; CANCER THERAPY GENERAL; IMAGING; MUSCLE, BONE, OR JOINT",4/1/2015,2018-03-31,2,"Mobile, Image Overlay, Needle Placement"
"Yong, Voon W",University of Calgary,Alberta,Project Grant,201709PJT,Cancer Progression & Therapeutics 2,Mobilizing anti-tumor microglia/macrophages with niacin to improve the prognosis of glioblastoma: Bench to clinical trial and back.,"$1,243,125 ", $-   , $-   ,,5 yrs 0 mth ,Cancer Research,"Cancer-Cancer Drug Development and Therapeutics; Neurosciences-Neuroinflammation; Immunology and Infection-Transplantation, Immune Tolerance and Tumor Immunology",4/1/2018,2019-06-30,0,"microglia, glioblastoma, niacin"
"Dirks, Peter B",Hospital for Sick Children (Toronto),Ontario,Project Grant,201909PJT,Cancer Biology & Therapeutics 2,Modeling brain cancer in a regionally defined human neural stem cell system,"$956,250 ", $-   , $-   ,,5 yrs 0 mth ,Cancer Research,"Cancer-Mechanisms of Carcinogenesis; Cancer-Pediatric Cancer; Neurosciences-Neurodevelopment; cancer progression, pediatric cancer",4/1/2020,2025-03-31,1,"brain cancer, neural stem cells, modeling"
"Funnell, W. Robert J.",McGill University,Quebec,Project Grant,202303PJT,Biomedical Engineering,Modelling and machine learning for newborn hearing screening,"$876,690 ", $-   , $-   ,,5 yrs 0 mth ,"Human Development, Child and Youth Health","Neurosciences-Sensory Systems (including visual, auditory and pain); Methods Development and Modelling-Computational Biology; Biomedical Engineering-Biomaterials, Nanotechnology and Biomechanics; Computational biology is here taken to include, for example, mathematical modelling of biomechanics",10/1/2023,2028-09-30,0,"modelling, machine learning, hearing screening"
"Burnier, Julia",Research Institute of the McGill University Health Centre,Quebec,Project Grant,202303PJT,Cancer Progression & Therapeutics,Modelling cancer cell-derived extracellular vesicles using synthetic nanoparticles,"$960,076 ", $-   , $-   ,,5 yrs 0 mth ,Cancer Research,"Cancer-Cancer Progression and Metastasis; Biomedical Engineering-Biomaterials, Nanotechnology and Biomechanics",10/1/2023,2028-09-30,0,"cancer, extracellular vesicles, nanoparticles"
"El Naqa, Issam M",Research Institute of the McGill University Health Centre,Quebec,Operating Grant,201103MOP,Medical Physics & Imaging,Modelling of Radiotherapy Induced Damage in Locally Advanced Lung Cancer by a Novel System Radiobiology Approach,"$678,951 ", $-   , $-   ,,5 yrs 0 mth ,Cancer Research,LUNG CANCER THERAPY; LUNG CANCER; CANCER,10/1/2011,2016-09-30,0,"Radiotherapy, Lung Cancer, Radiobiology"
"Pelletier, Jerry M",McGill University,Quebec,Operating Grant,201003MOP,Cancer Progression & Therapeutics 2,Modelling Translation Inhibition as Cancer Therapy,"$797,054 ", $-   , $-   ,,5 yrs 0 mth ,Cancer Research,NEOPLASMS; LEUKAEMIAS; CANCER; GENETICS,10/1/2010,2015-09-30,2,"Translation, Inhibition, Cancer"
"Graham, Simon J","Sunnybrook Research Institute (Toronto, Ontario)",Ontario,Project Grant,202209PJT,Medical Physics & Imaging,"Modernizing Classic Tests of Cognition using Computerized Tablets, Eye-tracking and Functional Neuroimaging","$1,328,230 ", $-   , $-   ,,5 yrs 0 mth ,"Neurosciences, Mental Health and Addiction","Neurosciences-Cognition, Communication and Behaviour (including sleep and memory)",4/1/2023,2028-03-31,0,"Cognition, Eye-tracking, Neuroimaging"
"Kizhakkedathu, Jayachandran N",University of British Columbia,British Columbia,Operating Grant,200903MOP,Biomedical Engineering,Modular Design of Macromolecular Iron Chelator Structures for Chelation Therapy: Towards Effective Prevention of Primary and Transfusional Iron Overload,"$385,110 ", $-   , $-   ,,3 yrs 0 mth ,Circulatory and Respiratory Health,BLOOD,10/1/2009,2012-09-30,0,"Macromolecular, Iron, Chelator"
"Sefton, Michael V",University of Toronto,Ontario,Operating Grant,201103MOP,Biomedical Engineering,Modular Tissue Engineering for Islet Transplantation,"$346,262 ", $-   , $-   ,,3 yrs 0 mth ,"Nutrition, Metabolism and Diabetes",DIABETES MELLITUS; SKIN AND SUBCUTANEOUS TISSUS; METABOLISM/DIABETES; IMMUNOLOGY-TRANSPLANTATION,10/1/2011,2014-09-30,1,"Tissue engineering, Islet transplantation"
"Stefanovic, Bojana","Sunnybrook Research Institute (Toronto, Ontario)",Ontario,Project Grant,201709PJT,Medical Physics & Imaging,Modulating peri-ischemic neuronal hyperexcitability,"$918,000 ", $-   , $-   ,,5 yrs 0 mth ,"Neurosciences, Mental Health and Addiction",Biomedical Engineering-Biomedical Imaging,4/1/2018,2023-03-31,0,"peri-ischemic, neuronal, hyperexcitability"
"Saibil, Samuel D",University Health Network (Toronto),Ontario,Project Grant,202203PJT,Cancer Biology & Therapeutics,Modulating T cell metabolism to enhance the efficacy of adoptive cell therapy,"$516,376 ", $-   , $-   ,,5 yrs 0 mth ,Cancer Research,"Cancer-Cancer Drug Development and Therapeutics; Immunology and Infection-Transplantation, Immune Tolerance and Tumor Immunology",10/1/2022,2027-09-30,0,"T cell, metabolism, adoptive cell therapy"
"Sevigny, Jean",Universite Laval,Quebec,Operating Grant: Industry-partnered Collaborative Research - Rx&D partner,200909IRO,Industry Partnered Collaborative Research,Modulation de la pression arterielle par la NTPDase1 et les nucleotides extracellulaires,"$42,500 ", $-   , $-   ,,2 yrs 0 mth ,Circulatory and Respiratory Health,HYPERTENSION; CARDIOLOGY; CARDIOVASCULAR,4/1/2010,2012-03-31,0,"pressure, NTPDase1, nucleotides"
"Roger, Michel",Centre hospitalier de l'Universite de Montreal (CHUM),Quebec,Catalyst Grant: Innovation in HIV Vaccine and HIV Cure Research,201211CHR,HIV Vaccine and Cure Research,Modulation of BLyS levels to restore immune efficiency and reduce HIV targets.,"$100,000 ", $-   , $-   ,,1 yr 0 mth ,Infection and Immunity,AIDS; VIRAL; IMMUNOLOGY-TRANSPLANTATION; VIROLOGY,3/1/2013,2014-02-28,0,"BLyS, immune, HIV"
"Wurtele, Hugo",CIUSSS Est-de-l'Ile-de- Montreal-Maisonneuve Rosemont,Quebec,Project Grant,201709PJT,Cancer Biology & Therapeutics,Modulation of UV damage repair by replicative stress-induced RPA exhaustion during skin cancer development,"$791,775 ", $-   , $-   ,,5 yrs 0 mth ,Cancer Research,"Cancer-Mechanisms of Carcinogenesis; Molecular, Cellular and Systems Biology-Molecular Biology; Genetics-Genomics, Transcriptomics and Proteomics",4/1/2018,2023-03-31,0,"UV damage, RPA exhaustion, skin cancer"
"Zemp, Roger J",University of Alberta,Alberta,Collaborative Health Research Projects (NSERC partnered),201310CPG,Collaborative Health Research Projects - NSERC Partnered,Modulation-Encoded Micromachined Transducer Arrays for Ultrasound and Photoacoustic Imaging of Prostate and Colorectal Cancer,"$274,000 ", $-   , $-   ,,3 yrs 0 mth ,Cancer Research,PROSTATE AND BLADDER CANCER; GASTRO-INTESTINAL CANCER; IMAGING; CANCER,4/1/2014,2017-03-31,9,"Micromachined, Transducer, Imaging"
"Jones, Steven","Simon Fraser University (Burnaby, B.C.)",British Columbia,Operating Grant,201503MOP,Cancer Progression & Therapeutics,Modulators of epigenomic processes - a novel approach to cancer therapy,"$560,420 ", $-   , $-   ,,4 yrs 0 mth ,Cancer Research,CANCER THERAPY GENERAL; CANCER; DRUG RESEARCH,7/1/2015,2019-06-30,0,"epigenomic, modulators, cancer"
"Paterson, Ian",University of Alberta,Alberta,Operating Grant: COVID-19 Rapid Research Funding Opportunity - Diagnostics,202005VR2,COVID-19 Rapid Research - Diagnostics,MOIST study: Multi-Organ Imaging with Serial Testing in COVID-19 infected patients,"$342,369 ", $-   , $-   ,,1 yr 0 mth ,Circulatory and Respiratory Health,VIRAL; CARDIOLOGY; CARDIOVASCULAR; RESPIRATION,6/1/2020,2021-05-31,0,"Multi-Organ, Imaging, COVID-19"
"Ramaswamy, Vijay",Hospital for Sick Children (Toronto),Ontario,Project Grant,201803PJT,Cancer Progression & Therapeutics 2,Molecular and Functional Characterization of Childhood Ependymoma,"$914,176 ", $-   , $-   ,,5 yrs 0 mth ,Cancer Research,Cancer-Pediatric Cancer; Cancer-Cancer Drug Development and Therapeutics; Cancer-Cancer Progression and Metastasis,10/1/2018,2023-09-30,0,"Molecular, Functional, Ependymoma"
"Wong, Judy M",University of British Columbia,British Columbia,Project Grant,202109PJT,Cancer Biology & Therapeutics,Molecular and Functional Genomic Characterization of G-quadruplex in Cancers with the Alternate Lengthening of Telomere (ALT) Mechanism,"$948,600 ", $-   , $-   ,,5 yrs 0 mth ,Cancer Research,"Cancer-Cancer Drug Development and Therapeutics; Genetics-Molecular and Functional Genetics and Epigenetics; Molecular, Cellular and Systems Biology-Biochemistry",4/1/2022,2027-03-31,0,"G-quadruplex, Genomic, Telomere"
"Alaoui-Jamali, Moulay A",CIUSSS de Centre-Ouest-de-l'Ile-de-Montreal-Jewish General,Quebec,Operating Grant - PA: Institute of Cancer Research (bridge funding),200909IC3,Cancer Progression & Therapeutics,Molecular and Translational Studies of Filamin Signaling Network in Invasive Cancer,"$100,000 ", $-   , $-   ,,1 yr 0 mth ,Cancer Research,CANCER THERAPY GENERAL; NEOPLASMS; CANCER; CELL BIOLOGY,3/1/2010,2011-02-28,0,"Filamin, Signaling, Cancer"
"Hawkins, Cynthia E",Hospital for Sick Children (Toronto),Ontario,Project Grant,201803PJT,Cancer Progression & Therapeutics 2,Molecular based approach for discovery and improved outcome for children and young adults with low grade glioma,"$940,950 ", $-   , $-   ,,5 yrs 0 mth ,Cancer Research,Cancer-Pediatric Cancer,10/1/2018,2023-09-30,0,"molecular, glioma, children"
"Huang, Annie",Hospital for Sick Children (Toronto),Ontario,Project Grant,201809PJT,Cancer Progression & Therapeutics 2,Molecular Basis of Clinical Heterogeneity in Rhabdoid Brain Tumours,"$1,023,190 ", $-   , $-   ,,5 yrs 0 mth ,Cancer Research,Cancer-Pediatric Cancer,4/1/2019,2024-03-31,0,"Molecular, Rhabdoid, Brain Tumours"
"Li, Hongbin",University of British Columbia,British Columbia,Operating Grant,200903MOP,Biomedical Engineering,Molecular basis of tenascin elasticity and mechanotransduction,"$544,236 ", $-   , $-   ,,5 yrs 0 mth ,Musculoskeletal Health and Arthritis,"MUSCULO SKELETAL; INJURY, REGENERATION; BIOPHYSICS; BIOCHEMISTRY",10/1/2009,2014-09-30,0,"tenascin, elasticity, mechanotransduction"
"Labbe, David",Research Institute of the McGill University Health Centre,Quebec,Project Grant,201809PJT,Cancer Biology & Therapeutics 2,Molecular basis to diet-dependent chromatin dependencies in prostate cancer,"$967,725 ", $-   , $-   ,,5 yrs 0 mth ,Cancer Research,"Cancer-Mechanisms of Carcinogenesis; Genetics-Molecular and Functional Genetics and Epigenetics; Molecular, Cellular and Systems Biology-Molecular Biology",4/1/2019,2024-03-31,0,"molecular, chromatin, prostate cancer"
"Ohh, Michael",University of Toronto,Ontario,Operating Grant,201403MOP,Cancer Progression & Therapeutics,Molecular characterization of EpoR regulation in cancer progression,"$834,840 ", $-   , $-   ,,5 yrs 0 mth ,Cancer Research,NEOPLASMS; BLOOD; CANCER; MOLECULAR BIOLOGY,7/1/2014,2019-06-30,0,"EpoR, cancer, regulation"
"Ohh, Michael",University of Toronto,Ontario,Operating Grant,201109MOP,Cancer Progression & Therapeutics,Molecular characterization of JMML,"$782,020 ", $-   , $-   ,,5 yrs 0 mth ,Cancer Research,LEUKAEMIAS; CANCER THERAPY GENERAL; CANCER; MOLECULAR BIOLOGY,4/1/2012,2017-03-31,0,"Molecular, characterization, JMML"
"Malkin, David D",Hospital for Sick Children (Toronto),Ontario,Operating Grant,201003MOP,Cancer Progression & Therapeutics,Molecular Determinants of Li-Fraumeni Syndrome Associated Cancers,"$748,696 ", $-   , $-   ,,5 yrs 0 mth ,Cancer Research,NEOPLASMS; CANCER; GENETICS,10/1/2010,2015-06-30,0,"Li-Fraumeni, Cancers, Molecular"
"Khokha, Rama",University Health Network (Toronto),Ontario,Operating Grant,201209MOP,Cancer Progression & Therapeutics,Molecular dissection of TIMP3-dependent hepatocellular carcinoma,"$623,520 ", $-   , $-   ,,5 yrs 0 mth ,Cancer Research,CANCER THERAPY GENERAL; LIVER DISEASE; CANCER,4/1/2013,2018-03-31,0,"TIMP3, hepatocellular carcinoma, molecular"
"O'Brien, Catherine A",University Health Network (Toronto),Ontario,Project Grant,202010PJT,Cancer Progression & Therapeutics,Molecular drivers of the drug tolerant persister state in patient-derived colorectal cancer models,"$960,075 ", $-   , $-   ,,5 yrs 0 mth ,Cancer Research,Cancer-Cancer Progression and Metastasis,4/1/2021,2026-03-31,0,"molecular drivers, drug tolerant, colorectal cancer"
"Kislinger, Thomas",University Health Network (Toronto),Ontario,Operating Grant,200809MOP,Cancer Progression & Therapeutics,Molecular dynamics of the cell-surface proteome in primary prostate cancer cells: Towards a community resource for therapeutic intervention and biomarker discovery,"$383,699 ", $-   , $-   ,,3 yrs 0 mth ,Cancer Research,"PROSTATE AND BLADDER CANCER THERAPY; GENOMICS, PROTEOMICS, AND BIOINFORMATICS; CANCER",4/1/2009,2012-03-31,2,"molecular dynamics, cell-surface proteome, prostate cancer"
"Pugh, Trevor J",University Health Network (Toronto),Ontario,Project Grant,201803PJT,Cancer Progression & Therapeutics,Molecular evolution of myeloma from precursor through to relapsed disease,"$390,152 ", $-   , $-   ,,4 yrs 0 mth ,Cancer Research,"Cancer-Cancer Progression and Metastasis; Genetics-Genomics, Transcriptomics and Proteomics",10/1/2018,2022-09-30,0,"molecular evolution, myeloma, relapse"
"Rosen, Kirill V",Dalhousie University (Nova Scotia),Nova Scotia,Project Grant,201709PJT,Cancer Biology & Therapeutics 2,Molecular hallmarks of breast cancer sensitivity to ErbB2-targeted therapies,"$684,675 ", $-   , $-   ,,5 yrs 0 mth ,Cancer Research,"Cancer-Cancer Progression and Metastasis; Molecular, Cellular and Systems Biology-Cell Signaling",4/1/2018,2023-03-31,0,"molecular, breast cancer, ErbB2"
"Wuest, Frank",University of Alberta,Alberta,Operating Grant,200903MOP,Medical Physics & Imaging,Molecular imaging of cyclooxygenase-2 (COX-2) expression in vivo by means of positron emission tomography (PET),"$321,076 ", $-   , $-   ,,3 yrs 0 mth ,Cancer Research,GASTRO-INTESTINAL CANCER; DRUGS- PHARMACEUTICAL SCIENCE/CHEMISTRY & NON MEDICAL USE OF DRUGS; IMAGING; CANCER,10/1/2009,2012-09-30,0,"molecular imaging, cyclooxygenase-2, positron emission tomography"
"Berman, Jason N",IWK Health Centre (Halifax),Nova Scotia,Operating Grant - PA: Regional Partnership Program - Nova Scotia,201103RNS,Cancer Progression & Therapeutics,Molecular interrogation and a small molecule screen of NUP98-HOXA9 induced AML in the zebrafish,"$168,452 ", $-   , $-   ,,3 yrs 0 mth ,Cancer Research,LEUKAEMIAS; CANCER; BLOOD,10/1/2011,2014-09-30,0,"NUP98-HOXA9, small molecule, AML"
"Mazer, Bruce D",Research Institute of the McGill University Health Centre,Quebec,Operating Grant: Industry-partnered Collaborative Research - Other Partner,201103ISO,Industry Partnered Collaborative Research,Molecular mechanism for immunoprotection and Treg induction by polyspecific immunoglobulins (IVIg),"$165,000 ", $-   , $-   ,,3 yrs 0 mth ,Circulatory and Respiratory Health,ASTHMA; MULTIPLE DISEASE RELEVANCE; IMMUNOLOGY-TRANSPLANTATION; DRUG RESEARCH,10/1/2011,2014-09-30,0,"immunoprotection, Treg, immunoglobulins"
"Li, Hongbin",University of British Columbia,British Columbia,Project Grant,202403PJT,Biomedical Engineering,Molecular Mechanism for the Regulation of Titin Elasticity and Myocardial Stiffness by Oxidative Stress,"$722,926 ", $-   , $-   ,,5 yrs 0 mth ,Circulatory and Respiratory Health,"Biomedical Engineering-Biomaterials, Nanotechnology and Biomechanics; Biomedical Engineering-Biophysics, Medical Technologies and Instrumentation",10/1/2024,2029-09-30,0,"Titin, Elasticity, Oxidative Stress"
"Xiao, Wei",University of Saskatchewan,Saskatchewan,Operating Grant,200809MOP,Cancer Biology & Therapeutics,Molecular mechanisms of DNA damage tolerance - A yeast model,"$492,133 ", $-   , $-   ,,4 yrs 0 mth ,Cancer Research,CARCINOGENS (INCL ENVIRONMENTAL); CANCER THERAPY GENERAL; CANCER; GENETICS,4/1/2009,2013-03-31,1,"DNA, damage, yeast"
"Lam, Wan L",University of British Columbia,British Columbia,Operating Grant,200810MOP,Cancer Progression & Therapeutics,Molecular mechanisms of lung cancer development in former smokers,"$100,000 ", $-   , $-   ,,1 yr 0 mth ,Cancer Research,LUNG CANCER; POPULATION HEALTH; CANCER; GENETICS,3/1/2009,2012-09-30,0,"molecular, lung cancer, smokers"
"Lam, Wan L",University of British Columbia,British Columbia,Operating Grant,200903MOP,Cancer Progression & Therapeutics,Molecular mechanisms of lung cancer development in former smokers,"$431,680 ", $-   , $-   ,,3 yrs 0 mth ,Cancer Research,LUNG CANCER; POPULATION HEALTH; CANCER; GENETICS,10/1/2009,2012-09-30,0,"molecular, lung cancer, smokers"
"Mahshid, Sara",McGill University,Quebec,Project Grant,202403PJT,Biomedical Engineering 2,Molecular profiling of single extracellular vesicles reveals therapeutic effects of temozolomide in GBM patients,"$677,026 ", $-   , $-   ,,5 yrs 0 mth ,Cancer Research,"Biomedical Engineering-Biophysics, Medical Technologies and Instrumentation",10/1/2024,2029-09-30,0,"molecular profiling, extracellular vesicles, temozolomide"
"Jiang, Xiaoyan",University of British Columbia,British Columbia,Operating Grant,201109MOP,Cancer Progression & Therapeutics,Molecular Targeting of Critical Domains of AHI-1 Oncoprotein in Chronic Myeloid Leukemia Stem Cells Resistant to Current Tyrosine Kinase Inhibitor Therapy,"$636,768 ", $-   , $-   ,,4 yrs 0 mth ,Cancer Research,LEUKAEMIAS; BLOOD; CANCER; BIOCHEMISTRY,4/1/2012,2016-03-31,0,"AHI-1, Leukemia, Kinase"
"Rutka, James T",Hospital for Sick Children (Toronto),Ontario,Operating Grant,200909MOP,Cancer Biology & Therapeutics,Molecular targeting of the Rho-GTPase pathway in human astrocytomas,"$797,005 ", $-   , $-   ,,5 yrs 0 mth ,Cancer Research,BRAIN TUMORS (INCL. RETINAL TUMORS); BRAIN TUMORS THERAPY; CANCER; CELL BIOLOGY,4/1/2010,2015-03-31,0,"Rho-GTPase, molecular targeting, astrocytomas"
"Lu, Qing-Bin",University of Waterloo (Ontario),Ontario,Operating Grant,200909MOP,Medical Physics & Imaging,Molecular-Mechanism-Based Target Identification and Drug Discovery for Radiotherapy of Cancer,"$662,867 ", $-   , $-   ,,5 yrs 0 mth ,Cancer Research,CANCER THERAPY GENERAL; DRUGS- PHARMACEUTICAL SCIENCE/CHEMISTRY & NON MEDICAL USE OF DRUGS; BIOPHYSICS; CANCER,4/1/2010,2015-03-31,3,"molecular, target, radiotherapy"
"Soulez, Gilles",Centre hospitalier de l'Universite de Montreal (CHUM),Quebec,Operating Grant,201103MOP,Medical Physics & Imaging,"Monitoring of abdominal aortic aneurysm after endovascular repair by ultrasound elastography: feasibility, optimization and validation","$631,588 ", $-   , $-   ,,4 yrs 0 mth ,Circulatory and Respiratory Health,ATHEROSCLEROSIS; MULTIDISCIPLINARY; CARDIOVASCULAR; IMAGING,10/1/2011,2015-09-30,0,"abdominal aortic aneurysm, ultrasound elastography, endovascular repair"
"Santerre, Paul",University of Toronto,Ontario,Operating Grant,201009MOP,Biomedical Engineering,Monocyte directed tissue regeneration of a blood vessel substitute using a pro-cellular degradable tubular scaffold,"$379,080 ", $-   , $-   ,,3 yrs 0 mth ,Circulatory and Respiratory Health,CORONARY CIRCULATION (INCL. INSUFFICIENCY); ATHEROSCLEROSIS; CARDIOVASCULAR; HEALTH RESEARCH,4/1/2011,2014-03-31,0,"monocyte, tissue regeneration, blood vessel"
"Santerre, Paul",University of Toronto,Ontario,Operating Grant,201403MOP,Biomedical Engineering,Monocyte directed tissue regeneration of a blood vessel substitute using a pro-cellular degradable tubular scaffold,"$482,574 ", $-   , $-   ,,4 yrs 0 mth ,Circulatory and Respiratory Health,CORONARY CIRCULATION (INCL. INSUFFICIENCY); ATHEROSCLEROSIS; CARDIOVASCULAR; HEALTH RESEARCH,7/1/2014,2018-06-30,0,"monocyte, tissue regeneration, blood vessel"
"Seuntjens, Jan P",Research Institute of the McGill University Health Centre,Quebec,Operating Grant,200909MOP,Medical Physics & Imaging,"Monte Carlo-based mixed electron/photon beam inverse treatment planning, delivery and verification","$300,000 ", $-   , $-   ,,5 yrs 0 mth ,Cancer Research,CANCER THERAPY GENERAL; MULTIDISCIPLINARY; CANCER; HEALTH RESEARCH,4/1/2010,2015-03-31,2,"Monte Carlo, electron/photon, beam"
"Fenster, Aaron",Western University (Ontario),Ontario,Operating Grant,201503MOP,Medical Physics & Imaging,MR-Guided Focal Laser Thermal Ablation for Prostate Cancer therapy,"$419,820 ", $-   , $-   ,,3 yrs 0 mth ,Cancer Research,PROSTATE AND BLADDER CANCER THERAPY; IMAGING; CANCER,7/1/2015,2017-06-30,0,"MR-guided, laser ablation, prostate cancer"
"Fenster, Aaron",Western University (Ontario),Ontario,Operating Grant,201405MOP,Medical Physics & Imaging,MR-Guided Focal Laser Thermal Ablation of Prostate Cancer therapy,"$100,000 ", $-   , $-   ,,1 yr 0 mth ,Cancer Research,PROSTATE AND BLADDER CANCER THERAPY; IMAGING; CANCER,10/1/2014,2015-09-30,0,"MR, Laser, Prostate"
"Wright, Graham A","Sunnybrook Research Institute (Toronto, Ontario)",Ontario,Project Grant,201709PJT,Medical Physics & Imaging,MR-Guided Management of Occlusive Peripheral Arterial Disease,"$791,775 ", $-   , $-   ,,5 yrs 0 mth ,Circulatory and Respiratory Health,"Cardiovascular, Respiratory and Circulatory Systems-Cardiovascular and Circulatory Sciences",4/1/2018,2023-03-31,2,"MR, Peripheral Arterial Disease, Occlusive"
"Wright, Graham A","Sunnybrook Research Institute (Toronto, Ontario)",Ontario,Operating Grant,201209MOP,Medical Physics & Imaging,MR-Guided Revascularization of Occlusive Peripheral Arterial Disease,"$562,215 ", $-   , $-   ,,5 yrs 0 mth ,Circulatory and Respiratory Health,ATHEROSCLEROSIS; IMAGING; CARDIOVASCULAR,4/1/2013,2018-03-31,0,"MR, Revascularization, Peripheral Arterial Disease"
"Lau, Angus Z","Sunnybrook Research Institute (Toronto, Ontario)",Ontario,Project Grant,202010PJT,Medical Physics & Imaging,MR-Linac guided adaptive radiotherapy in glioblastoma multiforme,"$558,450 ", $-   , $-   ,,5 yrs 0 mth ,Cancer Research,Cancer-Cancer Progression and Metastasis; Biomedical Engineering-Biomedical Imaging,4/1/2021,2026-03-31,0,"MR, radiotherapy, glioblastoma"
"Masson, Jean-Yves",Universite Laval,Quebec,Operating Grant,200909MOP,Cancer Biology & Therapeutics,MRE11-RAD50-NBS1: at the crossroads of DNA double-strand break repair and Fanconi anemia,"$821,551 ", $-   , $-   ,,5 yrs 0 mth ,Genetics,CANCER THERAPY GENERAL; BREAST CANCER; BIOCHEMISTRY; CANCER,4/1/2010,2015-03-31,0,"DNA repair, double-strand break, Fanconi anemia"
"Macgowan, Christopher K",Hospital for Sick Children (Toronto),Ontario,Operating Grant,200903MOP,Medical Physics & Imaging,MRI Assessment of Pulmonary Vascular Remodelling and Vasoconstriction in Pulmonary Hypertension,"$233,833 ", $-   , $-   ,,3 yrs 0 mth ,Circulatory and Respiratory Health,MULTIDISCIPLINARY; MULTIPLE DISEASE RELEVANCE; IMAGING; CARDIOVASCULAR,10/1/2009,2012-09-30,0,"MRI, Pulmonary Vascular, Hypertension"
"Hoge, Richard D","CIUSSS du Centre-Sud-de-l'ele-de-Montreal (Montreal, Quebec)",Quebec,Operating Grant,201203MOP,Medical Physics & Imaging,MRI characterization of neurovascular function in carotid artery disease,"$672,197 ", $-   , $-   ,,5 yrs 0 mth ,"Neurosciences, Mental Health and Addiction",ATHEROSCLEROSIS; MENTAL AND BEHAVIOURAL DISEASES; IMAGING; NERVOUS SYSTEM,10/1/2012,2017-09-30,0,"MRI, neurovascular, carotid artery"
"Wright, Graham A","Sunnybrook Research Institute (Toronto, Ontario)",Ontario,Operating Grant,201309MOP,Medical Physics & Imaging,MRI for Arrhythmia Management in Ischemic Heart Disease,"$820,920 ", $-   , $-   ,,5 yrs 0 mth ,Circulatory and Respiratory Health,CARDIOLOGY; MYOCARDIAL INFARCTION; IMAGING; CARDIOVASCULAR,4/1/2014,2019-03-31,0,"MRI, Arrhythmia, Heart Disease"
"Wright, Graham A","Sunnybrook Research Institute (Toronto, Ontario)",Ontario,Project Grant,202104PJT,Medical Physics & Imaging,MRI for Arrhythmia Management in Ischemic Heart Disease,"$925,650 ", $-   , $-   ,,5 yrs 0 mth ,Circulatory and Respiratory Health,CARDIOLOGY; MYOCARDIAL INFARCTION; IMAGING; CARDIOVASCULAR,4/1/2014,2019-03-31,0,"MRI, Arrhythmia, Heart Disease"
"Sacher, Adrian G",University Health Network (Toronto),Ontario,Project Grant,201909PJT,Cancer Biology & Therapeutics,Mucosal Associated Invariant T-cells (MAIT cells) as Key Mediators of Anti-Tumor Immune Responses and the Microbiome Effect in Non-Small Cell Lung Cancer (NSCLC),"$283,051 ", $-   , $-   ,,3 yrs 0 mth ,Cancer Research,"Cancer-Cancer Drug Development and Therapeutics; Immunology and Infection-Transplantation, Immune Tolerance and Tumor Immunology; Genetics-Genomics, Transcriptomics and Proteomics",4/1/2020,2023-03-31,0,"MAIT cells, immune response, lung cancer"
"So, Aaron",London Health Sciences Centre Res. Inc. (Ont.),Ontario,Project Grant,201909PJT,Medical Physics & Imaging,Multi-centre diagnostic performance of dynamic CT perfusion for functional assessment of multi-vessel coronary artery disease with dense coronary calcification,"$581,246 ", $-   , $-   ,,3 yrs 0 mth ,Circulatory and Respiratory Health,"Cardiovascular, Respiratory and Circulatory Systems-Clinical and Translational Cardiovascular Sciences",4/1/2020,2023-03-31,1,"CT perfusion, coronary artery disease, calcification"
"Abolmaesumi, Purang",University of British Columbia,British Columbia,Project Grant,201803PJT,Medical Physics & Imaging,Multi-centre Temporal Ultrasound Image Analysis for Prostate Cancer Diagnosis,"$1,158,976 ", $-   , $-   ,,5 yrs 0 mth ,Cancer Research,Biomedical Engineering-Biomedical Imaging,10/1/2018,2023-09-30,2,"Ultrasound, Image Analysis, Prostate Cancer"
"Salcudean, Septimiu E",University of British Columbia,British Columbia,Project Grant,202303PJT,Medical Physics & Imaging,"Multi-modal, multi-parametric liver imaging for ultrasound-based stratification of patients with non-alcoholic fatty liver disease","$625,770 ", $-   , $-   ,,5 yrs 0 mth ,"Nutrition, Metabolism and Diabetes","Biomedical Engineering-Biomedical Imaging; Artificial Intelligence-Machine Learning; Digestive, Endocrine and Excretory Systems-Gastroenterology and Hepatology",10/1/2023,2028-09-30,0,"liver imaging, ultrasound, fatty liver"
"Kozlowski, Piotr",University of British Columbia,British Columbia,Operating Grant,201103MOP,Medical Physics & Imaging,Multi-parametric MRI for prostate cancer diagnosis and prognosis,"$627,332 ", $-   , $-   ,,5 yrs 0 mth ,Cancer Research,PROSTATE AND BLADDER CANCER,10/1/2011,2016-09-30,0,"MRI, prostate cancer, diagnosis"
"Gangloff, Anne",Universite Laval,Quebec,Project Grant,201903PJT,Cancer Progression & Therapeutics 2,Multi-pathway cholesterol depletion on top of FOLFIRINOX in newly diagnosed metastatic pancreatic adenocarcinoma: a feasibility and proof-of-concept study,"$153,000 ", $-   , $-   ,,2 yrs 0 mth ,Cancer Research,"Digestive, Endocrine and Excretory Systems-Gastroenterology and Hepatology",10/1/2019,2021-09-30,0,"cholesterol depletion, FOLFIRINOX, pancreatic adenocarcinoma"
"Macaulay, Calum E",University of British Columbia,British Columbia,Operating Grant,201503MOP,Medical Physics & Imaging,Multi-Scale Tissue System's Biology approach to Identify Lethal Prostate Cancer,"$511,228 ", $-   , $-   ,,4 yrs 0 mth ,Cancer Research,PROSTATE AND BLADDER CANCER; NEOPLASMS; IMAGING; CANCER,7/1/2015,2019-06-30,0,"Tissue, Prostate, Cancer"
"Juncker, David",McGill University,Quebec,Collaborative Health Research Projects (NSERC partnered),201210CPG,Collaborative Health Research Projects - NSERC Partnered,Multidimensional separation isolation and characterization of circulating tumour cells,"$343,124 ", $-   , $-   ,,3 yrs 0 mth ,Cancer Research,BREAST CANCER; CANCER,4/1/2013,2016-03-31,1,"multidimensional separation, circulating tumour cells, isolation"
"Foster, F. Stuart","Sunnybrook Research Institute (Toronto, Ontario)",Ontario,Operating Grant,201209MOP,Medical Physics & Imaging,Multifrequency Ultrasound: Technology and Applications,"$414,316 ", $-   , $-   ,,3 yrs 0 mth ,Cancer Research,CANCER THERAPY GENERAL; IMAGING; CANCER,4/1/2013,2016-03-31,0,"Ultrasound, Multifrequency"
"Grova, Christophe",McGill University,Quebec,Operating Grant,201309MOP,Medical Physics & Imaging,Multimodal identification of the neurovascular coupling within the epileptogenic network,"$486,582 ", $-   , $-   ,,4 yrs 0 mth ,"Neurosciences, Mental Health and Addiction",EPILEPSY; IMAGING; NERVOUS SYSTEM,4/1/2014,2018-03-31,0,"neurovascular, coupling, epileptogenic"
"Cheriet, Farida",Polytechnique Montreal,Quebec,Project Grant,201709PJT,Biomedical Engineering,Multimodal Image-based Simulation Tool to Support Decision-Making in Scoliosis Surgery,"$420,750 ", $-   , $-   ,,3 yrs 0 mth ,Musculoskeletal Health and Arthritis,Biomedical Engineering-Biomedical Imaging,4/1/2018,2021-03-31,0,"Multimodal, Image-based, Scoliosis"
"Kadoury, Samuel",Polytechnique Montreal,Quebec,Project Grant,202010PJT,Medical Physics & Imaging,Multimodal Sensing Guidewire with Random Optical Gratings by Ultraviolet laser Exposure for Peripheral Vascular Interventions,"$543,150 ", $-   , $-   ,,5 yrs 0 mth ,Circulatory and Respiratory Health,"Biomedical Engineering-Biophysics, Medical Technologies and Instrumentation",4/1/2021,2026-03-31,0,"Sensing, Guidewire, Optical Gratings"
"Zeng, Haishan",University of British Columbia,British Columbia,Project Grant,201903PJT,Medical Physics & Imaging,Multiphoton Photothermolysis Based Laser Therapy for Precision Treatment of Neovascular Eye Diseases,"$711,451 ", $-   , $-   ,,4 yrs 0 mth ,"Neurosciences, Mental Health and Addiction","Biomedical Engineering-Biophysics, Medical Technologies and Instrumentation; Biomedical Engineering-Biomedical Imaging; Neurosciences-Sensory Systems (including visual, auditory and pain)",10/1/2019,2023-09-30,0,"Multiphoton, Photothermolysis, Laser"
"Boulanger, Pierre B",University of Alberta,Alberta,Collaborative Health Research Projects (NSERC partnered),201510CPG,Collaborative Health Research Projects - NSERC Partnered,Multiview Ultrasound Fusion for Cardiac and Non-cardiac Imaging,"$244,296 ", $-   , $-   ,,3 yrs 0 mth ,Circulatory and Respiratory Health,"CARDIOLOGY; STROKE, HEART FAILURE; IMAGING; CARDIOVASCULAR",4/1/2016,2019-03-31,1,"Ultrasound, Fusion, Imaging"
"Minden, Mark D",University Health Network (Toronto),Ontario,Project Grant,201709PJT,Cancer Progression & Therapeutics 2,Mutant nucleophosmin AML a heterogeneous disease: characterization and drug sensitivity.,"$688,500 ", $-   , $-   ,,5 yrs 0 mth ,Cancer Research,"Cancer-Cancer Drug Development and Therapeutics; Genetics-Molecular and Functional Genetics and Epigenetics; Molecular, Cellular and Systems Biology-Cell Biology and Physiology",4/1/2018,2023-03-31,0,"nucleophosmin, AML, drug sensitivity"
"Huntsman, David G",University of British Columbia,British Columbia,Operating Grant,201003MOP,Cancer Progression & Therapeutics,Mutations in the SWI/SNF chromatin remodelling complex genes: an alternative mechanism for ovarian carcinogenesis,"$541,640 ", $-   , $-   ,,4 yrs 0 mth ,Cancer Research,"NEOPLASMS; CANCER; GENOMICS, PROTEOMICS, AND BIOINFORMATICS",10/1/2010,2014-09-30,2,"SWI/SNF, chromatin remodelling, ovarian carcinogenesis"
"Fitzpatrick, Lindsay","Queen's University (Kingston, Ontario)",Ontario,Project Grant,201809PJT,Biomedical Engineering,MyD88-dependent modulation of host response to insulin infusion cannulas,"$443,700 ", $-   , $-   ,,4 yrs 0 mth ,Infection and Immunity,"Biomedical Engineering-Biomaterials, Nanotechnology and Biomechanics; Immunology and Infection-Immunology and Autoimmune Diseases (including rheumatology); Molecular, Cellular and Systems Biology-Cell Signaling",4/1/2019,2023-03-31,0,"MyD88, insulin infusion, host response"
"Buckstein, Rena J","Sunnybrook Research Institute (Toronto, Ontario)",Ontario,Operating Grant - PA: Cancer Research (bridge funding),201103IC1,Cancer Biology & Therapeutics,"Myelodysplastic Syndromes (MDS) in Canada:  A national prospective study of the epidemiology, quality of life and impact of co-morbidity/frailty on disease outcome","$100,000 ", $-   , $-   ,,1 yr 0 mth ,Cancer Research,BLOOD; EPIDEMIOLOGY; CANCER; HEALTH RESEARCH,10/1/2011,2012-09-30,0,"Myelodysplastic Syndromes, epidemiology, co-morbidity"
"Reisner, Walter W",McGill University,Quebec,Collaborative Health Research Projects (NSERC partnered),201210CPG,Collaborative Health Research Projects - NSERC Partnered,Nanoconfinement Based Single-Cell Cytogenetic Platform for Pre-/Post-Implantation Genetic Diagnosis,"$219,185 ", $-   , $-   ,,3 yrs 0 mth ,Genetics,"PREGNANCY/BIRTH; MULTIDISCIPLINARY; GENOMICS, PROTEOMICS, AND BIOINFORMATICS; REPRODUCTION/PREGNANCY",4/1/2013,2016-03-31,0,"Nanoconfinement, Single-Cell, Cytogenetics"
"Lavasanifar, Afsaneh",University of Alberta,Alberta,Operating Grant,201405MOP,Cancer Progression & Therapeutics 2,Nanodelivery Systems for Modulation of Chemotherapy Response in Invasive and Metastatic Breast Cancer,"$100,000 ", $-   , $-   ,,1 yr 0 mth ,Cancer Research,DRUGS- PHARMACEUTICAL SCIENCE/CHEMISTRY & NON MEDICAL USE OF DRUGS; CANCER THERAPY GENERAL; CANCER; DRUG RESEARCH,10/1/2014,2015-09-30,1,"Nanodelivery, Chemotherapy, Breast Cancer"
"Reisner, Walter W",McGill University,Quebec,Collaborative Health Research Projects (NSERC partnered),201410CPG,Collaborative Health Research Projects - NSERC Partnered,Nanofluidic Wet-Cell for Genomic Analysis of Single Circulating Tumor Cells via Electron Microscopy,"$358,467 ", $-   , $-   ,,3 yrs 0 mth ,Cancer Research,MULTIPLE DISEASE RELEVANCE; MULTIDISCIPLINARY; GENETICS; BIOPHYSICS,4/1/2015,2018-03-31,1,"Nanofluidic, Genomic Analysis, Tumor Cells"
"Bazett-Jones, David P",Hospital for Sick Children (Toronto),Ontario,"Catalyst Grant: Invention and High-Risk, High-Benefit Research",200903NHG,"Inventions, Technologies, or High Risk Grants",Nanomanipulation and high resolution in situ gene mapping,"$300,000 ", $-   , $-   ,,3 yrs 0 mth ,Genetics,LEUKAEMIAS; MULTIPLE DISEASE RELEVANCE; CELL BIOLOGY; CANCER,10/1/2009,2012-09-30,0,"Nanomanipulation, gene mapping, in situ"
"Mcgilvray, Ian D",University Health Network (Toronto),Ontario,Operating Grant,201403MOP,Cancer Progression & Therapeutics 2,Nanoparticle targeting of the liver,"$483,813 ", $-   , $-   ,,3 yrs 0 mth ,Cancer Research,CANCER THERAPY GENERAL; MULTIPLE DISEASE RELEVANCE; CANCER; GASTROINTESTINAL (LIVER),7/1/2014,2017-06-30,0,"Nanoparticle, targeting, liver"
"Nadeau, Jay Louise",McGill University,Quebec,Operating Grant,201309MOP,Medical Physics & Imaging,Nanoparticle-aided radiation therapy with scintillating high Z materials,"$325,851 ", $-   , $-   ,,3 yrs 0 mth ,Cancer Research,CANCER THERAPY GENERAL; CANCER; BIOPHYSICS,4/1/2014,2017-03-31,0,"nanoparticle, radiation, scintillating"
"Shin, Jumi",University of Toronto,Ontario,Collaborative Health Research Projects (NSERC partnered),201310CPG,Collaborative Health Research Projects - NSERC Partnered,Nanoparticle-based anti-Myc cancer therapeutics,"$448,040 ", $-   , $-   ,,3 yrs 0 mth ,Cancer Research,CANCER THERAPY GENERAL; MULTIDISCIPLINARY; DRUG RESEARCH; CANCER,4/1/2014,2017-03-31,0,"Nanoparticle, cancer, therapeutics"
"Meunier, Michel",Polytechnique Montreal,Quebec,Collaborative Health Research Projects (NSERC partnered),201210CPG,Collaborative Health Research Projects - NSERC Partnered,Nanoplasmonics Enhanced Laser Gene Delivery for Retinal Degenerative Diseases,"$269,000 ", $-   , $-   ,,3 yrs 0 mth ,Aging,DISEASES AFFECTING SPEECH/VISION/HEARING; AGING; VISION; BIOPHYSICS,4/1/2013,2016-03-31,0,"Nanoplasmonics, Laser, Gene delivery"
"Tabrizian, Maryam",McGill University,Quebec,Project Grant,201809PJT,Biomedical Engineering,Nanoplexes for Targeted Anti-Inflammatory Gene Therapy in Atherosclerosis,"$707,625 ", $-   , $-   ,,5 yrs 0 mth ,Circulatory and Respiratory Health,"Biomedical Engineering-Biomaterials, Nanotechnology and Biomechanics; Biomedical Engineering-Regenerative Medicine and Tissue Engineering; Cardiovascular, Respiratory and Circulatory Systems-Vascular and Endothelial Biology",4/1/2019,2024-03-31,0,"Nanoplexes, Anti-Inflammatory, Gene Therapy"
"Cripton, Peter A",University of British Columbia,British Columbia,Project Grant,202209PJT,Biomedical Engineering,Neck Muscle and Head-Neck Dynamics in Rollover Crashes,"$539,324 ", $-   , $-   ,,4 yrs 0 mth ,Musculoskeletal Health and Arthritis,"Biomedical Engineering-Biomaterials, Nanotechnology and Biomechanics; Musculoskeletal Health-Skeletal Muscle Biology and Physiology; Neurosciences-Sensory Systems (including visual, auditory and pain)",4/1/2023,2027-03-31,0,"neck, muscle, rollover"
"Abolmaesumi, Purang",University of British Columbia,British Columbia,Operating Grant,201103MOP,Medical Physics & Imaging,Needle Guidance System for Neuraxial Analgesia and Anesthesia,"$449,365 ", $-   , $-   ,,4 yrs 0 mth ,Musculoskeletal Health and Arthritis,"MUSCULO SKELETAL; AGING; IMAGING; MUSCLE, BONE, OR JOINT",10/1/2011,2015-09-30,1,"Needle guidance, Neuraxial, Analgesia"
"Cobb, Jennifer A",University of Calgary,Alberta,Operating Grant,201403MOP,Cancer Biology & Therapeutics,Nej1 and Lif1 form structural filaments that bridge the ends of DNA at a DSB,"$628,466 ", $-   , $-   ,,5 yrs 0 mth ,Genetics,CANCER THERAPY GENERAL; GENETICS; CANCER,7/1/2014,2019-06-30,0,"Nej1, Lif1, DNA"
"Maynes, Jason T",University of Toronto,Ontario,Collaborative Health Research Projects (NSERC partnered),201810CPG,Collaborative Health Research Projects - NSERC Partnered,Neonatal Stem Cell Secretomes as a Novel Regenerative Therapy for Heart Failure,"$318,560 ", $-   , $-   ,,3 yrs 0 mth ,Circulatory and Respiratory Health,"STROKE, HEART FAILURE; CARDIOLOGY; CARDIOVASCULAR; BIOCHEMISTRY",4/1/2019,2022-03-31,1,"Neonatal, Stem Cell, Heart Failure"
"Hamoui, Anas",McGill University,Quebec,Operating Grant,200903MOP,Biomedical Engineering,Neural Encoding in the Visual Cortex: Engineering Principles for Advanced Neural Prosthetics,"$370,776 ", $-   , $-   ,,4 yrs 0 mth ,"Neurosciences, Mental Health and Addiction",MULTIDISCIPLINARY; CNS ORGANIC; NERVOUS SYSTEM; VISION,10/1/2009,2013-09-30,0,"Neural encoding, visual cortex, neural prosthetics"
"Nieman, Brian J",Hospital for Sick Children (Toronto),Ontario,Operating Grant,201109MOP,Medical Physics & Imaging,Neuroanatomical late effects in pediatric brain irradiation,"$705,269 ", $-   , $-   ,,5 yrs 0 mth ,Cancer Research,BRAIN TUMORS THERAPY; MENTAL DISABILITY; CANCER; NERVOUS SYSTEM,4/1/2012,2017-03-31,0,"neuroanatomical, brain, irradiation"
"Sled, John G",Hospital for Sick Children (Toronto),Ontario,Operating Grant,201009MOP,Medical Physics & Imaging,Neurovascular Adaptation,"$793,339 ", $-   , $-   ,,5 yrs 0 mth ,"Neurosciences, Mental Health and Addiction",MULTIPLE DISEASE RELEVANCE; ALZHEIMER'S DISEASE; IMAGING; NERVOUS SYSTEM,4/1/2011,2016-03-31,0,"Neurovascular, Adaptation"
"Berman, Jason N",IWK Health Centre (Halifax),Nova Scotia,Operating Grant,201209MOP,Cancer Progression & Therapeutics,New insights into mast cell development and contribution to malignant progression - further exploitation of the zebrafish model,"$565,415 ", $-   , $-   ,,4 yrs 0 mth ,Cancer Research,LEUKAEMIAS; CANCER; IMMUNOLOGY-TRANSPLANTATION,4/1/2013,2017-03-31,0,"mast cell, zebrafish, malignant progression"
"Keillor, Jeffrey W",Universite de Montreal,Quebec,"Catalyst Grant: Invention and High-Risk, High-Benefit Research",200903NHG,"Inventions, Technologies, or High Risk Grants",New Methods for Site-Specific Labelling of Proteins,"$300,000 ", $-   , $-   ,,3 yrs 0 mth ,Genetics,MULTIDISCIPLINARY; BIOCHEMISTRY,10/1/2009,2012-09-30,5,"Site-specific, Labelling, Proteins"
"Haddad, Elie","Centre hospitalier universitaire Sainte-Justine (Montreal, Quebec)",Quebec,Project Grant - Priority Announcement: Pediatric Cancer,202109PAE,Cancer Biology & Therapeutics,New Modalities of Chimeric Antigen Receptor (CAR) Therapies in Pediatric Rhabdomyosarcoma,"$460,000 ", $-   , $-   ,,2 yrs 0 mth ,Cancer Research,"Cancer-Cancer Drug Development and Therapeutics; Immunology and Infection-Transplantation, Immune Tolerance and Tumor Immunology; Cancer-Pediatric Cancer",4/1/2022,2024-03-31,0,"Chimeric Antigen Receptor, CAR, Rhabdomyosarcoma"
"Zacksenhaus, Eldad",University Health Network (Toronto),Ontario,Project Grant,202104PJT,Cancer Progression & Therapeutics,New mouse models and targeted therapies for aggressive forms of germline and sporadic pineoblastoma,"$956,250 ", $-   , $-   ,,5 yrs 0 mth ,Cancer Research,Cancer-Pediatric Cancer; Cancer-Cancer Progression and Metastasis; Cancer-Cancer Drug Development and Therapeutics,10/1/2021,2026-09-30,0,"mouse models, targeted therapies, pineoblastoma"
"Zheng, Gang",University Health Network (Toronto),Ontario,Project Grant,202303PJT,Biomedical Engineering 2,New nanotechnology for non-invasive deep lung-activatable antimicrobial photodynamic therapy of hospital-associated pneumonia,"$837,676 ", $-   , $-   ,,5 yrs 0 mth ,Infection and Immunity,"Biomedical Engineering-Biomaterials, Nanotechnology and Biomechanics; Biomedical Engineering-Biophysics, Medical Technologies and Instrumentation; Immunology and Infection-Antimicrobial Drug Resistance, Drug Discovery and Therapeutics (including vaccines)",10/1/2023,2028-09-30,0,"nanotechnology, photodynamic, pneumonia"
"Wilman, Alan H",University of Alberta,Alberta,Project Grant,201803PJT,Medical Physics & Imaging,New Quantitative MRI for Human Stroke,"$768,826 ", $-   , $-   ,,5 yrs 0 mth ,Circulatory and Respiratory Health,Biomedical Engineering-Biomedical Imaging; Neurosciences-Neurological disorders,10/1/2018,2023-09-30,0,"MRI, Stroke"
"Dmitrienko, Gary I",University of Waterloo (Ontario),Ontario,Operating Grant: Industry-partnered Collaborative Research,201203IPR,Industry Partnered Collaborative Research,New strategies for overcoming bacterial resistance to antibiotics,"$200,000 ", $-   , $-   ,,2 yrs 0 mth ,Infection and Immunity,INFECTIOUS AND PARASITIC; DRUG RESEARCH,10/1/2012,2014-09-30,0,"bacterial resistance, antibiotics"
"Campbell, Robert E",University of Alberta,Alberta,"Catalyst Grant: Invention and High-Risk, High-Benefit Research",200903NHG,"Inventions, Technologies, or High Risk Grants","New tools for real-time imaging of multiple signaling events in single cells: design, construction, and biological applications of genetically encoded biosensors","$259,225 ", $-   , $-   ,,3 yrs 0 mth ,Genetics,DIABETES MELLITUS; CANCER THERAPY GENERAL; IMAGING; BIOCHEMISTRY,10/1/2009,2012-09-30,5,"imaging, biosensors, signaling"
"Cullis, Pieter R",University of British Columbia,British Columbia,Project Grant,202209PJT,Biomedical Engineering 2,Newly Optimized LNP Systems for Genetic drugs and Gene therapy in Neurological diseases,"$1,057,421 ", $-   , $-   ,,5 yrs 0 mth ,Genetics,"Biomedical Engineering-Biomaterials, Nanotechnology and Biomechanics",4/1/2023,2028-03-31,1,"LNP, gene therapy, neurological diseases"
"Abolmaesumi, Purang",University of British Columbia,British Columbia,Collaborative Health Research Projects (NSERC partnered),201910CPG,Collaborative Health Research Projects - NSERC Partnered,Next Generation Micro-ultrasound Technology for Detection and Monitoring of Prostate Cancer,"$279,550 ", $-   , $-   ,,3 yrs 0 mth ,Cancer Research,PROSTATE AND BLADDER CANCER; CANCER; IMAGING,4/1/2020,2023-03-31,1,"Micro-ultrasound, Prostate Cancer, Detection"
"Wang, Yuzhuo",University of British Columbia,British Columbia,Operating Grant: Industry-partnered Collaborative Research,201503IPR,Industry Partnered Collaborative Research,"Next generation patient-derived, genetically-defined kidney and bladder cancer xenograft models for anti-cancer drug development","$489,800 ", $-   , $-   ,,4 yrs 0 mth ,Cancer Research,PROSTATE AND BLADDER CANCER; PROSTATE AND BLADDER CANCER THERAPY; CANCER; HEALTH SERVICES RESEARCH,10/1/2015,2019-09-30,1,"kidney, bladder, xenograft"
"Wang, Yuzhuo",University of British Columbia,British Columbia,Operating Grant: Industry-partnered Collaborative Research,201109IPR,Industry Partnered Collaborative Research,"Next generation patient-derived, genetically-defined prostate cancer xenograft models for anti- cancer drug development","$375,000 ", $-   , $-   ,,3 yrs 0 mth ,Cancer Research,PROSTATE AND BLADDER CANCER; PROSTATE AND BLADDER CANCER THERAPY; CANCER,4/1/2012,2015-03-31,5,"patient-derived, prostate cancer, xenograft"
"Kizhakkedathu, Jayachandran N",University of British Columbia,British Columbia,Collaborative Health Research Projects (NSERC partnered),201910CPG,Collaborative Health Research Projects - NSERC Partnered,Next Generation Platelet Storage Devices for Safe and Efficient Transfusion,"$361,850 ", $-   , $-   ,,3 yrs 0 mth ,Circulatory and Respiratory Health,BLOOD; INFECTIOUS AND PARASITIC; CARDIOVASCULAR,4/1/2020,2023-03-31,1,"Platelet, Storage, Transfusion"
"Hawkins, Cynthia E",Hospital for Sick Children (Toronto),Ontario,Project Grant,202203PJT,Cancer Progression & Therapeutics 2,Next generation precision oncology for pediatric-type AYA gliomas,"$1,342,576 ", $-   , $-   ,,5 yrs 0 mth ,Cancer Research,Cancer-Cancer Drug Development and Therapeutics; Cancer-Pediatric Cancer,10/1/2022,2027-09-30,0,"precision, oncology, gliomas"
"Haji Reza, Parsin",University of Waterloo (Ontario),Ontario,Project Grant,202209PJT,Medical Physics & Imaging,Next Generation Surgical Microscopes for Rapid Virtual Histopathology,"$654,076 ", $-   , $-   ,,4 yrs 0 mth ,Cancer Research,Biomedical Engineering-Biomedical Imaging; Cancer-Clinical Oncology; Artificial Intelligence-Artificial Intelligence,4/1/2023,2027-03-31,3,"Surgical Microscopes, Virtual Histopathology"
"Guttman, David S",University of Toronto,Ontario,Collaborative Health Research Projects (NSERC partnered),201610CPG,Collaborative Health Research Projects - NSERC Partnered,Next-Generation Antimicrobial Diagnostics: Speed and Precision via Whole Genome Sequencing,"$632,425 ", $-   , $-   ,,3 yrs 0 mth ,Infection and Immunity,"INFECTIOUS AND PARASITIC; HEALTH CARE DELIVERY; GENOMICS, PROTEOMICS, AND BIOINFORMATICS; BACTERIOLOGY",4/1/2017,2020-03-31,0,"Antimicrobial, Diagnostics, Genome Sequencing"
"Lin, Kuo-Shyan",University of British Columbia,British Columbia,Project Grant,202203PJT,Cancer Biology & Therapeutics 2,Next-generation GRPR-targeting radiopharmaceuticals with improved in vivo stability and minimized pancreas uptake,"$523,260 ", $-   , $-   ,,3 yrs 0 mth ,Cancer Research,"Pharmacological, Toxicological and Pharmaceutical Sciences-Drug Discovery, Design and Delivery",10/1/2022,2025-09-30,4,"GRPR, radiopharmaceuticals, stability"
"Graham, Charles H","Queen's University (Kingston, Ontario)",Ontario,Operating Grant,200809MOP,Cancer Progression & Therapeutics,Nitric oxide-mediated inhibition of hypoxia-induced immune escape in cancer,"$529,669 ", $-   , $-   ,,3 yrs 0 mth ,Cancer Research,CANCER THERAPY GENERAL; NONE OF THE ABOVE; CELL BIOLOGY; CANCER,4/1/2009,2012-03-31,0,"Nitric oxide, hypoxia, immune escape"
"Near, Jamie","Sunnybrook Research Institute (Toronto, Ontario)",Ontario,Project Grant,202203PJT,Medical Physics & Imaging,NMR spectroscopy in brain organoids: identifying neurochemical and gene regulatory network signatures of the healthy and Alzheimer's Disease brain,"$940,950 ", $-   , $-   ,,5 yrs 0 mth ,Aging,Aging-Aging Process and Biological Determinants of Aging; Biomedical Engineering-Biomedical Imaging; Neurosciences-Neurodegeneration,10/1/2022,2027-09-30,0,"NMR, brain organoids, neurochemical"
"Labelle, Hubert B","Centre hospitalier universitaire Sainte-Justine (Montreal, Quebec)",Quebec,Operating Grant,200909MOP,Biomedical Engineering,Non Invasive 3D Assessment of the Reducibility of Scoliotic Trunk Deformities for an Effective Surgical Planning,"$241,512 ", $-   , $-   ,,3 yrs 0 mth ,Musculoskeletal Health and Arthritis,"MUSCULO SKELETAL; ARTHRITIS/OSTEOARTHRITIS; MUSCLE, BONE, OR JOINT; IMAGING",4/1/2010,2013-03-31,1,"3D, assessment, scoliosis"
"Labelle, Hubert B","Centre hospitalier universitaire Sainte-Justine (Montreal, Quebec)",Quebec,Operating Grant,201209MOP,Biomedical Engineering,Non Invasive Prediction of Scoliosis Progression,"$380,000 ", $-   , $-   ,,4 yrs 0 mth ,Musculoskeletal Health and Arthritis,"MUSCULO SKELETAL; ARTHRITIS/OSTEOARTHRITIS; MUSCLE, BONE, OR JOINT; IMAGING",4/1/2013,2017-03-31,1,"Non Invasive, Prediction, Scoliosis"
"Denault, Jean-Bernard",Universite de Sherbrooke,Quebec,Project Grant,201809PJT,Cancer Biology & Therapeutics 2,Non-canonical role of initiator caspases in colorectal cancer,"$669,375 ", $-   , $-   ,,5 yrs 0 mth ,Cancer Research,Cancer-Cancer Progression and Metastasis; Cancer-Mechanisms of Carcinogenesis,4/1/2019,2024-03-31,0,"caspases, colorectal cancer, initiator"
"Carson, Jeffrey J",Western University (Ontario),Ontario,Collaborative Health Research Projects (NSERC partnered),201510CPG,Collaborative Health Research Projects - NSERC Partnered,Non-contact 3D photoacoustic/ultrasonic imaging for detecting the early response to neoadjuvant chemotherapy in breast cancer patients,"$325,780 ", $-   , $-   ,,3 yrs 0 mth ,Cancer Research,BREAST CANCER; BREAST CANCER THERAPY; IMAGING; CANCER,4/1/2016,2019-03-31,0,"photoacoustic, ultrasonic, imaging"
"Bizheva, Kostadinka K",University of Waterloo (Ontario),Ontario,Project Grant,202309PJT,Medical Physics & Imaging,"Non-contact, high-resolution optical approach to assessing retinal neurovascular coupling in the healthy and glaucomatous retina","$715,275 ", $-   , $-   ,,5 yrs 0 mth ,Aging,"Biomedical Engineering-Biomedical Imaging; Neurosciences-Sensory Systems (including visual, auditory and pain); Neurosciences-Neurodegeneration; Aging - related to neurodegeneration of the visual system",4/1/2024,2029-03-31,0,"retinal, neurovascular, optical"
"Mequanint, Kibret",Western University (Ontario),Ontario,Collaborative Health Research Projects (NSERC partnered),201510CPG,Collaborative Health Research Projects - NSERC Partnered,Non-diffusing 3D gel dosimeters: A platform technology for dose verification and quality assurance in radiation therapy,"$213,650 ", $-   , $-   ,,3 yrs 0 mth ,Cancer Research,CANCER THERAPY GENERAL; CANCER,4/1/2016,2019-03-31,0,"3D gel dosimeters, dose verification, radiation therapy"
"Cheriet, Farida",Polytechnique Montreal,Quebec,Project Grant,202209PJT,Biomedical Engineering,Non-Invasive Assessment of Scoliotic Trunk Mobility for an Effective Management of Patients,"$470,476 ", $-   , $-   ,,4 yrs 0 mth ,Musculoskeletal Health and Arthritis,Biomedical Engineering-Biomedical Imaging,4/1/2023,2027-03-31,0,"Non-Invasive, Scoliotic, Mobility"
"Cheyne, Douglas O",Hospital for Sick Children (Toronto),Ontario,Project Grant,201709PJT,Medical Physics & Imaging 2,Non-invasive imaging of sensorimotor plasticity following cranial nerve repair,"$673,200 ", $-   , $-   ,,5 yrs 0 mth ,"Neurosciences, Mental Health and Addiction",Biomedical Engineering-Biomedical Imaging; Neurosciences-Motor Systems; Neurosciences-Neurodevelopment,4/1/2018,2023-03-31,0,"imaging, sensorimotor, cranial nerve"
"Liu, Stanley K","Sunnybrook Research Institute (Toronto, Ontario)",Ontario,Project Grant,201809PJT,Cancer Progression & Therapeutics 2,Non-invasive multi-omics urinary biomarkers to guide prostate cancer management,"$459,000 ", $-   , $-   ,,3 yrs 0 mth ,Cancer Research,Cancer-Cancer Progression and Metastasis,4/1/2019,2022-03-31,0,"multi-omics, urinary biomarkers, prostate cancer"
"Dunn, Jeff F",University of Calgary,Alberta,Project Grant,202403PJT,Medical Physics & Imaging,Non-invasive near-infrared spectroscopic measures of brain oxygenation and function--a potential biomarker of disease severity and progression in Multiple Sclerosis,"$979,200 ", $-   , $-   ,,5 yrs 0 mth ,"Neurosciences, Mental Health and Addiction",Biomedical Engineering-Biomedical Imaging; Neurosciences-Neurological disorders,10/1/2024,2029-09-30,0,"near-infrared, spectroscopy, brain oxygenation"
"Thiel, Alexander",CIUSSS de Centre-Ouest-de-l'Ile-de-Montreal-Jewish General,Quebec,Project Grant,201909PJT,Medical Physics & Imaging,Non-invasive PET imaging of tropomyosin related kinase B/C receptor in humans,"$579,106 ", $-   , $-   ,,3 yrs 0 mth ,"Neurosciences, Mental Health and Addiction","Pharmacological, Toxicological and Pharmaceutical Sciences-Drug Discovery, Design and Delivery; Neurosciences-Neurogenesis, Neurodifferentiation and Plasticity; Neuroimaging",4/1/2020,2023-03-31,0,"PET, imaging, kinase"
"Turner, Robin F",University of British Columbia,British Columbia,Collaborative Health Research Projects (NSERC partnered),201210CPG,Collaborative Health Research Projects - NSERC Partnered,Non-Invasive Probe to Assess the Quality and Suitability for Transfusion of Stored Red Blood Cells,"$206,647 ", $-   , $-   ,,3 yrs 0 mth ,Health Services and Policy Research,BLOOD,4/1/2013,2016-03-31,0,"Probe, Red Blood Cells, Transfusion"
"Cloutier, Guy",Universite de Montreal,Quebec,Collaborative Health Research Projects (NSERC partnered),201310CPG,Collaborative Health Research Projects - NSERC Partnered,Non-invasive shear strain ultrasound elastography of carotid atherosclerotic plaques for stroke prevention,"$302,077 ", $-   , $-   ,,3 yrs 0 mth ,Circulatory and Respiratory Health,"ATHEROSCLEROSIS; STROKE, HEART FAILURE; IMAGING; CARDIOVASCULAR",4/1/2014,2017-03-31,1,"ultrasound, elastography, atherosclerosis"
"Ellis, Christopher G",Western University (Ontario),Ontario,Collaborative Health Research Projects (NSERC partnered),201410CPG,Collaborative Health Research Projects - NSERC Partnered,Noninvasive Functional Biomarker for Early Detection and Continuous Monitoring of Microvascular Dysfunction,"$319,446 ", $-   , $-   ,,3 yrs 0 mth ,Circulatory and Respiratory Health,BLOOD; DIABETES MELLITUS; CARDIOVASCULAR; IMMUNOLOGY-TRANSPLANTATION,4/1/2015,2018-03-31,0,"Biomarker, Microvascular, Monitoring"
"Barzda, Virginijus",University of Toronto,Ontario,Collaborative Health Research Projects (NSERC partnered),201310CPG,Collaborative Health Research Projects - NSERC Partnered,Nonlinear Optical Imaging for Digital Pathology,"$508,406 ", $-   , $-   ,,3 yrs 0 mth ,Cancer Research,MULTIDISCIPLINARY; QUALITATIVE METHODS; IMAGING; CANCER,4/1/2014,2017-03-31,1,"Nonlinear Optical, Imaging, Pathology"
"Rottapel, Robert K",University Health Network (Toronto),Ontario,Project Grant,202403PJT,Cancer Biology & Therapeutics,Nonsense Mediated RNA Decay Shapes the Expressed Transcriptome Required for Ovarian Cancer Progression,"$956,250 ", $-   , $-   ,,5 yrs 0 mth ,Cancer Research,Cancer-Cancer Progression and Metastasis,10/1/2024,2029-09-30,0,"RNA decay, transcriptome, ovarian cancer"
"Li, Bowen",University of Toronto,Ontario,Project Grant,202403PJT,Biomedical Engineering 2,Nonviral Delivery of tRNA Therapeutics for Treating Cystic Fibrosis,"$1,136,026 ", $-   , $-   ,,5 yrs 0 mth ,Genetics,"Biomedical Engineering-Biomaterials, Nanotechnology and Biomechanics; Pharmacological, Toxicological and Pharmaceutical Sciences-Drug Discovery, Design and Delivery",10/1/2024,2029-09-30,0,"nonviral, tRNA, cystic fibrosis"
"Fedida, David",University of British Columbia,British Columbia,Collaborative Health Research Projects (NSERC partnered),201711CPG,Collaborative Health Research Projects - NSERC Partnered,Novel 3D bioprinted human cardiac tissue models for drug safety and efficacy testing.,"$381,750 ", $-   , $-   ,,3 yrs 0 mth ,Circulatory and Respiratory Health,CARDIOLOGY; MULTIPLE DISEASE RELEVANCE; CARDIOVASCULAR; CELL BIOLOGY,4/1/2018,2021-03-31,0,"3D bioprinting, cardiac tissue, drug testing"
"So, Alan I",University of British Columbia,British Columbia,Project Grant,201803PJT,Biomedical Engineering,Novel 3D personalized bladder cancer model on demand: A new era for personalized medicine.,"$248,625 ", $-   , $-   ,,2 yrs 0 mth ,Cancer Research,Biomedical Engineering-Regenerative Medicine and Tissue Engineering; Cancer-Cancer Drug Development and Therapeutics,10/1/2018,2021-09-30,0,"3D, bladder cancer, personalized"
"Santerre, Paul",University of Toronto,Ontario,Collaborative Health Research Projects (NSERC partnered),201610CPG,Collaborative Health Research Projects - NSERC Partnered,Novel adhesive polymeric membranes for binding degradable composite materials to bone in craniomaxillofacial repair,"$260,200 ", $-   , $-   ,,3 yrs 0 mth ,Musculoskeletal Health and Arthritis,"MUSCULO SKELETAL; INJURY, REGENERATION; MUSCLE, BONE, OR JOINT; HEALTH RESEARCH",4/1/2017,2020-03-31,2,"adhesive, polymeric membranes, craniomaxillofacial"
"Li, Shun-Cheng S",Western University (Ontario),Ontario,Project Grant,201809PJT,Cancer Biology & Therapeutics,Novel anticancer immunotherapy targeting the molecular mechanisms of T cell suppression by immune checkpoints,"$956,250 ", $-   , $-   ,,5 yrs 0 mth ,Cancer Research,Cancer-Cancer Drug Development and Therapeutics,4/1/2019,2024-03-31,0,"anticancer, immunotherapy, immune checkpoints"
"Cohen, Alan A",Universite de Sherbrooke,Quebec,Operating Grant : Adv Theoretical Meth Innov Hlth Res-Longitudinal Studies Aging,201110TO1,Operating Grant: Innovations in Health Research,Novel approaches to aging physiology: Using statistics and data mining to understand dysregulation of biomarker networks in human populations,"$193,482 ", $-   , $-   ,,3 yrs 0 mth ,Aging,AGING; BIOSTATISTICS; POPULATION HEALTH,2/1/2012,2015-01-31,0,"aging, data mining, biomarkers"
"Hamilton, Douglas W",Western University (Ontario),Ontario,Project Grant,201803PJT,Biomedical Engineering,Novel Biomaterials-Based Strategies to Stimulate Periodontal Tissue Regeneration,"$703,800 ", $-   , $-   ,,5 yrs 0 mth ,Musculoskeletal Health and Arthritis,"Musculoskeletal Health-Oral Health; Biomedical Engineering-Regenerative Medicine and Tissue Engineering; Biomedical Engineering-Biomaterials, Nanotechnology and Biomechanics",10/1/2018,2023-09-30,0,"Biomaterials, Periodontal, Regeneration"
"Goertz, David E","Sunnybrook Research Institute (Toronto, Ontario)",Ontario,Project Grant,201903PJT,Medical Physics & Imaging,Novel Catheter Based Therapeutic Ultrasound Approach for the Treatment of Coronary Artery Occlusions,"$374,851 ", $-   , $-   ,,4 yrs 0 mth ,Circulatory and Respiratory Health,"Biomedical Engineering-Biophysics, Medical Technologies and Instrumentation; Cardiovascular, Respiratory and Circulatory Systems-Cardiovascular and Circulatory Sciences",10/1/2019,2023-09-30,1,"Catheter, Ultrasound, Coronary Artery"
"Porter, Lisa A",University of Windsor (Ontario),Ontario,Operating Grant,201503MOP,Cancer Biology & Therapeutics,Novel Cell Cycle Regulation in the Initiation and Therapeutic Intervention of Breast Cancer,"$765,202 ", $-   , $-   ,,5 yrs 0 mth ,Cancer Research,BREAST CANCER; BREAST CANCER THERAPY; CANCER; MOLECULAR BIOLOGY,7/1/2015,2021-06-30,3,"Cell cycle, breast cancer, regulation"
"Kizhakkedathu, Jayachandran N",University of British Columbia,British Columbia,Operating Grant,201403MOP,Biomedical Engineering,Novel Cell Surface Engineering Approaches for Cell-based Therapies,"$731,651 ", $-   , $-   ,,5 yrs 0 mth ,Circulatory and Respiratory Health,BLOOD,7/1/2014,2019-06-30,4,"Cell surface, Engineering, Therapies"
"Hakem, Razqallah",University Health Network (Toronto),Ontario,Project Grant,202203PJT,Cancer Progression & Therapeutics,Novel contrasting functions of RNF168 and RNF169 in breast cancer and therapeutic implications.,"$956,250 ", $-   , $-   ,,5 yrs 0 mth ,Cancer Research,Cancer-Mechanisms of Carcinogenesis; Cancer-Cancer Progression and Metastasis,10/1/2022,2027-09-30,0,"RNF168, RNF169, breast cancer"
"Abbasi Nejad Enger, Shirin",Research Institute of the McGill University Health Centre,Quebec,Collaborative Health Research Projects (NSERC partnered),201711CPG,Collaborative Health Research Projects - NSERC Partnered,Novel Delivery System for High Dose Rate Intensity Modulated Brachytherapy with Yb-169 as a Radiation Source,"$245,475 ","$65,000 ", $-   ,,3 yrs 0 mth ,Cancer Research,CANCER THERAPY GENERAL; MULTIDISCIPLINARY; CANCER; HEALTH RESEARCH,4/1/2018,2021-03-31,0,"Delivery, Brachytherapy, Yb-169"
"Kizhakkedathu, Jayachandran N",University of British Columbia,British Columbia,Project Grant,202003PJT,Biomedical Engineering,Novel endothelial engineering and localized immunosuppression approaches for the protection of organ transplants,"$918,000 ", $-   , $-   ,,5 yrs 0 mth ,Infection and Immunity,"Biomedical Engineering-Biomaterials, Nanotechnology and Biomechanics; Biomedical Engineering-Regenerative Medicine and Tissue Engineering",10/1/2020,2025-09-30,1,"endothelial, immunosuppression, transplants"
"Patel, Rajnikant V",Western University (Ontario),Ontario,Collaborative Health Research Projects (NSERC partnered),201310CPG,Collaborative Health Research Projects - NSERC Partnered,Novel Haptics-Enabled Robotic Systems for Rehabilitation Therapy,"$273,395 ", $-   , $-   ,,3 yrs 0 mth ,Aging,AGING; MUSCULO SKELETAL; HEALTH SERVICES RESEARCH,4/1/2014,2017-03-31,1,"Haptics, Robotic Systems, Rehabilitation"
"Rivest, Serge",Universite Laval,Quebec,Operating Grant: Industry-partnered Collaborative Research - Rx&D partner,201103IRO,Industry Partnered Collaborative Research,Novel immunotherapies for treating Alzheimer's disease,"$571,200 ", $-   , $-   ,,5 yrs 0 mth ,"Neurosciences, Mental Health and Addiction",ALZHEIMER'S DISEASE; AGING; NERVOUS SYSTEM; IMMUNOLOGY-TRANSPLANTATION,10/1/2011,2016-09-30,0,"immunotherapies, Alzheimer's"
"Tabori, Uri",Hospital for Sick Children (Toronto),Ontario,Operating Grant,201403MOP,Cancer Progression & Therapeutics,Novel implications of THOR hypermethylation in telomere maintenance and gliomageneis.,"$911,430 ", $-   , $-   ,,5 yrs 0 mth ,Cancer Research,CANCER THERAPY GENERAL; NEOPLASMS; CANCER; NERVOUS SYSTEM,7/1/2014,2019-06-30,1,"THOR, hypermethylation, telomere"
"Masani, Kei",Toronto Rehabilitation Institute-UHN,Ontario,Operating Grant,201009MOP,Biomedical Engineering,Novel methodology to reduce muscle fatigue during functional electrical stimulation,"$120,364 ", $-   , $-   ,,2 yrs 0 mth ,Musculoskeletal Health and Arthritis,"MUSCULO SKELETAL; SPINAL CORD DISEASE; MUSCLE, BONE, OR JOINT; NERVOUS SYSTEM",4/1/2011,2013-03-31,0,"muscle fatigue, functional electrical stimulation"
"Maynes, Jason T",University of Toronto,Ontario,Collaborative Health Research Projects (NSERC partnered),201510CPG,Collaborative Health Research Projects - NSERC Partnered,Novel Methods to Evaluate the Cardiac Activity of Pharmaceuticals: Identifying New Therapies and Predicting Cardiac Toxicity,"$357,480 ", $-   , $-   ,,3 yrs 0 mth ,Circulatory and Respiratory Health,CARDIOLOGY; ARRHYTHMIAS; CARDIOVASCULAR; BIOPHYSICS,4/1/2016,2019-03-31,1,"Cardiac activity, Pharmaceuticals, Toxicity"
"Barthelat, Francois",McGill University,Quebec,Collaborative Health Research Projects (NSERC partnered),201610CPG,Collaborative Health Research Projects - NSERC Partnered,"Novel multilayered synthetic structural bone graft materials which combine biocompatibility, biodegradability and high toughness.","$163,222 ", $-   , $-   ,,3 yrs 0 mth ,Musculoskeletal Health and Arthritis,"INJURY, REGENERATION; BONE CANCER; MUSCLE, BONE, OR JOINT",4/1/2017,2020-03-31,0,"bone graft, biocompatibility, biodegradability"
"Diller, Eric D",University of Toronto,Ontario,Collaborative Health Research Projects (NSERC partnered),201711CPG,Collaborative Health Research Projects - NSERC Partnered,Novel Multimodal Sensing and Actuation Mechanisms for Intra-Ventricular Neurosurgery Robotic Tools,"$251,940 ","$10,500 ", $-   ,,3 yrs 0 mth ,"Human Development, Child and Youth Health",CONGENITAL ANOMALIES; EPILEPSY; NERVOUS SYSTEM; CANCER,4/1/2018,2021-03-31,0,"Multimodal sensing, actuation, neurosurgery"
"Lee, Ping I",University of Toronto,Ontario,Operating Grant,201103MOP,Biomedical Engineering,Novel Nitric Oxide Delivery System for Wound Healing,"$276,484 ", $-   , $-   ,,3 yrs 0 mth ,"Nutrition, Metabolism and Diabetes",SKIN AND SUBCUTANEOUS TISSUS; INFECTIOUS AND PARASITIC; DRUG RESEARCH; METABOLISM/DIABETES,10/1/2011,2014-09-30,6,"Nitric Oxide, Delivery System, Wound Healing"
"Campbell, Melanie Crombie W",University of Waterloo (Ontario),Ontario,Collaborative Health Research Projects (NSERC partnered),201510CPG,Collaborative Health Research Projects - NSERC Partnered,Novel non-invasive imaging of amyloid in the retina of the eye as a predictor of amyloid in the brain in Alzheimer's disease,"$406,292 ", $-   , $-   ,,3 yrs 0 mth ,"Neurosciences, Mental Health and Addiction",ALZHEIMER'S DISEASE; DISEASES AFFECTING SPEECH/VISION/HEARING; IMAGING; BIOPHYSICS,4/1/2016,2019-03-31,1,"imaging, amyloid, retina"
"Batist, Gerald",CIUSSS de Centre-Ouest-de-l'Ile-de-Montreal-Jewish General,Quebec,Operating Grant,201209MOP,Cancer Progression & Therapeutics,Novel strategy to selectively target tumor cell growth and chemosensitivity,"$767,780 ", $-   , $-   ,,5 yrs 0 mth ,Cancer Research,CANCER THERAPY GENERAL; NONE OF THE ABOVE; CANCER; MOLECULAR BIOLOGY,4/1/2013,2018-03-31,0,"tumor, cell growth, chemosensitivity"
"Eppert, Kolja",Research Institute of the McGill University Health Centre,Quebec,Project Grant,201709PJT,Cancer Progression & Therapeutics,Novel targeted therapeutics against leukemia stem cells,"$665,550 ", $-   , $-   ,,5 yrs 0 mth ,Cancer Research,Cancer-Cancer Drug Development and Therapeutics,4/1/2018,2023-03-31,0,"targeted therapeutics, leukemia, stem cells"
"Hamilton, Douglas W",Western University (Ontario),Ontario,Collaborative Health Research Projects (NSERC partnered),201711CPG,Collaborative Health Research Projects - NSERC Partnered,Novel technologies for engineering closure of non-healing skin wounds,"$348,985 ", $-   , $-   ,,3 yrs 0 mth ,Musculoskeletal Health and Arthritis,SKIN AND SUBCUTANEOUS TISSUS; AGING; CELL BIOLOGY,4/1/2018,2021-03-31,0,"skin wounds, closure, engineering"
"Werbowetski-Ogilvie, Tamra E",University of Manitoba,Manitoba,Project Grant,202003PJT,Cancer Progression & Therapeutics,Novel therapeutic targets for Group 3 medulloblastoma stem cells,"$1,208,700 ", $-   , $-   ,,5 yrs 0 mth ,Cancer Research,Cancer-Pediatric Cancer; Cancer-Cancer Progression and Metastasis; Cancer-Cancer Drug Development and Therapeutics,10/1/2020,2025-09-30,0,"medulloblastoma, stem cells, therapeutic targets"
"Czarnota, Gregory J","Sunnybrook Research Institute (Toronto, Ontario)",Ontario,Operating Grant,201303MOP,Medical Physics & Imaging,Novel Ultrasound-Activated Microbubble Enhancement of Radiation Response: Optimization of Response,"$706,608 ", $-   , $-   ,,5 yrs 0 mth ,Cancer Research,CANCER THERAPY GENERAL; BREAST CANCER THERAPY; CANCER; BIOPHYSICS,10/1/2013,2018-09-30,0,"Ultrasound, Microbubble, Radiation"
"Wilson, Brian C",University Health Network (Toronto),Ontario,Project Grant,201803PJT,Medical Physics & Imaging,Nuclear-targeted X-ray activated photodynamic therapy of pancreatic cancer,"$371,024 ", $-   , $-   ,,4 yrs 0 mth ,Cancer Research,"Cancer-Cancer Drug Development and Therapeutics; Biomedical Engineering-Biophysics, Medical Technologies and Instrumentation; Methods Development and Modelling-Quantitative Methods Development for Health Research",10/1/2018,2022-09-30,3,"Nuclear, X-ray, photodynamic"
"Davie, James R",University of Manitoba,Manitoba,CIHR/Regional Partnership Program/Operating Grants,200903ROP,Cancer Biology & Therapeutics,Nucleosomal response and immediate early gene expression,"$100,000 ", $-   , $-   ,,2 yrs 0 mth ,Cancer Research,NEOPLASMS; CARCINOGENS (INCL ENVIRONMENTAL); CANCER; CELL BIOLOGY,10/1/2009,2011-09-30,0,"Nucleosomal, gene expression, immediate early"
"Beg, Mirza Faisal","Simon Fraser University (Burnaby, B.C.)",British Columbia,Collaborative Health Research Projects (NSERC partnered),201711CPG,Collaborative Health Research Projects - NSERC Partnered,OCTSurfer - Advanced Imaging and Integrated Image Analysis Platform for 3D Optical Coherence Tomography Images of the Eye,"$341,410 ","$87,200 ", $-   ,,3 yrs 0 mth ,Population and Public Health,AGING; MULTIDISCIPLINARY; IMAGING; VISION,4/1/2018,2021-03-31,0,"Optical Coherence Tomography, Imaging, Eye"
"Flanagan, John G",University Health Network (Toronto),Ontario,Operating Grant,201203MOP,Biomedical Engineering,Ocular Biomechanics and Glaucoma:  Finite Element Modeling of the Optic Nerve's Response to Biomechanical Insult and it's Role in Astrocyte Activation,"$692,821 ", $-   , $-   ,,5 yrs 0 mth ,"Neurosciences, Mental Health and Addiction",GLAUCOMA; DISEASES AFFECTING SPEECH/VISION/HEARING; VISION; BIOPHYSICS,10/1/2012,2017-09-30,1,"ocular, biomechanics, glaucoma"
"Turner, Justine M",University of Alberta,Alberta,Operating Grant: Industry-partnered Collaborative Research - Other Partner,201009ISO,Industry Partnered Collaborative Research,Omega-3 Fatty Acids for Treatment of Intestinal Failure Associated Liver Disease: A Translational Research Study,"$131,484 ", $-   , $-   ,,3 yrs 0 mth ,"Nutrition, Metabolism and Diabetes",LIVER DISEASE; MALNUTRITION; NUTRITION; GASTROINTESTINAL (LIVER),4/1/2011,2014-03-31,0,"Omega-3, Fatty Acids, Liver Disease"
"Gilks, Cyril B",University of British Columbia,British Columbia,Project Grant,201903PJT,Medical Physics & Imaging,"Omics, Histopathology and AI: An Integrative Approach for Biomarker Discovery in Ovarian Cancer","$822,376 ", $-   , $-   ,,3 yrs 0 mth ,Cancer Research,"Biomedical Engineering-Biomedical Imaging; Genetics-Genomics, Transcriptomics and Proteomics; Methods Development and Modelling-Quantitative Methods Development for Health Research",10/1/2019,2022-09-30,0,"Omics, Histopathology, AI"
"Adachi, Jonathan D",McMaster University,Ontario,Operating Grant,201103MOP,Medical Physics & Imaging,On the development of bone quality parameters for assessing osteoporosis using peripheral quantitative computed tomography,"$657,828 ", $-   , $-   ,,5 yrs 0 mth ,Musculoskeletal Health and Arthritis,"OSTEOPOROSIS; AGING; MUSCLE, BONE, OR JOINT; IMAGING",10/1/2011,2016-09-30,0,"bone, osteoporosis, computed tomography"
"Rak, Janusz",Research Institute of the McGill University Health Centre,Quebec,Operating Grant,201009MOP,Cancer Progression & Therapeutics 2,Oncogene-containing microvesicles as mediators and messengers of tumour progression,"$774,560 ", $-   , $-   ,,5 yrs 0 mth ,Cancer Research,NEOPLASMS; BRAIN TUMORS THERAPY; CANCER; CELL BIOLOGY,4/1/2011,2016-03-31,4,"oncogene, microvesicles, tumour"
"Witcher, Michael",CIUSSS de Centre-Ouest-de-l'Ile-de-Montreal-Jewish General,Quebec,Project Grant,201803PJT,Cancer Biology & Therapeutics,Oncogenic activity of poly (ADP-ribose) polymerase.,"$665,550 ", $-   , $-   ,,5 yrs 0 mth ,Cancer Research,Cancer-Cancer Progression and Metastasis,10/1/2018,2023-09-30,0,"oncogenic, poly (ADP-ribose), polymerase"
"Grandvaux, Nathalie",Centre hospitalier de l'Universite de Montreal (CHUM),Quebec,Operating Grant,200909MOP,Cancer Biology & Therapeutics,Oncogenic signaling pathways in breast cancer: regulation and function of the IKKepsilon kinase.,"$346,936 ", $-   , $-   ,,3 yrs 0 mth ,Cancer Research,BREAST CANCER; CANCER; CELL BIOLOGY,4/1/2010,2013-03-31,0,"oncogenic, signaling pathways, IKKepsilon kinase"
"Stojdl, David F",Children's Hospital of Eastern Ontario Research Institute Inc,Ontario,Operating Grant,201405MOP,Cancer Biology & Therapeutics,Oncolytic Virus Immunotherapy for Brain Cancer,"$100,000 ", $-   , $-   ,,1 yr 0 mth ,Cancer Research,BRAIN TUMORS THERAPY; CANCER THERAPY GENERAL; CANCER; MOLECULAR BIOLOGY,10/1/2014,2015-09-30,7,"Oncolytic virus, Immunotherapy, Brain cancer"
"Cahill, Catherine M","Queen's University (Kingston, Ontario)",Ontario,CIHR/RxD - Biology of Pain -Young Investigators Grant,200810XCP,Industry Partnered Collaborative Research,Opioids modify glial activity in models of chronic pain and opioid  tolerant states,"$54,351 ", $-   , $-   ,,2 yrs 0 mth ,Aging,AGING; MENTAL AND BEHAVIOURAL DISEASES; MOLECULAR BIOLOGY,4/1/2009,2011-03-31,0,"opioids, glial, pain"
"Vitkin, I. Alex",University Health Network (Toronto),Ontario,Operating Grant,201209MOP,Medical Physics & Imaging,Optical coherence tomography for assessment of early radiobiological response in-vivo,"$500,960 ", $-   , $-   ,,5 yrs 0 mth ,Cancer Research,CANCER THERAPY GENERAL; BIOPHYSICS; IMAGING,4/1/2013,2018-03-31,0,"Optical coherence tomography, radiobiological response, in-vivo"
"Yang, Victor X",Toronto Metropolitan University,Ontario,Operating Grant,201009MOP,Medical Physics & Imaging,Optical Coherence Tomography for Intraoperative Imaging During Skull Base Neurosurgical Procedures,"$379,765 ", $-   , $-   ,,3 yrs 0 mth ,Circulatory and Respiratory Health,MULTIDISCIPLINARY; MULTIPLE DISEASE RELEVANCE; BIOPHYSICS; NERVOUS SYSTEM,4/1/2011,2014-03-31,5,"Optical Coherence Tomography, Intraoperative Imaging, Skull Base"
"Adamson, Robert B",Dalhousie University (Nova Scotia),Nova Scotia,Collaborative Health Research Projects (NSERC partnered),201610CPG,Collaborative Health Research Projects - NSERC Partnered,Optical coherence tomography of the middle ear,"$337,717 ", $-   , $-   ,,3 yrs 0 mth ,Aging,DEAFNESS; MULTIPLE DISEASE RELEVANCE; IMAGING; HEARING,4/1/2017,2020-03-31,4,"Optical coherence tomography, middle ear"
"Leblond, Frederic",Polytechnique Montreal,Quebec,Collaborative Health Research Projects (NSERC partnered),201310CPG,Collaborative Health Research Projects - NSERC Partnered,Optical guidance for safe and effective brain tumor biopsy,"$211,407 ", $-   , $-   ,,3 yrs 0 mth ,Cancer Research,BRAIN TUMORS (INCL. RETINAL TUMORS); IMAGING; CANCER,4/1/2014,2017-03-31,4,"Optical guidance, brain tumor, biopsy"
"Sarunic, Marinko V","Simon Fraser University (Burnaby, B.C.)",British Columbia,Collaborative Health Research Projects (NSERC partnered),201510CPG,Collaborative Health Research Projects - NSERC Partnered,Optical imaging of retinal structure and function with cellular resolution,"$307,750 ", $-   , $-   ,,3 yrs 0 mth ,"Neurosciences, Mental Health and Addiction",DISEASES AFFECTING SPEECH/VISION/HEARING; AGING; IMAGING; VISION,4/1/2016,2019-03-31,5,"Optical imaging, retinal, cellular"
"Bizheva, Kostadinka K",University of Waterloo (Ontario),Ontario,Project Grant,202104PJT,Medical Physics & Imaging,Optical system for in-vivo imaging and label-free identification of stem cells in the human corneo-scleral limbus for treatment of corneal blindness,"$592,876 ", $-   , $-   ,,5 yrs 0 mth ,"Neurosciences, Mental Health and Addiction","Biomedical Engineering-Biomedical Imaging; Neurosciences-Sensory Systems (including visual, auditory and pain)",10/1/2021,2026-09-30,0,"optical, imaging, stem cells"
"Morgenstern, Daniel A",Hospital for Sick Children (Toronto),Ontario,Project Grant - Priority Announcement: Pediatric Cancer Research,202203PDI,Cancer Biology & Therapeutics 2,OPTIMISE: Optimal precision therapies to customise care in childhood and adolescent cancer,"$545,625 ", $-   , $-   ,,1 yr 5 mths ,Cancer Research,Cancer-Cancer Drug Development and Therapeutics,10/1/2022,2024-03-31,0,"precision, therapies, cancer"
"Soulez, Gilles",Universite de Montreal,Quebec,Collaborative Health Research Projects (NSERC partnered),201910CPG,Collaborative Health Research Projects - NSERC Partnered,Optimization and preclinical testing of a sclerosing and embolizing gel for embolization of varicose veins,"$278,520 ","$3,500 ", $-   ,,3 yrs 0 mth ,Circulatory and Respiratory Health,MULTIDISCIPLINARY; CLOTTING DEFECTS/THROMBOSIS; CARDIOVASCULAR; IMAGING,4/1/2020,2023-03-31,0,"sclerosing, embolizing, veins"
"Nobes, David S",University of Alberta,Alberta,Collaborative Health Research Projects (NSERC partnered),201910CPG,Collaborative Health Research Projects - NSERC Partnered,Optimization of an ex vivo heart perfusion device for pre-transplant preservation and evaluation of donor hearts,"$387,264 ","$69,700 ", $-   ,,3 yrs 0 mth ,Circulatory and Respiratory Health,"CARDIOLOGY; STROKE, HEART FAILURE; CARDIOVASCULAR; IMMUNOLOGY-TRANSPLANTATION",4/1/2020,2023-03-31,0,"heart, perfusion, preservation"
"Simmons, Craig A",University of Toronto,Ontario,Project Grant,202010PJT,Biomedical Engineering,Optimization of cell culture media and substrates to mature pluripotent stem cell-derived cardiomyoctyes for improved cardiac cell therapy,"$929,475 ", $-   , $-   ,,5 yrs 0 mth ,Circulatory and Respiratory Health,"Biomedical Engineering-Regenerative Medicine and Tissue Engineering; Cardiovascular, Respiratory and Circulatory Systems-Cardiovascular and Circulatory Sciences",4/1/2021,2026-03-31,1,"cell culture, pluripotent stem cells, cardiomyocytes"
"Fradet, Yves",Universite Laval,Quebec,Operating Grant,200809MOP,Cancer Biology & Therapeutics,Optimization of immunotherapy of bladder cancer: response to various non-specific immunomodulators,"$322,690 ", $-   , $-   ,,3 yrs 0 mth ,Cancer Research,PROSTATE AND BLADDER CANCER; PROSTATE AND BLADDER CANCER THERAPY; CANCER; IMMUNOLOGY-TRANSPLANTATION,4/1/2009,2012-03-31,1,"immunotherapy, bladder cancer, immunomodulators"
"Kairy, Dahlia",Universite de Montreal,Quebec,Catalyst Grant: Personalized Health Catalyst Grants,201706PCG,Personalized Health - novel e-health applications,Optimizing a home-based virtual reality exercise program for chronic stroke patients: A telerehabilitation approach,"$197,481 ", $-   , $-   ,,2 yrs 0 mth ,Circulatory and Respiratory Health,"STROKE, HEART FAILURE; HEALTH CARE DELIVERY; NERVOUS SYSTEM; AGING",9/1/2017,2019-08-31,0,"virtual reality, telerehabilitation, stroke"
"Redfearn, Damian P","Queen's University (Kingston, Ontario)",Ontario,Operating Grant: Industry-partnered Collaborative Research,201409IPR,Industry Partnered Collaborative Research,Optimizing Contemporary Sequential Mapping of Atrial Fibrillation Signals as a Strategy to Identify Novel Targets for Ablation,"$232,748 ","$6,041 ", $-   ,,4 yrs 0 mth ,Circulatory and Respiratory Health,ARRHYTHMIAS; CARDIOLOGY; CARDIOVASCULAR,4/1/2015,2019-03-31,2,"Atrial Fibrillation, Sequential Mapping, Ablation"
"Johnson, Nathalie",CIUSSS de Centre-Ouest-de-l'Ile-de-Montreal-Jewish General,Quebec,Project Grant,201709PJT,Cancer Progression & Therapeutics 2,Optimizing immunotherapy in high-risk lymphoma,"$1,208,700 ", $-   , $-   ,,5 yrs 0 mth ,Cancer Research,Cancer-Cancer Drug Development and Therapeutics,4/1/2018,2023-03-31,0,"immunotherapy, lymphoma, high-risk"
"Lemieux, Joanne M",University of Alberta,Alberta,Operating Grant: COVID-19 Rapid Research Funding Opportunity - Therapeutics,202005VR3,COVID-19 Rapid Research - Therapeutics,"Optimizing polar, small inhibitors of a viral cysteine protease to identify a lead for an oral COVID-19 treatment","$585,228 ", $-   , $-   ,,1 yr 0 mth ,Infection and Immunity,VIRAL; VIROLOGY; DRUG RESEARCH,6/1/2020,2021-05-31,3,"polar, inhibitors, cysteine protease"
"Ruel, Marc",Ottawa Heart Institute Research Corporation (Ontario),Ontario,Operating Grant,201303MOP,Biomedical Engineering,"Optimizing Signaling, Cells, and Host Environment in Matrix-based Cardiac Regenerative Therapy: Towards Pre-clinical Application","$619,261 ", $-   , $-   ,,5 yrs 0 mth ,Circulatory and Respiratory Health,CARDIOLOGY; CARDIOVASCULAR,10/1/2013,2018-09-30,1,"Signaling, Cells, Cardiac"
"Ungrin, Mark D",University of Calgary,Alberta,Operating Grant,201403MOP,Biomedical Engineering,Optimizing the size and composition of beta cell aggregates to improve islet graft survival,"$586,594 ", $-   , $-   ,,5 yrs 0 mth ,"Nutrition, Metabolism and Diabetes",DIABETES MELLITUS; METABOLISM/DIABETES; CELL BIOLOGY,7/1/2014,2019-06-30,0,"beta cell, islet graft, aggregates"
"Shahriari, Dena",University of British Columbia,British Columbia,Project Grant,202309PJT,Biomedical Engineering 2,Optogenetic stimulation after spinal cord injury in rodents,"$956,250 ", $-   , $-   ,,5 yrs 0 mth ,"Neurosciences, Mental Health and Addiction","Biomedical Engineering-Regenerative Medicine and Tissue Engineering; Biomedical Engineering-Biomaterials, Nanotechnology and Biomechanics",4/1/2024,2029-03-31,1,"Optogenetic, spinal cord injury, stimulation"
"Champagne, Pierre-Olivier",Universite Laval,Quebec,Project Grant,202303PJT,Biomedical Engineering 2,Organogenese de muqueuse nasale autologue pour la reconstruction endoscopique endonasale en chirurgie de la base du crene,"$669,376 ", $-   , $-   ,,5 yrs 0 mth ,Cancer Research,"Biomedical Engineering-Biomaterials, Nanotechnology and Biomechanics",10/1/2023,2028-09-30,0,"organogenese, muqueuse nasale, reconstruction"
"Liu, Geoffrey",University Health Network (Toronto),Ontario,Project Grant,202003PJT,Cancer Progression & Therapeutics,Organoids to guide Post-resistance Therapy In driver MutAted Lung cancers (OPTIMAL),"$1,147,500 ", $-   , $-   ,,5 yrs 0 mth ,Cancer Research,Cancer-Cancer Drug Development and Therapeutics,10/1/2020,2025-09-30,0,"Organoids, Lung cancers, Mutated"
"Marjoribanks, Robin S",University of Toronto,Ontario,Collaborative Health Research Projects (NSERC partnered),201410CPG,Collaborative Health Research Projects - NSERC Partnered,Orthopaedic surgical platform which uses burst-mode ultrafast laser pulses delivered by high-power fiber-optic catheter for less-invasive surgery with ultrafine control,"$378,611 ", $-   , $-   ,,3 yrs 0 mth ,Musculoskeletal Health and Arthritis,"ARTHRITIS/OSTEOARTHRITIS; GLAUCOMA; MUSCLE, BONE, OR JOINT; BIOPHYSICS",4/1/2015,2018-03-31,0,"ultrafast laser, fiber-optic catheter, minimally invasive"
"Jahani-Asl, Arezu",CIUSSS de Centre-Ouest-de-l'Ile-de-Montreal-Jewish General,Quebec,Project Grant,201809PJT,Cancer Biology & Therapeutics 2,OSMR Regulation of Glioblastoma Pathogenesis,"$753,525 ", $-   , $-   ,,5 yrs 0 mth ,Cancer Research,Cancer-Cancer Drug Development and Therapeutics,4/1/2019,2024-03-31,0,"OSMR, Glioblastoma, Pathogenesis"
"Capretta, Alfredo A",McMaster University,Ontario,Collaborative Health Research Projects (NSERC partnered),201210CPG,Collaborative Health Research Projects - NSERC Partnered,Overcoming Antibiotic Resistance Through the Inhibition of Aminoglycoside Phosphotransferases (APH).,"$338,199 ", $-   , $-   ,,3 yrs 0 mth ,Infection and Immunity,INFECTIOUS AND PARASITIC; DRUG RESEARCH; BIOCHEMISTRY,4/1/2013,2016-03-31,0,"Antibiotic resistance, Aminoglycoside, Phosphotransferases"
"Bell, John C",Ottawa Hospital Research Institute,Ontario,Project Grant,202304PJT,Cancer Biology & Therapeutics,Overcoming barriers to effective cancer immunotherapy with an engineered virus based therapeutic,"$100,000 ", $-   , $-   ,,1 yr 0 mth ,Cancer Research,Cancer-Cancer Drug Development and Therapeutics,10/1/2023,2024-09-30,2,"cancer, immunotherapy, virus"
"Shoichet, Molly S",University of Toronto,Ontario,Project Grant,202209PJT,Biomedical Engineering 2,Overcoming ER+ Breast Cancer with Fulvestrant-siRNA co-delivery,"$665,552 ", $-   , $-   ,,4 yrs 0 mth ,Cancer Research,"Biomedical Engineering-Biomaterials, Nanotechnology and Biomechanics; Cancer-Cancer Drug Development and Therapeutics",4/1/2023,2027-03-31,0,"ER+, breast cancer, siRNA"
"McCaffrey, Luke M",McGill University,Quebec,Project Grant,202003PJT,Cancer Progression & Therapeutics 2,Overcoming suppressive micro-environments in early breast cancer progression,"$1,338,750 ", $-   , $-   ,,5 yrs 0 mth ,Cancer Research,Cancer-Cancer Progression and Metastasis,10/1/2020,2025-09-30,0,"micro-environments, breast cancer, progression"
"Johnson, Nathalie",CIUSSS de Centre-Ouest-de-l'Ile-de-Montreal-Jewish General,Quebec,Operating Grant,201303MOP,Cancer Progression & Therapeutics 2,Overcoming therapeutic resistance in lymphoma,"$449,166 ", $-   , $-   ,,3 yrs 0 mth ,Cancer Research,NEOPLASMS; CANCER,10/1/2013,2016-09-30,0,"therapeutic resistance, lymphoma"
"Willett, Thomas",University of Waterloo (Ontario),Ontario,Project Grant,201803PJT,Biomedical Engineering,Oxidative Damage of Bone Collagen As A Mechanism Of Bone Fragility,"$653,157 ", $-   , $-   ,,4 yrs 0 mth ,Musculoskeletal Health and Arthritis,"Biomedical Engineering-Biomaterials, Nanotechnology and Biomechanics; Musculoskeletal Health-Bone, Skin and Cartilage Sciences; Aging-Aging Process and Biological Determinants of Aging",10/1/2018,2022-09-30,0,"oxidative damage, bone collagen, bone fragility"
"Huang, Sidong",McGill University,Quebec,Project Grant,202403PJT,Cancer Progression & Therapeutics 2,p300 histone acetyltransferase-dependency in SWI/SNF-deficient cancers: mechanisms and therapeutic implications,"$1,116,900 ", $-   , $-   ,,5 yrs 0 mth ,Cancer Research,Cancer-Cancer Progression and Metastasis,10/1/2024,2029-09-30,0,"p300, histone acetyltransferase, SWI/SNF"
"Gauthier, Lynn R",Universite Laval,Quebec,Catalyst Grant: Personalized Health Catalyst Grants,201706PCG,Personalized Health - novel e-health applications,PainQuILT: A patient-centred e-health solution to empower older adults and improve pain assessment and management,"$162,027 ", $-   , $-   ,,2 yrs 0 mth ,Aging,AGING; NONE OF THE ABOVE; GERIATRICS; NERVOUS SYSTEM,9/1/2017,2019-08-31,0,"e-health, pain assessment, older adults"
"Naus, Christian C",University of British Columbia,British Columbia,Operating Grant,200809MOP,Cancer Progression & Therapeutics,Pannexins as a novel growth regulator in gliomas,"$645,690 ", $-   , $-   ,,5 yrs 0 mth ,Cancer Research,BRAIN TUMORS (INCL. RETINAL TUMORS); BRAIN TUMORS THERAPY; CANCER; CELL BIOLOGY,4/1/2009,2014-03-31,0,"Pannexins, gliomas, growth regulator"
"Li, Yingfu",McMaster University,Ontario,Collaborative Health Research Projects (NSERC partnered),201610CPG,Collaborative Health Research Projects - NSERC Partnered,Paper-based diagnostic device for colorectal cancer detection,"$402,900 ", $-   , $-   ,,3 yrs 0 mth ,Cancer Research,GASTRO-INTESTINAL CANCER; GASTRO-INTESTINAL DISEASE; CANCER; MOLECULAR BIOLOGY,4/1/2017,2020-03-31,2,"paper, diagnostic, colorectal cancer"
"Buttyan, Ralph",University of British Columbia,British Columbia,Operating Grant,201109MOP,Cancer Progression & Therapeutics,Paracrine Hedgehog as a Mediator of Castration Resistant Prostate Cancer,"$567,625 ", $-   , $-   ,,5 yrs 0 mth ,Cancer Research,PROSTATE AND BLADDER CANCER; ENDOCRINOLOGY; CANCER,4/1/2012,2017-03-31,0,"Hedgehog, Paracrine, Prostate Cancer"
"Graham, Simon J","Sunnybrook Research Institute (Toronto, Ontario)",Ontario,Project Grant,201809PJT,Medical Physics & Imaging,Parallel Radiofrequency Transmission MRI Applied to Deep Brain Stimulation,"$841,500 ", $-   , $-   ,,5 yrs 0 mth ,"Neurosciences, Mental Health and Addiction",Neurosciences-Neurological disorders,4/1/2019,2024-03-31,0,"Radiofrequency, MRI, Brain Stimulation"
"Coffin, Carla S",University of Calgary,Alberta,Operating Grant: Industry-partnered Collaborative Research,201509IPR,Industry Partnered Collaborative Research,Pathogenesis of Hepatitis B Virus Infection in Non-Alcoholic Fatty Liver Disease,"$228,746 ", $-   , $-   ,,3 yrs 0 mth ,Infection and Immunity,LIVER DISEASE; OBESITY; GASTROINTESTINAL (LIVER); HEALTH RESEARCH,4/1/2016,2019-03-31,0,"Hepatitis B, Virus Infection, Fatty Liver"
"Brown, Eric D",McMaster University,Ontario,Collaborative Health Research Projects (NSERC partnered),201310CPG,Collaborative Health Research Projects - NSERC Partnered,Pathway-specific cell-based high throughput screening for natural product antibiotics,"$322,238 ", $-   , $-   ,,3 yrs 0 mth ,Infection and Immunity,INFECTIOUS AND PARASITIC; BACTERIOLOGY; BIOCHEMISTRY,4/1/2014,2017-03-31,22,"cell-based, high throughput, antibiotics"
"Gallinger, Steven","Ontario Institute for Cancer Research (Toronto, Ontario)",Ontario,Project Grant,202109PJT,Cancer Progression & Therapeutics,Patient derived organoids as a platform for inferring treatment response in pancreatic cancer patients,"$975,375 ", $-   , $-   ,,5 yrs 0 mth ,Cancer Research,Cancer-Cancer Progression and Metastasis,4/1/2022,2027-03-31,0,"organoids, pancreatic cancer, treatment response"
"Genov, Roman",University of Toronto,Ontario,Collaborative Health Research Projects (NSERC partnered),201510CPG,Collaborative Health Research Projects - NSERC Partnered,Patient-Specific Adaptive Closed-Loop Neurostimulation for Optimum Treatment of Intractable Epilepsy,"$232,200 ", $-   , $-   ,,3 yrs 0 mth ,"Neurosciences, Mental Health and Addiction",EPILEPSY; NERVOUS SYSTEM,4/1/2016,2019-03-31,4,"Neurostimulation, Closed-Loop, Epilepsy"
"Li-Jessen, Yee Key Nicole",McGill University,Quebec,Project Grant,201709PJT,Biomedical Engineering,Patient-specific computational models of vocal recovery from phonosurgery,"$558,450 ", $-   , $-   ,,5 yrs 0 mth ,Population and Public Health,Methods Development and Modelling-Quantitative Methods Development for Health Research,4/1/2018,2023-03-31,0,"computational models, vocal recovery, phonosurgery"
"Mushahwar, Vivian",University of Alberta,Alberta,Operating Grant,201309MOP,Biomedical Engineering,Patterned electrical stimulation of the arms and legs to improve walking after spinal cord injury,"$994,127 ", $-   , $-   ,,5 yrs 0 mth ,"Neurosciences, Mental Health and Addiction","SPINAL CORD DISEASE; STROKE, HEART FAILURE; NERVOUS SYSTEM; MUSCLE, BONE, OR JOINT",4/1/2014,2019-03-31,1,"electrical stimulation, spinal cord injury, walking"
"Tang, Damu",McMaster University,Ontario,Project Grant,201809PJT,Cancer Progression & Therapeutics 2,"PCSK9, a novel contributor to the development of castration resistant prostate cancer","$577,574 ", $-   , $-   ,,3 yrs 0 mth ,Cancer Research,Cancer-Cancer Progression and Metastasis,4/1/2019,2022-03-31,0,"PCSK9, prostate cancer, castration resistant"
"Berthod, Franeois",Universite Laval,Quebec,Operating Grant,201003MOP,Biomedical Engineering,Peau reconstruite par genie tissulaire: etude de l'influence de l'innervation cutanee sur la guerison des plaies,"$447,139 ", $-   , $-   ,,3 yrs 0 mth ,Musculoskeletal Health and Arthritis,"SKIN AND SUBCUTANEOUS TISSUS; INJURY, REGENERATION; CELL BIOLOGY; BIOCHEMISTRY",10/1/2010,2013-09-30,0,"tissue engineering, skin innervation, wound healing"
"Unsworth, Larry D",University of Alberta,Alberta,Project Grant,202104PJT,Biomedical Engineering,Peptide decorated magnetic nanoparticle strategies for minimally invasive targeting and removing exfoliation materials from the anterior lens capsule,"$589,050 ", $-   , $-   ,,5 yrs 0 mth ,Aging,"Biomedical Engineering-Biomaterials, Nanotechnology and Biomechanics",10/1/2021,2026-09-30,1,"peptide, magnetic nanoparticle, lens capsule"
"Perrin, David M",University of British Columbia,British Columbia,Operating Grant: COVID-19 Rapid Research Funding Opportunity - Therapeutics,202005VR3,COVID-19 Rapid Research - Therapeutics,Peptide macrocycle decoys against COVID-19 viral spike protein,"$167,056 ", $-   , $-   ,,1 yr 0 mth ,Infection and Immunity,MULTIDISCIPLINARY; INFECTIOUS AND PARASITIC; BIOCHEMISTRY; MOLECULAR BIOLOGY,6/1/2020,2021-05-31,0,"peptide, macrocycle, spike protein"
"Auer, Rebecca Ann C",Ottawa Hospital Research Institute,Ontario,Project Grant,201903PJT,Cancer Biology & Therapeutics,Perioperative Targeting of Myeloid Derived Suppressor Cells to Alleviate Postoperative Immunosuppression and Metastases,"$860,626 ", $-   , $-   ,,5 yrs 0 mth ,Cancer Research,"Cancer-Cancer Drug Development and Therapeutics; Cancer-Cancer Progression and Metastasis; Immunology and Infection-Transplantation, Immune Tolerance and Tumor Immunology; Pharmacological sciences - drug design and development",10/1/2019,2024-09-30,1,"Myeloid Derived Suppressor Cells, Immunosuppression, Metastases"
"Fichtinger, Gabor","Queen's University (Kingston, Ontario)",Ontario,Collaborative Health Research Projects (NSERC partnered),201210CPG,Collaborative Health Research Projects - NSERC Partnered,Perk Tutor: Ultrasound-guided Needle Placement Training Platform,"$336,940 ", $-   , $-   ,,3 yrs 0 mth ,Musculoskeletal Health and Arthritis,MUSCULO SKELETAL; HEALTH RESEARCH; IMAGING,4/1/2013,2016-03-31,9,"ultrasound, needle, training"
"Genov, Roman",University of Toronto,Ontario,Collaborative Health Research Projects (NSERC partnered),201910CPG,Collaborative Health Research Projects - NSERC Partnered,Personalized Contingent Neurostimulation for Epilepsy by Machine Learning in Organic Brain Interfaces,"$360,000 ","$15,000 ", $-   ,,3 yrs 0 mth ,"Neurosciences, Mental Health and Addiction",EPILEPSY; MULTIDISCIPLINARY; BIOPHYSICS; NERVOUS SYSTEM,4/1/2020,2023-03-31,1,"Neurostimulation, Epilepsy, Brain Interfaces"
"Caldwell, Curtis B","Sunnybrook Research Institute (Toronto, Ontario)",Ontario,Operating Grant,201503MOP,Medical Physics & Imaging,Personalizing Radionuclide Therapy of Neuroendocrine Tumours,"$433,320 ", $-   , $-   ,,4 yrs 0 mth ,Cancer Research,CANCER THERAPY GENERAL; MULTIDISCIPLINARY; CANCER; IMAGING,7/1/2015,2019-06-30,0,"Radionuclide, Neuroendocrine, Tumours"
"Lepage, Martin",Universite de Sherbrooke,Quebec,Operating Grant,200809MOP,Medical Physics & Imaging,Pharmacokinetic modeling: Validation of DCE-MRI and PET/MRI combination,"$306,240 ", $-   , $-   ,,3 yrs 0 mth ,Cancer Research,IMAGING; CANCER,4/1/2009,2012-03-31,0,"pharmacokinetic, DCE-MRI, PET/MRI"
"Noiseux, Nicolas",Centre hospitalier de l'Universite de Montreal (CHUM),Quebec,Operating Grant: Industry-partnered Collaborative Research,201503IPR,Industry Partnered Collaborative Research,Pharmacological intervention to reduce ischemic injury: Development of a novel infarct-sparing agent,"$79,872 ", $-   , $-   ,,1 yr 0 mth ,Circulatory and Respiratory Health,MYOCARDIAL INFARCTION; DRUGS- PHARMACEUTICAL SCIENCE/CHEMISTRY & NON MEDICAL USE OF DRUGS; CARDIOVASCULAR; DRUG RESEARCH,10/1/2015,2016-09-30,0,"ischemic injury, infarct-sparing, pharmacological"
"Duval, Michel","Centre hospitalier universitaire Sainte-Justine (Montreal, Quebec)",Quebec,Project Grant - Priority Announcement: Pediatric Cancer Research,202303PDI,Cancer Biology & Therapeutics,Phase I first-in-human trial for ThINKK adoptive immunotherapy in children with high-risk cancers,"$100,000 ", $-   , $-   ,,1 yr 0 mth ,Cancer Research,"Cancer-Pediatric Cancer; Cancer-Cancer Drug Development and Therapeutics; Youth Health-Prevention, Treatment and Support",10/1/2023,2024-09-30,0,"immunotherapy, adoptive, cancers"
"Duval, Michel","Centre hospitalier universitaire Sainte-Justine (Montreal, Quebec)",Quebec,Project Grant - Priority Announcement: Pediatric Cancer Research,202209PDI,Cancer Biology & Therapeutics,Phase I first-in-human trial of ThINKK adoptive immunotherapy in children with high-risk cancers,"$100,000 ", $-   , $-   ,,1 yr 0 mth ,Cancer Research,"Cancer-Pediatric Cancer; Cancer-Cancer Drug Development and Therapeutics; Youth Health-Prevention, Treatment and Support",3/1/2023,2024-02-29,0,"immunotherapy, adoptive, cancers"
"Tannock, Ian F",University Health Network (Toronto),Ontario,Operating Grant,201109MOP,Cancer Progression & Therapeutics,Phase II clinical trial of pantoprazole and docetaxel for men with metastatic castration-resistant prostate cancer,"$297,244 ", $-   , $-   ,,3 yrs 0 mth ,Cancer Research,PROSTATE AND BLADDER CANCER THERAPY; CANCER,4/1/2012,2015-03-31,0,"pantoprazole, docetaxel, prostate cancer"
"Dick, John E",University Health Network (Toronto),Ontario,Project Grant,202309PJT,Cancer Progression & Therapeutics 2,Phenotypic and Functional Characterization of Relapse-Fated Cells Present at Diagnosis in AML leading to improved therapeutic targeting and monitoring,"$1,051,875 ", $-   , $-   ,,5 yrs 0 mth ,Cancer Research,"Cancer-Cancer Progression and Metastasis; Molecular, Cellular and Systems Biology-Cell Biology and Physiology",7/1/2024,2029-06-30,1,"Phenotypic, Functional, AML"
"Mahshid, Sara",McGill University,Quebec,Project Grant - PA: Antimicrobial Resistance (Bridge Grant),202209ARB,Biomedical Engineering 2,Phenotypic Profiling of Antibiotic Susceptibility via a Multiplexed Colorimetric Fluidic Assay,"$100,000 ", $-   , $-   ,,1 yr 0 mth ,Infection and Immunity,"Biomedical Engineering-Biophysics, Medical Technologies and Instrumentation; Immunology and Infection-Antimicrobial Drug Resistance, Drug Discovery and Therapeutics (including vaccines)",3/1/2023,2024-02-29,1,"Phenotypic profiling, Antibiotic susceptibility, Colorimetric assay"
"Tang, Shuo",University of British Columbia,British Columbia,Collaborative Health Research Projects (NSERC partnered),201210CPG,Collaborative Health Research Projects - NSERC Partnered,Photoacoustic Imaging for Image Guided Prostate Cancer Interventions,"$172,625 ", $-   , $-   ,,3 yrs 0 mth ,Cancer Research,MULTIDISCIPLINARY; PROSTATE AND BLADDER CANCER; IMAGING; CANCER,4/1/2013,2016-03-31,0,"Photoacoustic, Imaging, Prostate Cancer"
"Zemp, Roger J",University of Alberta,Alberta,Project Grant,201909PJT,Medical Physics & Imaging,Photoacoustic Remote Sensing Virtual Histology for Tumor Margin Assessment,"$551,542 ", $-   , $-   ,,4 yrs 0 mth ,Cancer Research,Biomedical Engineering-Biomedical Imaging,4/1/2020,2024-03-31,1,"Photoacoustic, Virtual Histology, Tumor Margin"
"Kolios, Michael C",Toronto Metropolitan University,Ontario,Project Grant,201909PJT,Medical Physics & Imaging,Photoacoustics as a novel kidney fibrosis imaging tool,"$803,252 ", $-   , $-   ,,4 yrs 0 mth ,"Nutrition, Metabolism and Diabetes","Biomedical Engineering-Biomedical Imaging; Biomedical Engineering-Biophysics, Medical Technologies and Instrumentation",4/1/2020,2024-03-31,3,"Photoacoustics, kidney fibrosis, imaging"
"Yang, Victor X",Toronto Metropolitan University,Ontario,Collaborative Health Research Projects (NSERC partnered),201610CPG,Collaborative Health Research Projects - NSERC Partnered,Photodynamic therapy of non-melanoma skin cancers - development of a comprehensive image-guided planning system for personalized treatment,"$253,500 ", $-   , $-   ,,3 yrs 0 mth ,Cancer Research,CANCER THERAPY GENERAL; SKIN AND SUBCUTANEOUS TISSUS; CANCER; IMAGING,4/1/2017,2020-03-31,2,"photodynamic, skin cancers, image-guided"
"Chen, Jing J",Baycrest Centre for Geriatric Care (Toronto),Ontario,Operating Grant,201209MOP,Medical Physics & Imaging,Physiology Basis of Resting-State Functional MRI,"$398,027 ", $-   , $-   ,,4 yrs 0 mth ,Aging,"AGING; STROKE, HEART FAILURE",4/1/2013,2017-03-31,0,"Resting-State, Functional MRI, Physiology"
"Zarrine-Afsar, Arash",University Health Network (Toronto),Ontario,Project Grant,202109PJT,Medical Physics & Imaging,Picosecond InfraRed Laser Mass Spectrometry (PIRL-MS) for Rapid Determination of Pediatric Brain Tumour Pathology,"$677,025 ", $-   , $-   ,,5 yrs 0 mth ,Cancer Research,Cancer-Pediatric Cancer,4/1/2022,2027-03-31,1,"Picosecond, InfraRed, Mass Spectrometry"
"Chan, Steven M",University Health Network (Toronto),Ontario,Project Grant,201803PJT,Cancer Biology & Therapeutics 2,PINK1 Inhibition as a Novel Therapeutic Strategy to Target Acute Myeloid Leukemia Stem Cells,"$348,074 ", $-   , $-   ,,3 yrs 0 mth ,Cancer Research,Cancer-Cancer Drug Development and Therapeutics,10/1/2018,2021-09-30,0,"PINK1, Inhibition, Leukemia"
"Dunn, Sandra E",University of British Columbia,British Columbia,Operating Grant,200809MOP,Cancer Progression & Therapeutics,Pioneering novel approaches to manage cancer recurrence  through the use of YB-1 inhibitors and off-patent drugs.,"$433,402 ", $-   , $-   ,,3 yrs 0 mth ,Cancer Research,BREAST CANCER; CANCER THERAPY GENERAL; CANCER; DRUG RESEARCH,4/1/2009,2012-03-31,2,"YB-1 inhibitors, cancer recurrence, off-patent drugs"
"Raha, Sandeep",McMaster University,Ontario,Collaborative Health Research Projects (NSERC partnered),201711CPG,Collaborative Health Research Projects - NSERC Partnered,Placenta on a chip: A humanized platform for testing of pharmaceuticals and environmental chemicals,"$281,306 ","$12,500 ", $-   ,,3 yrs 0 mth ,"Human Development, Child and Youth Health",ENVIRONMENTAL INFLUENCES ON HEALTH; PREGNANCY/BIRTH; REPRODUCTION/PREGNANCY,4/1/2018,2021-03-31,0,"placenta, chip, pharmaceuticals"
"Cloutier, Guy",Centre hospitalier de l'Universite de Montreal (CHUM),Quebec,Operating Grant,201203MOP,Medical Physics & Imaging,Plane-wave quantitative ultrasound imaging of blood mechanical properties,"$760,348 ", $-   , $-   ,,5 yrs 0 mth ,Circulatory and Respiratory Health,BLOOD; MULTIDISCIPLINARY; IMAGING; CARDIOVASCULAR,10/1/2012,2017-09-30,2,"plane-wave, ultrasound, blood"
"Stoeber, Boris",University of British Columbia,British Columbia,Collaborative Health Research Projects (NSERC partnered),201711CPG,Collaborative Health Research Projects - NSERC Partnered,Platform technology for blood diagnostics integrating microneedle blood sampling and quantum-dot based multiplexed assays,"$356,025 ", $-   , $-   ,,3 yrs 0 mth ,Circulatory and Respiratory Health,BLOOD,4/1/2018,2021-03-31,0,"blood, microneedle, quantum-dot"
"Radisic, Milica",University of Toronto,Ontario,Collaborative Health Research Projects (NSERC partnered),201510CPG,Collaborative Health Research Projects - NSERC Partnered,Platform technology for maturation of human stem cell derived cardiomyocytes and cardiotoxicity screening,"$149,788 ", $-   , $-   ,,3 yrs 0 mth ,Circulatory and Respiratory Health,CARDIOLOGY; ARRHYTHMIAS; CARDIOVASCULAR; DRUG RESEARCH,4/1/2016,2019-03-31,4,"stem cells, cardiomyocytes, cardiotoxicity"
"McNagny, Kelly M",University of British Columbia,British Columbia,Project Grant - PA: Breast Cancer Research,202209PLL,Cancer Biology & Therapeutics,"Podocalyxin's role in tumor invasion, metastasis, and immune evasion","$100,000 ", $-   , $-   ,,1 yr 0 mth ,Cancer Research,"Cancer-Cancer Drug Development and Therapeutics; Cancer-Cancer Progression and Metastasis; Immunology and Infection-Transplantation, Immune Tolerance and Tumor Immunology",3/1/2023,2024-02-29,0,"Podocalyxin, tumor invasion, metastasis"
"Fox-Robichaud, Alison E",McMaster University,Ontario,Collaborative Health Research Projects (NSERC partnered),201510CPG,Collaborative Health Research Projects - NSERC Partnered,Point of Care Device for Rapid Quantification of Cell-Free DNA  with Application in Severe Sepsis,"$240,400 ", $-   , $-   ,,3 yrs 0 mth ,Circulatory and Respiratory Health,INFECTIOUS AND PARASITIC; HEALTH CARE DELIVERY; BIOCHEMISTRY; BLOOD,4/1/2016,2019-03-31,1,"Point of Care, Cell-Free DNA, Sepsis"
"Shaw, Tony",University of Manitoba,Manitoba,Operating Grant,201009MOP,Medical Physics & Imaging,Point of care diagnostic and analytical metabolomic testing.,"$289,018 ", $-   , $-   ,,3 yrs 0 mth ,Population and Public Health,"MULTIDISCIPLINARY; MULTIPLE DISEASE RELEVANCE; GENOMICS, PROTEOMICS, AND BIOINFORMATICS; BIOPHYSICS",4/1/2011,2014-03-31,0,"point of care, diagnostic, metabolomic"
"Tsang, Teresa S",University of British Columbia,British Columbia,Operating Grant: COVID-19 Rapid Research Funding Opportunity - Diagnostics,202005VR2,COVID-19 Rapid Research - Diagnostics,Point of Care Heart-Lung Imaging for Patients Presenting with COVID-19 Symptoms: Artificial Intelligence Precision Modeling for Prediction of Outcomes,"$260,326 ", $-   , $-   ,,1 yr 0 mth ,Circulatory and Respiratory Health,INFECTIOUS AND PARASITIC; CARDIOLOGY; CARDIOVASCULAR; IMAGING,6/1/2020,2021-05-31,0,"Heart-Lung, Imaging, COVID-19"
"Burrell, Robert",University of Alberta,Alberta,Operating Grant: AMR: Point of Care Diagnostics in Human Health Phase 2,201810APC,AMR: Point of Care Diagnostics in Human Health - Phase 2,Point-of-Care Diagnostic Discrimination Between Bacterial and Viral Infections Using a Nanostructured Platform Device for Detection of Host Biomarkers.,"$620,000 ", $-   , $-   ,,3 yrs 0 mth ,Infection and Immunity,VIRAL; PNEUMONIA; HEALTH RESEARCH; BACTERIOLOGY,1/1/2019,2021-12-31,0,"Point-of-Care, Nanostructured, Biomarkers"
"Poirier, Guy G",Universite Laval,Quebec,Project Grant,201903PJT,Cancer Biology & Therapeutics,"Poly(ADP-ribose) writers, readers, and erasers: Functions in DNA double-strand break repair and synthetic lethality.","$956,250 ", $-   , $-   ,,5 yrs 0 mth ,Genetics,"Molecular, Cellular and Systems Biology-Molecular Biology; Cancer-Mechanisms of Carcinogenesis",10/1/2019,2024-09-30,0,"Poly(ADP-ribose), DNA repair, synthetic lethality"
"Kizhakkedathu, Jayachandran N",University of British Columbia,British Columbia,Operating Grant,201303MOP,Biomedical Engineering,Polymer-based Bioengineering Approaches for Systemic Iron Removal,"$610,078 ", $-   , $-   ,,5 yrs 0 mth ,Circulatory and Respiratory Health,ANAEMIAS; BLOOD; NOT CLASSIFIED,10/1/2013,2018-09-30,0,"Polymer, Bioengineering, Iron"
"Buschmann, Michael D",Polytechnique Montreal,Quebec,Operating Grant,201109MOP,Biomedical Engineering,Polymer-based Gene Delivery for Rheumatoid Arthritis,"$361,539 ", $-   , $-   ,,3 yrs 0 mth ,Musculoskeletal Health and Arthritis,"ARTHRITIS/OSTEOARTHRITIS; MUSCLE, BONE, OR JOINT",4/1/2012,2015-03-31,3,"Polymer, Gene Delivery, Rheumatoid Arthritis"
"Scott, Mark D",Canadian Blood Services (Ottawa),Ontario,Operating Grant,201203MOP,Biomedical Engineering,Polymer-Grafted Allogeneic Leukocytes and Systemic Immune Modulation,"$822,276 ", $-   , $-   ,,5 yrs 0 mth ,Circulatory and Respiratory Health,MULTIDISCIPLINARY; BLOOD,10/1/2012,2017-09-30,9,"Polymer-Grafted, Leukocytes, Immune"
"Shoichet, Molly S",University of Toronto,Ontario,Operating Grant,201009MOP,Biomedical Engineering,Polymeric Nanospheres Designed for Targeted Delivery in Breast Cancer,"$586,822 ", $-   , $-   ,,4 yrs 0 mth ,Cancer Research,BREAST CANCER; CANCER,4/1/2011,2015-03-31,0,"Polymeric, Nanospheres, Breast Cancer"
"Overall, Christopher M",University of British Columbia,British Columbia,Collaborative Health Research Projects (NSERC partnered),201210CPG,Collaborative Health Research Projects - NSERC Partnered,Polymers for Proteomic Enrichment of Early Cancer Biomarkers,"$452,322 ", $-   , $-   ,,3 yrs 0 mth ,Cancer Research,BREAST CANCER; MULTIPLE DISEASE RELEVANCE; CANCER; BLOOD,4/1/2013,2016-03-31,0,"Polymers, Proteomic, Biomarkers"
"Weinfeld, Michael",University of Alberta,Alberta,Operating Grant,200909MOP,Cancer Biology & Therapeutics,Polynucleotide kinase: its role in DNA single-strand break repair and a potential therapeutic target to enhance radio- and chemotherapy.,"$531,872 ", $-   , $-   ,,4 yrs 0 mth ,Cancer Research,CANCER THERAPY GENERAL; CANCER; BIOCHEMISTRY,4/1/2010,2014-03-31,0,"Polynucleotide kinase, DNA repair, chemotherapy"
"Weinfeld, Michael",University of Alberta,Alberta,Operating Grant,201309MOP,Cancer Biology & Therapeutics,Polynucleotide kinase: its role in DNA strand break repair and a potential therapeutic target to enhance radio- and chemotherapy,"$952,465 ", $-   , $-   ,,5 yrs 0 mth ,Cancer Research,CANCER THERAPY GENERAL; CARCINOGENS (INCL ENVIRONMENTAL); CANCER; MOLECULAR BIOLOGY,4/1/2014,2019-03-31,3,"Polynucleotide kinase, DNA repair, chemotherapy"
"Weinfeld, Michael",University of Alberta,Alberta,Project Grant,201909PJT,Cancer Biology & Therapeutics,Polynucleotide kinase/phosphatase: its role in DNA strand break repair and a potential therapeutic target to enhance radio- and chemotherapy,"$940,950 ", $-   , $-   ,,5 yrs 0 mth ,Cancer Research,Cancer-Cancer Drug Development and Therapeutics,4/1/2020,2025-03-31,0,"Polynucleotide kinase, DNA repair, chemotherapy"
"Drews, Steven J",University of Alberta,Alberta,Operating Grant: COVID-19 Rapid Research Funding Opportunity - Diagnostics,202005VR2,COVID-19 Rapid Research - Diagnostics,"Population-based seroprevalence of prior infection with COVID-19 in Canada: implications for testing, economic revitalization and population health.","$955,694 ", $-   , $-   ,,1 yr 0 mth ,Infection and Immunity,INFECTIOUS AND PARASITIC; EPIDEMIOLOGY; VIROLOGY; IMMUNOLOGY-TRANSPLANTATION,6/1/2020,2021-05-31,0,"seroprevalence, COVID-19, infection"
"Zheng, Gang",University Health Network (Toronto),Ontario,Operating Grant,201109MOP,Cancer Biology & Therapeutics,Porphysome nanoparticle-enabled minimally invasive transbronchial photothermal ablation of lung cancer,"$756,699 ", $-   , $-   ,,5 yrs 0 mth ,Cancer Research,LUNG CANCER THERAPY; MULTIDISCIPLINARY; CANCER; IMAGING,4/1/2012,2017-03-31,6,"Porphysome, nanoparticle, photothermal"
"Dacosta, Ralph S",University Health Network (Toronto),Ontario,Operating Grant,201403MOP,Medical Physics & Imaging,Portable Intraoperative Fluorescence Imaging for Real-time Margin Assessment and Guidance During Breast Cancer Surgery,"$333,390 ", $-   , $-   ,,3 yrs 0 mth ,Cancer Research,BREAST CANCER; BREAST CANCER THERAPY; IMAGING; CANCER,7/1/2014,2017-06-30,10,"Intraoperative, Fluorescence Imaging, Breast Cancer"
"Armstrong, Glen D",University of Calgary,Alberta,Operating Grant: Industry-partnered Collaborative Research - Other Partner,201003ISO,Industry Partnered Collaborative Research,Potential of pathogen-specific egg yolk antibodies (IgY) for treating Clostridium difficile infections.,"$162,672 ", $-   , $-   ,,3 yrs 0 mth ,Infection and Immunity,INFECTIOUS AND PARASITIC; GASTRO-INTESTINAL DISEASE; BACTERIOLOGY; DRUG RESEARCH,10/1/2010,2013-09-30,0,"IgY, Clostridium difficile, antibodies"
"Wan, Yonghong",McMaster University,Ontario,Operating Grant,201203MOP,Cancer Biology & Therapeutics,Potentiation of cancer immunotherapy by HDAC inhibition,"$724,820 ", $-   , $-   ,,5 yrs 0 mth ,Cancer Research,CANCER THERAPY GENERAL; CANCER; IMMUNOLOGY-TRANSPLANTATION,10/1/2012,2017-09-30,1,"cancer, immunotherapy, HDAC"
"Aparicio, Samuel J",University of British Columbia,British Columbia,Operating Grant,201109MOP,Cancer Progression & Therapeutics,PP2a protein serine/threonine phosphatase mutations in cancer: functional consequences and clinical relevance,"$588,895 ", $-   , $-   ,,4 yrs 0 mth ,Cancer Research,BREAST CANCER; GENITO/URINARY SYSTEM,4/1/2012,2016-03-31,0,"PP2a, phosphatase, cancer"
"Burns, Karen E",Unity Health Toronto,Ontario,Operating Grant: Industry-partnered Collaborative Research - Other Partner,201103ISO,Industry Partnered Collaborative Research,Practice Pattern Variation in Discontinuing Mechanical Ventilation in Critically Ill Adults: An International Study.,"$85,000 ", $-   , $-   ,,3 yrs 0 mth ,Population and Public Health,HEALTH CARE DELIVERY; RESPIRATION; INTERNATIONAL HEALTH,10/1/2011,2014-09-30,0,"Mechanical Ventilation, Practice Pattern, Critically Ill"
"Zhang, Boyang",McMaster University,Ontario,Project Grant,201809PJT,Biomedical Engineering,Pre-clinical evaluation of micro-tissue injection and self-assembly in vivo for cardiac repairs.,"$386,324 ", $-   , $-   ,,4 yrs 0 mth ,Circulatory and Respiratory Health,"Cardiovascular, Respiratory and Circulatory Systems-Cardiovascular and Circulatory Sciences; Biomedical Engineering-Regenerative Medicine and Tissue Engineering",4/1/2019,2023-03-31,6,"micro-tissue, injection, cardiac"
"Routy, Bertrand",Centre hospitalier de l'Universite de Montreal (CHUM),Quebec,Project Grant,201903PJT,Cancer Progression & Therapeutics,Prebiotics to modify the gut microbiome and enhance immune checkpoint blockers,"$761,176 ", $-   , $-   ,,5 yrs 0 mth ,Cancer Research,Cancer-Cancer Drug Development and Therapeutics; Immunology and Infection-Microbiology and Pathogenesis (including Microbiomics),10/1/2019,2024-09-30,1,"Prebiotics, microbiome, immune checkpoint"
"Di Martino, Elena S",University of Calgary,Alberta,Project Grant,202104PJT,Biomedical Engineering,Precision assessment of the abdominal aortic aneurysm: role of heterogeneity at the macro and micro scales,"$661,725 ", $-   , $-   ,,4 yrs 0 mth ,Circulatory and Respiratory Health,"Biomedical Engineering-Biomedical Imaging; Biomedical Engineering-Biomaterials, Nanotechnology and Biomechanics; Artificial Intelligence-Machine Learning",10/1/2021,2025-09-30,3,"abdominal aortic aneurysm, heterogeneity, assessment"
"Brown, Jeremy A",Dalhousie University (Nova Scotia),Nova Scotia,Project Grant,202203PJT,Biomedical Engineering 2,Precision Image-Guided Ultrasound Ablation of Brain Tumors: A Longitudinal Pre-Clinical Study using a Newly Developed Platform,"$596,700 ", $-   , $-   ,,5 yrs 0 mth ,Cancer Research,"Biomedical Engineering-Biomedical Imaging; Cancer-Cancer Drug Development and Therapeutics; Biomedical Engineering-Biophysics, Medical Technologies and Instrumentation",10/1/2022,2027-09-30,2,"Image-Guided, Ultrasound, Ablation"
"Haibe-Kains, Benjamin",University of Toronto,Ontario,Collaborative Health Research Projects (NSERC partnered),201510CPG,Collaborative Health Research Projects - NSERC Partnered,Precision medicine in breast cancer: from the computer to the clinic,"$375,350 ", $-   , $-   ,,3 yrs 0 mth ,Cancer Research,"CANCER; GENOMICS, PROTEOMICS, AND BIOINFORMATICS",4/1/2016,2019-03-31,1,"precision medicine, breast cancer, computer"
"Tai, Lee-Hwa",Universite de Sherbrooke,Quebec,Project Grant,202403PJT,Cancer Biology & Therapeutics,Precision virotherapy to treat bladder cancer,"$814,726 ", $-   , $-   ,,5 yrs 0 mth ,Cancer Research,Cancer-Cancer Drug Development and Therapeutics,10/1/2024,2029-09-30,0,"virotherapy, bladder cancer, precision"
"Roskelley, Calvin D",University of British Columbia,British Columbia,Operating Grant,201209MOP,Cancer Progression & Therapeutics,Preclinical Development Of Inhibitors Of Podocalyxin-Driven Tumor Progression,"$754,756 ", $-   , $-   ,,5 yrs 0 mth ,Cancer Research,BREAST CANCER; BREAST CANCER THERAPY; CANCER; DRUG RESEARCH,4/1/2013,2018-03-31,1,"Podocalyxin, Inhibitors, Tumor"
"Allingham, John S","Queen's University (Kingston, Ontario)",Ontario,Collaborative Health Research Projects (NSERC partnered),201310CPG,Collaborative Health Research Projects - NSERC Partnered,Preclinical Development of Natural Product-Based Agents as Anti-Cancer Drugs,"$206,646 ", $-   , $-   ,,3 yrs 0 mth ,Cancer Research,CANCER THERAPY GENERAL; DRUGS- PHARMACEUTICAL SCIENCE/CHEMISTRY & NON MEDICAL USE OF DRUGS; DRUG RESEARCH; CANCER,4/1/2014,2017-03-31,1,"Natural products, Anti-cancer, Agents"
"Weinfeld, Michael",University of Alberta,Alberta,Operating Grant,201103MOP,Cancer Biology & Therapeutics,Preclinical evaluation of polynucleotide kinase/phosphatase as a therapeutic target.,"$357,058 ", $-   , $-   ,,3 yrs 0 mth ,Cancer Research,CANCER THERAPY GENERAL; CANCER; DRUG RESEARCH,10/1/2011,2014-09-30,0,"polynucleotide kinase, phosphatase, therapeutic target"
"Duval, Michel","Centre hospitalier universitaire Sainte-Justine (Montreal, Quebec)",Quebec,Operating Grant,201303MOP,Cancer Biology & Therapeutics,Preclinical models of natural killer cell-based immunotherapy to cure refractory childhood acute lymphoblastic leukemia,"$331,970 ", $-   , $-   ,,3 yrs 0 mth ,Cancer Research,CANCER THERAPY GENERAL; LEUKAEMIAS; CANCER; BLOOD,10/1/2013,2016-09-30,0,"natural killer, immunotherapy, leukemia"
"Sled, John G",Hospital for Sick Children (Toronto),Ontario,Project Grant,201909PJT,Medical Physics & Imaging,Predicting and preventing brain injury in the antenatal period,"$891,225 ", $-   , $-   ,,5 yrs 0 mth ,"Human Development, Child and Youth Health","Biomedical Engineering-Biomedical Imaging; Reproduction and Development-Clinical Embryology, Neonatology and Pediatrics; Cardiovascular, Respiratory and Circulatory Systems-Cardiovascular and Circulatory Sciences",4/1/2020,2025-03-31,0,"brain injury, antenatal, prediction"
"Lee, Jacques S","Sunnybrook Research Institute (Toronto, Ontario)",Ontario,Catalyst Grant: eHealth Innovations - Aging,201310CEA,e-Health Innovation Partnership Program (eHIPP),Predicting Emergency Delirium with an Interactive Computer Tablet(PreDICT),"$89,178 ","$1,759 ", $-   ,,1 yr 0 mth ,Aging,GERIATRICS; AGING; HEALTH RESEARCH,3/1/2014,2015-02-28,0,"Emergency, Delirium, Tablet"
"Boyd, Steven K",University of Calgary,Alberta,Project Grant,202104PJT,Medical Physics & Imaging,Predicting fragility fractures by non-invasive high-resolution imaging and advanced morphometrics,"$963,900 ", $-   , $-   ,,5 yrs 0 mth ,Musculoskeletal Health and Arthritis,Biomedical Engineering-Biomedical Imaging,10/1/2021,2026-09-30,0,"fragility fractures, high-resolution imaging, morphometrics"
"Parent, Stefan","Centre hospitalier universitaire Sainte-Justine (Montreal, Quebec)",Quebec,Project Grant,201909PJT,Biomedical Engineering,Predicting the Progression and Brace Treatment Response in Spinal Deformities with Temporal-based Machine Learning Approaches,"$864,450 ", $-   , $-   ,,5 yrs 0 mth ,Musculoskeletal Health and Arthritis,Biomedical Engineering-Biomedical Imaging,4/1/2020,2025-03-31,0,"Spinal Deformities, Machine Learning, Progression"
"Wyatt, Alexander W",University of British Columbia,British Columbia,Project Grant,201709PJT,Cancer Progression & Therapeutics 2,Predicting therapy resistance in castration-resistant prostate cancer with circulating tumor DNA,"$516,375 ", $-   , $-   ,,3 yrs 0 mth ,Cancer Research,Cancer-Cancer Progression and Metastasis,4/1/2018,2021-03-31,0,"therapy resistance, circulating tumor DNA, prostate cancer"
"Bardakjian, Berj L",University of Toronto,Ontario,Operating Grant,200903MOP,Biomedical Engineering,Prediction and control of seizure onset,"$293,444 ", $-   , $-   ,,3 yrs 0 mth ,"Neurosciences, Mental Health and Addiction",EPILEPSY; MENTAL DISABILITY; BIOPHYSICS; NERVOUS SYSTEM,10/1/2009,2012-09-30,2,"seizure, prediction, control"
"Tabori, Uri",Hospital for Sick Children (Toronto),Ontario,Operating Grant,201009MOP,Cancer Progression & Therapeutics,Prediction and Prevention of glioma recurrence by targeting telomere dependent self-renewal capacity of tumor initiating cells.,"$757,479 ", $-   , $-   ,,5 yrs 0 mth ,Cancer Research,BRAIN TUMORS THERAPY; CANCER THERAPY GENERAL; CANCER; MOLECULAR BIOLOGY,4/1/2011,2016-03-31,0,"glioma, telomere, self-renewal"
"Zhang, Yunyan",University of Calgary,Alberta,Project Grant,202003PJT,Medical Physics & Imaging,Prediction of multiple sclerosis disability worsening scores using multi-stream deep learning,"$711,450 ", $-   , $-   ,,5 yrs 0 mth ,"Neurosciences, Mental Health and Addiction",Neurosciences-Neurological disorders; Biomedical Engineering-Biomedical Imaging,3/1/2020,2021-02-28,0,"multiple sclerosis, deep learning, disability scoring"
"Zhang, Yunyan",University of Calgary,Alberta,"Project Grant - PA: Neurosciences, Mental Health and Addiction",201909PJ8,Medical Physics & Imaging,Prediction of multiple sclerosis disability worsening scores using multi-stream deep learning,"$100,000 ", $-   , $-   ,,1 yr 0 mth ,"Neurosciences, Mental Health and Addiction",Neurosciences-Neurological disorders; Biomedical Engineering-Biomedical Imaging,3/1/2020,2021-02-28,0,"multiple sclerosis, deep learning, disability scoring"
"Mohamed, Ali Bedaiwy",University of British Columbia,British Columbia,Catalyst Grant: NWHRI: Innovation Fund - Biomedical Discovery Grants,202307NWI,NWHRI: Innovation Fund - Biomedical Discovery Grants,Prediction of Pregnancy Outcomes Using Point-of-Care First Trimester Biomarkers in a Recurrent Pregnancy Loss Population,"$111,386 ", $-   , $-   ,,1 yr 0 mth ,Gender and Health,PREGNANCY/BIRTH; REPRODUCTION/PREGNANCY; HEALTH RESEARCH,2/1/2024,2025-01-31,0,"Pregnancy, Biomarkers, Prediction"
"Tsao, Ming-Sound",University Health Network (Toronto),Ontario,Project Grant,202209PJT,Cancer Progression & Therapeutics 2,Predictive biomarkers for adjuvant immune checkpoint inhibitor therapy in non-small cell lung cancer,"$1,224,000 ", $-   , $-   ,,5 yrs 0 mth ,Cancer Research,Cancer-Cancer Progression and Metastasis,7/1/2023,2028-06-30,0,"biomarkers, immune checkpoint, lung cancer"
"Sloboda, Deborah M",McMaster University,Ontario,Catalyst Grant: NWHRI: Innovation Fund - Biomedical Discovery Grants,202307NWI,NWHRI: Innovation Fund - Biomedical Discovery Grants,Pregnancy's Microbial Marvels: Unraveling the Intestinal Secrets of Maternal Metabolic Regulation,"$100,000 ", $-   , $-   ,,1 yr 0 mth ,Gender and Health,PREGNANCY/BIRTH; DIABETES MELLITUS; REPRODUCTION/PREGNANCY; METABOLISM/DIABETES,2/1/2024,2025-01-31,0,"microbial, intestinal, metabolic"
"Cloutier, Guy",Centre hospitalier de l'Universite de Montreal (CHUM),Quebec,Project Grant,201803PJT,Medical Physics & Imaging,Premature carotid atherosclerosis evolution and plaque vulnerability assessed by quantitative ultrasound biomarkers in HIV-infected individuals,"$569,926 ", $-   , $-   ,,5 yrs 0 mth ,Circulatory and Respiratory Health,Biomedical Engineering-Biomedical Imaging,10/1/2018,2023-09-30,0,"carotid atherosclerosis, ultrasound biomarkers, plaque vulnerability"
"Awadalla, Philip","Ontario Institute for Cancer Research (Toronto, Ontario)",Ontario,Project Grant,202203PJT,Cancer Biology & Therapeutics 2,Preparing for the Recovery from the Effects of the PAndemic on cancer control using Real-world Evidence in Canada (PREPARE-Canada),"$1,147,500 ", $-   , $-   ,,5 yrs 0 mth ,Cancer Research,Cancer-Mechanisms of Carcinogenesis; Population and Health-Health Promotion and Disease Prevention,10/1/2022,2027-09-30,0,"cancer, real-world evidence, pandemic"
"Falk, Bareket",Brock University (Ontario),Ontario,Collaborative Health Research Projects (NSERC partnered),201310CPG,Collaborative Health Research Projects - NSERC Partnered,"Pressure Sore Risk Management in Children with Cerebral Palsy: Local and Whole Body Thermoregulation Strategies, Material Interface and Care Protocols","$292,623 ", $-   , $-   ,,3 yrs 0 mth ,Musculoskeletal Health and Arthritis,"ENVIRONMENTAL INFLUENCES ON HEALTH; MULTIDISCIPLINARY; HEALTH RESEARCH; MUSCLE, BONE, OR JOINT",4/1/2014,2017-03-31,0,"Pressure sore, thermoregulation, cerebral palsy"
"Healey, Jeff S",McMaster University,Ontario,Operating Grant: Industry-partnered Collaborative Research,201203IPR,Industry Partnered Collaborative Research,Prevalence of Sub-Clinical Atrial Fibrillation in Patients with Cardiovascular Risk Factors Detected Using an Implantable Loop Recorder (ASSERT-2),"$136,535 ", $-   , $-   ,,3 yrs 0 mth ,Circulatory and Respiratory Health,"ARRHYTHMIAS; STROKE, HEART FAILURE",10/1/2012,2015-09-30,0,"Atrial Fibrillation, Implantable Loop Recorder, Cardiovascular Risk"
"Wang, Rizhi",University of British Columbia,British Columbia,Collaborative Health Research Projects (NSERC partnered),201510CPG,Collaborative Health Research Projects - NSERC Partnered,"Preventing Adverse Tissue Reactions in Total Hip Replacement, from Mechanisms to New Implant Designs","$511,511 ", $-   , $-   ,,3 yrs 0 mth ,Musculoskeletal Health and Arthritis,"ARTHRITIS/OSTEOARTHRITIS; MULTIDISCIPLINARY; MUSCLE, BONE, OR JOINT; AGING",4/1/2016,2019-03-31,0,"hip replacement, tissue reactions, implant design"
"Langley, Joanne M",Dalhousie University (Nova Scotia),Nova Scotia,Operating Grant: Industry-partnered Collaborative Research,201303IPR,Industry Partnered Collaborative Research,Preventing Respiratory Syncytial Virus (RSV) infection with a novel antigen-adjuvant platform,"$193,512 ", $-   , $-   ,,2 yrs 0 mth ,Infection and Immunity,INFECTIOUS AND PARASITIC; HEALTH RESEARCH,10/1/2013,2015-09-30,0,"Respiratory Syncytial Virus, antigen, adjuvant"
"Ducharme, Francine M","Centre hospitalier universitaire Sainte-Justine (Montreal, Quebec)",Quebec,Operating Grant: COVID-19 Rapid Research Funding Opportunity - Therapeutics,202005VR3,COVID-19 Rapid Research - Therapeutics,PRevention of COVID-19 with high dose Oral Vitamin D supplemental Therapy in Essential healthCare Teams (PROTECT),"$4,224,996 ", $-   , $-   ,,1 yr 0 mth ,"Nutrition, Metabolism and Diabetes",INFECTIOUS AND PARASITIC; METABOLISM AND NUTRITION; DRUG RESEARCH; HEALTH RESEARCH,6/1/2020,2021-05-31,0,"COVID-19, Vitamin D, supplementation"
"Mushahwar, Vivian",University of Alberta,Alberta,Operating Grant,201203MOP,Biomedical Engineering,Prevention of Pressure Ulcer Formation using Intermittent Electrical Stimulation,"$459,602 ", $-   , $-   ,,3 yrs 6 mths ,"Neurosciences, Mental Health and Addiction","SPINAL CORD DISEASE; MUSCULO SKELETAL; NERVOUS SYSTEM; MUSCLE, BONE, OR JOINT",10/1/2012,2016-03-31,2,"Pressure ulcer, electrical stimulation, prevention"
"Liu, Stanley K","Sunnybrook Research Institute (Toronto, Ontario)",Ontario,Project Grant,202303PJT,Cancer Progression & Therapeutics,Primary prostate cancer cells as novel models for patient therapy prediction,"$883,576 ", $-   , $-   ,,5 yrs 0 mth ,Cancer Research,Cancer-Cancer Progression and Metastasis,10/1/2023,2028-09-30,0,"prostate cancer, patient models, therapy prediction"
"Reedijk, Michael",University Health Network (Toronto),Ontario,Project Grant,201709PJT,Cancer Biology & Therapeutics,Priming Notch-activated basal like breast cancer for immune checkpoint blockade,"$918,000 ", $-   , $-   ,,5 yrs 0 mth ,Cancer Research,"Cancer-Cancer Drug Development and Therapeutics; Molecular, Cellular and Systems Biology-Cell Signaling; Immunology and Infection-Transplantation, Immune Tolerance and Tumor Immunology",4/1/2018,2023-03-31,0,"Notch, breast cancer, immune checkpoint"
"Morin, Ryan D","Simon Fraser University (Burnaby, B.C.)",British Columbia,Project Grant,201903PJT,Cancer Progression & Therapeutics,Prioritization and functional characterization of regulatory mutations in non-Hodgkin lymphoma,"$784,126 ", $-   , $-   ,,5 yrs 0 mth ,Cancer Research,"Cancer-Cancer Progression and Metastasis; Cancer-Mechanisms of Carcinogenesis; Genetics-Genomics, Transcriptomics and Proteomics",10/1/2019,2024-09-30,2,"regulatory mutations, non-Hodgkin lymphoma, functional characterization"
"Griffith, May C",Universite de Montreal,Quebec,Project Grant,201709PJT,Biomedical Engineering,Pro-regeneration biomimetic corneal implants with anti-microbial and anti-inflammatory activity,"$749,700 ", $-   , $-   ,,5 yrs 0 mth ,Musculoskeletal Health and Arthritis,"Biomedical Engineering-Regenerative Medicine and Tissue Engineering; Biomedical Engineering-Biomaterials, Nanotechnology and Biomechanics; Neurosciences-Sensory Systems (including visual, auditory and pain)",4/1/2018,2023-03-31,1,"biomimetic, corneal, implants"
"Pantophlet, Ralph A","Simon Fraser University (Burnaby, B.C.)",British Columbia,Catalyst Grant: Innovation in HIV Vaccine and HIV Cure Research,201211CHR,HIV Vaccine and Cure Research,Probing MBL function in oligomannose-specific anti-HIV antibody responses,"$98,300 ", $-   , $-   ,,1 yr 0 mth ,Infection and Immunity,AIDS; VIRAL; HEALTH RESEARCH; VIROLOGY,3/1/2013,2014-02-28,0,"MBL, oligomannose, HIV"
"Rodier, Francis",Centre hospitalier de l'Universite de Montreal (CHUM),Quebec,Project Grant,202003PJT,Cancer Biology & Therapeutics 2,Probing molecular mechanisms of epithelial ovarian cancer therapy-induced senescence to find biomarkers and drug targets,"$1,021,276 ", $-   , $-   ,,5 yrs 0 mth ,Cancer Research,"Cancer-Mechanisms of Carcinogenesis; Molecular, Cellular and Systems Biology-Cell Signaling; Cancer-Cancer Drug Development and Therapeutics",10/1/2020,2025-09-30,0,"molecular, ovarian cancer, biomarkers"
"Stein, Lincoln","Ontario Institute for Cancer Research (Toronto, Ontario)",Ontario,Project Grant,202104PJT,Cancer Progression & Therapeutics,Probing the developmental origins of pediatric cerebellar brain cancers using single cell profiling,"$1,128,376 ", $-   , $-   ,,5 yrs 0 mth ,Cancer Research,Cancer-Pediatric Cancer; Methods Development and Modelling-Quantitative Methods Development for Health Research; Genetics-Molecular and Functional Genetics and Epigenetics,10/1/2021,2026-09-30,0,"pediatric, cerebellar, single cell profiling"
"Derda, Ratmir",University of Alberta,Alberta,Project Grant,202109PJT,Cancer Biology & Therapeutics,"Probing the Role of Glycans in Immunooncology using Genetically Encoded ""Liquid Glycan Arrays""","$944,775 ", $-   , $-   ,,5 yrs 0 mth ,Cancer Research,Cancer-Cancer Drug Development and Therapeutics,4/1/2022,2027-03-31,0,"Glycans, Immunooncology, Arrays"
"Dacosta, Ralph S",University Health Network (Toronto),Ontario,Operating Grant,200809MOP,Cancer Biology & Therapeutics,Probing the Temporal Dynamics of Tumor Cell Kill and Vascular Damage in Radiation Therapy using Optical Molecular Imaging Techniques,"$347,478 ", $-   , $-   ,,3 yrs 0 mth ,Cancer Research,CANCER THERAPY GENERAL; CANCER; IMAGING,4/1/2009,2012-03-31,1,"Tumor, Radiation, Imaging"
"Ailles, Laurie E",University Health Network (Toronto),Ontario,Project Grant,201909PJT,Cancer Progression & Therapeutics,Prognostic Biomarkers and Novel Therapies for Oral Squamous Cell Carcinoma Patients,"$1,051,875 ", $-   , $-   ,,5 yrs 0 mth ,Cancer Research,"Cancer-Cancer Progression and Metastasis; Genetics-Genomics, Transcriptomics and Proteomics; Cancer-Cancer Drug Development and Therapeutics",4/1/2020,2025-03-31,0,"Biomarkers, Oral Squamous Cell Carcinoma, Prognostic"
"Steidl, Christian",University of British Columbia,British Columbia,Operating Grant,201203MOP,Cancer Progression & Therapeutics 2,Prognostic markers and biology of relapsed Hodgkin lymphoma,"$502,157 ", $-   , $-   ,,3 yrs 0 mth ,Cancer Research,NEOPLASMS; BLOOD; CANCER,10/1/2012,2015-09-30,2,"prognostic markers, Hodgkin lymphoma, relapsed"
"Maltais, Franeois",Universite Laval,Quebec,Oper Grant:eHealth Innov Partnership Program(eHIPP)-Seniors w Complex Care Needs,201506EH2,eHealth Innovation Partnership Program (eHIPP): Support of Seniors,Projet FreeDom (FreeO2 e domicile). Mise au point et evaluation d'une strategie innovante de prise en charge pour reduire la duree d'hospitalisation au cours des exacerbations de MPOC: retour precoce e domicile en combinant le sevrage et l'ajustement automatise de l'oxygene (FreeO2) et la telemedecine. Benefices pour les patients et pour le systeme de sante.,"$384,683 ", $-   , $-   ,,4 yrs 0 mth ,Circulatory and Respiratory Health,CHRONIC OBSTRUCTIVE LUNG DISEASE; HEALTH SERVICES RESEARCH; RESPIRATION,10/1/2015,2019-09-30,0,"oxygen, telemedicine, COPD"
"Klein, Doug",University of Alberta,Alberta,Catalyst Grant: eHealth Innovations - Aging,201310CEA,e-Health Innovation Partnership Program (eHIPP),Promoting Health of Older Adults through CHANGE technology,"$92,112 ", $-   , $-   ,,1 yr 0 mth ,Aging,HEALTH CARE DELIVERY; AGING; METABOLISM/DIABETES,3/1/2014,2015-02-28,0,"Older adults, CHANGE, health"
"Langlois, Marc-Andre",Universite Laval,Quebec,Catalyst Grant: HIV/AIDS Vaccine Discovery Research (Can HIV Vaccine Initiative),200811CHV,HIV Vaccine Discovery,Promoting innate immunity to HIV infection by vaccine delivery of third generation RNA analogs,"$100,000 ", $-   , $-   ,,1 yr 0 mth ,Infection and Immunity,VIRAL; AIDS; VIROLOGY; MOLECULAR BIOLOGY,3/1/2009,2010-02-28,1,"innate immunity, HIV, RNA analogs"
"Morshead, Cindi M",University of Toronto,Ontario,Operating Grant: Industry-partnered Collaborative Research,201309IPR,Industry Partnered Collaborative Research,Promoting neural regeneration with stem cell based therapies:  A novel source of autologous human neural stem cells for transplantation,"$1,250,000 ", $-   , $-   ,,5 yrs 0 mth ,"Neurosciences, Mental Health and Addiction","INJURY, REGENERATION; CELL BIOLOGY; NERVOUS SYSTEM",4/1/2014,2019-03-31,1,"neural regeneration, stem cells, transplantation"
"Bennewith, Kevin L",University of British Columbia,British Columbia,Operating Grant,201209MOP,Cancer Biology & Therapeutics,Promotion of breast cancer metastasis by tumour hypoxia and myeloid cells.,"$699,413 ", $-   , $-   ,,5 yrs 0 mth ,Cancer Research,BREAST CANCER; CANCER THERAPY GENERAL; CANCER; GENETICS,4/1/2013,2018-03-31,0,"breast cancer, metastasis, hypoxia"
"Bennewith, Kevin L",University of British Columbia,British Columbia,Operating Grant - Priority Announcement: Breast Cancer,201109COP,Cancer Biology & Therapeutics,Promotion of breast cancer metastasis by tumour hypoxia and myeloid cells.,"$100,000 ", $-   , $-   ,,1 yr 0 mth ,Cancer Research,BREAST CANCER; CANCER THERAPY GENERAL; CANCER; GENETICS,3/1/2012,2013-02-28,0,"breast cancer, metastasis, hypoxia"
"Ghert, Michelle A",McMaster University,Ontario,Operating Grant,201403MOP,Cancer Biology & Therapeutics,Prophylactic Antibiotic Regimens in Tumor Surgery (PARITY): A Multi-Center Randomized Controlled Trial,"$913,568 ", $-   , $-   ,,5 yrs 0 mth ,Cancer Research,"BONE CANCER THERAPY; BONE CANCER; CANCER; MUSCLE, BONE, OR JOINT",7/1/2014,2019-06-30,0,"Antibiotic, Tumor, Surgery"
"Bosma, Karen J",London Health Sciences Centre Res. Inc. (Ont.),Ontario,Operating Grant: Industry-partnered Collaborative Research,201403IPR,Industry Partnered Collaborative Research,Proportional Assist Ventilation for Minimizing the Duration of Mechanical Ventilation,"$140,952 ", $-   , $-   ,,3 yrs 0 mth ,Circulatory and Respiratory Health,RESPIRATION; HEALTH CARE DELIVERY; HEALTH RESEARCH,10/1/2014,2017-09-30,0,"Proportional Assist, Ventilation, Mechanical"
"Rakovitch, Eileen","Sunnybrook Research Institute (Toronto, Ontario)",Ontario,Project Grant,202003PJT,Cancer Biology & Therapeutics 2,Prospective Evaluation of Breast-Conserving Surgery Alone in Low Risk Ductal Carcinoma in Situ Defined by a Molecular Expression Assay Combined with Clinico-Pathological Features,"$1,235,476 ", $-   , $-   ,,6 yrs 0 mth ,Cancer Research,Cancer-Clinical Oncology,10/1/2020,2026-09-30,0,"Breast-Conserving Surgery, Ductal Carcinoma, Molecular Expression"
"Wang, Yuzhuo",University of British Columbia,British Columbia,Operating Grant,200909MOP,Cancer Progression & Therapeutics,Prostate Cancer Metastasis-Associated Serum miRNAs,"$363,690 ", $-   , $-   ,,3 yrs 0 mth ,Cancer Research,PROSTATE AND BLADDER CANCER; CANCER; ENDOCRINOLOGY,4/1/2010,2013-03-31,0,"Prostate, Cancer, miRNAs"
"Bashashati, Ali",University of British Columbia,British Columbia,Project Grant,202010PJT,Medical Physics & Imaging,Prostate cancer risk stratification for active surveillance using computer-aided analysis of histopathology and transcriptomics,"$906,525 ", $-   , $-   ,,5 yrs 0 mth ,Cancer Research,"Cancer-Clinical Oncology; Artificial Intelligence-Machine Learning; Genetics-Genomics, Transcriptomics and Proteomics",4/1/2021,2026-03-31,0,"prostate cancer, histopathology, transcriptomics"
"Reznik, Alla","Lakehead University (Thunder Bay, Ontario)",Ontario,Project Grant,202203PJT,Medical Physics & Imaging,Prostate-targeted PET/TRUS dual-modality imaging system for diagnosis and image-guided biopsy.,"$738,226 ", $-   , $-   ,,5 yrs 0 mth ,Cancer Research,Biomedical Engineering-Biomedical Imaging; Molecular Imaging,10/1/2022,2027-09-30,0,"Prostate, PET, TRUS"
"Shen, Garry X",University of Manitoba,Manitoba,Op. Grant: NWHRI: Innovation Fund - Healthcare implementation research,202403NW2,National Women's Health Research Initiative: Innovation Fund,"Protecting and supporting breastfeeding and lactation equity in Manitoba through community-integrated education and care using novel technologies, culturally safe and gender affirming approaches","$600,000 ", $-   , $-   ,,2 yrs 10 mths ,Gender and Health,PREGNANCY/BIRTH; METABOLISM AND NUTRITION; HEALTH SERVICES RESEARCH; POPULATION HEALTH,6/1/2024,2027-03-31,0,"breastfeeding, lactation, community"
"Labbe, David",Research Institute of the McGill University Health Centre,Quebec,Project Grant,202109PJT,Cancer Biology & Therapeutics 2,Protein glycation acts as a substrate-dependent tumorigenic molecular switch in prostate cancer,"$1,132,200 ", $-   , $-   ,,5 yrs 0 mth ,Cancer Research,"Cancer-Mechanisms of Carcinogenesis; Biomedical Engineering-Regenerative Medicine and Tissue Engineering; Molecular, Cellular and Systems Biology-Cell Signaling",4/1/2022,2027-03-31,0,"Protein, glycation, prostate cancer"
"Kislinger, Thomas",University Health Network (Toronto),Ontario,Project Grant,201709PJT,Cancer Progression & Therapeutics,Proteogenomics Panorama of Localized Prostate Cancers,"$340,425 ", $-   , $-   ,,3 yrs 0 mth ,Cancer Research,Cancer-Cancer Progression and Metastasis,4/1/2018,2021-03-31,2,"Proteogenomics, Prostate, Cancers"
"Overall, Christopher M",University of British Columbia,British Columbia,Operating Grant,201009MOP,Cancer Progression & Therapeutics,Proteolytic Signatures in Breast Cancer,"$890,620 ", $-   , $-   ,,5 yrs 0 mth ,Cancer Research,BREAST CANCER; LUNG CANCER; CANCER; IMMUNOLOGY-TRANSPLANTATION,4/1/2011,2016-03-31,0,"Proteolytic, Signatures, Breast Cancer"
"Shultz, Sandy","Vancouver Island University (Nanaimo, BC)",British Columbia,Op. Grant: NWHRI: Innovation Fund - Translational Research,202403NW3,National Women's Health Research Initiative: Innovation Fund,Psilocybin-assisted therapy for post-traumatic stress disorder (PTSD) in intimate partner violence (IPV) survivors,"$599,500 ", $-   , $-   ,,2 yrs 10 mths ,Gender and Health,MENTAL AND BEHAVIOURAL DISEASES; NONE OF THE ABOVE; MENTAL HEALTH; HEALTH RESEARCH,6/1/2024,2027-03-31,0,"Psilocybin, PTSD, survivors"
"Lin, Kuo-Shyan",University of British Columbia,British Columbia,Project Grant,202109PJT,Cancer Biology & Therapeutics 2,PSMA/CAIX-targeting radioligands to improve the management of clear cell renal cell carcinoma,"$730,575 ", $-   , $-   ,,5 yrs 0 mth ,Cancer Research,"Pharmacological, Toxicological and Pharmaceutical Sciences-Drug Discovery, Design and Delivery",4/1/2022,2027-03-31,0,"PSMA, CAIX, radioligands"
"Morin, Melanie",Universite de Sherbrooke,Quebec,Catalyst Grant: NWHRI: Innovation Fund - Biomedical Discovery Grants,202307NWI,NWHRI: Innovation Fund - Biomedical Discovery Grants,Punctures physiotherapiques avec aiguilles seches pour la vestibulodynie provoquee: une etude de faisabilite et d'acceptabilite randomisee et contrelee,"$149,971 ", $-   , $-   ,,1 yr 0 mth ,Gender and Health,"GENITO/URINARY SYSTEM; MULTIDISCIPLINARY; REPRODUCTION/PREGNANCY; MUSCLE, BONE, OR JOINT",2/1/2024,2025-01-31,0,"punctures, physiotherapy, vestibulodynia"
"Michalak, Erin",University of British Columbia,British Columbia,Catalyst Grant: eHealth Innovations,201210CEH,e-Health Innovation Partnership Program (eHIPP),Quality of life in bipolar disorder: e-health engagement to move evidence into action.,"$100,000 ", $-   , $-   ,,1 yr 0 mth ,"Neurosciences, Mental Health and Addiction",DEPRESSION; PSYCHO-SOCIAL AND BEHAVIOURAL RESEARCH; MENTAL HEALTH; PSYCHOSOCIAL/HEALTH BEHAVIOURAL RES.,3/1/2013,2014-02-28,0,"bipolar disorder, e-health, engagement"
"Hardisty, Michael R","Sunnybrook Research Institute (Toronto, Ontario)",Ontario,Project Grant,202109PJT,Biomedical Engineering,Quantifying Osteosarcopenia Progression with Imaging Biomarkers in Prostate Cancer,"$636,180 ", $-   , $-   ,,5 yrs 0 mth ,Musculoskeletal Health and Arthritis,Biomedical Engineering-Biomedical Imaging; Musculoskeletal Health-Skeletal Muscle Biology and Physiology; Cancer-Cancer Progression and Metastasis,4/1/2022,2027-03-31,0,"Osteosarcopenia, Imaging, Biomarkers"
"Edwards, W. Brent",University of Calgary,Alberta,Project Grant,202303PJT,Biomedical Engineering,"Quantifying the relationship between intracortical remodeling, microdamage, and bone quality in a novel in vivo loading model","$650,250 ", $-   , $-   ,,5 yrs 0 mth ,Musculoskeletal Health and Arthritis,"Biomedical Engineering-Biomaterials, Nanotechnology and Biomechanics; Biomedical Engineering-Biomedical Imaging",10/1/2023,2028-09-30,0,"intracortical remodeling, microdamage, bone quality"
"Lee, Ting-Yim",London Health Sciences Centre Res. Inc. (Ont.),Ontario,Operating Grant,201103MOP,Medical Physics & Imaging,Quantitative CT Myocardial Perfusion Imaging,"$456,711 ", $-   , $-   ,,4 yrs 0 mth ,Circulatory and Respiratory Health,CARDIOLOGY; MYOCARDIAL INFARCTION; IMAGING; CARDIOVASCULAR,10/1/2011,2015-09-30,3,"CT, Myocardial Perfusion, Imaging"
"Johnsrude, Ingrid S","Queen's University (Kingston, Ontario)",Ontario,Collaborative Health Research Projects (NSERC partnered),201310CPG,Collaborative Health Research Projects - NSERC Partnered,Quantitative functional magnetic resonance imaging for the management of brain injuries,"$400,007 ", $-   , $-   ,,3 yrs 0 mth ,"Neurosciences, Mental Health and Addiction",CNS ORGANIC; ILL-DEFINED CONDITIONS; IMAGING; HEALTH SERVICES RESEARCH,4/1/2014,2017-03-31,0,"functional magnetic resonance imaging, brain injuries"
"Peters, Terence M",Western University (Ontario),Ontario,Operating Grant,201403MOP,Medical Physics & Imaging,Quantitative Imaging for Epilepsy Surgery,"$728,495 ", $-   , $-   ,,5 yrs 0 mth ,"Neurosciences, Mental Health and Addiction",EPILEPSY; NERVOUS SYSTEM; IMAGING,10/1/2014,2019-09-30,0,"Imaging, Epilepsy, Surgery"
"Thompson, Richard B",University of Alberta,Alberta,Project Grant,202104PJT,Medical Physics & Imaging,Quantitative Imaging of the Evolution of the Whole-Body Fat Profile in Breast Cancer Survivors,"$755,440 ", $-   , $-   ,,5 yrs 0 mth ,Cancer Research,Biomedical Engineering-Biomedical Imaging,10/1/2021,2026-09-30,1,"Imaging, Fat Profile, Breast Cancer"
"Pike, G. Bruce",McGill University,Quebec,Operating Grant,200909MOP,Medical Physics & Imaging,Quantitative magnetic resonance imaging of multiple sclerosis,"$805,242 ", $-   , $-   ,,5 yrs 0 mth ,"Neurosciences, Mental Health and Addiction",MULTIPLE SCLEROSIS; MULTIPLE DISEASE RELEVANCE; IMAGING; NERVOUS SYSTEM,4/1/2010,2015-03-31,0,"magnetic resonance imaging, multiple sclerosis"
"Beaulieu, Christian",University of Alberta,Alberta,Operating Grant,200809MOP,Medical Physics & Imaging,Quantitative Magnetic Resonance Imaging of Neurodevelopment,"$733,595 ", $-   , $-   ,,5 yrs 0 mth ,"Neurosciences, Mental Health and Addiction",CNS ORGANIC; MENTAL AND BEHAVIOURAL DISEASES; IMAGING; NERVOUS SYSTEM,4/1/2009,2014-03-31,0,"Magnetic Resonance, Imaging, Neurodevelopment"
"Thompson, Richard B",University of Alberta,Alberta,Project Grant,201709PJT,Medical Physics & Imaging,Quantitative Magnetic Resonance Imaging of Pulmonary Edema: Application in Acute Heart Failure,"$608,175 ", $-   , $-   ,,5 yrs 0 mth ,Circulatory and Respiratory Health,"Cardiovascular, Respiratory and Circulatory Systems-Cardiovascular and Circulatory Sciences; Biomedical Engineering-Biomedical Imaging",4/1/2018,2023-03-31,0,"Magnetic Resonance Imaging, Pulmonary Edema, Heart Failure"
"Wilman, Alan H",University of Alberta,Alberta,Operating Grant,200909MOP,Medical Physics & Imaging,Quantitative MRI for Multiple Sclerosis,"$664,475 ", $-   , $-   ,,5 yrs 0 mth ,"Neurosciences, Mental Health and Addiction",MULTIPLE SCLEROSIS; IMAGING; MENTAL HEALTH,4/1/2010,2014-09-30,0,"MRI, Multiple Sclerosis"
"Rahmim, Arman",University of British Columbia,British Columbia,Project Grant,201809PJT,Medical Physics & Imaging,Quantitative PSMA Targeted Imaging of Prostate Cancer Patients,"$631,124 ", $-   , $-   ,,4 yrs 0 mth ,Cancer Research,Biomedical Engineering-Biomedical Imaging; Cancer-Cancer Progression and Metastasis,4/1/2019,2023-03-31,0,"PSMA, Imaging, Prostate Cancer"
"Rauscher, Alexander",University of British Columbia,British Columbia,Project Grant,202203PJT,Medical Physics & Imaging,Quantitative Susceptibility Mapping from Clinical Phase Data,"$275,400 ", $-   , $-   ,,3 yrs 0 mth ,"Neurosciences, Mental Health and Addiction",Artificial Intelligence-Machine Learning; Biomedical Engineering-Biomedical Imaging; Methods Development and Modelling-Quantitative Methods Development for Health Research,10/1/2022,2025-09-30,0,"Susceptibility, Mapping, Clinical"
"Czarnota, Gregory J","Sunnybrook Research Institute (Toronto, Ontario)",Ontario,Project Grant,201809PJT,Medical Physics & Imaging,Quantitative Ultrasound for A Priori Breast Cancer Chemoerthapy Response Prediction,"$598,995 ", $-   , $-   ,,3 yrs 0 mth ,Cancer Research,Biomedical Engineering-Biomedical Imaging,4/1/2019,2022-03-31,3,"Ultrasound, Breast Cancer, Chemotherapy"
"Czarnota, Gregory J","Sunnybrook Research Institute (Toronto, Ontario)",Ontario,Project Grant,201710PJT,Medical Physics & Imaging,Quantitative Ultrasound for A Priori Breast Cancer Chemotherapy Response Prediction,"$100,000 ", $-   , $-   ,,1 yr 0 mth ,Cancer Research,Biomedical Engineering-Biomedical Imaging; Cancer-Cancer Drug Development and Therapeutics,4/1/2018,2019-03-31,0,"Ultrasound, Breast Cancer, Chemotherapy"
"Rohling, Robert N",University of British Columbia,British Columbia,Collaborative Health Research Projects (NSERC partnered),201510CPG,Collaborative Health Research Projects - NSERC Partnered,Quantitative ultrasound for detecting abnormalities of the placenta,"$240,861 ", $-   , $-   ,,3 yrs 0 mth ,"Human Development, Child and Youth Health",PREGNANCY/BIRTH; IMAGING; REPRODUCTION/PREGNANCY,4/1/2016,2019-03-31,0,"ultrasound, placenta, abnormalities"
"Sanati Nezhad, Amir",University of Calgary,Alberta,Project Grant,202109PJT,Biomedical Engineering,"RACE Concussion Study: Rapid, accurate cost-effective assessment of fluid biomarkers using a hand-held biosensor in patients with concussion","$608,175 ", $-   , $-   ,,5 yrs 0 mth ,"Neurosciences, Mental Health and Addiction","Biomedical Engineering-Biophysics, Medical Technologies and Instrumentation; Artificial Intelligence-Machine Learning; Neurosciences-Neurological disorders",4/1/2022,2027-03-31,1,"biosensor, biomarkers, concussion"
"Dawson, Laura A",University Health Network (Toronto),Ontario,Operating Grant: Industry-partnered Collaborative Research - Rx&D partner,200903IRO,Industry Partnered Collaborative Research,Radiation Therapy and Sorafenib for Primary and Metastatic Liver Cancer,"$357,495 ", $-   , $-   ,,3 yrs 0 mth ,Cancer Research,GASTRO-INTESTINAL CANCER THERAPY; NEOPLASMS; CANCER; GASTROINTESTINAL (LIVER),10/1/2009,2012-09-30,0,"Radiation therapy, Sorafenib, Liver cancer"
"Collins, Donald L",McGill University,Quebec,Project Grant,202303PJT,Medical Physics & Imaging,Radiation-free neuronavigation system for spinal tumor surgery: an intraoperative augmented reality guided surgery platform,"$1,200,286 ", $-   , $-   ,,5 yrs 0 mth ,Cancer Research,Biomedical Engineering-Biomedical Imaging,10/1/2023,2028-09-30,0,"neuronavigation, augmented reality, spinal tumor"
"Guerin, Brigitte",Universite de Sherbrooke,Quebec,Operating Grant,201109MOP,Cancer Biology & Therapeutics,Radiolabelled peptides to improve cancer diagnosis by positron emission tomography / Peptides radiomarques pour ameliorer le diagnostic du cancer par tomographie e emission de positron,"$710,710 ", $-   , $-   ,,5 yrs 0 mth ,Cancer Research,BREAST CANCER; PROSTATE AND BLADDER CANCER; CANCER; IMAGING,4/1/2012,2017-03-31,2,"radiolabelled peptides, cancer diagnosis, positron emission tomography"
"Harding, Shane M",University Health Network (Toronto),Ontario,Project Grant,201903PJT,Cancer Biology & Therapeutics,Radiotherapy-driven remodelling of the tumour microenvironment dictates response to immune checkpoint blockade,"$1,105,426 ", $-   , $-   ,,5 yrs 0 mth ,Cancer Research,Cancer-Cancer Drug Development and Therapeutics,10/1/2019,2024-09-30,0,"Radiotherapy, tumor microenvironment, immune checkpoint"
"Piret, James M",University of British Columbia,British Columbia,Collaborative Health Research Projects (NSERC partnered),201610CPG,Collaborative Health Research Projects - NSERC Partnered,Raman Spectroscopy Analysis to Improve the Validation of Cell Therapy Manufacturing Processes,"$233,800 ", $-   , $-   ,,3 yrs 0 mth ,"Nutrition, Metabolism and Diabetes",MULTIDISCIPLINARY; MULTIPLE DISEASE RELEVANCE; CELL BIOLOGY; METABOLISM/DIABETES,4/1/2017,2020-03-31,0,"Raman Spectroscopy, Cell Therapy, Manufacturing"
"Jain, Arsh K",London Health Sciences Centre Res. Inc. (Ont.),Ontario,Operating Grant: Industry-partnered Collaborative Research - Other Partner,201103ISO,Industry Partnered Collaborative Research,Randomized Controlled Trial of Bimodal Solution for Peritoneal Dialysis: 24-Hour Ultra-Filtration Efficiency Using Bimodal PD Solutions During the Long Dwell,"$24,591 ","$1,303 ", $-   ,,1 yr 0 mth ,"Nutrition, Metabolism and Diabetes","DRUGS- PHARMACEUTICAL SCIENCE/CHEMISTRY & NON MEDICAL USE OF DRUGS; GENITO/URINARY SYSTEM; HEALTH RESEARCH; RENAL FUNCTION, NEPHROLOGY, UROLOGY",10/1/2011,2012-09-30,0,"Peritoneal Dialysis, Ultra-Filtration, Bimodal Solutions"
"Feld, Jordan J",University Health Network (Toronto),Ontario,Operating Grant: Industry-partnered Collaborative Research,201303IPR,Industry Partnered Collaborative Research,Randomized controlled trial of the efficacy of pre-emptive tenofovir to prevent hepatitis B reactivation in patients who are anti-HBc antibody positive receiving curative intent rituximab-based chemotherapy for non-Hodgkin's lympohma,"$143,445 ", $-   , $-   ,,3 yrs 0 mth ,"Nutrition, Metabolism and Diabetes",VIRAL; LIVER DISEASE; GASTROINTESTINAL (LIVER); VIROLOGY,10/1/2013,2016-09-30,0,"tenofovir, hepatitis B, rituximab"
"Xing, Zhou",McMaster University,Ontario,Operating Grant: COVID-19 Rapid Research Funding Opportunity - Vaccines,202005VR1,COVID-19 Rapid Research - Vaccines,Rapid bench-to-human development of safe and effective aerosol vaccine strategies against Covid-19,"$1,920,985 ", $-   , $-   ,,1 yr 0 mth ,Infection and Immunity,INFECTIOUS AND PARASITIC; RESPIRATION; HEALTH RESEARCH,6/1/2020,2021-05-31,2,"aerosol, vaccine, Covid-19"
"Chiew, Mark","Sunnybrook Research Institute (Toronto, Ontario)",Ontario,Project Grant - Priority Announcement: Early Detection/Cancer Prevention,202309DCP,Medical Physics & Imaging,Rapid Diagnostic Imaging of Brain Metastases using Computational MRI,"$100,000 ", $-   , $-   ,,1 yr 0 mth ,Cancer Research,Biomedical Engineering-Biomedical Imaging; Artificial Intelligence-Machine Learning; Cancer-Cancer Progression and Metastasis,3/1/2024,2025-02-28,0,"Diagnostic, Imaging, MRI"
"Kelley, Shana O",University of Toronto,Ontario,Collaborative Health Research Projects (NSERC partnered),201210CPG,Collaborative Health Research Projects - NSERC Partnered,Rapid gene expression and protein profiling for transplantation medicine,"$282,900 ", $-   , $-   ,,3 yrs 0 mth ,Genetics,"RESPIRATION; GENETICS; GENOMICS, PROTEOMICS, AND BIOINFORMATICS",4/1/2013,2016-03-31,4,"gene expression, protein profiling, transplantation"
"Zarrine-Afsar, Arash",University Health Network (Toronto),Ontario,Project Grant,202309PJT,Medical Physics & Imaging,Rapid high sensitivity and specificity diagnosis of melanoma with Picosecond infrared laser mass spectrometry,"$619,650 ", $-   , $-   ,,5 yrs 0 mth ,Cancer Research,Cancer-Clinical Oncology,4/1/2024,2029-03-31,0,"melanoma, infrared laser, mass spectrometry"
"Scollie, Susan D",Western University (Ontario),Ontario,Collaborative Health Research Projects (NSERC partnered),201510CPG,Collaborative Health Research Projects - NSERC Partnered,Rapid measures of speech-evoked brainstem activity in infants who have hearing loss: Assessing hearing aid benefit for speech sounds.,"$164,423 ", $-   , $-   ,,3 yrs 0 mth ,"Human Development, Child and Youth Health",DEAFNESS; MULTIDISCIPLINARY; HEARING; NERVOUS SYSTEM,4/1/2016,2019-03-31,0,"speech, brainstem, hearing loss"
"Lewis, John D",University of Alberta,Alberta,Operating Grant: COVID-19 Rapid Research Funding Opportunity - Vaccines,202005VR1,COVID-19 Rapid Research - Vaccines,Rapid Prototyping and Deployment of a Therapeutic Pan-Coronavirus Fusogenix DNA Vaccine Engineered to Eliminate ADE,"$4,175,000 ", $-   , $-   ,,1 yr 0 mth ,Infection and Immunity,INFECTIOUS AND PARASITIC; VIROLOGY,6/1/2020,2021-05-31,2,"Prototyping, DNA vaccine, Fusogenix"
"Tabrizian, Maryam",McGill University,Quebec,Collaborative Health Research Projects (NSERC partnered),201310CPG,Collaborative Health Research Projects - NSERC Partnered,"Rapidly-Gelling, Guanosine 5' Diphosphate-Crosslinked Injectable Chitosan Sponges to Promote Oligodendrocyte Progenitor Cells' Differentiation Post-Spinal Cord Injuries","$277,440 ", $-   , $-   ,,3 yrs 0 mth ,"Neurosciences, Mental Health and Addiction","SPINAL CORD DISEASE; INJURY, REGENERATION; NERVOUS SYSTEM; CELL BIOLOGY",4/1/2014,2017-03-31,1,"Guanosine, Chitosan, Sponges"
"Drabovich, Andrei P",University of Alberta,Alberta,Operating Grant: COVID-19 Rapid Research Funding Opportunity - Diagnostics,202005VR2,COVID-19 Rapid Research - Diagnostics,Rational design and standardization of serology diagnostics using immunoaffinity-targeted proteomics assays, $-   , $-   ,"$215,500 ",Public Health Agency of Canada,1 yr 0 mth ,Infection and Immunity,"VIRAL; BLOOD; GENOMICS, PROTEOMICS, AND BIOINFORMATICS",9/1/2020,2021-08-31,0,"serology, immunoaffinity, proteomics"
"Cullis, Pieter R",University of British Columbia,British Columbia,Project Grant,202303PJT,Biomedical Engineering 2,Rational Design of Lipid Nanoparticle Systems for mRNA Delivery,"$1,082,476 ", $-   , $-   ,,5 yrs 0 mth ,Infection and Immunity,"Biomedical Engineering-Biomaterials, Nanotechnology and Biomechanics; Pharmacological, Toxicological and Pharmaceutical Sciences-Drug Discovery, Design and Delivery",10/1/2023,2028-09-30,4,"Lipid Nanoparticle, mRNA, Delivery"
"Fichtinger, Gabor","Queen's University (Kingston, Ontario)",Ontario,Collaborative Health Research Projects (NSERC partnered),201610CPG,Collaborative Health Research Projects - NSERC Partnered,Real-time Breast Cancer Surgery Navigation,"$194,419 ", $-   , $-   ,,3 yrs 0 mth ,Cancer Research,BREAST CANCER THERAPY; IMAGING; CANCER,4/1/2017,2020-03-31,1,"Breast Cancer, Surgery, Navigation"
"Macaulay, Calum E",University of British Columbia,British Columbia,Collaborative Health Research Projects (NSERC partnered),201310CPG,Collaborative Health Research Projects - NSERC Partnered,Real-Time In Vivo Oral Pathology for Clinical Decision Making,"$289,499 ", $-   , $-   ,,3 yrs 0 mth ,Cancer Research,IMAGING; CANCER,4/1/2014,2017-03-31,2,"Real-Time, In Vivo, Oral Pathology"
"Holdsworth, David W",Western University (Ontario),Ontario,Operating Grant,201209MOP,Medical Physics & Imaging,Real-time microscopy during high-frequency mechanostimulation of living cells,"$649,806 ", $-   , $-   ,,5 yrs 0 mth ,Musculoskeletal Health and Arthritis,"MUSCULO SKELETAL; ARTHRITIS/OSTEOARTHRITIS; IMAGING; MUSCLE, BONE, OR JOINT",4/1/2013,2018-03-31,0,"microscopy, mechanostimulation, cells"
"Mousavi, Parvin","Queen's University (Kingston, Ontario)",Ontario,Project Grant,202303PJT,Medical Physics & Imaging,Real-time molecular-imaging guidance of breast conserving surgery,"$692,326 ", $-   , $-   ,,5 yrs 0 mth ,Cancer Research,Biomedical Engineering-Biomedical Imaging,10/1/2023,2028-09-30,0,"molecular-imaging, breast, surgery"
"Cete, Daniel",Universite Laval,Quebec,Collaborative Health Research Projects (NSERC partnered),201810CPG,Collaborative Health Research Projects - NSERC Partnered,Real-time multimodal tools for high resolution image-guided surgery and better treatment of Parkinson's disease,"$318,630 ", $-   , $-   ,,3 yrs 0 mth ,"Neurosciences, Mental Health and Addiction",PARKINSON'S DISEASE; IMAGING; NERVOUS SYSTEM,4/1/2019,2022-03-31,0,"multimodal, image-guided, Parkinson's disease"
"Pillai Riddell, Rebecca Rita E","York University (Toronto, Ontario)",Ontario,Collaborative Health Research Projects (NSERC partnered),201810CPG,Collaborative Health Research Projects - NSERC Partnered,Rebooting Infant Pain Assessment: Using Machine Learning to Exponentially Improve Neonatal Intensive Care Unit Practice.,"$856,779 ","$85,000 ", $-   ,,3 yrs 0 mth ,"Human Development, Child and Youth Health",NONE OF THE ABOVE; HEALTH RESEARCH,4/1/2019,2022-03-31,0,"Machine Learning, Neonatal, Pain Assessment"
"Leung, Brendan M",Dalhousie University (Nova Scotia),Nova Scotia,Project Grant,202203PJT,Cancer Progression & Therapeutics 2,Reconstructing the microbe-host interface in an advanced bioprinted co-culture system to study microbial community contributions to chemotherapy-induced oral mucositis,"$573,750 ", $-   , $-   ,,5 yrs 0 mth ,Cancer Research,Cancer-Cancer Drug Development and Therapeutics; Biomedical Engineering-Regenerative Medicine and Tissue Engineering,10/1/2022,2027-09-30,0,"microbe-host, bioprinted, oral mucositis"
"Bolduc, Stephane",Universite Laval,Quebec,Operating Grant,201109MOP,Biomedical Engineering,Reconstruction de tissus urologiques par genie tissulaire.,"$727,135 ", $-   , $-   ,,5 yrs 0 mth ,Musculoskeletal Health and Arthritis,"GENITO/URINARY SYSTEM; INJURY, REGENERATION; RENAL FUNCTION, NEPHROLOGY, UROLOGY; CELL BIOLOGY",4/1/2012,2017-03-31,0,"tissus, g?enie tissulaire"
"Gallo, Marco",University of Calgary,Alberta,Project Grant - Priority Announcement: Pediatric Cancer Research,202203PDI,Cancer Progression & Therapeutics 2,Recurrent 3D genome features in PFA ependymoma,"$390,000 ", $-   , $-   ,,1 yr 5 mths ,Cancer Research,Cancer-Pediatric Cancer; Cancer-Cancer Progression and Metastasis; Cancer-Mechanisms of Carcinogenesis,10/1/2022,2024-03-31,0,"3D genome, PFA ependymoma, recurrent"
"McLaughlin, Kelsey M",Sinai Health System (Toronto),Ontario,Catalyst Grant: NWHRI: Innovation Fund - Biomedical Discovery Grants,202307NWI,NWHRI: Innovation Fund - Biomedical Discovery Grants,Redefining the diagnosis and treatment of hypertension in pregnancy through the integration of placental growth factor (PlGF) testing.,"$123,234 ", $-   , $-   ,,1 yr 0 mth ,Circulatory and Respiratory Health,PREGNANCY/BIRTH; HYPERTENSION; REPRODUCTION/PREGNANCY; CARDIOVASCULAR,2/1/2024,2025-01-31,0,"hypertension, pregnancy, placental growth factor"
"Stanisz, Greg J","Sunnybrook Research Institute (Toronto, Ontario)",Ontario,Project Grant,202109PJT,Medical Physics & Imaging,Redefining the paradigm for surveillance in patients with low-grade glioma using saturation transfer magnetic resonance imaging,"$830,024 ", $-   , $-   ,,6 yrs 0 mth ,Cancer Research,Cancer-Cancer Progression and Metastasis; Neurosciences-Neurological disorders,4/1/2022,2028-03-31,0,"glioma, magnetic resonance imaging, saturation transfer"
"Koritzinsky, Marianne",University Health Network (Toronto),Ontario,Project Grant,202109PJT,Cancer Biology & Therapeutics,Redox homeostasis in pancreatic cancer - molecular mechanisms and combined modalities,"$860,625 ", $-   , $-   ,,5 yrs 0 mth ,Cancer Research,"Cancer-Cancer Drug Development and Therapeutics; Molecular, Cellular and Systems Biology-Cell Biology and Physiology",4/1/2022,2027-03-31,0,"Redox, pancreatic cancer, homeostasis"
"Lewis, Ian A",University of Calgary,Alberta,Operating Grant: AMR: Point of Care Diagnostics in Human Health Phase 2,201810APC,AMR: Point of Care Diagnostics in Human Health - Phase 2,Reducing the burden of antimicrobial resistance via rapid diagnosis of urinary tract infections,"$675,000 ", $-   , $-   ,,3 yrs 0 mth ,Infection and Immunity,INFECTIOUS AND PARASITIC; HEALTH CARE DELIVERY; HEALTH RESEARCH; BIOCHEMISTRY,1/1/2019,2021-12-31,3,"antimicrobial resistance, rapid diagnosis, urinary tract infections"
"Langlois, Robert",Carleton University (Ottawa),Ontario,Collaborative Health Research Projects (NSERC partnered),201910CPG,Collaborative Health Research Projects - NSERC Partnered,Reducing vibrations to improve infant patient safety during transportation,"$174,703 ","$86,730 ", $-   ,,3 yrs 0 mth ,"Human Development, Child and Youth Health",HEALTH CARE DELIVERY; PERINATAL; HEALTH RESEARCH; ENVIRONMENTAL INFLUENCES ON HEALTH,4/1/2020,2023-03-31,0,"vibrations, infant, transportation"
"Fittipaldi, Nahuel V",University of Toronto,Ontario,Collaborative Health Research Projects (NSERC partnered),201810CPG,Collaborative Health Research Projects - NSERC Partnered,Refining processes to maximize the provision of donor human milk rich in nutrients and bioactive components: An integrated multidisciplinary approach at a human milk bank serving critically-ill neonates.,"$246,233 ","$10,900 ", $-   ,,3 yrs 0 mth ,"Human Development, Child and Youth Health",MULTIDISCIPLINARY; NUTRITION; BACTERIOLOGY,4/1/2019,2022-03-31,0,"donor human milk, bioactive components, neonates"
"Wyatt, Alexander W",University of British Columbia,British Columbia,Project Grant,202109PJT,Cancer Progression & Therapeutics 2,Refining the clinical utility of circulating tumour DNA in metastatic bladder cancer,"$841,500 ", $-   , $-   ,,4 yrs 0 mth ,Cancer Research,Cancer-Cancer Progression and Metastasis,4/1/2022,2026-03-31,1,"circulating tumour DNA, metastatic bladder cancer"
"Penn, Linda Z",University Health Network (Toronto),Ontario,Project Grant,201709PJT,Cancer Progression & Therapeutics,Regulating MYC Oncoprotein Stability as an Anti-Cancer Strategy,"$875,925 ", $-   , $-   ,,5 yrs 0 mth ,Cancer Research,"Cancer-Cancer Drug Development and Therapeutics; Cancer-Mechanisms of Carcinogenesis; Molecular, Cellular and Systems Biology-Molecular Biology",4/1/2018,2023-03-31,0,"MYC, Oncoprotein, Stability"
"Blank, Volker",CIUSSS de Centre-Ouest-de-l'Ile-de-Montreal-Jewish General,Quebec,Operating Grant,201203MOP,Cancer Biology & Therapeutics,Regulation and function of NFE2L3: linking transcription factor activity to carcinogenesis.,"$683,860 ", $-   , $-   ,,5 yrs 0 mth ,Cancer Research,NEOPLASMS; CARCINOGENS (INCL ENVIRONMENTAL); CANCER; MOLECULAR BIOLOGY,10/1/2012,2017-09-30,0,"NFE2L3, transcription factor, carcinogenesis"
"Blank, Volker",CIUSSS de Centre-Ouest-de-l'Ile-de-Montreal-Jewish General,Quebec,Project Grant,202203PJT,Cancer Biology & Therapeutics 2,Regulation and function of NFE2L3: linking transcription factor activity to colorectal cancer,"$906,526 ", $-   , $-   ,,5 yrs 0 mth ,Cancer Research,"Cancer-Mechanisms of Carcinogenesis; Molecular, Cellular and Systems Biology-Molecular Biology",10/1/2022,2027-09-30,0,"NFE2L3, transcription factor, colorectal cancer"
"Gendron, Fernand-Pierre",Universite de Sherbrooke,Quebec,Operating Grant,201209MOP,Cancer Progression & Therapeutics 2,Regulation and role of P2Y6 nucleotide receptor in colorectal cancer,"$647,299 ", $-   , $-   ,,5 yrs 0 mth ,"Nutrition, Metabolism and Diabetes",GASTRO-INTESTINAL DISEASE; GASTRO-INTESTINAL CANCER; CELL BIOLOGY; MOLECULAR BIOLOGY,4/1/2013,2018-03-31,0,"P2Y6, nucleotide receptor, colorectal cancer"
"Kaartinen, Mari T",McGill University,Quebec,"Catalyst Grant: Invention and High-Risk, High-Benefit Research",201003NHG,"Inventions, Technologies, or High Risk Grants",Regulation of adipogenesis by osteocalcin,"$191,400 ", $-   , $-   ,,2 yrs 0 mth ,"Nutrition, Metabolism and Diabetes",OBESITY; METABOLISM AND NUTRITION; CELL BIOLOGY; BIOCHEMISTRY,10/1/2010,2012-09-30,0,"adipogenesis, osteocalcin"
"Jefferies, Wilfred A",University of British Columbia,British Columbia,Operating Grant,200903MOP,Cancer Biology & Therapeutics,Regulation of antigen processing machinery in carcinomas,"$480,608 ", $-   , $-   ,,4 yrs 0 mth ,Cancer Research,LUNG CANCER; LUNG CANCER THERAPY; CANCER; CELL BIOLOGY,10/1/2009,2013-09-30,16,"antigen processing, machinery, carcinomas"
"Brunette, Donald M",University of British Columbia,British Columbia,Operating Grant,200909MOP,Biomedical Engineering,Regulation of cell behaviour on implants by surface topography,"$685,810 ", $-   , $-   ,,5 yrs 0 mth ,Musculoskeletal Health and Arthritis,"DENTAL DISEASE (INCL. ORAL BIOLOGY); DENTAL SCIENCE - Oral Biology; MUSCLE, BONE, OR JOINT",4/1/2010,2015-03-31,0,"cell, surface, topography"
"White, John H",McGill University,Quebec,Operating Grant - PA: Cancer Research (bridge funding),201109IC1,Cancer Biology & Therapeutics,Regulation of FoxO protein and cMYC function by the vitamin D receptor,"$100,000 ", $-   , $-   ,,1 yr 0 mth ,Cancer Research,CANCER THERAPY GENERAL; ENDOCRINOLOGY; CANCER,3/1/2012,2013-02-28,0,"FoxO, cMYC, vitamin D receptor"
"Sorensen, Poul H",University of British Columbia,British Columbia,Operating Grant,201109MOP,Cancer Biology & Therapeutics,Regulation of fusion oncoprotein stability by the IGF1 receptor axis,"$409,800 ", $-   , $-   ,,3 yrs 0 mth ,Cancer Research,NEOPLASMS; CANCER THERAPY GENERAL; CANCER; BIOCHEMISTRY,4/1/2012,2015-03-31,0,"fusion,oncoprotein,IGF1 receptor"
"Zaph, Colby",University of British Columbia,British Columbia,Operating Grant,201309MOP,Cancer Biology & Therapeutics,Regulation of intestinal homeostasis and cancer by the lysine methyltransferase Set7,"$795,064 ", $-   , $-   ,,5 yrs 0 mth ,Cancer Research,GASTRO-INTESTINAL DISEASE; LIVER DISEASE; CANCER; GASTROINTESTINAL (LIVER),4/1/2014,2018-06-30,0,"intestinal, methyltransferase, cancer"
"Weng, Andrew P",University of British Columbia,British Columbia,Operating Grant,201303MOP,Cancer Progression & Therapeutics 2,Regulation of Leukemia Stem Cell Activity by Signaling through PKC[theta],"$868,690 ", $-   , $-   ,,5 yrs 0 mth ,Cancer Research,LEUKAEMIAS; CANCER THERAPY GENERAL; CANCER,10/1/2013,2018-09-30,0,"Leukemia, Stem Cell, PKC theta"
"Rahim, Mir Munir Ahmed",University of Windsor (Ontario),Ontario,Project Grant - PA: Breast Cancer Research,202309PLL,Cancer Biology & Therapeutics,Regulation of natural killer cell-mediated immune response in breast cancer,"$100,000 ", $-   , $-   ,,1 yr 0 mth ,Cancer Research,"Immunology and Infection-Transplantation, Immune Tolerance and Tumor Immunology; Cancer-Cancer Drug Development and Therapeutics",3/1/2024,2025-02-28,0,"natural killer, immune response, breast cancer"
"Lees-Miller, Susan P",University of Calgary,Alberta,Operating Grant,201203MOP,Cancer Biology & Therapeutics,"Regulation of PNKP and XRCC4 in non-homologous end-joining by dynamic, reversible protein phosphorylation.","$978,301 ", $-   , $-   ,,5 yrs 0 mth ,Cancer Research,CANCER THERAPY GENERAL; NONE OF THE ABOVE; BIOCHEMISTRY; MOLECULAR BIOLOGY,10/1/2012,2017-09-30,0,"PNKP, XRCC4, end-joining"
"Richards, Carl D",McMaster University,Ontario,Operating Grant,201403MOP,Cancer Progression & Therapeutics,Regulation of stromal cell support of cancer in lungs,"$334,403 ", $-   , $-   ,,3 yrs 0 mth ,Cancer Research,LUNG CANCER THERAPY; CANCER THERAPY GENERAL; CANCER; RESPIRATION,7/1/2014,2017-06-30,0,"stromal cells, cancer, lungs"
"Jones, Russell G",McGill University,Quebec,Operating Grant,201209MOP,Cancer Biology & Therapeutics,Regulation of tumourigenesis and tumour cell metabolism by the energy sensor AMPK,"$797,450 ", $-   , $-   ,,5 yrs 0 mth ,Cancer Research,CANCER THERAPY GENERAL; LEUKAEMIAS; CANCER; CELL BIOLOGY,4/1/2013,2018-03-31,1,"tumourigenesis, cell metabolism, AMPK"
"Drobetsky, Elliot A",CIUSSS Est-de-l'Ile-de- Montreal-Maisonneuve Rosemont,Quebec,Operating Grant,201309MOP,Cancer Biology & Therapeutics,Regulation of UV Damage Repair by the ATR-mediated DNA Damage Checkpoint in Malignant Melanoma,"$364,536 ", $-   , $-   ,,3 yrs 0 mth ,Cancer Research,CARCINOGENS (INCL ENVIRONMENTAL); ENVIRONMENTAL INFLUENCES ON HEALTH; CANCER; MOLECULAR BIOLOGY,4/1/2014,2017-03-31,0,"UV damage, DNA repair, melanoma"
"Brodt, Pnina",Research Institute of the McGill University Health Centre,Quebec,Project Grant,201909PJT,Cancer Progression & Therapeutics,Regulatory circuits controlling the immune microenvironment of liver metastases,"$807,075 ", $-   , $-   ,,5 yrs 0 mth ,Cancer Research,"Cancer-Cancer Progression and Metastasis; Molecular, Cellular and Systems Biology-Cell Signaling",4/1/2020,2025-03-31,0,"regulatory circuits, immune microenvironment, liver metastases"
"Zandstra, Peter W",University of Toronto,Ontario,Operating Grant,201309MOP,Biomedical Engineering,Regulatory control of pluripotent cell identity and fate,"$917,420 ", $-   , $-   ,,5 yrs 0 mth ,"Human Development, Child and Youth Health",MULTIPLE DISEASE RELEVANCE; MULTIDISCIPLINARY; CELL BIOLOGY; HEALTH RESEARCH,4/1/2014,2017-06-30,5,"regulatory control, pluripotent cell, cell identity"
"Sinnett, Daniel","Centre hospitalier universitaire Sainte-Justine (Montreal, Quebec)",Quebec,Operating Grant,200809MOP,Cancer Progression & Therapeutics,Regulatory polymorphisms in apoptosis genes and susceptibility to childhood leukemia,"$410,877 ", $-   , $-   ,,3 yrs 0 mth ,Genetics,LEUKAEMIAS; MULTIDISCIPLINARY; GENETICS; CANCER,4/1/2009,2012-03-31,0,"polymorphisms, apoptosis, leukemia"
"Quach-Thanh, Caroline","Centre hospitalier universitaire Sainte-Justine (Montreal, Quebec)",Quebec,Operating Grant: COVID-19 Rapid Research Funding Opportunity - Diagnostics,202005VR2,COVID-19 Rapid Research - Diagnostics,REinfection in COVid-19 Estimation of Risk (RECOVER),"$2,112,471 ", $-   , $-   ,,1 yr 0 mth ,Population and Public Health,EPIDEMIOLOGY; VIRAL; POPULATION HEALTH,6/1/2020,2021-05-31,0,"COVID-19, Reinfection, Risk"
"Busque, Lambert",CIUSSS Est-de-l'Ile-de- Montreal-Maisonneuve Rosemont,Quebec,Operating Grant,201403MOP,Cancer Progression & Therapeutics 2,Relationship between clonal architecture of aging hematopoiesis and the risk of developing age-associated myeloid cancers.,"$845,460 ", $-   , $-   ,,5 yrs 0 mth ,Cancer Research,LEUKAEMIAS; AGING; BLOOD; GENETICS,7/1/2014,2019-06-30,0,"clonal architecture, hematopoiesis, myeloid cancers"
"Wilman, Alan H",University of Alberta,Alberta,Project Grant,202109PJT,Medical Physics & Imaging,Relaxation Mapping for the Clinic: Application to Multiple Sclerosis,"$753,525 ", $-   , $-   ,,5 yrs 0 mth ,"Neurosciences, Mental Health and Addiction",Biomedical Engineering-Biomedical Imaging; Methods Development and Modelling-Quantitative Methods Development for Health Research; Neurosciences-Neurological disorders,4/1/2022,2027-03-31,0,"Relaxation, Mapping, Multiple Sclerosis"
"Stagg, John",Centre hospitalier de l'Universite de Montreal (CHUM),Quebec,Operating Grant,201103MOP,Cancer Progression & Therapeutics 2,Remodeling of the tumor microenvironment by CD73: a therapeutic target,"$497,491 ", $-   , $-   ,,4 yrs 0 mth ,Cancer Research,CANCER THERAPY GENERAL; BREAST CANCER; CANCER; IMMUNOLOGY-TRANSPLANTATION,10/1/2011,2015-06-30,0,"tumor microenvironment, CD73, remodeling"
"Berthod, Franeois",Universite Laval,Quebec,Project Grant,202010PJT,Biomedical Engineering,Reparation des lesions des nerfs peripheriques par genie tissulaire,"$1,143,675 ", $-   , $-   ,,5 yrs 0 mth ,"Neurosciences, Mental Health and Addiction",Biomedical Engineering-Regenerative Medicine and Tissue Engineering,4/1/2021,2026-03-31,0,"nerfs, tissulaire, lesions"
"Semple, John L",Women's College Hospital (Toronto),Ontario,Catalyst Grant: eHealth Innovations,201310CEH,e-Health Innovation Partnership Program (eHIPP),Replacing ambulatory clinic follow-up with remote home monitoring using smartphones in breast reconstruction patients: Is it cost-effective?,"$38,042 ","$1,861 ", $-   ,,1 yr 0 mth ,Health Services and Policy Research,HEALTH ECONOMICS; BREAST CANCER; HEALTH SERVICES RESEARCH,3/1/2014,2015-02-28,0,"remote monitoring, smartphones, breast reconstruction"
"Drobetsky, Elliot A",CIUSSS Est-de-l'Ile-de- Montreal-Maisonneuve Rosemont,Quebec,Project Grant,202109PJT,Cancer Biology & Therapeutics,Replicative stress as a primary determinant of chemotherapeutic outcome in ovarian cancer,"$929,475 ", $-   , $-   ,,5 yrs 0 mth ,Cancer Research,"Cancer-Cancer Drug Development and Therapeutics; Genetics-Genomics, Transcriptomics and Proteomics",4/1/2022,2027-03-31,0,"replicative stress, chemotherapeutic, ovarian cancer"
"Ward, Brian J",Research Institute of the McGill University Health Centre,Quebec,Operating Grant: Industry-partnered Collaborative Research,201509IPR,Industry Partnered Collaborative Research,Repurposing an Attenuated Salmonella typhimurium as a Novel Vector for Mucosal Vaccine Delivery,"$200,000 ", $-   , $-   ,,2 yrs 0 mth ,Infection and Immunity,INFECTIOUS AND PARASITIC; PARASITIC; IMMUNOLOGY-TRANSPLANTATION; HEALTH RESEARCH,4/1/2016,2018-03-31,3,"Salmonella, vector, vaccine"
"Chan, Steven M",University Health Network (Toronto),Ontario,Project Grant,202010PJT,Cancer Progression & Therapeutics,Repurposing Metformin to Target TET2 Mutation Driven Clonal Hematopoiesis and Malignant Transformation,"$573,752 ", $-   , $-   ,,4 yrs 0 mth ,Cancer Research,Cancer-Cancer Drug Development and Therapeutics,4/1/2021,2025-03-31,0,"Metformin, TET2, Hematopoiesis"
"Li, Ren-Ke",University of Toronto,Ontario,Collaborative Health Research Projects (NSERC partnered),201711CPG,Collaborative Health Research Projects - NSERC Partnered,Rescue Electrical Conduction of Heart Scar Tissue to Diminish Cardiac Arrhythmia,"$271,119 ", $-   , $-   ,,3 yrs 0 mth ,Circulatory and Respiratory Health,CARDIOLOGY; MYOCARDIAL INFARCTION; CARDIOVASCULAR; HEALTH RESEARCH,4/1/2018,2021-03-31,3,"Electrical conduction, heart scar tissue, arrhythmia"
"Stefanovic, Bojana","Sunnybrook Research Institute (Toronto, Ontario)",Ontario,Project Grant,202003PJT,Medical Physics & Imaging,Rescuing Neurovascular Network Function with Transcranial Neuromodulation,"$849,150 ", $-   , $-   ,,5 yrs 0 mth ,"Neurosciences, Mental Health and Addiction",Biomedical Engineering-Biomedical Imaging,10/1/2020,2025-09-30,0,"Neurovascular, Neuromodulation, Transcranial"
"Menon, Carlo","Simon Fraser University (Burnaby, B.C.)",British Columbia,Collaborative Health Research Projects (NSERC partnered),201610CPG,Collaborative Health Research Projects - NSERC Partnered,Restoring normal gait: a disruptive assistive technology,"$251,314 ", $-   , $-   ,,3 yrs 0 mth ,Aging,PARKINSON'S DISEASE; HEALTH RESEARCH,4/1/2017,2020-03-31,0,"Gait, assistive, technology"
"Sadar, Marianne D",University of British Columbia,British Columbia,Operating Grant,201303MOP,Cancer Progression & Therapeutics 2,Reversible inhibitors of the N-terminal domain of the androgen receptor,"$467,474 ", $-   , $-   ,,3 yrs 0 mth ,Cancer Research,DRUGS- PHARMACEUTICAL SCIENCE/CHEMISTRY & NON MEDICAL USE OF DRUGS; PROSTATE AND BLADDER CANCER THERAPY; CANCER; ENDOCRINOLOGY,10/1/2013,2016-09-30,20,"inhibitors, androgen receptor, N-terminal"
"Arnold, Donald M",McMaster University,Ontario,Operating Grant: Industry-partnered Collaborative Research - Rx&D partner,200909IRO,Industry Partnered Collaborative Research,Revisiting the Pathophysiology of Immune Thrombocytopenic Purpura in the Era of Thrombopoietin Mimetics,"$152,932 ", $-   , $-   ,,3 yrs 0 mth ,Circulatory and Respiratory Health,BLOOD,4/1/2010,2013-03-31,0,"Immune Thrombocytopenic Purpura, Thrombopoietin Mimetics"
"Lum, Julian J",University of Victoria (British Columbia),British Columbia,Project Grant,201809PJT,Cancer Biology & Therapeutics,Rewiring the Metabolic Ecosystem to Improve Cellular Immunotherapy,"$1,082,475 ", $-   , $-   ,,5 yrs 0 mth ,Cancer Research,"Immunology and Infection-Transplantation, Immune Tolerance and Tumor Immunology; Cancer-Cancer Drug Development and Therapeutics",4/1/2019,2024-03-31,1,"metabolic, ecosystem, immunotherapy"
"Mousavi, Parvin","Queen's University (Kingston, Ontario)",Ontario,Collaborative Health Research Projects (NSERC partnered),201310CPG,Collaborative Health Research Projects - NSERC Partnered,RF Time Series Flashlight for Targeted Prostate Biopsy,"$126,440 ", $-   , $-   ,,3 yrs 0 mth ,Cancer Research,PROSTATE AND BLADDER CANCER; PROSTATE AND BLADDER CANCER THERAPY; CANCER; IMAGING,4/1/2014,2017-03-31,2,"RF, Time Series, Biopsy"
"Exner, Derek V",University of Calgary,Alberta,Operating Grant: Industry-partnered Collaborative Research,201403IPR,Industry Partnered Collaborative Research,Risk Estimation Following Infarction Noninvasive Evaluation ICD efficacy (REFINE ICD) Trial.,"$1,248,736 ", $-   , $-   ,,5 yrs 0 mth ,Circulatory and Respiratory Health,CARDIOLOGY; ARRHYTHMIAS; CARDIOVASCULAR; HEALTH RESEARCH,10/1/2014,2019-09-30,2,"Risk, Infarction, Evaluation"
"Adams, Kimberley D",University of Alberta,Alberta,Collaborative Health Research Projects (NSERC partnered),201310CPG,Collaborative Health Research Projects - NSERC Partnered,Robotic interface with Haptic Guidance and Artificial Intelligence for People with Disabilities,"$166,500 ", $-   , $-   ,,3 yrs 0 mth ,"Human Development, Child and Youth Health",NONE OF THE ABOVE; NOT CLASSIFIED,4/1/2014,2017-03-31,0,"Robotic, Haptic, Artificial Intelligence"
"Fichtinger, Gabor","Queen's University (Kingston, Ontario)",Ontario,Collaborative Health Research Projects (NSERC partnered),201910CPG,Collaborative Health Research Projects - NSERC Partnered,Robotically assisted real-time metabolomic navigation of breast conserving surgery,"$337,724 ","$13,988 ", $-   ,,3 yrs 0 mth ,Cancer Research,BREAST CANCER THERAPY; IMAGING; CANCER,4/1/2020,2023-03-31,0,"robotically, metabolomic, navigation"
"Sefton, Michael V",University of Toronto,Ontario,Operating Grant,201503MOP,Biomedical Engineering,Robust vascularization using modular tissue engineering,"$619,244 ", $-   , $-   ,,5 yrs 0 mth ,Circulatory and Respiratory Health,DIABETES MELLITUS; SKIN AND SUBCUTANEOUS TISSUS; CARDIOVASCULAR; IMMUNOLOGY-TRANSPLANTATION,7/1/2015,2017-06-30,0,"vascularization, tissue engineering, modular"
"Koch, Anne",University Health Network (Toronto),Ontario,Operating Grant,200909MOP,Cancer Biology & Therapeutics,"Role of APLF in DNA damage signaling, DNA repair and in the maintenance of genome stability","$325,560 ", $-   , $-   ,,3 yrs 0 mth ,Cancer Research,BREAST CANCER; BREAST CANCER THERAPY; MOLECULAR BIOLOGY; CANCER,4/1/2010,2013-03-31,0,"APLF,DNA repair,genome stability"
"Zadeh, Gelareh",University Health Network (Toronto),Ontario,Operating Grant,201109MOP,Cancer Progression & Therapeutics 2,Role of Bone Marrow Derived Progenitor Cells in Brain Tumor Neovascularizatoin,"$385,251 ", $-   , $-   ,,3 yrs 0 mth ,Cancer Research,BRAIN TUMORS (INCL. RETINAL TUMORS); BRAIN TUMORS THERAPY; CANCER; NERVOUS SYSTEM,4/1/2012,2015-03-31,0,"Bone Marrow, Progenitor Cells, Brain Tumor"
"Godbout, Roseline",University of Alberta,Alberta,Operating Grant,201303MOP,Cancer Progression & Therapeutics,Role of Brain Fatty Acid-binding Protein in Malignant Glioma Progression,"$723,341 ", $-   ,"$100,000 ",Alberta Cancer Foundation,5 yrs 0 mth ,Cancer Research,BRAIN TUMORS (INCL. RETINAL TUMORS); NEOPLASMS; CANCER; MOLECULAR BIOLOGY,10/1/2013,2018-09-30,0,"Brain, Fatty Acid-binding Protein, Glioma"
"Godbout, Roseline",University of Alberta,Alberta,Operating Grant - PA: Alberta Cancer Foundation - Research (bridge funding),201203OAC,Cancer Progression & Therapeutics,Role of Brain Fatty Acid-binding Protein in Malignant Glioma Progression, $-   , $-   ,"$100,000 ",Alberta Cancer Foundation,1 yr 0 mth ,Cancer Research,BRAIN TUMORS (INCL. RETINAL TUMORS); NEOPLASMS; CANCER; MOLECULAR BIOLOGY,10/1/2012,2013-09-30,0,"Brain, Fatty Acid-binding Protein, Glioma"
"Philip, Anie",Research Institute of the McGill University Health Centre,Quebec,Project Grant,201809PJT,Cancer Biology & Therapeutics 2,Role of CD109 in regulating cellular signaling and responses in skin and oral squamous cell carcinoma cells,"$1,074,825 ", $-   , $-   ,,5 yrs 0 mth ,Musculoskeletal Health and Arthritis,"Musculoskeletal Health-Bone, Skin and Cartilage Sciences; Musculoskeletal Health-Oral Health",4/1/2019,2024-03-31,1,"CD109, cellular signaling, squamous cell carcinoma"
"Jabado, Nada",Research Institute of the McGill University Health Centre,Quebec,Operating Grant,201209MOP,Cancer Progression & Therapeutics 2,Role of chromatin remodeling in the genesis of pediatric and young adult astrocytomas,"$788,500 ", $-   , $-   ,,5 yrs 0 mth ,Cancer Research,BRAIN TUMORS (INCL. RETINAL TUMORS); BRAIN TUMORS THERAPY; CANCER; NERVOUS SYSTEM,4/1/2013,2018-03-31,0,"chromatin remodeling, astrocytomas, genesis"
"Mazroui, Rachid",Universite Laval,Quebec,Operating Grant,201003MOP,Cancer Biology & Therapeutics,Role of eIF4E in stress granules formation and the associated resistance to chemotherapy,"$421,824 ", $-   , $-   ,,3 yrs 0 mth ,Cancer Research,CANCER THERAPY GENERAL; BREAST CANCER THERAPY; CANCER; BIOCHEMISTRY,7/1/2011,2016-06-30,0,"eIF4E, stress granules, chemotherapy"
"Philip, Anie",Research Institute of the McGill University Health Centre,Quebec,Operating Grant: Industry-partnered Collaborative Research - Other Partner,201009ISO,Industry Partnered Collaborative Research,Role of endoglin in aberrant TGF-beta signaling in scleroderma,"$60,000 ", $-   , $-   ,,2 yrs 0 mth ,Musculoskeletal Health and Arthritis,SKIN AND SUBCUTANEOUS TISSUS; ILL-DEFINED CONDITIONS; MOLECULAR BIOLOGY; CELL BIOLOGY,4/1/2011,2013-03-31,0,"endoglin, TGF-beta, scleroderma"
"Bouchard, Maxime L",McGill University,Quebec,Operating Grant,201303MOP,Cancer Biology & Therapeutics,Role of Gata3 in prostate stem cells and cancer,"$767,453 ", $-   , $-   ,,5 yrs 0 mth ,Cancer Research,PROSTATE AND BLADDER CANCER; GENITO/URINARY SYSTEM; CANCER; GENETICS,10/1/2013,2018-09-30,0,"Gata3, prostate, stem cells"
"Moroy, Tarik",Institut de recherches cliniques de Montreal,Quebec,Operating Grant,201209MOP,Cancer Biology & Therapeutics,Role of Gfi1 as a modulator of the ATM/DNA-PK DNA damage response pathway,"$686,375 ", $-   , $-   ,,5 yrs 0 mth ,Cancer Research,LEUKAEMIAS; BLOOD; CANCER,4/1/2013,2018-03-31,0,"Gfi1, ATM, DNA-PK"
"Gregorieff, Alex",Research Institute of the McGill University Health Centre,Quebec,Project Grant,201709PJT,Cancer Biology & Therapeutics 2,Role of Hippo signaling in myofibroblasts during gut regeneration and tumorigenesis.,"$650,250 ", $-   , $-   ,,5 yrs 0 mth ,Cancer Research,"Digestive, Endocrine and Excretory Systems-Gastroenterology and Hepatology; Cancer-Cancer Progression and Metastasis; Molecular, Cellular and Systems Biology-Cell Signaling",4/1/2018,2023-03-31,0,"Hippo signaling, myofibroblasts, gut regeneration"
"Taylor, Michael D",Hospital for Sick Children (Toronto),Ontario,Operating Grant,200909MOP,Cancer Progression & Therapeutics,Role of Histone Lysine Methylation in Medulloblastoma and Cerebellar Development,"$540,219 ", $-   , $-   ,,3 yrs 0 mth ,Cancer Research,BRAIN TUMORS (INCL. RETINAL TUMORS); NEOPLASMS; CANCER; NERVOUS SYSTEM,4/1/2010,2013-03-31,0,"Histone, Methylation, Medulloblastoma"
"Zadeh, Gelareh",University Health Network (Toronto),Ontario,Operating Grant,201203MOP,Cancer Progression & Therapeutics,Role of HK2 in Regulating Brain Tumor Metabolism and Angiogenesis,"$560,636 ", $-   , $-   ,,4 yrs 0 mth ,Cancer Research,BRAIN TUMORS (INCL. RETINAL TUMORS); BRAIN TUMORS THERAPY; CANCER; NERVOUS SYSTEM,10/1/2012,2016-09-30,0,"HK2, Brain Tumor, Angiogenesis"
"Dedhar, Shoukat R",University of British Columbia,British Columbia,Operating Grant - Priority Announcement: Breast Cancer,201303COP,Cancer Biology & Therapeutics,"Role of ILK/Rictor complex in the TGF-b and Hippo signaling pathway mediated EMT, cancer stem cell function and tumor progression","$100,000 ", $-   , $-   ,,1 yr 0 mth ,Cancer Research,BREAST CANCER; CANCER THERAPY GENERAL; CANCER; CELL BIOLOGY,10/1/2013,2014-09-30,0,"ILK, Rictor, TGF-b"
"Kopp, Janel",University of British Columbia,British Columbia,Project Grant,201809PJT,Cancer Biology & Therapeutics,Role of inflammation during the genesis of intraductal papillary mucinous neoplasia associated pancreatic ductal adenocarcinoma,"$1,090,125 ", $-   , $-   ,,5 yrs 0 mth ,Cancer Research,Cancer-Cancer Progression and Metastasis,4/1/2019,2024-03-31,0,"inflammation, intraductal papillary mucinous neoplasia, pancreatic ductal adenocarcinoma"
"Antoniou, John",CIUSSS de Centre-Ouest-de-l'Ile-de-Montreal-Jewish General,Quebec,Project Grant,202109PJT,Biomedical Engineering,Role of Link N in Osteoarthritis,"$699,975 ", $-   , $-   ,,5 yrs 0 mth ,Musculoskeletal Health and Arthritis,Biomedical Engineering-Regenerative Medicine and Tissue Engineering,4/1/2022,2027-03-31,0,"Link N, Osteoarthritis"
"Ilangumaran, Subburaj",Universite de Sherbrooke,Quebec,Project - PA: Cancer Prevention and Early Detection of Hard to Treat Cancers,202104PQQ,Cancer Biology & Therapeutics 2,Role of SOCS1 in maintaining prostate homeostasis and in suppressing malignant growth,"$100,000 ", $-   , $-   ,,1 yr 0 mth ,Cancer Research,Cancer-Mechanisms of Carcinogenesis,10/1/2021,2022-09-30,0,"SOCS1, prostate, malignancy"
"Jones, Russell G",McGill University,Quebec,Operating Grant,200809MOP,Cancer Biology & Therapeutics,Role of the AMP-activated protein kinase (AMPK) in stress resistance and cancer,"$533,730 ", $-   , $-   ,,4 yrs 0 mth ,Cancer Research,CANCER THERAPY GENERAL; AGING; CANCER,4/1/2009,2013-03-31,0,"AMP-activated protein kinase, stress resistance, cancer"
"Spicer, Jonathan D",Research Institute of the McGill University Health Centre,Quebec,Project Grant,202303PJT,Cancer Progression & Therapeutics,Role of the circadian rhythm in the regulation of the tumor microenvironment of non-small cell cancer,"$1,162,800 ", $-   , $-   ,,5 yrs 0 mth ,Cancer Research,"Cancer-Cancer Progression and Metastasis; Cancer-Mechanisms of Carcinogenesis; Immunology and Infection-Transplantation, Immune Tolerance and Tumor Immunology",10/1/2023,2028-09-30,0,"circadian rhythm, tumor microenvironment, non-small cell cancer"
"Postovit, Lynne-Marie",Western University (Ontario),Ontario,Operating Grant,201109MOP,Cancer Progression & Therapeutics 2,Role Of The Embryonic Morphpogen Nodal In The Regulation Of Breast Cancer Invasion,"$739,830 ", $-   , $-   ,,5 yrs 0 mth ,Cancer Research,BREAST CANCER; NEOPLASMS; CANCER; CELL BIOLOGY,4/1/2012,2017-03-31,1,"embryonic, Nodal, breast cancer"
"Brodt, Pnina",McGill University,Quebec,Operating Grant,200909MOP,Cancer Progression & Therapeutics,Role of the microenvironment in liver metastasis,"$622,074 ", $-   , $-   ,,5 yrs 0 mth ,Cancer Research,NEOPLASMS; GASTRO-INTESTINAL CANCER; CANCER; MOLECULAR BIOLOGY,4/1/2010,2015-03-31,1,"microenvironment, liver, metastasis"
"Barabe, Frederic",Universite Laval,Quebec,Project Grant,202209PJT,Cancer Progression & Therapeutics 2,Role of the RAS Pathway Activation on the Biology and Drug Response of Acute Myeloid Leukemias,"$891,225 ", $-   , $-   ,,5 yrs 0 mth ,Cancer Research,Cancer-Cancer Progression and Metastasis; Cancer-Cancer Drug Development and Therapeutics; Cancer-Pediatric Cancer,4/1/2023,2028-03-31,0,"RAS, Leukemias, Pathway"
"Chan, Steven M",University Health Network (Toronto),Ontario,Project Grant - Priority Announcement: Early Detection/Cancer Prevention,202209DCP,Cancer Progression & Therapeutics,Role of Thrombopoietin Receptor (TPO-R) Signaling in TET2 Mutation-Driven Clonal Hematopoiesis,"$100,000 ", $-   , $-   ,,1 yr 0 mth ,Cancer Research,Cancer-Cancer Progression and Metastasis; Cancer-Mechanisms of Carcinogenesis; Cancer-Cancer Drug Development and Therapeutics,3/1/2023,2024-02-29,0,"Thrombopoietin, Receptor, TET2"
"Graham, Charles H","Queen's University (Kingston, Ontario)",Ontario,Project Grant,202003PJT,Cancer Biology & Therapeutics,Role of trained immunity in the response to BCG immunotherapy of bladder cancer,"$1,086,300 ", $-   , $-   ,,5 yrs 0 mth ,Cancer Research,"Immunology and Infection-Transplantation, Immune Tolerance and Tumor Immunology",10/1/2020,2025-09-30,0,"trained immunity, BCG, bladder cancer"
"Leng, Roger P",University of Alberta,Alberta,Project Grant - PA: Breast Cancer Research,202309PLL,Cancer Progression & Therapeutics 2,Role of USP7 and Potential Therapy in Human Cancers.,"$100,000 ", $-   , $-   ,,1 yr 0 mth ,Cancer Research,"Cancer-Cancer Progression and Metastasis; Molecular, Cellular and Systems Biology-Molecular Biology",3/1/2024,2025-02-28,0,"USP7, Cancer, Therapy"
"Bremner, Rod",Sinai Health System (Toronto),Ontario,Project Grant,202203PJT,Cancer Biology & Therapeutics 2,Role of YAP and TAZ in Acute Myeloid Leukemia,"$902,700 ", $-   , $-   ,,5 yrs 0 mth ,Genetics,Genetics-Molecular and Functional Genetics and Epigenetics; Cancer-Cancer Drug Development and Therapeutics,10/1/2022,2027-09-30,0,"YAP, TAZ, Leukemia"
"Tsao, Ming-Sound",University Health Network (Toronto),Ontario,Operating Grant,201103MOP,Cancer Progression & Therapeutics,Roles of carcinoma associated fibroblasts and tumor stromal genes in lung cancer,"$812,446 ", $-   , $-   ,,5 yrs 0 mth ,Cancer Research,LUNG CANCER; LUNG CANCER THERAPY; CANCER; CELL BIOLOGY,10/1/2011,2016-09-30,0,"carcinoma associated fibroblasts, tumor stromal genes, lung cancer"
"Craig, Andrew W","Queen's University (Kingston, Ontario)",Ontario,Operating Grant,201109MOP,Cancer Progression & Therapeutics,Roles of F-BAR proteins in lung cancer progression and metastases,"$706,058 ", $-   , $-   ,,5 yrs 0 mth ,Cancer Research,LUNG CANCER; CANCER THERAPY GENERAL; CANCER; CELL BIOLOGY,4/1/2012,2017-03-31,2,"F-BAR, lung cancer, metastases"
"Okada, Hitoshi",University Health Network (Toronto),Ontario,Operating Grant - PA: Cancer Research (bridge funding),201009IC1,Cancer Biology & Therapeutics,Roles of Histone Demethylases in Estrogen Receptor Signaling Network,"$100,000 ", $-   , $-   ,,1 yr 0 mth ,Cancer Research,BREAST CANCER; ENDOCRINOLOGY; CANCER; MOLECULAR BIOLOGY,3/1/2011,2012-02-29,0,"Histone Demethylases, Estrogen Receptor, Signaling"
"Shah, Girish M",Universite Laval,Quebec,"Operating Grant - PA: Musculoskeletal Health, Arthritis, Skin and Oral Health",201303IMH,Cancer Biology & Therapeutics,Roles of poly(ADP-ribose)polymerase-1 in cellular responses to ultraviolet radiations,"$100,000 ", $-   , $-   ,,1 yr 0 mth ,Cancer Research,SKIN AND SUBCUTANEOUS TISSUS; ENVIRONMENTAL INFLUENCES ON HEALTH; CANCER; MOLECULAR BIOLOGY,10/1/2013,2014-09-30,0,"poly(ADP-ribose)polymerase-1, cellular responses, ultraviolet radiations"
"Baracos, Vickie E",University of Alberta,Alberta,Operating Grant,201109MOP,Cancer Biology & Therapeutics,"Sarcopenia: a predictor of cancer treatment response, treatment toxicity & drug metabolism","$135,206 ", $-   , $-   ,,2 yrs 0 mth ,Cancer Research,LUNG CANCER THERAPY; CANCER THERAPY GENERAL; CANCER,4/1/2012,2014-03-31,0,"Sarcopenia, cancer, metabolism"
"Archambault, Denis",Universite du Quebec e Montreal,Quebec,Operating Grant: COVID-19 Rapid Research Funding Opportunity - Vaccines,202005VR1,COVID-19 Rapid Research - Vaccines,SARS-CoV-2 immunization strategies to enhance protective immunity with reduced risk of antibody-dependent enhancement (ADE),"$622,782 ", $-   , $-   ,,1 yr 0 mth ,Infection and Immunity,VIRAL; PNEUMONIA; VIROLOGY; HEALTH RESEARCH,6/1/2020,2021-05-31,2,"SARS-CoV-2, immunization, antibody-dependent enhancement"
"Wilson, Joyce A",University of Saskatchewan,Saskatchewan,Operating Grant: COVID-19 Rapid Research Funding Opportunity - Therapeutics,202005VR3,COVID-19 Rapid Research - Therapeutics,SARS-CoV2 therapeutic discovery through genetic screens and repurposing drugs that target essential virus-host interactions.,"$449,276 ", $-   , $-   ,,1 yr 0 mth ,Infection and Immunity,VIRAL; INFECTIOUS AND PARASITIC; VIROLOGY; DRUG RESEARCH,6/1/2020,2021-05-31,0,"SARS-CoV2, genetic screens, virus-host interactions"
"Stanisz, Greg J","Sunnybrook Research Institute (Toronto, Ontario)",Ontario,Project Grant,201709PJT,Medical Physics & Imaging,Saturation Transfer MRI as a biomarker of tumour response to radiation treatment in patients with glioblastoma multiforme,"$650,250 ", $-   , $-   ,,5 yrs 0 mth ,Cancer Research,Biomedical Engineering-Biomedical Imaging,4/1/2018,2023-03-31,0,"Saturation Transfer, MRI, glioblastoma"
"Ungrin, Mark D",University of Calgary,Alberta,"Project Grant - PA: Nutrition, Metabolism and Diabetes",201809PJ9,Biomedical Engineering,"Scalable production, delivery and assessment of human pseudoislets for research and clinical applications","$100,000 ", $-   , $-   ,,1 yr 0 mth ,"Nutrition, Metabolism and Diabetes","Biomedical Engineering-Regenerative Medicine and Tissue Engineering; Digestive, Endocrine and Excretory Systems-Metabolism and Disease (including Obesity, Diabetes and Metabolomics)",3/1/2019,2020-02-29,0,"pseudoislets, production, delivery"
"Menon, Carlo","Simon Fraser University (Burnaby, B.C.)",British Columbia,Collaborative Health Research Projects (NSERC partnered),201310CPG,Collaborative Health Research Projects - NSERC Partnered,Scanning micro-cantilever based catheter for in vivo imaging,"$358,351 ", $-   , $-   ,,3 yrs 0 mth ,Cancer Research,LUNG CANCER; CANCER; IMAGING,4/1/2014,2017-03-31,0,"micro-cantilever, catheter, imaging"
"McCulloch, Christopher A",University of Toronto,Ontario,Collaborative Health Research Projects (NSERC partnered),201410CPG,Collaborative Health Research Projects - NSERC Partnered,Screening Assay for Inhibition of Cancer Cell Invasion,"$354,383 ", $-   , $-   ,,3 yrs 0 mth ,Cancer Research,CANCER THERAPY GENERAL; DRUGS- PHARMACEUTICAL SCIENCE/CHEMISTRY & NON MEDICAL USE OF DRUGS; CELL BIOLOGY; CANCER,4/1/2015,2018-03-31,0,"Cancer, Cell Invasion, Assay"
"Moriarty, Tara J",University of Toronto,Ontario,Collaborative Health Research Projects (NSERC partnered),201210CPG,Collaborative Health Research Projects - NSERC Partnered,Screening technologies for identification of bacterial vascular dissemination inhibitors and testing of novel antibiotic-complementing therapeutic molecules,"$313,633 ", $-   , $-   ,,3 yrs 0 mth ,Infection and Immunity,INFECTIOUS AND PARASITIC; MULTIDISCIPLINARY; BACTERIOLOGY; CARDIOVASCULAR,4/1/2013,2016-03-31,0,"bacterial, vascular, inhibitors"
"Sanche, Leon",Universite de Sherbrooke,Quebec,Project Grant,201809PJT,Medical Physics & Imaging,Secondary electron collision cross sections for micro- and nano-dosimetry of emerging radiation and chemo-radiation therapies.,"$634,950 ", $-   , $-   ,,5 yrs 0 mth ,Cancer Research,"Biomedical Engineering-Biophysics, Medical Technologies and Instrumentation; Cancer-Cancer Drug Development and Therapeutics",4/1/2019,2024-03-31,0,"electron, dosimetry, radiation"
"Sanche, Leon",Universite de Sherbrooke,Quebec,Operating Grant,201209MOP,Medical Physics & Imaging,Secondary electron collision cross sections for use in radiotherapy and radioprotection/Sections efficaces de diffusion des electrons secondaires pour utilisation en radiotherapie et radioprotection.,"$670,172 ", $-   , $-   ,,5 yrs 0 mth ,Cancer Research,POPULATION HEALTH; CANCER THERAPY GENERAL; CANCER,4/1/2013,2018-03-31,0,"electron, radiotherapy, radioprotection"
"Logan, Alexander G",Sinai Health System (Toronto),Ontario,Catalyst Grant: Personalized Health Catalyst Grants,201706PCG,Personalized Health - novel e-health applications,Security and authentication for large scale deployment of disease-specific applications for patients with serious and complex renal disease.,"$200,000 ", $-   , $-   ,,2 yrs 0 mth ,Health Services and Policy Research,"HEALTH CARE DELIVERY; MULTIPLE DISEASE RELEVANCE; HEALTH SERVICES RESEARCH; RENAL FUNCTION, NEPHROLOGY, UROLOGY",9/1/2017,2019-08-31,0,"security, authentication, renal disease"
"Lee, Ting-Yim",London Health Sciences Centre Res. Inc. (Ont.),Ontario,Project Grant,201804PJT,Medical Physics & Imaging,Selective Brain Hypothermia via Intranasal Cooling to Limit Brain Injury  Post Cardiac Arrest,"$100,000 ", $-   , $-   ,,1 yr 0 mth ,Circulatory and Respiratory Health,"Cardiovascular, Respiratory and Circulatory Systems-Cardiovascular and Circulatory Sciences; Neurosciences-Neuroinflammation; Biomedical Engineering-Biomedical Imaging",4/1/2020,2024-03-31,0,"brain injury, hypothermia, intranasal cooling"
"Lee, Ting-Yim",London Health Sciences Centre Res. Inc. (Ont.),Ontario,Project Grant,201909PJT,Medical Physics & Imaging,Selective Brain Hypothermia via Intranasal Cooling to Limit Brain Injury Post Cardiac Arrest,"$543,152 ", $-   , $-   ,,4 yrs 0 mth ,Circulatory and Respiratory Health,"Cardiovascular, Respiratory and Circulatory Systems-Cardiovascular and Circulatory Sciences; Neurosciences-Neuroinflammation; Biomedical Engineering-Biomedical Imaging",4/1/2020,2024-03-31,0,"brain, hypothermia, cooling"
"Meunier, Michel",Polytechnique Montreal,Quebec,Collaborative Health Research Projects (NSERC partnered),201711CPG,Collaborative Health Research Projects - NSERC Partnered,Selective laser-mediated gene therapy for ocular diseases,"$369,433 ","$4,750 ", $-   ,,3 yrs 0 mth ,"Neurosciences, Mental Health and Addiction",DISEASES AFFECTING SPEECH/VISION/HEARING; MULTIDISCIPLINARY; VISION; CELL BIOLOGY,4/1/2018,2021-03-31,1,"laser, gene, ocular"
"Venturutti, Leandro",University of British Columbia,British Columbia,Project Grant,202109PJT,Cancer Biology & Therapeutics,Self reactivity as a driver of extranodal diffuse large B-cell lymphoma transformation and progression.,"$1,139,850 ", $-   , $-   ,,5 yrs 0 mth ,Cancer Research,Cancer-Cancer Progression and Metastasis; Cancer-Mechanisms of Carcinogenesis; Immunology and Infection-Immunology and Autoimmune Diseases (including rheumatology),4/1/2022,2027-03-31,0,"self reactivity, extranodal, B-cell lymphoma"
"Seto, Emily",University Health Network (Toronto),Ontario,Catalyst Grant: eHealth Innovations,201310CEH,e-Health Innovation Partnership Program (eHIPP),Self-management and clinical decision support of multiple chronic conditions through the use of mobile health telemonitoring, $-   , $-   ,"$91,916 ",Ontario Health - CCO - Cancer Care Ontario (Toronto),1 yr 0 mth ,Health Services and Policy Research,HEALTH CARE DELIVERY; HEALTH SERVICES RESEARCH; HEALTH RESEARCH,3/1/2014,2015-02-28,0,"self-management, telemonitoring, chronic conditions"
"Dzavik, Vladimir",University Health Network (Toronto),Ontario,Operating Grant: COVID-19 Rapid Research Funding Opportunity - Therapeutics,202005VR3,COVID-19 Rapid Research - Therapeutics,Semaglutide to reduce Myocardial injury in PATIents with COVID-19 (SEMPATICO): An exploratory randomized controlled clinical trial,"$664,145 ", $-   , $-   ,,1 yr 0 mth ,Circulatory and Respiratory Health,CARDIOLOGY; MULTIPLE DISEASE RELEVANCE; CARDIOVASCULAR,6/1/2020,2021-05-31,0,"Semaglutide, Myocardial injury, COVID-19"
"Cete, Daniel",Universite Laval,Quebec,Collaborative Health Research Projects (NSERC partnered),201310CPG,Collaborative Health Research Projects - NSERC Partnered,Sensing and modulating neuronal activity from the spinal epidural space with optical fibers,"$357,982 ", $-   , $-   ,,3 yrs 0 mth ,"Neurosciences, Mental Health and Addiction",SPINAL CORD DISEASE; MUSCULO SKELETAL; NERVOUS SYSTEM,4/1/2014,2017-03-31,0,"neuronal activity, optical fibers, epidural space"
"Beaulieu, Jean-Franeois",Universite de Sherbrooke,Quebec,Project Grant,202003PJT,Cancer Progression & Therapeutics 2,Set-up of a mass spectrometry-based stool test for colorectal cancer screening,"$719,101 ", $-   , $-   ,,4 yrs 0 mth ,Cancer Research,Cancer-Clinical Oncology,10/1/2020,2024-09-30,0,"mass spectrometry, stool test, colorectal cancer"
"Vitkin, I. Alex",University Health Network (Toronto),Ontario,Project Grant,202010PJT,Medical Physics & Imaging,Shedding light on SBRT: functional optical coherence tomography and MR imaging for in vivo monitoring of high-dose few-fractions radiotherapy of pancreatic cancer,"$956,250 ", $-   , $-   ,,5 yrs 0 mth ,Cancer Research,Biomedical Engineering-Biomedical Imaging; Biophysics and bioimaging,4/1/2021,2026-03-31,0,"optical coherence tomography, MR imaging, radiotherapy"
"Whyne, Cari M",University of Toronto,Ontario,Collaborative Health Research Projects (NSERC partnered),201810CPG,Collaborative Health Research Projects - NSERC Partnered,Shifting the Paradigm in Home Physiotherapy: Implementation and Implications of Adherence Monitoring with Artificial Intelligence,"$322,322 ","$25,000 ", $-   ,,3 yrs 0 mth ,Musculoskeletal Health and Arthritis,"MUSCULO SKELETAL; ETHICS; MUSCLE, BONE, OR JOINT",4/1/2019,2022-03-31,0,"Physiotherapy, Adherence Monitoring, Artificial Intelligence"
"Leung, Shuk On A",Research Institute of the McGill University Health Centre,Quebec,Catalyst Grant: NWHRI: Innovation Fund - Biomedical Discovery Grants,202307NWI,NWHRI: Innovation Fund - Biomedical Discovery Grants,Short-term patient-derived ovarian cancer organoids for frontline drug sensitivity testing,"$150,000 ", $-   , $-   ,,1 yr 0 mth ,Cancer Research,CANCER THERAPY GENERAL; CANCER; DRUG RESEARCH,2/1/2024,2025-01-31,0,"ovarian cancer, organoids, drug sensitivity"
"Bromme, Dieter",University of British Columbia,British Columbia,Collaborative Health Research Projects (NSERC partnered),201711CPG,Collaborative Health Research Projects - NSERC Partnered,Side effect-free cathepsin K targeting drugs for skeletal diseases,"$359,850 ", $-   , $-   ,,3 yrs 0 mth ,Musculoskeletal Health and Arthritis,"ARTHRITIS/OSTEOARTHRITIS; BONE CANCER THERAPY; MUSCLE, BONE, OR JOINT; DRUG RESEARCH",4/1/2018,2021-03-31,0,"cathepsin K, skeletal diseases, targeting"
"Waisman, David M",Dalhousie University (Nova Scotia),Nova Scotia,Project Grant,201809PJT,Cancer Progression & Therapeutics 2,Significance of S100A10 (p11) in breast cancer tumor progression,"$516,375 ", $-   , $-   ,,3 yrs 0 mth ,Cancer Research,Cancer-Cancer Progression and Metastasis,4/1/2019,2022-03-31,0,"S100A10, breast cancer, tumor progression"
"Troyer, Ryan",Western University (Ontario),Ontario,Operating Grant: COVID-19 Rapid Research Funding Opportunity - Diagnostics,202005VR2,COVID-19 Rapid Research - Diagnostics,Simple assay to assess antibody-dependent enhancement of SARS-CoV-2, $-   , $-   ,"$151,050 ",Public Health Agency of Canada,1 yr 0 mth ,Infection and Immunity,VIRAL; VIROLOGY; IMMUNOLOGY-TRANSPLANTATION,9/1/2020,2021-08-31,0,"assay, antibody, SARS-CoV-2"
"Gates, Byron D","Simon Fraser University (Burnaby, B.C.)",British Columbia,Collaborative Health Research Projects (NSERC partnered),201310CPG,Collaborative Health Research Projects - NSERC Partnered,Simultaneous chemotherapy and radiation treatment in solid tumours: A new platform to promote synergy and therapeutic efficacy with radiation triggered drug release,"$283,503 ", $-   , $-   ,,3 yrs 0 mth ,Cancer Research,CANCER THERAPY GENERAL; MULTIDISCIPLINARY; CANCER; HEALTH RESEARCH,4/1/2014,2017-03-31,0,"chemotherapy, radiation, drug release"
"Juncker, David",McGill University,Quebec,Project Grant,202109PJT,Biomedical Engineering,Single-cell imaging affinity proteomics of microfiltered circulating tumor cells: Uncovering biomarkers in colorectal cancer liver metastasis,"$895,050 ", $-   , $-   ,,5 yrs 0 mth ,Cancer Research,Biomedical Engineering-Biomedical Imaging,4/1/2022,2027-03-31,0,"single-cell imaging, proteomics, circulating tumor cells"
"Holdsworth, David W",Western University (Ontario),Ontario,Operating Grant,201009MOP,Medical Physics & Imaging,Single-plane dynamic radiography for quantification of bone and joint motion,"$752,848 ", $-   , $-   ,,5 yrs 0 mth ,Musculoskeletal Health and Arthritis,"MUSCULO SKELETAL; ARTHRITIS/OSTEOARTHRITIS; IMAGING; MUSCLE, BONE, OR JOINT",4/1/2011,2016-03-31,1,"radiography, bone, joint"
"Uludag, Hasan",University of Alberta,Alberta,Operating Grant,201503MOP,Biomedical Engineering,siRNA Therapy for Leukemia: Synthetic Biomaterials to Deliver siRNA and Curb Uncontrolled Growth of Leukemic Cells,"$597,400 ", $-   , $-   ,,5 yrs 0 mth ,Cancer Research,LEUKAEMIAS; DRUGS- PHARMACEUTICAL SCIENCE/CHEMISTRY & NON MEDICAL USE OF DRUGS; CANCER; DRUG RESEARCH,7/1/2015,2021-06-30,1,"siRNA, Biomaterials, Leukemia"
"Chung, Hyun-Joong",University of Alberta,Alberta,Collaborative Health Research Projects (NSERC partnered),201410CPG,Collaborative Health Research Projects - NSERC Partnered,Skin Adhesive Smart Patch to Monitor Hydration Status in Real-Time,"$298,552 ", $-   , $-   ,,3 yrs 0 mth ,Cancer Research,MULTIDISCIPLINARY; CANCER THERAPY GENERAL; HEALTH RESEARCH; CANCER,4/1/2015,2018-03-31,1,"Skin, Adhesive, Hydration"
"Veillette, Andre",Institut de recherches cliniques de Montreal,Quebec,Project Grant,202203PJT,Cancer Biology & Therapeutics,SLAMF7 in innate immune cells and anti-cancer immunotherapy,"$956,250 ", $-   , $-   ,,5 yrs 0 mth ,Infection and Immunity,"Cancer-Cancer Drug Development and Therapeutics; Immunology and Infection-Transplantation, Immune Tolerance and Tumor Immunology",10/1/2022,2027-09-30,0,"SLAMF7, immune cells, immunotherapy"
"Mwale, Fackson",CIUSSS de Centre-Ouest-de-l'Ile-de-Montreal-Jewish General,Quebec,Project Grant,202209PJT,Biomedical Engineering,Small molecule inhibitor of IL-1b signaling in degenerative disc disease,"$734,400 ", $-   , $-   ,,5 yrs 0 mth ,Aging,Biomedical Engineering-Regenerative Medicine and Tissue Engineering,4/1/2023,2028-03-31,0,"small molecule, IL-1b, degenerative disc"
"Liu, Fei-Fei",University Health Network (Toronto),Ontario,Operating Grant,200909MOP,Cancer Biology & Therapeutics,Small Molecule Inhibitors Against a Novel Radio- and Chemo-sensitizing Target for Human Cancers,"$422,554 ", $-   , $-   ,,3 yrs 0 mth ,Cancer Research,CANCER THERAPY GENERAL; NEOPLASMS; CANCER,4/1/2010,2013-03-31,3,"Small molecule, Inhibitors, Cancers"
"Mui, Alice L",University of British Columbia,British Columbia,Operating Grant,201003MOP,Cancer Progression & Therapeutics 2,Small molecule SHIP agonists for inhibiting the phosphoinositide 3-kinase pathway,"$390,802 ", $-   , $-   ,,3 yrs 0 mth ,Cancer Research,LEUKAEMIAS; DRUGS- PHARMACEUTICAL SCIENCE/CHEMISTRY & NON MEDICAL USE OF DRUGS; CANCER; DRUG RESEARCH,10/1/2010,2013-09-30,0,"small molecule, SHIP, phosphoinositide 3-kinase"
"Lockwood, William W",University of British Columbia,British Columbia,Project Grant - Priority Announcement: Cancer Research,202209PJS,Cancer Biology & Therapeutics,SNF2 Histone Linker PHD RING Helicase as a novel tumor suppressor gene and risk factor in lung adenocarcinoma development,"$100,000 ", $-   , $-   ,,1 yr 0 mth ,Cancer Research,Cancer-Cancer Drug Development and Therapeutics; Cancer-Cancer Progression and Metastasis; Cancer-Mechanisms of Carcinogenesis,3/1/2023,2024-02-29,0,"SNF2, histone, adenocarcinoma"
"Pilote, Louise",Research Institute of the McGill University Health Centre,Quebec,Op. Grant: NWHRI: Innovation Fund - Translational Research,202403NW3,National Women's Health Research Initiative: Innovation Fund,Social Prescribing to Improve Adherence and Outcomes in Women with Heart Failure,"$600,000 ", $-   , $-   ,,2 yrs 10 mths ,Gender and Health,"STROKE, HEART FAILURE; EPIDEMIOLOGY; CARDIOVASCULAR; SOCIETAL & CULTURAL DIMENSIONS OF HEALTH",6/1/2024,2027-03-31,0,"Social prescribing, heart failure, adherence"
"Steidl, Christian",University of British Columbia,British Columbia,Project Grant,202010PJT,Cancer Progression & Therapeutics,Somatic mutations in the JAK-STAT and IRF signaling pathways in Non-Hodgkin lymphoma,"$1,120,725 ", $-   , $-   ,,5 yrs 0 mth ,Cancer Research,"Cancer-Cancer Progression and Metastasis; Molecular, Cellular and Systems Biology-Cell Signaling; Genetics-Genomics, Transcriptomics and Proteomics",4/1/2021,2026-03-31,0,"JAK-STAT, IRF, lymphoma"
"Steidl, Christian",University of British Columbia,British Columbia,Operating Grant,201403MOP,Cancer Biology & Therapeutics,Somatic mutations in the JAK-STAT signaling pathway in primary mediastinal large B cell lymphoma,"$855,882 ", $-   , $-   ,,5 yrs 0 mth ,Cancer Research,BLOOD; NEOPLASMS; CANCER,7/1/2014,2016-06-30,0,"JAK-STAT, mutations, lymphoma"
"Sidhu, Sachdev S",University of Toronto,Ontario,Operating Grant,201009MOP,Cancer Progression & Therapeutics,Specific inhibitors of deubiquitinating enzymes,"$485,957 ", $-   , $-   ,,3 yrs 0 mth ,Cancer Research,MOLECULAR BIOLOGY; CANCER,4/1/2011,2014-03-31,0,"deubiquitinating enzymes, inhibitors"
"Sidhu, Sachdev S",University of Toronto,Ontario,Operating Grant,201403MOP,Cancer Progression & Therapeutics 2,Specific inhibitors of ubiquitin ligases and deubiquitinases,"$919,406 ", $-   , $-   ,,5 yrs 0 mth ,Genetics,MOLECULAR BIOLOGY; CANCER,7/1/2014,2019-06-30,4,"ubiquitin, ligases, deubiquitinases"
"Sinton, David A",University of Toronto,Ontario,Collaborative Health Research Projects (NSERC partnered),201610CPG,Collaborative Health Research Projects - NSERC Partnered,"Sperm Olympics: Selecting 1 in 100,000 for Intracytoplasmic Sperm Injection","$272,390 ", $-   , $-   ,,3 yrs 0 mth ,"Human Development, Child and Youth Health","INFERTILITY MALE; PREGNANCY/BIRTH; REPRODUCTION/PREGNANCY; RENAL FUNCTION, NEPHROLOGY, UROLOGY",4/1/2017,2020-03-31,1,"Sperm, Intracytoplasmic, Injection"
"Wald, Ron",Unity Health Toronto,Ontario,Operating Grant: Industry-partnered Collaborative Research,201409IPR,Industry Partnered Collaborative Research,STandard versus Accelerated initiation of Renal Replacement Therapy in Acute Kidney Injury (STARRT-AKI),"$220,995 ", $-   , $-   ,,4 yrs 0 mth ,"Nutrition, Metabolism and Diabetes","MULTIDISCIPLINARY; RENAL FUNCTION, NEPHROLOGY, UROLOGY",4/1/2015,2019-03-31,0,"Renal Replacement Therapy, Acute Kidney Injury, STARRT-AKI"
"Macaulay, Calum E",University of British Columbia,British Columbia,Operating Grant - PA: Cancer Research (bridge funding),200809IC1,Biomedical Engineering,Static and Dynamic 3D Computer Model of Pre-Invasive Neoplastic Epithelial Tissues,"$100,000 ", $-   , $-   ,,1 yr 0 mth ,Cancer Research,NEOPLASMS; BIOSTATISTICS; CANCER; BIOPHYSICS,1/1/2009,2009-12-31,0,"3D modeling, Neoplastic tissues, Epithelial"
"Brinkman, Ryan",University of British Columbia,British Columbia,Operating Grant: Priority Announcement (IHSPR),200809IHP,Cancer Progression & Therapeutics,Statistical analysis of clinical lymphoma data for automated quality assurance of diagnosis and biomarker identification,"$68,228 ", $-   , $-   ,,1 yr 0 mth ,Cancer Research,CANCER THERAPY GENERAL; HEALTH SERVICES RESEARCH; CANCER,1/1/2009,2009-12-31,0,"statistical analysis, lymphoma, biomarker"
"Whyne, Cari M","Sunnybrook Research Institute (Toronto, Ontario)",Ontario,Project Grant - Priority Announcement - Cancer Survivorship,202403CSV,Cancer Biology & Therapeutics,Stereotactic Radiotherapy for Spinal Metastases: Quantifying the Impact on Musculoskeletal Health,"$100,000 ", $-   , $-   ,,1 yr 0 mth ,Cancer Research,"Cancer-Cancer Progression and Metastasis; Musculoskeletal Health-Bone, Skin and Cartilage Sciences; Artificial Intelligence-Machine Learning",10/1/2024,2025-09-30,0,"Stereotactic Radiotherapy, Spinal Metastases, Musculoskeletal Health"
"Jirik, Frank R",University of Calgary,Alberta,Operating Grant,201503MOP,Cancer Progression & Therapeutics,Stimulator of interferon genes (STING)-induced tumour-associated macrophage re-education as a novel strategy for the treatment of lung cancer.,"$660,400 ", $-   , $-   ,,4 yrs 0 mth ,Cancer Research,LUNG CANCER THERAPY; LUNG CANCER; CANCER; IMMUNOLOGY-TRANSPLANTATION,7/1/2015,2019-06-30,0,"STING, macrophage, lung cancer"
"Berthod, Franeois",Universite Laval,Quebec,Operating Grant - PA: INMHA (bridge funding),201503INO,Biomedical Engineering,Strategies de reparation des transsections des nerfs peripheriques par genie tissulaire,"$100,000 ", $-   , $-   ,,1 yr 0 mth ,"Neurosciences, Mental Health and Addiction","INJURY, REGENERATION; NONE OF THE ABOVE; CELL BIOLOGY; NERVOUS SYSTEM",7/1/2016,2021-06-30,0,"nerfs, tissulaire, reparation"
"Jamieson, Amy",University of British Columbia,British Columbia,Project Grant,202403PJT,Cancer Progression & Therapeutics,STRIVE Study: STRatIfication of Vulvar squamous cell carcinoma by HPV and p53 status to guide Excision,"$1,166,628 ", $-   , $-   ,,7 yrs 0 mth ,Cancer Research,"Cancer-Clinical Oncology; Molecular, Cellular and Systems Biology-Molecular Biology",10/1/2024,2031-09-30,0,"Vulvar squamous cell carcinoma, HPV, p53"
"Hendzel, Michael J",University of Alberta,Alberta,Project Grant,201809PJT,Cancer Biology & Therapeutics,Structure-function relationships at DNA double-strand break repair centers,"$837,675 ", $-   , $-   ,,5 yrs 0 mth ,Cancer Research,Cancer-Cancer Drug Development and Therapeutics,4/1/2019,2024-03-31,0,"DNA, double-strand break, repair"
"Nepveu, Alain",McGill University,Quebec,Operating Grant,201403MOP,Cancer Biology & Therapeutics,Structure/Function Analysis of Cut Repeat Domains in Base Excision Repair,"$604,954 ", $-   , $-   ,,5 yrs 0 mth ,Cancer Research,NEOPLASMS; CANCER THERAPY GENERAL; MOLECULAR BIOLOGY; CELL BIOLOGY,10/1/2014,2019-09-30,0,"Base Excision Repair, Cut Repeat Domains, Structure-Function"
"El Morr, Christo","York University (Toronto, Ontario)",Ontario,Operation:eHealth Innov Partnership Program(eHIPP)-Youth &Adolescent Mental Hlth,201506EH1,eHealth Innovation Partnership Program (eHIPP): Youth and Adolescents Mental Health,Students Mental Health: Virtual Support on Campus,"$410,732 ", $-   , $-   ,,3 yrs 0 mth ,"Neurosciences, Mental Health and Addiction",HEALTH PROMOTION; MENTAL AND BEHAVIOURAL DISEASES; MENTAL HEALTH; HEALTH RESEARCH,10/1/2015,2018-09-30,0,"Mental Health, Virtual Support, Campus"
"Zhang, Jinyi",Sinai Health System (Toronto),Ontario,Operating Grant,200903MOP,Cancer Biology & Therapeutics,Studies of the role of an Ets family protein in prostate cancer,"$694,200 ", $-   , $-   ,,5 yrs 0 mth ,Cancer Research,PROSTATE AND BLADDER CANCER; CANCER; MOLECULAR BIOLOGY,10/1/2009,2014-09-30,0,"Ets, prostate cancer"
"Tyrrell, D. Lorne J",University of Alberta,Alberta,Operating Grant: Industry-partnered Collaborative Research - Rx&D partner,200903IRO,Industry Partnered Collaborative Research,Studies on modulation of the innate immune response to HCV in chimeric mice,"$175,000 ", $-   , $-   ,,2 yrs 0 mth ,Infection and Immunity,VIRAL; LIVER DISEASE; VIROLOGY; DRUG RESEARCH,10/1/2009,2011-09-30,1,"innate immune response, HCV, chimeric mice"
"Chakravarty, Megha M",CIUSSS de l'Ouest-de-l'Ile-de-Montreal-Douglas Hospital,Quebec,Project Grant,201903PJT,Medical Physics & Imaging,Studying prenatal exposure to maternal immune activation as risk factor for neurodevelopmental disorders: from the fetus to adulthood,"$803,250 ", $-   , $-   ,,5 yrs 0 mth ,"Neurosciences, Mental Health and Addiction",Mental Health and Behavioural Conditions-Psychology and Psychiatry; Biomedical Engineering-Biomedical Imaging; Methods Development and Modelling-Computational Biology,10/1/2019,2024-09-30,0,"prenatal exposure, maternal immune activation, neurodevelopmental disorders"
"Boisvert, Francois-Michel",Universite de Sherbrooke,Quebec,Operating Grant,201203MOP,Cancer Biology & Therapeutics,Subcellular Redistribution of Proteins Following DNA Damage: A Role for the MCM Complex in DNA Repair.,"$394,992 ", $-   , $-   ,,3 yrs 0 mth ,Cancer Research,"CANCER THERAPY GENERAL; ENVIRONMENTAL INFLUENCES ON HEALTH; GENOMICS, PROTEOMICS, AND BIOINFORMATICS; CELL BIOLOGY",10/1/2012,2015-09-30,0,"Proteins, DNA repair, MCM complex"
"Boisvert, Francois-Michel",Universite de Sherbrooke,Quebec,Operating Grant - PA: Cancer Research (bridge funding),201109IC1,Cancer Biology & Therapeutics,Subcellular Redistribution of Proteins Following DNA Damage: A Role for the MCM-ASF1 Complex in DNA Repair.,"$100,000 ", $-   , $-   ,,1 yr 0 mth ,Cancer Research,"CANCER THERAPY GENERAL; ENVIRONMENTAL INFLUENCES ON HEALTH; GENOMICS, PROTEOMICS, AND BIOINFORMATICS; CELL BIOLOGY",3/1/2012,2013-02-28,0,"Proteins,DNA Repair,MCM-ASF1"
"Oxland, Thomas R",University of British Columbia,British Columbia,Project Grant,202109PJT,Biomedical Engineering,Subject-Specific Biomechanical Modelling in Adult Spinal Deformity Patients: A Surgical Planning and Failure Prediction Toolkit,"$795,600 ", $-   , $-   ,,5 yrs 0 mth ,Musculoskeletal Health and Arthritis,"Biomedical Engineering-Biomaterials, Nanotechnology and Biomechanics; Musculoskeletal Health-Skeletal Muscle Biology and Physiology; Aging-Geriatric Medicine and Health Sciences",4/1/2022,2027-03-31,0,"Biomechanical, Spinal Deformity, Surgical Planning"
"Lin, Sheng-Xiang",Universite Laval,Quebec,Operating Grant,200903MOP,Cancer Progression & Therapeutics,"Sulfatase and aromatase pathways for estradiol synthesis in human breast cancer cells, tissues and animal models: identifying a combinatory therapy","$773,023 ", $-   , $-   ,,5 yrs 0 mth ,Cancer Research,BREAST CANCER THERAPY; CANCER,10/1/2009,2014-09-30,1,"Sulfatase, aromatase, estradiol"
"Yip, Christopher M",University of Toronto,Ontario,Operating Grant,201203MOP,Medical Physics & Imaging,"Super-Resolution Imaging of Receptor Dynamics and Structure: Self-Association of CEACAM and Its Implications for Cancer,Infection, and Inflammation","$592,876 ", $-   , $-   ,,5 yrs 0 mth ,Infection and Immunity,MULTIPLE DISEASE RELEVANCE; MULTIDISCIPLINARY; BIOPHYSICS; CELL BIOLOGY,10/1/2012,2017-09-30,0,"Super-Resolution, Receptor, CEACAM"
"Nabi, Ivan R",University of British Columbia,British Columbia,Collaborative Health Research Projects (NSERC partnered),201810CPG,Collaborative Health Research Projects - NSERC Partnered,Super-resolution microscopy network analysis: Drug target validation for cystic fibrosis,"$390,330 ","$18,000 ", $-   ,,3 yrs 0 mth ,Circulatory and Respiratory Health,RESPIRATION; DRUGS- PHARMACEUTICAL SCIENCE/CHEMISTRY & NON MEDICAL USE OF DRUGS; CELL BIOLOGY; DRUG RESEARCH,4/1/2019,2022-03-31,0,"super-resolution, microscopy, cystic fibrosis"
"Pawliszyn, Janusz B",University of Waterloo (Ontario),Ontario,Collaborative Health Research Projects (NSERC partnered),201510CPG,Collaborative Health Research Projects - NSERC Partnered,Supervised in vivo lung perfusion strategy for treatment of cancer metastases to the lungs. Real time monitoring of chemotherapy by on-site analytical platform,"$431,583 ", $-   , $-   ,,3 yrs 0 mth ,Cancer Research,LUNG CANCER THERAPY; MULTIDISCIPLINARY; CANCER; RESPIRATION,4/1/2016,2019-03-31,0,"lung perfusion, cancer metastases, chemotherapy"
"Nguyen, Minh Dang",University of Calgary,Alberta,Operating Grant,201103MOP,Cancer Biology & Therapeutics,Surviving the break-up in DNA damage response with a novel partner: TPX2,"$272,532 ", $-   , $-   ,,3 yrs 0 mth ,Cancer Research,CANCER THERAPY GENERAL; LUNG CANCER; CANCER; MOLECULAR BIOLOGY,10/1/2011,2014-09-30,0,"DNA damage, TPX2, response"
"Zheng, Gang",University Health Network (Toronto),Ontario,Project Grant,202303PJT,Cancer Progression & Therapeutics,Synergistic Radiosensitization of Hypoxic Pancreatic Adenocarcinoma using Gd-Texaphyrin Oxygen-Loaded Nanodroplets,"$994,500 ", $-   , $-   ,,5 yrs 0 mth ,Cancer Research,"Cancer-Cancer Drug Development and Therapeutics; Biomedical Engineering-Biomaterials, Nanotechnology and Biomechanics; Pharmacological, Toxicological and Pharmaceutical Sciences-Drug Discovery, Design and Delivery",7/1/2024,2029-06-30,0,"Radiosensitization, Hypoxic, Nanodroplets"
"Zhang, Boyang",McMaster University,Ontario,Project Grant,201903PJT,Biomedical Engineering,SynoPlate - Human physiology on demand,"$684,675 ", $-   , $-   ,,4 yrs 0 mth ,Circulatory and Respiratory Health,Biomedical Engineering-Regenerative Medicine and Tissue Engineering,10/1/2019,2023-09-30,0,"SynoPlate, physiology, on demand"
"Towler, Mark R",Toronto Metropolitan University,Ontario,Collaborative Health Research Projects (NSERC partnered),201510CPG,Collaborative Health Research Projects - NSERC Partnered,Synthesis of Bioactive Augments for use in Revision Knee Joint Replacement,"$250,861 ", $-   , $-   ,,3 yrs 0 mth ,Musculoskeletal Health and Arthritis,"MUSCULO SKELETAL; OSTEOPOROSIS; MUSCLE, BONE, OR JOINT",4/1/2016,2019-03-31,1,"Bioactive, Knee Joint, Replacement"
"Philpott, Dana J",University of Toronto,Ontario,Collaborative Health Research Projects (NSERC partnered),201910CPG,Collaborative Health Research Projects - NSERC Partnered,Synthetic biology approaches to design living medicines to improve intestinal and metabolic health.,"$450,330 ", $-   , $-   ,,3 yrs 0 mth ,"Nutrition, Metabolism and Diabetes",GASTRO-INTESTINAL DISEASE; METABOLISM AND NUTRITION; GASTROINTESTINAL (LIVER); HEALTH RESEARCH,4/1/2020,2023-03-31,1,"synthetic biology, living medicines, metabolic health"
"Uludag, Hasan",University of Alberta,Alberta,Project Grant,202010PJT,Biomedical Engineering,Synthetic Biomaterials to Package and Deliver siRNA Nanoparticles in order to Curb Uncontrolled Growth of Leukemic Cells,"$757,350 ", $-   , $-   ,,5 yrs 0 mth ,Cancer Research,"Biomedical Engineering-Biomaterials, Nanotechnology and Biomechanics; Cancer-Cancer Drug Development and Therapeutics; Genetics-Molecular and Functional Genetics and Epigenetics",4/1/2021,2026-03-31,0,"biomaterials, siRNA, nanoparticles"
"Simmons, Craig A",University of Toronto,Ontario,Operating Grant,201303MOP,Biomedical Engineering,Systematic screening of engineered microenvironments for improved heart valve tissue regeneration,"$411,566 ", $-   , $-   ,,3 yrs 0 mth ,Circulatory and Respiratory Health,CARDIOLOGY; CARDIOVASCULAR; BIOPHYSICS,10/1/2013,2016-09-30,0,"microenvironments, heart valve, tissue regeneration"
"Wisnovsky, Simon",University of British Columbia,British Columbia,Project Grant,202403PJT,Cancer Biology & Therapeutics,T-cell glyco-immune checkpoints as next-generation targets for cancer immunotherapy,"$918,000 ", $-   , $-   ,,5 yrs 0 mth ,Infection and Immunity,"Immunology and Infection-Transplantation, Immune Tolerance and Tumor Immunology; Cancer-Cancer Drug Development and Therapeutics",10/1/2024,2029-09-30,0,"T-cell, glyco-immune, checkpoints"
"Han, Kathy",University Health Network (Toronto),Ontario,Project Grant,202010PJT,Cancer Biology & Therapeutics 2,Tailored adjuvant therapy in POLE-mutated and p53-wildtype early stage endometrial cancer (TAPER),"$1,082,474 ", $-   , $-   ,,6 yrs 0 mth ,Cancer Research,Cancer-Clinical Oncology; Health Services and Systems-Personalized Medicine,4/1/2021,2027-03-31,0,"adjuvant therapy, POLE-mutated, endometrial cancer"
"Sharif, Tanveer",University of Manitoba,Manitoba,Project Grant,202109PJT,Cancer Biology & Therapeutics 2,Taking down the 'undruggable' oncogene: therapeutic implications for novel mechanism-based targeting of MYC,"$956,250 ", $-   , $-   ,,5 yrs 0 mth ,Cancer Research,Cancer-Pediatric Cancer; Cancer-Cancer Drug Development and Therapeutics,4/1/2022,2027-03-31,0,"MYC, oncogene, targeting"
"Nichols, Anthony C",Western University (Ontario),Ontario,Project Grant,202209PJT,Cancer Progression & Therapeutics,Targeted and immuno-therapy to overcome innate and acquired resistance in aggressive MAPK-addicted cancers.,"$990,675 ", $-   , $-   ,,5 yrs 0 mth ,Cancer Research,Cancer-Cancer Drug Development and Therapeutics; Cancer-Cancer Progression and Metastasis,4/1/2023,2028-03-31,0,"immuno-therapy, MAPK, resistance"
"Gariepy, Jean",University Health Network (Toronto),Ontario,Operating Grant - PA: Cancer Research (bridge funding),200903IC1,Cancer Biology & Therapeutics,Targeted imaging and therapy of breast cancers using Tn antigen-specific DNA aptamers,"$100,000 ", $-   , $-   ,,1 yr 0 mth ,Cancer Research,BREAST CANCER; DRUGS- PHARMACEUTICAL SCIENCE/CHEMISTRY & NON MEDICAL USE OF DRUGS; CANCER; DRUG RESEARCH,10/1/2009,2010-09-30,1,"imaging, DNA aptamers, breast cancers"
"Beug, Shawn T",Children's Hospital of Eastern Ontario Research Institute Inc,Ontario,Project Grant,201909PJT,Cancer Progression & Therapeutics 2,Targeted immunotherapy for the treatment of brain cancer,"$772,650 ", $-   , $-   ,,5 yrs 0 mth ,Cancer Research,Cancer-Cancer Drug Development and Therapeutics,4/1/2020,2025-03-31,1,"immunotherapy, brain cancer"
"Allen, Christine J",University of Toronto,Ontario,Operating Grant,201403MOP,Cancer Progression & Therapeutics,Targeted Polymeric Nanotechnology for Multi-Modality Treatment of HER2 Positive Breast Cancer,"$492,845 ", $-   ,"$100,000 ",Avon Foundation for Women - Canada,4 yrs 0 mth ,Cancer Research,BREAST CANCER THERAPY; CANCER THERAPY GENERAL; CANCER; DRUG RESEARCH,7/1/2014,2018-06-30,0,"Polymeric, Nanotechnology, HER2"
"Allen, Christine J",University of Toronto,Ontario,Operating Grant - Priority Announcement: Breast Cancer,201309COP,Cancer Progression & Therapeutics,Targeted Polymeric Nanotechnology for Multi-Modality Treatment of HER2 Positive Breast Cancer, $-   , $-   ,"$100,000 ",Avon Foundation for Women - Canada,1 yr 0 mth ,Cancer Research,BREAST CANCER THERAPY; CANCER THERAPY GENERAL; CANCER; DRUG RESEARCH,7/1/2014,2018-06-30,0,"Polymeric, Nanotechnology, HER2"
"Jiang, Xiaoyan",University of British Columbia,British Columbia,Project Grant,201909PJT,Cancer Progression & Therapeutics 2,Targeting a novel miR-185/PAK6 axis to overcome drug-resistance in human leukemia,"$902,700 ", $-   , $-   ,,5 yrs 0 mth ,Cancer Research,Cancer-Cancer Drug Development and Therapeutics,4/1/2020,2025-03-31,0,"miR-185, PAK6, leukemia"
"Salmena, Leonardo L",University of Toronto,Ontario,Project Grant,202403PJT,Cancer Progression & Therapeutics,Targeting a novel phosphoinositide-lysosomal signalling axis for pancreatic cancer therapy,"$1,071,000 ", $-   , $-   ,,5 yrs 0 mth ,Cancer Research,Cancer-Cancer Progression and Metastasis; Cancer-Cancer Drug Development and Therapeutics,10/1/2024,2029-09-30,0,"phosphoinositide, lysosomal, pancreatic cancer"
"Gorski, Sharon M","Simon Fraser University (Burnaby, B.C.)",British Columbia,Project Grant,202403PJT,Cancer Progression & Therapeutics,Targeting adaptive autophagy to enhance treatment response in pancreatic cancer,"$994,500 ", $-   , $-   ,,5 yrs 0 mth ,Cancer Research,Cancer-Cancer Drug Development and Therapeutics,3/1/2024,2025-02-28,0,"autophagy, pancreatic cancer, treatment response"
"Gorski, Sharon M","Simon Fraser University (Burnaby, B.C.)",British Columbia,Project Grant - Priority Announcement: Cancer Research,202309PJS,Cancer Progression & Therapeutics 2,Targeting adaptive autophagy to enhance treatment response in pancreatic cancer,"$100,000 ", $-   , $-   ,,1 yr 0 mth ,Cancer Research,Cancer-Cancer Drug Development and Therapeutics,3/1/2024,2025-02-28,0,"autophagy, pancreatic cancer, treatment response"
"Marcato, Paola",Dalhousie University (Nova Scotia),Nova Scotia,Project Grant,202309PJT,Cancer Progression & Therapeutics,Targeting ALDH1A3 and investigating mechanisms of ALDH1A3-mediated breast cancer progression,"$1,090,125 ", $-   , $-   ,,5 yrs 0 mth ,Cancer Research,Cancer-Cancer Progression and Metastasis; Cancer-Cancer Drug Development and Therapeutics,4/1/2024,2029-03-31,1,"ALDH1A3, breast cancer, progression"
"Koti, Madhuri","Queen's University (Kingston, Ontario)",Ontario,Project Grant,202403PJT,Cancer Progression & Therapeutics 2,Targeting B cell exhaustion in BCG non-responsive bladder cancer,"$975,376 ", $-   , $-   ,,5 yrs 0 mth ,Cancer Research,"Cancer-Cancer Drug Development and Therapeutics; Sex-and-Gender Health-Sex Differences in Cells, Tissues and Animals",10/1/2024,2029-09-30,0,"B cell exhaustion, bladder cancer, BCG"
"Singh, Sheila K",McMaster University,Ontario,Project Grant - Priority Announcement: Early Detection/Cancer Prevention,202309DCP,Cancer Progression & Therapeutics,Targeting BACE1 for the prevention and treatment of Brain metastases,"$100,000 ", $-   , $-   ,,1 yr 0 mth ,Cancer Research,Cancer-Cancer Drug Development and Therapeutics; Cancer-Cancer Progression and Metastasis,3/1/2024,2025-02-28,0,"BACE1, brain metastases"
"MacPherson, Rebecca E",Brock University (Ontario),Ontario,Catalyst Grant: NWHRI: Innovation Fund - Biomedical Discovery Grants,202307NWI,NWHRI: Innovation Fund - Biomedical Discovery Grants,Targeting BDNF signaling for postmenopausal brain health,"$130,000 ", $-   , $-   ,,1 yr 0 mth ,"Neurosciences, Mental Health and Addiction",ALZHEIMER'S DISEASE; HEALTH RESEARCH; AGING,2/1/2024,2025-01-31,0,"BDNF, signaling, brain health"
"Das, Sunit",Unity Health Toronto,Ontario,Operating Grant,201503MOP,Cancer Progression & Therapeutics 2,Targeting bevacizumb resistance via LIVE-mediated vascular mimicry in glioblastoma.,"$545,268 ", $-   , $-   ,,4 yrs 0 mth ,Cancer Research,BRAIN TUMORS (INCL. RETINAL TUMORS); BRAIN TUMORS THERAPY; CELL BIOLOGY; CANCER,7/1/2015,2019-06-30,0,"bevacizumab, vascular mimicry, glioblastoma"
"Larrivee, Bruno",CIUSSS Est-de-l'Ile-de- Montreal-Maisonneuve Rosemont,Quebec,Project Grant - PA: Breast Cancer Research,202109PLL,Cancer Progression & Therapeutics,Targeting BMP signaling in the tumor endothelium to improve cancer immunotherapy,"$100,000 ", $-   , $-   ,,1 yr 0 mth ,Cancer Research,"Cancer-Cancer Progression and Metastasis; Cardiovascular, Respiratory and Circulatory Systems-Vascular and Endothelial Biology; Immunology and Infection-Transplantation, Immune Tolerance and Tumor Immunology",3/1/2022,2023-02-28,0,"BMP, signaling, endothelium"
"Bennewith, Kevin L",University of British Columbia,British Columbia,Project Grant,202104PJT,Cancer Biology & Therapeutics 2,Targeting cancer-associated fibroblasts and tumour hypoxia with angiotensin II receptor blockers,"$979,200 ", $-   , $-   ,,5 yrs 0 mth ,Cancer Research,Cancer-Cancer Progression and Metastasis,10/1/2021,2026-09-30,0,"cancer-associated fibroblasts, tumour hypoxia, angiotensin II receptor blockers"
"Dedhar, Shoukat R",University of British Columbia,British Columbia,Operating Grant,200909MOP,Cancer Biology & Therapeutics,Targeting Carbonic Anhydrase IX and Hypoxia for the diagnosis and treatment of aggresive breast cancers,"$926,186 ", $-   , $-   ,,5 yrs 0 mth ,Cancer Research,BREAST CANCER; BREAST CANCER THERAPY; CANCER; DRUG RESEARCH,4/1/2010,2015-03-31,3,"Carbonic Anhydrase, Hypoxia, Breast Cancers"
"Porter, Lisa A",University of Windsor (Ontario),Ontario,Project Grant,201809PJT,Cancer Biology & Therapeutics,Targeting Cell Cycle Checkpoints in Glioma,"$1,044,225 ", $-   , $-   ,,5 yrs 0 mth ,Cancer Research,"Cancer-Mechanisms of Carcinogenesis; Genetics-Molecular and Functional Genetics and Epigenetics; Neurosciences-Neurogenesis, Neurodifferentiation and Plasticity",4/1/2019,2024-03-31,1,"Cell cycle, Checkpoints, Glioma"
"Witcher, Michael",CIUSSS de Centre-Ouest-de-l'Ile-de-Montreal-Jewish General,Quebec,Project Grant,202309PJT,Cancer Progression & Therapeutics 2,Targeting changes to chromatin architecture that promote breast cancer metastasis.,"$1,097,775 ", $-   , $-   ,,5 yrs 0 mth ,Cancer Research,Cancer-Cancer Progression and Metastasis,10/1/2023,2024-09-30,0,"chromatin, breast cancer, metastasis"
"Witcher, Michael",CIUSSS de Centre-Ouest-de-l'Ile-de-Montreal-Jewish General,Quebec,Project Grant - PA: Breast Cancer Research,202209PLL,Cancer Progression & Therapeutics,Targeting changes to chromatin architecture that promote breast cancer metastasis.,"$100,000 ", $-   , $-   ,,1 yr 0 mth ,Cancer Research,Cancer-Cancer Progression and Metastasis,10/1/2023,2024-09-30,0,"chromatin, breast cancer, metastasis"
"Witcher, Michael",CIUSSS de Centre-Ouest-de-l'Ile-de-Montreal-Jewish General,Quebec,Project Grant - PA: Breast Cancer Research,202303PLL,Cancer Progression & Therapeutics,Targeting changes to chromatin architecture that promote breast cancer metastasis.,"$100,000 ", $-   , $-   ,,1 yr 0 mth ,Cancer Research,Cancer-Cancer Progression and Metastasis,10/1/2023,2024-09-30,0,"chromatin, breast cancer, metastasis"
"Jackson, Hartland W",Sinai Health System (Toronto),Ontario,Project Grant,202010PJT,Cancer Progression & Therapeutics,Targeting chemotherapy resistant multi-cellular environments in pancreatic cancer,"$1,097,775 ", $-   , $-   ,,5 yrs 0 mth ,Cancer Research,Cancer-Cancer Progression and Metastasis; Cancer-Cancer Drug Development and Therapeutics; Cancer-Clinical Oncology,4/1/2021,2026-03-31,0,"chemotherapy, pancreatic cancer, multi-cellular environments"
"O'Brien, Catherine A",University Health Network (Toronto),Ontario,Operating Grant,201303MOP,Cancer Biology & Therapeutics,"Targeting colorectal cancer-initiating cells and anti-EGFR therapeutic resistance by manipulating levels of the reactive aldehyde, 4-hydroxynonenal","$625,730 ", $-   , $-   ,,4 yrs 0 mth ,Cancer Research,GASTRO-INTESTINAL CANCER; GASTRO-INTESTINAL CANCER THERAPY; CANCER; MOLECULAR BIOLOGY,9/1/2014,2020-06-30,0,"colorectal cancer, EGFR, aldehyde"
"Jiang, Xiaoyan",University of British Columbia,British Columbia,Operating Grant,201309MOP,Cancer Progression & Therapeutics,Targeting Drug-Insensitive CML Stem Cells with Combination Therapy of New ABL and PP2A Inhibitors,"$658,800 ", $-   , $-   ,,5 yrs 0 mth ,Cancer Research,BLOOD; LEUKAEMIAS; CANCER,4/1/2014,2019-03-31,0,"CML, ABL, PP2A"
"Roux, Philippe",Universite de Montreal,Quebec,Project Grant,202109PJT,Cancer Biology & Therapeutics 2,Targeting ENPP1-dependent immune evasion in ErbB2-positive breast cancer,"$921,825 ", $-   , $-   ,,5 yrs 0 mth ,Cancer Research,Cancer-Mechanisms of Carcinogenesis; Cancer-Cancer Drug Development and Therapeutics,4/1/2022,2027-03-31,0,"ENPP1, immune evasion, breast cancer"
"Rak, Janusz",Research Institute of the McGill University Health Centre,Quebec,Project Grant,202203PJT,Cancer Progression & Therapeutics,Targeting exosomal mediators of vascular pathology in glioblastoma,"$956,250 ", $-   , $-   ,,5 yrs 0 mth ,Cancer Research,Cancer-Cancer Progression and Metastasis,10/1/2022,2027-09-30,0,"exosomal, vascular, glioblastoma"
"Angers, Stephane",University of Toronto,Ontario,Project Grant,201909PJT,Cancer Biology & Therapeutics 2,Targeting Glioblastoma Heterogeneity through identification of subtype-specific genetic vulnerabilities,"$818,550 ", $-   , $-   ,,5 yrs 0 mth ,Cancer Research,Cancer-Mechanisms of Carcinogenesis,4/1/2020,2025-03-31,0,"Glioblastoma, genetic vulnerabilities, heterogeneity"
"Wouters, Bradly",University Health Network (Toronto),Ontario,Operating Grant,201405MOP,Cancer Biology & Therapeutics,Targeting hypoxia in pancreatic cancer through the unfolded protein response,"$100,000 ", $-   , $-   ,,1 yr 0 mth ,Cancer Research,CANCER THERAPY GENERAL; NEOPLASMS,7/1/2015,2020-06-30,0,"hypoxia, pancreatic cancer, unfolded protein response"
"Wouters, Bradly",University Health Network (Toronto),Ontario,Operating Grant,201503MOP,Cancer Biology & Therapeutics,Targeting hypoxia in pancreatic cancer through the unfolded protein response,"$738,505 ", $-   , $-   ,,5 yrs 0 mth ,Cancer Research,CANCER THERAPY GENERAL; NEOPLASMS,7/1/2015,2020-06-30,0,"hypoxia, pancreatic cancer, unfolded protein response"
"Bernard, Daniel J",McGill University,Quebec,Catalyst Grant: NWHRI: Innovation Fund - Biomedical Discovery Grants,202307NWI,NWHRI: Innovation Fund - Biomedical Discovery Grants,Targeting inhibin B action to regulate follicle-stimulating hormone production and female fertility,"$117,400 ", $-   , $-   ,,1 yr 0 mth ,"Human Development, Child and Youth Health",ENDOCRINOLOGY; PITUITARY; REPRODUCTION/PREGNANCY,2/1/2024,2025-01-31,0,"inhibin B, follicle-stimulating hormone, female fertility"
"Veillette, Andre",Institut de recherches cliniques de Montreal,Quebec,Project Grant,202104PJT,Cancer Biology & Therapeutics,Targeting inhibitory immune checkpoints in macrophages for anti-cancer therapy,"$956,250 ", $-   , $-   ,,5 yrs 0 mth ,Infection and Immunity,"Cancer-Cancer Drug Development and Therapeutics; Immunology and Infection-Transplantation, Immune Tolerance and Tumor Immunology; Immunology and Infection-Immunology and Autoimmune Diseases (including rheumatology)",7/1/2022,2027-06-30,0,"immune checkpoints, macrophages, cancer"
"Sadar, Marianne D",University of British Columbia,British Columbia,Operating Grant,200903MOP,Cancer Biology & Therapeutics,Targeting interleukin-6 and the amino-terminus of the androgen receptor in osseous prostate cancer,"$362,448 ", $-   , $-   ,,3 yrs 0 mth ,Cancer Research,PROSTATE AND BLADDER CANCER; CANCER; MOLECULAR BIOLOGY,10/1/2009,2012-09-30,7,"interleukin-6, androgen receptor, prostate cancer"
"Roy, Dominic",Centre hospitalier de l'Universite de Montreal (CHUM),Quebec,Project Grant,202309PJT,Cancer Biology & Therapeutics,Targeting itaconate production to improve oncolytic virus therapy.,"$772,650 ", $-   , $-   ,,5 yrs 0 mth ,Cancer Research,Cancer-Cancer Drug Development and Therapeutics,4/1/2024,2029-03-31,0,"itaconate, oncolytic virus, production"
"Jiang, Xiaoyan",University of British Columbia,British Columbia,Project Grant,201709PJT,Cancer Progression & Therapeutics,Targeting Key Autophagy Proteins/Pathways for Treatment of Human Leukemia,"$787,950 ", $-   , $-   ,,5 yrs 0 mth ,Cancer Research,Cancer-Cancer Drug Development and Therapeutics,4/1/2018,2023-03-31,0,"Autophagy, Proteins, Leukemia"
"Basik, Mark",CIUSSS de Centre-Ouest-de-l'Ile-de-Montreal-Jewish General,Quebec,Project Grant,202109PJT,Cancer Progression & Therapeutics 2,Targeting lipid metabolism in chemoresistant breast cancer,"$1,009,800 ", $-   , $-   ,,5 yrs 0 mth ,Cancer Research,Cancer-Cancer Drug Development and Therapeutics,4/1/2022,2027-03-31,0,"lipid metabolism, chemoresistant, breast cancer"
"Lam, Wan L",University of British Columbia,British Columbia,Project Grant,202203PJT,Cancer Progression & Therapeutics,Targeting lung microbiome for developing early detection and intervention strategies for lung cancer,"$914,176 ", $-   , $-   ,,5 yrs 0 mth ,Cancer Research,Cancer-Cancer Progression and Metastasis,10/1/2022,2027-09-30,0,"lung microbiome, early detection, lung cancer"
"Brindley, David N",University of Alberta,Alberta,Project Grant,201909PJT,Cancer Progression & Therapeutics,Targeting lysophosphatidate (LPA) signaling to improve therapeutic outcomes  for breast cancer patients,"$937,125 ", $-   , $-   ,,5 yrs 0 mth ,Cancer Research,Cancer-Cancer Drug Development and Therapeutics,4/1/2020,2025-03-31,0,"lysophosphatidate, signaling, breast cancer"
"Sorensen, Poul H",University of British Columbia,British Columbia,Project Grant,202309PJT,Cancer Biology & Therapeutics 2,Targeting metabolic vulnerabilities in childhood cancers using immunotherapy,"$956,250 ", $-   , $-   ,,5 yrs 0 mth ,Cancer Research,Cancer-Pediatric Cancer,4/1/2024,2029-03-31,0,"metabolic vulnerabilities, childhood cancers, immunotherapy"
"Anderson, Deborah H",University of Saskatchewan,Saskatchewan,Operating Grant,201405MOP,Cancer Progression & Therapeutics,Targeting Metastatic Breast Cancer,"$100,000 ", $-   , $-   ,,1 yr 0 mth ,Cancer Research,BREAST CANCER; BREAST CANCER THERAPY; CANCER,10/1/2014,2015-09-30,1,"Metastatic, Breast Cancer"
"Anderson, Deborah H",University of Saskatchewan,Saskatchewan,Project Grant,202309PJT,Cancer Progression & Therapeutics,Targeting metastatic breast cancer,"$504,900 ", $-   , $-   ,,2 yrs 0 mth ,Cancer Research,BREAST CANCER; BREAST CANCER THERAPY; CANCER,10/1/2014,2015-09-30,1,"Metastatic, Breast Cancer"
"Anderson, Deborah H",University of Saskatchewan,Saskatchewan,Project Grant - PA: Breast Cancer Research,202109PLL,Cancer Progression & Therapeutics,Targeting metastatic breast cancer,"$100,000 ", $-   , $-   ,,1 yr 0 mth ,Cancer Research,BREAST CANCER; BREAST CANCER THERAPY; CANCER,10/1/2014,2015-09-30,1,"Metastatic, Breast Cancer"
"Tai, Lee-Hwa",Universite de Sherbrooke,Quebec,Project Grant,201809PJT,Cancer Progression & Therapeutics,Targeting metastatic disease of triple negative breast cancer with an immunogenic cancer vaccine,"$703,800 ", $-   , $-   ,,5 yrs 0 mth ,Cancer Research,"Cancer-Cancer Progression and Metastasis; Immunology and Infection-Transplantation, Immune Tolerance and Tumor Immunology",4/1/2019,2024-03-31,1,"metastatic disease, triple negative breast cancer, immunogenic vaccine"
"Irwin, Meredith",Hospital for Sick Children (Toronto),Ontario,Operating Grant,201309MOP,Cancer Progression & Therapeutics,Targeting metastatic neuroblastoma,"$771,485 ", $-   , $-   ,,5 yrs 0 mth ,Cancer Research,BRAIN TUMORS (INCL. RETINAL TUMORS); BONE CANCER; CANCER; CELL BIOLOGY,4/1/2014,2019-03-31,0,"metastatic, neuroblastoma"
"Spagnuolo, Paul",University of Guelph,Ontario,Project Grant,202003PJT,Cancer Progression & Therapeutics 2,Targeting mitochondria metabolism to selectively kill leukemia cells,"$367,200 ", $-   , $-   ,,3 yrs 0 mth ,Cancer Research,Cancer-Cancer Drug Development and Therapeutics,10/1/2020,2023-09-30,1,"mitochondria, metabolism, leukemia"
"Schimmer, Aaron D",University Health Network (Toronto),Ontario,Operating Grant: Industry-partnered Collaborative Research,201309IPR,Industry Partnered Collaborative Research,Targeting mitochondrial translation as a novel therapeutic strategy for AML,"$820,000 ", $-   , $-   ,,5 yrs 0 mth ,Cancer Research,LEUKAEMIAS; CANCER THERAPY GENERAL; CANCER,4/1/2014,2017-06-30,1,"mitochondrial translation, AML"
"Del Rincon, Sonia V",CIUSSS de Centre-Ouest-de-l'Ile-de-Montreal-Jewish General,Quebec,Project Grant,202104PJT,Cancer Progression & Therapeutics,Targeting mRNA translation to effectively treat uveal melanoma.,"$715,276 ", $-   , $-   ,,5 yrs 0 mth ,Cancer Research,Cancer-Cancer Progression and Metastasis,10/1/2021,2026-09-30,0,"mRNA, translation, melanoma"
"Quail, Daniela",McGill University,Quebec,Project Grant,202104PJT,Cancer Biology & Therapeutics,Targeting obesity-associated monocytosis in colorectal cancer liver metastasis,"$948,600 ", $-   , $-   ,,5 yrs 0 mth ,Cancer Research,Cancer-Cancer Progression and Metastasis; Tumor immune microenvironment,10/1/2021,2026-09-30,0,"obesity, monocytosis, colorectal cancer"
"Roskelley, Calvin D",University of British Columbia,British Columbia,Project Grant,201903PJT,Cancer Biology & Therapeutics 2,Targeting ovarian carcinoma using the cell surface glycoprotein podocalyxin.,"$963,900 ", $-   , $-   ,,5 yrs 0 mth ,Cancer Research,Cancer-Cancer Drug Development and Therapeutics,10/1/2019,2024-09-30,1,"ovarian carcinoma, glycoprotein, podocalyxin"
"Hawkins, Cynthia E",Hospital for Sick Children (Toronto),Ontario,Operating Grant,201103MOP,Cancer Progression & Therapeutics,Targeting Paediatric Brainstem Glioma Using Integrated Whole Genome Analysis,"$581,429 ", $-   , $-   ,,4 yrs 0 mth ,Cancer Research,"BRAIN TUMORS (INCL. RETINAL TUMORS); BRAIN TUMORS THERAPY; CANCER; GENOMICS, PROTEOMICS, AND BIOINFORMATICS",10/1/2011,2015-09-30,0,"Paediatric, Brainstem Glioma, Whole Genome"
"McMullen, Todd",University of Alberta,Alberta,Project Grant,201710PJT,Medical Physics & Imaging 2,Targeting PDGFRa using PET Imaging to Diagnose Metastatic Papillary Thyroid Cancer and Improve Treatment,"$100,000 ", $-   , $-   ,,1 yr 0 mth ,Cancer Research,Cancer-Cancer Drug Development and Therapeutics; Biomedical Engineering-Biomedical Imaging,4/1/2018,2019-03-31,0,"PDGFRa, PET imaging, thyroid cancer"
"Huang, Xi",Hospital for Sick Children (Toronto),Ontario,Project Grant,201809PJT,Cancer Biology & Therapeutics 2,Targeting potassium channel to disrupt the cellular hierarchy and suppress malignant growth of pediatric brain tumor,"$891,225 ", $-   , $-   ,,5 yrs 0 mth ,Cancer Research,Cancer-Mechanisms of Carcinogenesis; Cancer-Pediatric Cancer,4/1/2019,2024-03-31,0,"potassium channel, cellular hierarchy, malignant growth"
"Ailles, Laurie E",University Health Network (Toronto),Ontario,Project Grant,202210PJT,Cancer Progression & Therapeutics,Targeting PRMT1 in Clear Cell Renal Cell Carcinoma,"$100,000 ", $-   , $-   ,,1 yr 0 mth ,Cancer Research,"Cancer-Cancer Drug Development and Therapeutics; Molecular, Cellular and Systems Biology-Molecular Biology",4/1/2023,2024-03-31,0,"PRMT1, Renal Cell Carcinoma, Targeting"
"Ailles, Laurie E",University Health Network (Toronto),Ontario,Project Grant,202309PJT,Cancer Progression & Therapeutics 2,Targeting PRMT1 in Clear Cell Renal Cell Carcinoma,"$776,475 ", $-   , $-   ,,5 yrs 0 mth ,Cancer Research,"Cancer-Cancer Drug Development and Therapeutics; Molecular, Cellular and Systems Biology-Molecular Biology",4/1/2023,2024-03-31,0,"PRMT1, Renal Cell Carcinoma, Targeting"
"Barsyte-Lovejoy, Dalia",University of Toronto,Ontario,Project Grant,202309PJT,Cancer Progression & Therapeutics 2,Targeting protein arginine methylation in the 9p21.3 loss tumor microenvironment,"$902,700 ", $-   , $-   ,,5 yrs 0 mth ,Cancer Research,0,3/1/2024,2025-02-28,0,"protein, arginine methylation, tumor microenvironment"
"Barsyte-Lovejoy, Dalia",University of Toronto,Ontario,Project Grant,202210PJT,Cancer Biology & Therapeutics,Targeting protein arginine methylation in tumor-associated macrophages,"$100,000 ", $-   , $-   ,,1 yr 0 mth ,Cancer Research,Cancer-Cancer Drug Development and Therapeutics,4/1/2023,2024-03-31,0,"protein, arginine, methylation"
"Irwin, Meredith",Hospital for Sick Children (Toronto),Ontario,Project Grant,201809PJT,Cancer Progression & Therapeutics,Targeting Relapsed Metastatic Neuroblastoma,"$929,475 ", $-   , $-   ,,5 yrs 0 mth ,Cancer Research,Cancer-Pediatric Cancer; Cancer-Cancer Progression and Metastasis,4/1/2019,2024-03-31,0,"Relapsed, Metastatic, Neuroblastoma"
"Ferbeyre, Gerardo",Centre hospitalier de l'Universite de Montreal (CHUM),Quebec,Project Grant,202203PJT,Cancer Biology & Therapeutics 2,Targeting ribosomal RNA biogenesis to restore the senescence tumor suppression mechanism,"$879,750 ", $-   , $-   ,,5 yrs 0 mth ,Cancer Research,"Cancer-Mechanisms of Carcinogenesis; Cancer-Cancer Drug Development and Therapeutics; Molecular, Cellular and Systems Biology-Cell Biology and Physiology",10/1/2022,2027-09-30,0,"ribosomal RNA, biogenesis, tumor suppression"
"Toren, Paul",Universite Laval,Quebec,Project Grant,202104PJT,Cancer Progression & Therapeutics 2,Targeting sex steroids to improve the response to bladder cancer immunotherapy,"$822,376 ", $-   , $-   ,,5 yrs 0 mth ,Cancer Research,"Cancer-Clinical Oncology; Sex-and-Gender Health-Sex Differences in Cells, Tissues and Animals; Immunology and Infection-Transplantation, Immune Tolerance and Tumor Immunology",10/1/2021,2026-09-30,0,"sex steroids, bladder cancer, immunotherapy"
"Craig, Andrew W","Queen's University (Kingston, Ontario)",Ontario,Project Grant,202003PJT,Cancer Biology & Therapeutics 2,Targeting TGF-beta signaling to achieve durable therapy responses in preclinical ovarian cancer models,"$765,000 ", $-   , $-   ,,5 yrs 0 mth ,Cancer Research,Cancer-Cancer Drug Development and Therapeutics; Cancer-Cancer Progression and Metastasis,10/1/2020,2025-09-30,1,"TGF-beta, signaling, ovarian cancer"
"Greer, Peter A","Queen's University (Kingston, Ontario)",Ontario,Project Grant,201903PJT,Cancer Progression & Therapeutics 2,Targeting the calpain protease in breast cancer,"$918,000 ", $-   , $-   ,,5 yrs 0 mth ,Cancer Research,Cancer-Cancer Drug Development and Therapeutics; Cancer-Cancer Progression and Metastasis,10/1/2019,2024-09-30,0,"calpain, protease, breast cancer"
"Freywald, Andrew",University of Saskatchewan,Saskatchewan,Project Grant - PA: Breast Cancer Research,202309PLL,Cancer Progression & Therapeutics 2,Targeting the EGFR/EphA2 crosstalk in triple negative breast cancer,"$100,000 ", $-   , $-   ,,1 yr 0 mth ,Cancer Research,"Cancer-Cancer Drug Development and Therapeutics; Molecular, Cellular and Systems Biology-Systems Biology",3/1/2024,2025-02-28,0,"EGFR, EphA2, breast cancer"
"Freywald, Andrew",University of Saskatchewan,Saskatchewan,Project Grant,201709PJT,Cancer Progression & Therapeutics,Targeting the EphA2 receptor in triple-negative breast cancer,"$558,452 ", $-   , $-   ,,4 yrs 0 mth ,Cancer Research,Cancer-Cancer Drug Development and Therapeutics,4/1/2018,2022-03-31,0,"EphA2, receptor, breast cancer"
"Miller, Wilson H",CIUSSS de Centre-Ouest-de-l'Ile-de-Montreal-Jewish General,Quebec,Operating Grant,201103MOP,Cancer Progression & Therapeutics,Targeting the eukaryotic translation initiation factor eIF4E with ribavirin in breast cancer,"$425,282 ", $-   , $-   ,,3 yrs 0 mth ,Cancer Research,BREAST CANCER THERAPY; CANCER; DRUG RESEARCH,10/1/2011,2014-09-30,0,"eIF4E, ribavirin, breast cancer"
"Stagg, John",Centre hospitalier de l'Universite de Montreal (CHUM),Quebec,Project Grant,202109PJT,Cancer Progression & Therapeutics,Targeting the extracellular adenosine pathway in pancreatic and liver cancers,"$765,000 ", $-   , $-   ,,5 yrs 0 mth ,Cancer Research,Cancer-Cancer Drug Development and Therapeutics,4/1/2022,2027-03-31,0,"adenosine, pancreatic, liver"
"Egan, Sean E",Hospital for Sick Children (Toronto),Ontario,Project Grant,201909PJT,Cancer Progression & Therapeutics 2,Targeting the immune landscape at presentation and relapse of Immune-Related Lobular Breast Cancer,"$956,250 ", $-   , $-   ,,5 yrs 0 mth ,Cancer Research,"Cancer-Cancer Drug Development and Therapeutics; Cancer-Cancer Progression and Metastasis; Immunology and Infection-Transplantation, Immune Tolerance and Tumor Immunology",4/1/2020,2025-03-31,0,"immune, lobular breast cancer, relapse"
"Malkin, David D",Hospital for Sick Children (Toronto),Ontario,Operating Grant,201103MOP,Cancer Progression & Therapeutics,Targeting the Integrin-Linked Kinase Pathway in Rhabdomyosarcoma,"$295,309 ", $-   , $-   ,,3 yrs 0 mth ,Cancer Research,CANCER THERAPY GENERAL; NEOPLASMS; CANCER; MOLECULAR BIOLOGY,10/1/2011,2014-09-30,0,"Integrin, Kinase, Rhabdomyosarcoma"
"Lubell, William D",Universite de Montreal,Quebec,Collaborative Health Research Projects (NSERC partnered),201510CPG,Collaborative Health Research Projects - NSERC Partnered,Targeting the interleukin-1 receptor for treating ischemic eye diseases,"$375,507 ", $-   , $-   ,,3 yrs 0 mth ,Aging,DISEASES AFFECTING SPEECH/VISION/HEARING; DRUGS- PHARMACEUTICAL SCIENCE/CHEMISTRY & NON MEDICAL USE OF DRUGS; AGING; DRUG RESEARCH,4/1/2016,2019-03-31,1,"interleukin-1 receptor, ischemic eye"
"Penn, Linda Z",University Health Network (Toronto),Ontario,Project Grant,202104PJT,Cancer Progression & Therapeutics,Targeting the Metabolic Mevalonate Pathway as an Actionable Prostate Cancer Vulnerability,"$1,002,150 ", $-   , $-   ,,5 yrs 0 mth ,Cancer Research,Cancer-Cancer Drug Development and Therapeutics,10/1/2021,2026-09-30,0,"Metabolic, Mevalonate, Prostate Cancer"
"Rost, Hannes L",University of Toronto,Ontario,Project Grant,202303PJT,Cancer Biology & Therapeutics,Targeting the metabolomic mechanisms underlying poor prognosis in Glioblastoma multiforme cancer stem cells.,"$990,676 ", $-   , $-   ,,5 yrs 0 mth ,Cancer Research,"Cancer-Mechanisms of Carcinogenesis; Molecular, Cellular and Systems Biology-Systems Biology",10/1/2023,2028-09-30,0,"metabolomic, Glioblastoma, cancer stem cells"
"Penn, Linda Z",University Health Network (Toronto),Ontario,Operating Grant,201503MOP,Cancer Progression & Therapeutics 2,Targeting the Mevalonate Pathway and its Restorative Feedback Loop,"$731,950 ", $-   , $-   ,,5 yrs 0 mth ,Cancer Research,PROSTATE AND BLADDER CANCER THERAPY; CANCER THERAPY GENERAL; CANCER; MOLECULAR BIOLOGY,7/1/2015,2021-06-30,0,"Mevalonate pathway, feedback loop"
"Dimitroulakos, Jim",Ottawa Hospital Research Institute,Ontario,Operating Grant,201309MOP,Cancer Biology & Therapeutics,Targeting the mevalonate pathway in novel combination based therapeutic approaches,"$349,842 ", $-   , $-   ,,3 yrs 0 mth ,Cancer Research,CANCER THERAPY GENERAL; NEOPLASMS; CANCER; BIOCHEMISTRY,4/1/2014,2017-03-31,0,"mevalonate pathway, combination therapy"
"Schimmer, Aaron D",University Health Network (Toronto),Ontario,Operating Grant,201403MOP,Cancer Biology & Therapeutics,"Targeting the mitochondrial proteasome, ClpP, in AML","$707,495 ", $-   , $-   ,,5 yrs 0 mth ,Cancer Research,LEUKAEMIAS; CANCER THERAPY GENERAL; CANCER; BLOOD,7/1/2014,2017-06-30,0,"mitochondrial proteasome, ClpP, AML"
"Miller, Wilson H",CIUSSS de Centre-Ouest-de-l'Ile-de-Montreal-Jewish General,Quebec,Project Grant,201709PJT,Cancer Biology & Therapeutics,Targeting the Mnk/eIF4E axis in the tumor microenvironment of pregnancy associated breast cancers.,"$692,325 ", $-   , $-   ,,5 yrs 0 mth ,Cancer Research,"Cancer-Cancer Progression and Metastasis; Immunology and Infection-Transplantation, Immune Tolerance and Tumor Immunology; Reproduction and Development-Fertility and Maternal Health",4/1/2018,2023-03-31,0,"Mnk, eIF4E, breast cancer"
"Pelletier, Jerry M",McGill University,Quebec,Project Grant,202203PJT,Cancer Progression & Therapeutics,Targeting the Oncogenic Translation Program,"$772,650 ", $-   , $-   ,,5 yrs 0 mth ,Cancer Research,"Cancer-Cancer Drug Development and Therapeutics; Molecular, Cellular and Systems Biology-Molecular Biology; Pharmacological, Toxicological and Pharmaceutical Sciences-Drug Discovery, Design and Delivery",7/1/2023,2028-06-30,0,"Oncogenic, Translation, Program"
"Teodoro, Jose G",McGill University,Quebec,Project Grant,202210PJT,Cancer Progression & Therapeutics 2,Targeting the RNA translatome to enhance anti-mitotic chemotherapy.,"$100,000 ", $-   , $-   ,,1 yr 0 mth ,Cancer Research,"Cancer-Cancer Drug Development and Therapeutics; Cancer-Cancer Progression and Metastasis; Pharmacological, Toxicological and Pharmaceutical Sciences-Drug Discovery, Design and Delivery",10/1/2023,2028-09-30,0,"RNA, translatome, chemotherapy"
"Teodoro, Jose G",McGill University,Quebec,Project Grant,202303PJT,Cancer Progression & Therapeutics,Targeting the RNA translatome to enhance anti-mitotic chemotherapy.,"$1,120,726 ", $-   , $-   ,,5 yrs 0 mth ,Cancer Research,"Cancer-Cancer Drug Development and Therapeutics; Cancer-Cancer Progression and Metastasis; Pharmacological, Toxicological and Pharmaceutical Sciences-Drug Discovery, Design and Delivery",10/1/2023,2028-09-30,0,"RNA, translatome, chemotherapy"
"Dunn, Sandra E",University of British Columbia,British Columbia,Operating Grant,201103MOP,Cancer Progression & Therapeutics,Targeting the YB-1 pathway to overcome breast cancer recurrence,"$686,778 ", $-   , $-   ,,5 yrs 0 mth ,Cancer Research,BREAST CANCER THERAPY; BREAST CANCER; MOLECULAR BIOLOGY; CANCER,10/1/2011,2016-09-30,3,"YB-1, breast cancer, pathway"
"Huang, Annie",Hospital for Sick Children (Toronto),Ontario,Operating Grant,201109MOP,Cancer Progression & Therapeutics 2,Targeting Thrombospondin-1 in medulloblastoma,"$762,872 ", $-   , $-   ,,5 yrs 0 mth ,Cancer Research,BRAIN TUMORS THERAPY; CANCER THERAPY GENERAL; CANCER; MOLECULAR BIOLOGY,4/1/2012,2017-03-31,0,"Thrombospondin-1, medulloblastoma"
"Hakem, Razqallah",University Health Network (Toronto),Ontario,Project Grant,202209PJT,Cancer Progression & Therapeutics,Targeting transcription-replication conflicts as vulnerabilities in BRCA1 mutant and homologous recombination-deficient breast and ovarian cancers,"$956,250 ", $-   , $-   ,,5 yrs 0 mth ,Cancer Research,Cancer-Mechanisms of Carcinogenesis,4/1/2023,2028-03-31,0,"transcription-replication conflicts, BRCA1, homologous recombination"
"Hulea, Laura",CIUSSS Est-de-l'Ile-de- Montreal-Maisonneuve Rosemont,Quebec,Project Grant,201903PJT,Cancer Progression & Therapeutics 2,Targeting translational machinery to overcome kinase inhibitor resistance of cancer cells,"$761,176 ", $-   , $-   ,,5 yrs 0 mth ,Cancer Research,Cancer-Cancer Drug Development and Therapeutics; Cancer-Cancer Progression and Metastasis,10/1/2019,2024-09-30,0,"translational machinery, kinase inhibitor, cancer cells"
"Jabado, Nada",Research Institute of the McGill University Health Centre,Quebec,Project Grant,202403PJT,Cancer Progression & Therapeutics 2,Targeting vulnerabilities in oncohistone-mediated gliomas,"$1,269,900 ", $-   , $-   ,,5 yrs 0 mth ,Cancer Research,"Cancer-Pediatric Cancer; Cancer-Cancer Drug Development and Therapeutics; Molecular, Cellular and Systems Biology-Cell Signaling",10/1/2024,2029-09-30,0,"oncohistone, gliomas, vulnerabilities"
"Huang, Sidong",McGill University,Quebec,Project Grant,201709PJT,Cancer Progression & Therapeutics,Targeting vulnerabilities in SMARCA4-deficient lung cancers,"$845,325 ", $-   , $-   ,,5 yrs 0 mth ,Cancer Research,Cancer-Cancer Drug Development and Therapeutics,4/1/2018,2023-03-31,0,"SMARCA4, lung cancer, vulnerabilities"
"Durocher, Francine",Universite Laval,Quebec,Project Grant - PA: Breast Cancer Research,202209PLL,Cancer Progression & Therapeutics,TBC1D9: therapeutic target of the aggressiveness of triple negative breast cancer,"$100,000 ", $-   , $-   ,,1 yr 0 mth ,Cancer Research,Cancer-Cancer Progression and Metastasis,3/1/2023,2024-02-29,0,"TBC1D9, breast cancer, triple negative"
"Corkum, Penny V",Dalhousie University (Nova Scotia),Nova Scotia,Operation:eHealth Innov Partnership Program(eHIPP)-Youth &Adolescent Mental Hlth,201506EH1,eHealth Innovation Partnership Program (eHIPP): Youth and Adolescents Mental Health,Teacher Help: Novel technologies for meeting the immediate needs of youth with mental health disorders in Canada,"$297,200 ", $-   , $-   ,,3 yrs 0 mth ,"Human Development, Child and Youth Health",MENTAL AND BEHAVIOURAL DISEASES; PSYCHO-SOCIAL AND BEHAVIOURAL RESEARCH; MENTAL HEALTH; HEALTH SERVICES RESEARCH,10/1/2015,2018-09-30,0,"teacher, mental health, youth"
"Krylov, Sergey","York University (Toronto, Ontario)",Ontario,Collaborative Health Research Projects (NSERC partnered),201310CPG,Collaborative Health Research Projects - NSERC Partnered,Technology for Analysis of miRNA Signatures (TAmiRS): a Novel Tool for Personalized Cancer Medicine,"$451,599 ", $-   , $-   ,,3 yrs 0 mth ,Cancer Research,PROSTATE AND BLADDER CANCER THERAPY; CANCER; HEALTH RESEARCH,4/1/2014,2017-03-31,0,"miRNA, Signatures, Cancer"
"Stinson, Jennifer N",Hospital for Sick Children (Toronto),Ontario,Catalyst Grant: eHealth Innovations,201310CEH,e-Health Innovation Partnership Program (eHIPP),Teens Taking Charge - Managing Cancer Online Trial: A Feasibility Study of Quality and Cost,"$92,207 ", $-   , $-   ,,1 yr 0 mth ,Cancer Research,HEALTH CARE DELIVERY; HEALTH SERVICES RESEARCH; CANCER,3/1/2014,2015-02-28,0,"cancer, online, feasibility"
"Seda, Ondrej",Centre hospitalier de l'Universite de Montreal (CHUM),Quebec,Operating Grant: Industry-partnered Collaborative Research - Other Partner,201003ISO,Industry Partnered Collaborative Research,Telomere attrition rate as predictor of cardiovascular complications of type 2 diabetes,"$1,454,272 ", $-   , $-   ,,3 yrs 0 mth ,Circulatory and Respiratory Health,CARDIOLOGY; DIABETES MELLITUS; CARDIOVASCULAR; AGING,10/1/2010,2013-09-30,0,"telomere, cardiovascular, diabetes"
"Kotsopoulos, Joanne",Women's College Hospital (Toronto),Ontario,Operating Grant - Priority Announcement: Ovarian Cancer (bridge funding),201109OVA,Cancer Progression & Therapeutics 2,Telomere Length and Ovarian Cancer Prognosis,"$100,000 ", $-   , $-   ,,1 yr 0 mth ,Cancer Research,GENITO/URINARY SYSTEM; EPIDEMIOLOGY; CANCER; MOLECULAR BIOLOGY,4/1/2012,2013-03-31,0,"Telomere, Ovarian Cancer, Prognosis"
"Drake, James M",University of Toronto,Ontario,Collaborative Health Research Projects (NSERC partnered),201210CPG,Collaborative Health Research Projects - NSERC Partnered,Temperature measurement in cortical bone and bone marrow during magnetic resonance guided focused ultrasound thermo-therapy in a porcine model,"$302,342 ", $-   , $-   ,,3 yrs 0 mth ,Cancer Research,BONE CANCER THERAPY; NEOPLASMS; IMAGING; CANCER,4/1/2013,2016-03-31,1,"temperature, magnetic resonance, ultrasound"
"McMullen, Todd",University of Alberta,Alberta,Operating Grant,201209MOP,Cancer Progression & Therapeutics 2,The Biological and Clinical Significance of Platelet Derived Growth Factor Receptor in Papillary Thyroid Cancer,"$642,147 ", $-   , $-   ,,5 yrs 0 mth ,Cancer Research,THYROID; NEOPLASMS; CELL BIOLOGY; DRUG RESEARCH,4/1/2013,2018-03-31,2,"Platelet, Growth Factor Receptor, Thyroid Cancer"
"King, Graham John W",Western University (Ontario),Ontario,Operating Grant,201503MOP,Biomedical Engineering,The Biomechanical Assessment and Optimization of Minimally Invasive Implants for the Elbow and Shoulder,"$242,575 ", $-   , $-   ,,4 yrs 0 mth ,Musculoskeletal Health and Arthritis,MUSCULO SKELETAL; ARTHRITIS/OSTEOARTHRITIS,7/1/2015,2019-06-30,0,"Biomechanical, Implants, Elbow"
"Lukong, Kiven E",University of Saskatchewan,Saskatchewan,Operating Grant - Priority Announcement: Breast Cancer,201003COP,Cancer Progression & Therapeutics,The cellular implications of breast tumor kinase induction in mammary tumorigenesis.,"$270,471 ", $-   , $-   ,,3 yrs 0 mth ,Cancer Research,BREAST CANCER; BREAST CANCER THERAPY; CANCER; MOLECULAR BIOLOGY,10/1/2010,2013-09-30,0,"breast tumor kinase, mammary tumorigenesis, cellular implications"
"Dimitroulakos, Jim",Ottawa Hospital Research Institute,Ontario,Operating Grant - PA: Cancer Research (bridge funding),201203IC1,Cancer Progression & Therapeutics 2,The cellular stress response regulator ATF3 is a novel mediator of platin induced tumour cell cytotoxicity and resistance,"$100,000 ", $-   , $-   ,,1 yr 0 mth ,Cancer Research,CANCER THERAPY GENERAL; NEOPLASMS; CANCER; DRUG RESEARCH,10/1/2012,2013-09-30,0,"ATF3, platin, cytotoxicity"
"Petel, Oren",Carleton University (Ottawa),Ontario,Collaborative Health Research Projects (NSERC partnered),201610CPG,Collaborative Health Research Projects - NSERC Partnered,The development of a next-generation polymeric headform surrogate for concussion and helmet evaluation,"$298,928 ", $-   , $-   ,,3 yrs 0 mth ,"Neurosciences, Mental Health and Addiction","INJURY, REGENERATION; MULTIDISCIPLINARY; NERVOUS SYSTEM; MUSCLE, BONE, OR JOINT",4/1/2017,2020-03-31,1,"polymeric, headform, concussion"
"Nair, Parameswaran K",McMaster University,Ontario,Collaborative Health Research Projects (NSERC partnered),201210CPG,Collaborative Health Research Projects - NSERC Partnered,The development of an eosinophil-specific bioactive paper detection system,"$300,000 ", $-   , $-   ,,3 yrs 0 mth ,Circulatory and Respiratory Health,RESPIRATION; CHRONIC OBSTRUCTIVE LUNG DISEASE; BIOCHEMISTRY,4/1/2013,2016-03-31,0,"eosinophil, bioactive paper, detection"
"Evans, David H",University of Alberta,Alberta,Operating Grant,201303MOP,Cancer Progression & Therapeutics 2,The development of safer oncolytic poxviruses dependent on cellular dNTP synthesis,"$748,558 ", $-   , $-   ,,5 yrs 0 mth ,Cancer Research,CANCER THERAPY GENERAL; VIRAL; CANCER; VIROLOGY,10/1/2013,2018-09-30,1,"oncolytic poxviruses, dNTP synthesis"
"McGibbon, Chris",University of New Brunswick (Fredericton),New Brunswick,Operating Grant: Priority Announcement (IHSPR),200809IHP,Biomedical Engineering,The Doctor is in the house: Validation of a toolkit for remote monitoring of progressive neuromuscular and neurological conditions,"$100,000 ", $-   , $-   ,,1 yr 0 mth ,"Neurosciences, Mental Health and Addiction","MULTIPLE DISEASE RELEVANCE; AMYOTROPHIC LATERAL SCLEROSIS (ALS); HEALTH RESEARCH; MUSCLE, BONE, OR JOINT",1/1/2009,2009-12-31,0,"remote monitoring, neuromuscular, neurological"
"Henkelman, R. Mark",Hospital for Sick Children (Toronto),Ontario,Operating Grant,200909MOP,Medical Physics & Imaging,The Effect of Flow on Atherogenesis in Mice,"$347,223 ", $-   , $-   ,,3 yrs 0 mth ,Circulatory and Respiratory Health,ATHEROSCLEROSIS; IMAGING; CARDIOVASCULAR,4/1/2010,2013-03-31,0,"Flow, Atherogenesis, Mice"
"Narod, Steven A",Women's College Hospital (Toronto),Ontario,Operating Grant,201203MOP,Cancer Biology & Therapeutics,The effect of prophylactic salpingo-oophorectomy on markers of health in women who carry a BRCA mutation,"$382,243 ", $-   , $-   ,,3 yrs 0 mth ,Cancer Research,ENDOCRINOLOGY; NEOPLASMS; CANCER; GENETICS,10/1/2012,2015-09-30,0,"salpingo-oophorectomy, BRCA, markers"
"Lockwood, William W",University of British Columbia,British Columbia,Project Grant,201909PJT,Cancer Biology & Therapeutics 2,The effects of smoking marijuana on lung cancer development: implications for screening and early detection.,"$688,500 ", $-   , $-   ,,3 yrs 0 mth ,Cancer Research,Cancer-Cancer Progression and Metastasis; Cancer-Mechanisms of Carcinogenesis,4/1/2020,2023-03-31,0,"marijuana, lung cancer, screening"
"Mwale, Fackson",CIUSSS de Centre-Ouest-de-l'Ile-de-Montreal-Jewish General,Quebec,Operating Grant,201109MOP,Biomedical Engineering,The efficacy of Link N as a mediator of repair in Intervertebral Disc Degeneration,"$454,098 ", $-   , $-   ,,4 yrs 0 mth ,Musculoskeletal Health and Arthritis,"MUSCULO SKELETAL; MUSCLE, BONE, OR JOINT; HEALTH RESEARCH",4/1/2012,2016-03-31,1,"Link N, intervertebral disc, repair"
"Witcher, Michael",CIUSSS de Centre-Ouest-de-l'Ile-de-Montreal-Jewish General,Quebec,Operating Grant,201203MOP,Cancer Biology & Therapeutics,The epigenetic impact of deregulated poly(ADP)ribosylation in breast cancer.,"$695,970 ", $-   , $-   ,,5 yrs 0 mth ,Cancer Research,BREAST CANCER; CANCER; MOLECULAR BIOLOGY,10/1/2012,2017-09-30,0,"epigenetic, poly(ADP)ribosylation, breast cancer"
"Boutros, Paul C","Ontario Institute for Cancer Research (Toronto, Ontario)",Ontario,Project Grant,201709PJT,Cancer Progression & Therapeutics,The evolution of prostate cancer,"$1,147,500 ", $-   , $-   ,,5 yrs 0 mth ,Cancer Research,Cancer-Cancer Progression and Metastasis,4/1/2018,2023-03-31,6,prostate cancer
"Stambolic, Vuk",University Health Network (Toronto),Ontario,Project Grant,202010PJT,Cancer Biology & Therapeutics,The Function of Protein Kinase NEK10 in tumour suppression,"$1,224,000 ", $-   , $-   ,,5 yrs 0 mth ,Cancer Research,Cancer-Cancer Progression and Metastasis; Genetics-Molecular and Functional Genetics and Epigenetics,4/1/2021,2026-03-31,0,"Protein Kinase, NEK10, Tumour suppression"
"Herzog, Walter",University of Calgary,Alberta,Operating Grant,201003MOP,Biomedical Engineering,The functional role of titin in muscle contraction,"$251,472 ", $-   , $-   ,,3 yrs 0 mth ,Musculoskeletal Health and Arthritis,"MUSCULO SKELETAL; MUSCLE, BONE, OR JOINT",10/1/2013,2016-09-30,0,"titin, muscle contraction"
"Herzog, Walter",University of Calgary,Alberta,Operating Grant,201303MOP,Biomedical Engineering,The functional role of titin in muscle contraction,"$540,050 ", $-   , $-   ,,5 yrs 0 mth ,Musculoskeletal Health and Arthritis,"MUSCULO SKELETAL; MUSCLE, BONE, OR JOINT",10/1/2013,2015-06-30,0,"titin, muscle contraction"
"Sorensen, Poul H",University of British Columbia,British Columbia,Operating Grant,201203MOP,Cancer Biology & Therapeutics,The Hace1 tumour suppressor--a novel regulator of the oxidative stress response,"$458,026 ", $-   , $-   ,,3 yrs 0 mth ,Cancer Research,NEOPLASMS; LUNG CANCER; MOLECULAR BIOLOGY; CANCER,10/1/2012,2015-06-30,0,"Hace1, tumour suppressor, oxidative stress"
"Schimmer, Aaron D",University Health Network (Toronto),Ontario,Operating Grant - PA: Genetics (Bridge Funding: Research Priorities),202303OGB,Cancer Progression & Therapeutics,The IL23 Receptor (IL23R) regulates mitotic spindle formation and is a novel therapeutic target for AML,"$100,000 ", $-   , $-   ,,1 yr 0 mth ,Genetics,Cancer-Cancer Drug Development and Therapeutics; Cancer-Mechanisms of Carcinogenesis,10/1/2023,2024-09-30,0,"IL23R, mitotic spindle, AML"
"Beaulieu, Luc",Universite Laval,Quebec,Project Grant,202003PJT,Medical Physics & Imaging,The impact of Monte Carlo dose calculations on prostate and breast low-dose rate brachytherapy dose-outcome relationships and radiobiological modeling.,"$715,276 ", $-   , $-   ,,5 yrs 0 mth ,Cancer Research,Cancer-Clinical Oncology,10/1/2020,2025-09-30,0,"Monte Carlo, brachytherapy, radiobiological"
"Grova, Christophe","Concordia University (Montreal, Quebec)",Quebec,Project Grant,201803PJT,Medical Physics & Imaging,The importance of connector hubs in focal epilepsy: a multimodal investigation,"$742,050 ", $-   , $-   ,,5 yrs 0 mth ,"Neurosciences, Mental Health and Addiction",Biomedical Engineering-Biomedical Imaging; Neurosciences-Neurological disorders; Neurosciences-Neural Circuits and Systems,10/1/2018,2023-09-30,0,"connector hubs, focal epilepsy, multimodal"
"Griffith, May C",Universite de Montreal,Quebec,Collaborative Health Research Projects (NSERC partnered),201910CPG,Collaborative Health Research Projects - NSERC Partnered,The Liquid Cornea as an alternative to corneal transplantation: Pathway to Clinical trials,"$306,789 ","$14,300 ", $-   ,,3 yrs 0 mth ,Aging,AGING; MULTIDISCIPLINARY; VISION; IMMUNOLOGY-TRANSPLANTATION,4/1/2020,2023-03-31,3,"Liquid, Cornea, Transplantation"
"Amed, Shazhan",University of British Columbia,British Columbia,Catalyst Grant: Personalized Health Catalyst Grants,201706PCG,Personalized Health - novel e-health applications,The Live 5-2-1-0 eHealth App - Supporting health professionals and educators to raise a healthier generation of kids,"$199,870 ", $-   , $-   ,,2 yrs 0 mth ,"Nutrition, Metabolism and Diabetes",POPULATION HEALTH; HEALTH RESEARCH,9/1/2017,2019-08-31,0,"eHealth, app, health"
"Shrive, Nigel G",University of Calgary,Alberta,Operating Grant,201209MOP,Biomedical Engineering,The mechanical causes of osteoarthritis,"$665,010 ", $-   , $-   ,,5 yrs 0 mth ,Musculoskeletal Health and Arthritis,MUSCULO SKELETAL; ARTHRITIS/OSTEOARTHRITIS; HEALTH RESEARCH; AGING,4/1/2013,2018-03-31,0,"mechanical, osteoarthritis, causes"
"Stefanovic, Bojana","Sunnybrook Research Institute (Toronto, Ontario)",Ontario,Operating Grant,201203MOP,Medical Physics & Imaging,The mechanism of neurovascular remodelling after focal ischemia,"$621,248 ", $-   , $-   ,,5 yrs 0 mth ,"Neurosciences, Mental Health and Addiction","STROKE, HEART FAILURE; INJURY, REGENERATION; IMAGING; BIOPHYSICS",10/1/2012,2017-09-30,0,"neurovascular, remodelling, ischemia"
"Li, Hongbin",University of British Columbia,British Columbia,Project Grant,202109PJT,Biomedical Engineering,The Molecular Mechanism of the Secretion of the Bacterial Toxin Adenylate Cyclase,"$726,750 ", $-   , $-   ,,5 yrs 0 mth ,Circulatory and Respiratory Health,"Cardiovascular, Respiratory and Circulatory Systems-Respiratory Sciences; Molecular, Cellular and Systems Biology-Structure and Function of Macromolecules",4/1/2022,2027-03-31,0,"bacterial toxin, adenylate cyclase, secretion"
"Moroy, Tarik",Institut de recherches cliniques de Montreal,Quebec,Project Grant - Priority Announcement: Pediatric Cancer Research,202303PDI,Cancer Biology & Therapeutics,The MYC/MIZ-1 complex in germinal center B cells and B cell lymphomagenesis,"$100,000 ", $-   , $-   ,,1 yr 0 mth ,Cancer Research,"Cancer-Mechanisms of Carcinogenesis; Immunology and Infection-Immunology and Autoimmune Diseases (including rheumatology); Molecular, Cellular and Systems Biology-Molecular Biology",10/1/2023,2024-09-30,0,"MYC, MIZ-1, B cells"
"St. Lawrence, Keith S",Western University (Ontario),Ontario,Collaborative Health Research Projects (NSERC partnered),201410CPG,Collaborative Health Research Projects - NSERC Partnered,The need for neuromonitoring during the golden hour to prevent preterm brain injury,"$185,373 ", $-   , $-   ,,3 yrs 0 mth ,"Human Development, Child and Youth Health",PREGNANCY/BIRTH; MULTIDISCIPLINARY,4/1/2015,2018-03-31,0,"neuromonitoring, preterm brain injury, golden hour"
"Ward, Brian J",Research Institute of the McGill University Health Centre,Quebec,Operating Grant: Industry-partnered Collaborative Research - Other Partner,200909ISO,Industry Partnered Collaborative Research,The next generation of vaccines: characterization of virus-like particle (VLP) vaccines made in plants.,"$300,000 ", $-   , $-   ,,2 yrs 0 mth ,Infection and Immunity,INFECTIOUS AND PARASITIC; VIRAL; IMMUNOLOGY-TRANSPLANTATION; VIROLOGY,4/1/2010,2012-03-31,1,"virus-like particle, vaccines, plants"
"Routy, Jean-Pierre",Research Institute of the McGill University Health Centre,Quebec,Catalyst Grant: Innovation in HIV Vaccine and HIV Cure Research,201211CHR,HIV Vaccine and Cure Research,The orchid study: A pilot assessment of viral reservoir and immune compartmentalization in testicular tissue of HIV-infected subjects,"$99,997 ", $-   , $-   ,,1 yr 0 mth ,Infection and Immunity,AIDS; INFECTIOUS AND PARASITIC; VIROLOGY; IMMUNOLOGY-TRANSPLANTATION,3/1/2013,2014-02-28,0,"orchid, viral reservoir, immune compartmentalization"
"Kislinger, Thomas",University Health Network (Toronto),Ontario,Project Grant,202003PJT,Cancer Progression & Therapeutics 2,The Ovarian Cancer Glycoproteome: Biomarker Discovery and Therapeutic Targets,"$504,901 ", $-   , $-   ,,4 yrs 0 mth ,Cancer Research,Cancer-Cancer Drug Development and Therapeutics,10/1/2020,2024-09-30,0,"Ovarian cancer, Glycoproteome, Biomarkers"
"Stinson, Jennifer N",Hospital for Sick Children (Toronto),Ontario,Catalyst Grant: eHealth Innovations,201310CEH,e-Health Innovation Partnership Program (eHIPP),"The PainSquad+ Real-time Pain Management System for Adolescents with Cancer: A Feasibility, Quality and Cost Study","$92,228 ", $-   , $-   ,,1 yr 0 mth ,Cancer Research,HEALTH SERVICES RESEARCH; CANCER,3/1/2014,2015-02-28,0,"Pain management, adolescents, cancer"
"Christie, Brian R",University of Victoria (British Columbia),British Columbia,Catalyst Grant: NWHRI: Innovation Fund - Biomedical Discovery Grants,202307NWI,NWHRI: Innovation Fund - Biomedical Discovery Grants,The pathophysiology and blood biomarkers of brain injury in intimate partner violence: Insights from a new rat model,"$150,000 ", $-   , $-   ,,1 yr 0 mth ,Gender and Health,"INJURY, REGENERATION; MENTAL DISABILITY; NERVOUS SYSTEM; MENTAL HEALTH",2/1/2024,2025-01-31,0,"brain injury, blood biomarkers, rat model"
"Perl, Jeffrey",Unity Health Toronto,Ontario,Operating Grant: Industry-partnered Collaborative Research,201303IPR,Industry Partnered Collaborative Research,The Peritoneal Dialysis Outcomes and Practice Patterns Study  (P-DOPPS),"$500,000 ", $-   , $-   ,,4 yrs 0 mth ,"Nutrition, Metabolism and Diabetes","POPULATION HEALTH; EPIDEMIOLOGY; RENAL FUNCTION, NEPHROLOGY, UROLOGY",10/1/2013,2017-09-30,0,"Peritoneal Dialysis, Outcomes, Practice Patterns"
"Liu, Geoffrey",University Health Network (Toronto),Ontario,Operating Grant,201203MOP,Cancer Progression & Therapeutics 2,"The Pharmacogenetics of Bevacizumab: A Companion Correlative Study of the Ovarian Cancer Clinical Trial, ICON7","$390,342 ", $-   , $-   ,,3 yrs 0 mth ,Cancer Research,CANCER THERAPY GENERAL,10/1/2012,2015-09-30,0,"Pharmacogenetics, Bevacizumab, Ovarian Cancer"
"Tremblay, Michel L",McGill University,Quebec,Operating Grant,201503MOP,Cancer Biology & Therapeutics,"The PRL-CNNM-Magnesium cascade, a new paradigm in oncogenesis.","$778,857 ", $-   , $-   ,,5 yrs 0 mth ,Cancer Research,CANCER THERAPY GENERAL; BREAST CANCER; CANCER; CELL BIOLOGY,7/1/2015,2018-06-30,0,"PRL-CNNM, Magnesium, oncogenesis"
"Dellaire, Graham P",Dalhousie University (Nova Scotia),Nova Scotia,Operating Grant,201103MOP,Cancer Biology & Therapeutics,The promyelocytic leukemia protein and nuclear domain function in DNA damage signalling and tumour suppression,"$756,990 ", $-   , $-   ,,5 yrs 0 mth ,Cancer Research,NEOPLASMS; MULTIPLE DISEASE RELEVANCE; CANCER; CELL BIOLOGY,10/1/2011,2016-09-30,0,"promyelocytic leukemia, DNA damage, tumour suppression"
"Patterson, Kara K",University of Toronto,Ontario,Collaborative Health Research Projects (NSERC partnered),201410CPG,Collaborative Health Research Projects - NSERC Partnered,The relationship of temporal gait asymmetry and rhythm perception and production,"$225,096 ", $-   , $-   ,,3 yrs 0 mth ,"Neurosciences, Mental Health and Addiction","STROKE, HEART FAILURE; NERVOUS SYSTEM",4/1/2015,2018-03-31,0,"gait, rhythm, perception"
"Marcato, Paola",Dalhousie University (Nova Scotia),Nova Scotia,Operating Grant,201303MOP,Cancer Progression & Therapeutics,The role of ALDH1A3 in breast cancer progression and cancer stem cell biology,"$627,147 ", $-   , $-   ,,5 yrs 0 mth ,Cancer Research,BREAST CANCER; CANCER,10/1/2013,2018-09-30,0,"ALDH1A3, breast cancer, cancer stem cells"
"Too, Catherine K",Dalhousie University (Nova Scotia),Nova Scotia,Operating Grant - PA: Regional Partnership Program - Nova Scotia,201203RNS,Cancer Progression & Therapeutics,The Role of Carboxypeptidase-D in Prostate Cancer Growth and Progression,"$174,874 ", $-   , $-   ,,3 yrs 0 mth ,Cancer Research,PROSTATE AND BLADDER CANCER; PROSTATE AND BLADDER CANCER THERAPY; CANCER; ENDOCRINOLOGY,10/1/2012,2015-09-30,0,"Carboxypeptidase-D, Prostate Cancer, Growth"
"Chan, Jennifer A",University of Calgary,Alberta,Operating Grant,201309MOP,Cancer Progression & Therapeutics 2,The role of CIC in oligodendroglioma,"$656,900 ", $-   , $-   ,,5 yrs 0 mth ,Cancer Research,BRAIN TUMORS (INCL. RETINAL TUMORS); CANCER; NERVOUS SYSTEM,4/1/2014,2019-03-31,0,"CIC, oligodendroglioma"
"Clemente Casares, Javier",University of Alberta,Alberta,Project Grant,202203PJT,Cancer Biology & Therapeutics,The Role of CSF2RB1 Ligands in Cancer-Associated Cachexia,"$918,000 ", $-   , $-   ,,5 yrs 0 mth ,Cancer Research,Cancer-Cancer Progression and Metastasis; Musculoskeletal Health-Skeletal Muscle Biology and Physiology; Immunology and Infection-Immunology and Autoimmune Diseases (including rheumatology),10/1/2022,2027-09-30,0,"CSF2RB1, Ligands, Cancer-Associated Cachexia"
"Ramotar, Dindial",CIUSSS Est-de-l'Ile-de- Montreal-Maisonneuve Rosemont,Quebec,Operating Grant,201109MOP,Cancer Biology & Therapeutics,The role of human glyceraldehyde-3-phosphate dehydrogenase in maintaining the redox state of the DNA repair enzyme APE1,"$622,134 ", $-   , $-   ,,5 yrs 0 mth ,Cancer Research,CANCER THERAPY GENERAL; CARCINOGENS (INCL ENVIRONMENTAL); CELL BIOLOGY; BIOCHEMISTRY,4/1/2012,2017-03-31,0,"glyceraldehyde-3-phosphate dehydrogenase, DNA repair, APE1"
"Ramotar, Dindial",CIUSSS Est-de-l'Ile-de- Montreal-Maisonneuve Rosemont,Quebec,Operating Grant,200809MOP,Cancer Biology & Therapeutics,The role of human glyceraldehyde-3-phosphate dehydrogenase in reactivating oxidized forms of the DNA repair enzyme APE1,"$355,206 ", $-   , $-   ,,3 yrs 0 mth ,Cancer Research,CANCER THERAPY GENERAL; CARCINOGENS (INCL ENVIRONMENTAL); CANCER; DRUG RESEARCH,4/1/2009,2012-03-31,0,"glyceraldehyde-3-phosphate dehydrogenase, DNA repair, APE1"
"Min, Wei-Ping",Western University (Ontario),Ontario,Operating Grant,201209MOP,Cancer Progression & Therapeutics,The role of IDO1 vs IDO2 on tumour immune evasion  and immune therapy,"$313,349 ", $-   , $-   ,,3 yrs 0 mth ,Cancer Research,CANCER THERAPY GENERAL; CANCER; IMMUNOLOGY-TRANSPLANTATION,4/1/2013,2016-03-31,0,"IDO1, IDO2, immune evasion"
"Ng, Sylvia",University of British Columbia,British Columbia,Operating Grant,200809MOP,Cancer Progression & Therapeutics,The role of IMP3 in pancreatic cancer progression and chemoresistance,"$367,857 ", $-   , $-   ,,3 yrs 0 mth ,Cancer Research,GASTRO-INTESTINAL CANCER; GASTRO-INTESTINAL CANCER THERAPY; CANCER; CELL BIOLOGY,4/1/2009,2012-03-31,0,"IMP3, pancreatic cancer, chemoresistance"
"Mui, Alice L",University of British Columbia,British Columbia,Operating Grant: COVID-19 Rapid Research Funding Opportunity - Therapeutics,202005VR3,COVID-19 Rapid Research - Therapeutics,The role of interleukin-10 responsiveness in lung inflammation in SARS CoV2 infection,"$150,072 ", $-   , $-   ,,1 yr 0 mth ,Infection and Immunity,MULTIDISCIPLINARY; IMMUNOLOGY-TRANSPLANTATION; BIOCHEMISTRY,6/1/2020,2021-05-31,1,"interleukin-10, lung inflammation, SARS CoV2"
"Tron, Victor A","Queen's University (Kingston, Ontario)",Ontario,Operating Grant,200903MOP,Cancer Progression & Therapeutics,The role of microRNAs in Malignant Melanoma,"$397,897 ", $-   , $-   ,,3 yrs 0 mth ,Cancer Research,CANCER THERAPY GENERAL; NONE OF THE ABOVE; CANCER; HEALTH RESEARCH,10/1/2009,2012-09-30,0,"microRNAs, Malignant Melanoma"
"Yousef, George M",Unity Health Toronto,Ontario,Operating Grant,201109MOP,Cancer Progression & Therapeutics,The Role of microRNAs in Renal Cell Carcinoma Pathogenesis and their Clinical Utility as Tumor Markers,"$493,169 ", $-   , $-   ,,3 yrs 0 mth ,Cancer Research,NEOPLASMS; GENITO/URINARY SYSTEM; CANCER; MOLECULAR BIOLOGY,4/1/2012,2015-03-31,1,"microRNAs, renal cell carcinoma, tumor markers"
"Moorehead, Roger A",University of Guelph,Ontario,Project Grant - PA: Breast Cancer Research,202309PLL,Cancer Progression & Therapeutics 2,The role of MXRA8 in breast cancer growth and metastasis,"$100,000 ", $-   , $-   ,,1 yr 0 mth ,Cancer Research,Cancer-Cancer Progression and Metastasis,3/1/2024,2025-02-28,0,"MXRA8, breast cancer, metastasis"
"Geyer, Clarence R",University of Saskatchewan,Saskatchewan,Operating Grant,201003MOP,Cancer Biology & Therapeutics,The Role of Natural Antisense Transcripts in Silencing Transforming Growth Factor Beta Regulated Genes in Acute Myeloid Leukemia,"$444,907 ", $-   , $-   ,,4 yrs 0 mth ,Cancer Research,LEUKAEMIAS; CANCER THERAPY GENERAL; CANCER; MOLECULAR BIOLOGY,10/1/2010,2014-09-30,0,"Antisense transcripts, Gene regulation, Leukemia"
"Lee, Patrick W",Dalhousie University (Nova Scotia),Nova Scotia,Operating Grant,201405MOP,Cancer Biology & Therapeutics,"The role of NMNAT2, a new p53 target gene, in feedback regulation of p53 function via the SIRT deacetylases.","$100,000 ", $-   , $-   ,,1 yr 0 mth ,Cancer Research,CANCER THERAPY GENERAL; CANCER; CELL BIOLOGY,10/1/2014,2015-09-30,0,"NMNAT2,p53,SIRT"
"Lee, Patrick W",Dalhousie University (Nova Scotia),Nova Scotia,Operating Grant,201503MOP,Cancer Biology & Therapeutics,"The role of NMNAT2, a new p53 target gene, in feedback regulation of p53 function via the SIRT deacetylases.","$570,028 ", $-   , $-   ,,4 yrs 0 mth ,Cancer Research,CANCER THERAPY GENERAL; CANCER; CELL BIOLOGY,7/1/2015,2015-09-30,0,"NMNAT2,p53,SIRT"
"Stanford, William L",Ottawa Hospital Research Institute,Ontario,Operating Grant,201503MOP,Cancer Biology & Therapeutics,The role of PCL2/PRC2 in hematopoietic stem cells and leukemia,"$1,163,874 ", $-   , $-   ,,5 yrs 0 mth ,Cancer Research,BLOOD; LEUKAEMIAS; CANCER,7/1/2015,2021-06-30,1,"PCL2, PRC2, hematopoietic stem cells"
"Richard, Stephane",CIUSSS de Centre-Ouest-de-l'Ile-de-Montreal-Jewish General,Quebec,Operating Grant,201109MOP,Cancer Biology & Therapeutics,The role of post-translational modifications of MRE11 in mediating the DNA damage response.,"$873,345 ", $-   , $-   ,,5 yrs 0 mth ,Cancer Research,LEUKAEMIAS; CANCER THERAPY GENERAL; CANCER; AGING,4/1/2012,2017-03-31,0,"post-translational modifications, MRE11, DNA damage response"
"Wang, Yuzhuo",University of British Columbia,British Columbia,Project Grant,202003PJT,Cancer Biology & Therapeutics 2,The role of PRDM16 in neuroendocrine prostate cancer development and aggressiveness,"$765,000 ", $-   , $-   ,,4 yrs 0 mth ,Cancer Research,Cancer-Cancer Progression and Metastasis,10/1/2020,2024-09-30,0,"PRDM16, neuroendocrine, prostate cancer"
"Saucier, Caroline",Universite de Sherbrooke,Quebec,Operating Grant,201003MOP,Cancer Progression & Therapeutics,The role of receptor tyrosine kinases in the initiation and progression of colorectal cancer,"$657,991 ", $-   , $-   ,,5 yrs 0 mth ,Cancer Research,GASTRO-INTESTINAL CANCER; NEOPLASMS; CANCER; GASTROINTESTINAL (LIVER),10/1/2010,2015-09-30,0,"receptor tyrosine kinases, colorectal cancer"
"Olson, Michael F",Toronto Metropolitan University,Ontario,Project Grant,201909PJT,Cancer Biology & Therapeutics,The role of ROCK1 cleavage during apoptosis in liver homeostasis and cancer,"$979,200 ", $-   , $-   ,,5 yrs 0 mth ,Cancer Research,"Cancer-Cancer Drug Development and Therapeutics; Molecular, Cellular and Systems Biology-Cell Biology and Physiology; Molecular, Cellular and Systems Biology-Cell Signaling",4/1/2020,2025-03-31,0,"ROCK1, apoptosis, liver"
"Tai, Isabella T",University of British Columbia,British Columbia,Operating Grant,200909MOP,Cancer Progression & Therapeutics,The role of SPARC in chemotherapy sensitization,"$1,030,027 ", $-   , $-   ,,5 yrs 0 mth ,Cancer Research,GASTRO-INTESTINAL CANCER; CANCER THERAPY GENERAL; CANCER; GASTROINTESTINAL (LIVER),4/1/2010,2015-03-31,4,"SPARC, chemotherapy, sensitization"
"Ferri, Lorenzo",McGill University,Quebec,Operating Grant,200810MOP,Cancer Progression & Therapeutics,The Role of Systemic Inflammation in Esophageal Cancer Metastasis: Exploring Neutrophil Dependent and Independent Mechanisms,"$94,265 ", $-   , $-   ,,1 yr 0 mth ,Cancer Research,GASTRO-INTESTINAL CANCER; NEOPLASMS; CANCER; CELL BIOLOGY,3/1/2009,2010-02-28,0,"Systemic Inflammation, Esophageal Cancer, Metastasis"
"Zoubeidi, Amina",University of British Columbia,British Columbia,Project Grant,201909PJT,Cancer Progression & Therapeutics 2,The role of the lineage oncogene ASCL1 in treatment-induced neuroendocrine prostate cancer,"$841,500 ", $-   , $-   ,,5 yrs 0 mth ,Cancer Research,Cancer-Cancer Progression and Metastasis,4/1/2020,2025-03-31,0,"ASCL1, neuroendocrine, prostate cancer"
"St-Pierre, Julie",McGill University,Quebec,Operating Grant - PA: Cancer Research (bridge funding),200909IC1,Cancer Biology & Therapeutics,The role of the PGC-1 transcriptional coactivators in the regulation of breast cancer metabolism,"$100,000 ", $-   , $-   ,,1 yr 0 mth ,Cancer Research,BREAST CANCER; METABOLISM AND NUTRITION; CANCER; METABOLISM/DIABETES,4/1/2010,2011-03-31,0,"PGC-1, transcriptional coactivators, breast cancer"
"Moroy, Tarik",Institut de recherches cliniques de Montreal,Quebec,Project Grant,202203PJT,Cancer Biology & Therapeutics,The role of the RNA helicase DDX3X in Burkitt Lymphoma and its potential as a new therapeutic target,"$1,162,800 ", $-   , $-   ,,5 yrs 0 mth ,Cancer Research,Cancer-Mechanisms of Carcinogenesis,7/1/2023,2028-06-30,0,"RNA helicase, DDX3X, Burkitt Lymphoma"
"Li, Gang",University of British Columbia,British Columbia,Operating Grant,201009MOP,Cancer Biology & Therapeutics,The role of tumour suppressor ING1b in genomic stability upon replication stress,"$746,213 ", $-   , $-   ,,5 yrs 0 mth ,Cancer Research,NEOPLASMS; SKIN AND SUBCUTANEOUS TISSUS; CANCER; MOLECULAR BIOLOGY,4/1/2011,2016-03-31,0,"tumour suppressor, genomic stability, replication stress"
"Li, Gang",University of British Columbia,British Columbia,Operating Grant - PA: Cancer Research (bridge funding),201003IC1,Cancer Biology & Therapeutics,The role of tumour suppressor ING1b in genomic stability upon replication stress,"$100,000 ", $-   , $-   ,,1 yr 0 mth ,Cancer Research,NEOPLASMS; SKIN AND SUBCUTANEOUS TISSUS; CANCER; MOLECULAR BIOLOGY,9/1/2010,2011-08-31,0,"tumour suppressor, genomic stability, replication stress"
"Mak, Tak W",University Health Network (Toronto),Ontario,Project Grant,202209PJT,Cancer Biology & Therapeutics,The roles of cholinergic T cells in immunosurveillance and immunotherapy of liver cancer.,"$1,032,750 ", $-   , $-   ,,5 yrs 0 mth ,Cancer Research,Cancer-Mechanisms of Carcinogenesis,4/1/2023,2028-03-31,1,"cholinergic, T cells, liver cancer"
"Mak, Tak W",University Health Network (Toronto),Ontario,Operating Grant,201003MOP,Cancer Biology & Therapeutics,The roles of p53 and p73 in DNA repair and oncogenesis.,"$851,814 ", $-   , $-   ,,5 yrs 0 mth ,Cancer Research,NEOPLASMS; CANCER; GENETICS,10/1/2010,2015-06-30,0,"p53, p73, DNA repair"
"Lok, Benjamin",University Health Network (Toronto),Ontario,Project Grant,201909PJT,Cancer Progression & Therapeutics,The SCF(FBXO11) - XAB2 axis mediates DNA repair and therapeutic resistance in small cell lung cancer,"$984,555 ", $-   , $-   ,,5 yrs 0 mth ,Cancer Research,"Cancer-Cancer Progression and Metastasis; Cancer-Cancer Drug Development and Therapeutics; Molecular, Cellular and Systems Biology-Molecular Biology",4/1/2020,2025-03-31,0,"SCF, DNA repair, lung cancer"
"Parent, Jean-Luc",Universite de Sherbrooke,Quebec,Project Grant,201810PJT,Cancer Progression & Therapeutics,The small GTPase Rab4 as a target for breast cancer metastasis,"$100,000 ", $-   , $-   ,,1 yr 0 mth ,Cancer Research,Cancer-Cancer Progression and Metastasis; Cancer-Cancer Drug Development and Therapeutics,10/1/2019,2024-09-30,0,"Rab4, GTPase, breast cancer"
"Parent, Jean-Luc",Universite de Sherbrooke,Quebec,Project Grant,201903PJT,Cancer Progression & Therapeutics,The small GTPase Rab4 as a target for breast cancer metastasis,"$822,376 ", $-   , $-   ,,5 yrs 0 mth ,Cancer Research,Cancer-Cancer Progression and Metastasis; Cancer-Cancer Drug Development and Therapeutics,10/1/2019,2024-09-30,0,"Rab4, GTPase, breast cancer"
"McGillion, Michael H",McMaster University,Ontario,Oper Grant:eHealth Innov Partnership Program(eHIPP)-Seniors w Complex Care Needs,201506EH2,eHealth Innovation Partnership Program (eHIPP): Support of Seniors,"THE SMArT VIEW, CoVeRed: TecHnology Enabled monitoring  and Self-MAnagemenT- VIsion for patient EmpoWerment following  Cardiac and VasculaR surgery","$749,876 ", $-   , $-   ,,4 yrs 0 mth ,Circulatory and Respiratory Health,CARDIOLOGY; HEALTH CARE DELIVERY; CARDIOVASCULAR; HEALTH SERVICES RESEARCH,10/1/2015,2019-09-30,0,"monitoring, vision, patient empowerment"
"Tomkins-Lane, Christy","Mount Royal University (Calgary, Alberta)",Alberta,Catalyst Grant: eHealth Innovations,201210CEH,e-Health Innovation Partnership Program (eHIPP),The Spinal Stenosis Pedometer and Nutrition e-Health Lifestyle Intervention (SSPANLI) Randomized Trial,"$98,968 ", $-   , $-   ,,1 yr 0 mth ,Health Services and Policy Research,"OBESITY; MUSCULO SKELETAL; HEALTH RESEARCH; MUSCLE, BONE, OR JOINT",9/1/2013,2014-08-31,0,"Spinal Stenosis, Pedometer, Nutrition"
"Hay, Annette","Queen's University (Kingston, Ontario)",Ontario,Project Grant,202303PJT,Cancer Biology & Therapeutics,"The TACtful Trial: A first-in-human multi-centre trial of BCMA specific T-cell antigen coupler infusion, generated from cryopreserved G-CSF-mobilized peripheral blood, in patients with relapsed and refractory multiple myeloma.","$3,056,176 ", $-   , $-   ,,5 yrs 0 mth ,Cancer Research,Cancer-Clinical Oncology,10/1/2023,2028-09-30,0,"BCMA, T-cell, multiple myeloma"
"Nepveu, Alain",McGill University,Quebec,Project Grant,201909PJT,Cancer Biology & Therapeutics,The Tumor Suppressor Function of CUX1,"$673,200 ", $-   , $-   ,,4 yrs 0 mth ,Cancer Research,"Molecular, Cellular and Systems Biology-Molecular Biology; Cancer-Mechanisms of Carcinogenesis",4/1/2020,2024-03-31,0,"CUX1, tumor suppressor"
"Carrier, Marc",Ottawa Hospital Research Institute,Ontario,Operating Grant,201003MOP,Cancer Progression & Therapeutics,The Use of Extended Peri-operative Low Molecular Weight Heparin to Improve Cancer Specific Survival Following Surgical Resection of Colon Cancer: A Randomized Controlled Trial,"$816,176 ", $-   , $-   ,,4 yrs 0 mth ,Cancer Research,GASTRO-INTESTINAL CANCER; CLOTTING DEFECTS/THROMBOSIS; CANCER; HEALTH RESEARCH,10/1/2010,2014-09-30,0,"Heparin, Cancer, Surgery"
"Biddiss, Elaine A",University of Toronto,Ontario,Collaborative Health Research Projects (NSERC partnered),201810CPG,Collaborative Health Research Projects - NSERC Partnered,The Virtual Music Teacher: Children of all abilities banding together in early childhood music education,"$511,851 ", $-   , $-   ,,3 yrs 0 mth ,"Human Development, Child and Youth Health",MULTIDISCIPLINARY; HEALTH RESEARCH; SOCIETAL & CULTURAL DIMENSIONS OF HEALTH,4/1/2019,2022-03-31,0,"Virtual, Music, Education"
"Kohandel, Mohammad",University of Waterloo (Ontario),Ontario,Project Grant,201803PJT,Cancer Progression & Therapeutics,"Theoretical, experimental, and preclinical studies of heterogeneity-driven adaptive resistance to chemotherapy: Implications for multimodal targeted therapeutics","$734,400 ", $-   , $-   ,,3 yrs 0 mth ,Cancer Research,Cancer-Cancer Drug Development and Therapeutics,10/1/2018,2021-09-30,0,"adaptive resistance, heterogeneity, targeted therapeutics"
"Orvig, Christopher E",University of British Columbia,British Columbia,Collaborative Health Research Projects (NSERC partnered),201510CPG,Collaborative Health Research Projects - NSERC Partnered,Theranostic Vectors to Treat Cancer with Radiometals,"$359,446 ", $-   , $-   ,,3 yrs 0 mth ,Cancer Research,CANCER THERAPY GENERAL; CANCER; IMAGING,4/1/2016,2019-03-31,0,"Theranostic, Vectors, Radiometals"
"Thomas, David Y",McGill University,Quebec,Operating Grant: Industry-partnered Collaborative Research - Rx&D partner,200903IRO,Industry Partnered Collaborative Research,Therapeutic development of cystic fibrosis correctors,"$480,000 ", $-   , $-   ,,2 yrs 0 mth ,Circulatory and Respiratory Health,RESPIRATION; DRUGS- PHARMACEUTICAL SCIENCE/CHEMISTRY & NON MEDICAL USE OF DRUGS; MOLECULAR BIOLOGY; HEALTH RESEARCH,10/1/2009,2011-09-30,5,"cystic fibrosis, correctors"
"Luke, Patrick",London Health Sciences Centre Res. Inc. (Ont.),Ontario,Project Grant,201809PJT,Biomedical Engineering,Therapeutic potential of bloodless oxygenated perfusion of donor kidneys for prolonged storage and protection for transplantation,"$520,200 ", $-   , $-   ,,4 yrs 0 mth ,Genetics,"Methods Development and Modelling-Quantitative Methods Development for Health Research; Immunology and Infection-Transplantation, Immune Tolerance and Tumor Immunology; Health Services and Systems-Management of Chronic Diseases and Conditions",4/1/2019,2023-03-31,0,"bloodless, oxygenated perfusion, kidneys"
"Moroy, Tarik",Institut de recherches cliniques de Montreal,Quebec,Project Grant,202209PJT,Cancer Biology & Therapeutics,Therapeutic potential of the long non-coding RNA ELDR for the Acute Myeloid Leukemia subtype M5 with t(9;11) translocations,"$992,014 ", $-   , $-   ,,5 yrs 0 mth ,Cancer Research,"Cancer-Mechanisms of Carcinogenesis; Molecular, Cellular and Systems Biology-Molecular Biology",4/1/2023,2028-03-31,0,"long non-coding RNA, Acute Myeloid Leukemia, ELDR"
"Ghahary, Aziz",University of British Columbia,British Columbia,Collaborative Health Research Projects (NSERC partnered),201810CPG,Collaborative Health Research Projects - NSERC Partnered,Therapeutic Use of Micro-Sponge Embedded Nutritional Liquid Scaffold for Treatment of Non-Healing Wounds,"$381,244 ","$15,000 ", $-   ,,3 yrs 0 mth ,Musculoskeletal Health and Arthritis,SKIN AND SUBCUTANEOUS TISSUS; SPINAL CORD DISEASE; HEALTH RESEARCH; AGING,4/1/2019,2022-03-31,0,"Micro-Sponge, Nutritional Liquid, Wounds"
"Petrik, Jim J",University of Guelph,Ontario,Operating Grant,201103MOP,Cancer Progression & Therapeutics,Thrombospondin-1 as a potent anti-tumor and anti-angiogenic factor in ovarian cancer,"$549,816 ", $-   ,"$100,000 ",Ovarian Cancer Canada (Toronto),5 yrs 0 mth ,Cancer Research,CANCER THERAPY GENERAL; CANCER,10/1/2011,2016-09-30,0,"Thrombospondin-1, anti-angiogenic, ovarian cancer"
"Petrik, Jim J",University of Guelph,Ontario,Operating Grant - Priority Announcement: Ovarian Cancer (bridge funding),201009OVA,Cancer Progression & Therapeutics,Thrombospondin-1 as a potent anti-tumor and anti-angiogenic factor in ovarian cancer, $-   , $-   ,"$100,000 ",Ovarian Cancer Canada (Toronto),1 yr 0 mth ,Cancer Research,CANCER THERAPY GENERAL; CANCER,10/1/2011,2012-09-30,0,"Thrombospondin-1, anti-angiogenic, ovarian cancer"
"Fradette, Julie",Universite Laval,Quebec,Operating Grant,201009MOP,Biomedical Engineering,Tissu adipeux humain reconstruit par genie tissulaire: substituts endothelialises et compatibles avec la clinique,"$692,633 ", $-   , $-   ,,5 yrs 0 mth ,Musculoskeletal Health and Arthritis,"INJURY, REGENERATION; SKIN AND SUBCUTANEOUS TISSUS; CELL BIOLOGY; MOLECULAR BIOLOGY",4/1/2011,2016-03-31,0,"adipose tissue, tissue engineering, endothelialization"
"Kandel, Rita A",Sinai Health System (Toronto),Ontario,Operating Grant,201503MOP,Biomedical Engineering,Tissue engineering an intervertebral disc replacement,"$768,657 ", $-   , $-   ,,5 yrs 0 mth ,Musculoskeletal Health and Arthritis,"MUSCULO SKELETAL; MULTIDISCIPLINARY; MUSCLE, BONE, OR JOINT; HEALTH RESEARCH",7/1/2015,2021-06-30,0,"tissue engineering, intervertebral disc"
"Sachlos, Eleftherios","York University (Toronto, Ontario)",Ontario,Project Grant,202209PJT,Biomedical Engineering,Tissue Engineering of 3D bone marrow niche for hematopoietic stem cells vs acute myeloid leukemia stem cell molecular target and therapeutics discovery,"$730,575 ", $-   , $-   ,,5 yrs 0 mth ,Cancer Research,Biomedical Engineering-Regenerative Medicine and Tissue Engineering; Cancer-Cancer Drug Development and Therapeutics,4/1/2023,2028-03-31,0,"tissue engineering, bone marrow, hematopoietic stem cells"
"Bolduc, Stephane",Universite Laval,Quebec,Project Grant,201709PJT,Biomedical Engineering,Tissue Engineering of a functional Urethra for Autologous Reconstruction.,"$562,276 ", $-   , $-   ,,4 yrs 0 mth ,Musculoskeletal Health and Arthritis,"Biomedical Engineering-Regenerative Medicine and Tissue Engineering; Digestive, Endocrine and Excretory Systems-Nephrology and Urology; Molecular, Cellular and Systems Biology-Cell Biology and Physiology",4/1/2018,2022-03-31,0,"Tissue Engineering, Urethra, Autologous"
"Waldman, Stephen D",Toronto Metropolitan University,Ontario,Operating Grant,201403MOP,Biomedical Engineering,Tissue engineering of auricular cartilage implants for external ear reconstruction,"$339,992 ", $-   , $-   ,,4 yrs 0 mth ,Musculoskeletal Health and Arthritis,"SKIN AND SUBCUTANEOUS TISSUS; CONGENITAL ANOMALIES; MUSCLE, BONE, OR JOINT; BIOPHYSICS",7/1/2014,2018-06-30,1,"tissue engineering, auricular cartilage, ear reconstruction"
"Antoniou, John",CIUSSS de Centre-Ouest-de-l'Ile-de-Montreal-Jewish General,Quebec,Operating Grant,201009MOP,Biomedical Engineering,Tissue Engineering of Intervertebral Discs,"$328,001 ", $-   , $-   ,,3 yrs 0 mth ,Musculoskeletal Health and Arthritis,"MUSCULO SKELETAL; ARTHRITIS/OSTEOARTHRITIS; MUSCLE, BONE, OR JOINT; CELL BIOLOGY",4/1/2011,2014-03-31,1,"Tissue engineering, Intervertebral discs"
"Rak, Janusz",Research Institute of the McGill University Health Centre,Quebec,Operating Grant,200909MOP,Cancer Progression & Therapeutics,Tissue factor in tumour progression and angiogenesis,"$744,120 ", $-   , $-   ,,5 yrs 0 mth ,Cancer Research,CANCER THERAPY GENERAL; BRAIN TUMORS THERAPY; CANCER; CELL BIOLOGY,4/1/2010,2015-03-31,0,"Tissue factor, tumour progression, angiogenesis"
"Kinsella, Joseph",McGill University,Quebec,Project Grant,202309PJT,Biomedical Engineering 2,Tissue-engineered humanized model of the gastric tumor microenvironment to mechanistically evaluate the dynamics of combined tumor-infiltrating lymphocyte and RNA nanoparticle therapy,"$1,051,875 ", $-   , $-   ,,5 yrs 0 mth ,Cancer Research,"Biomedical Engineering-Biomaterials, Nanotechnology and Biomechanics; Biomedical Engineering-Regenerative Medicine and Tissue Engineering; Cancer-Cancer Drug Development and Therapeutics",4/1/2024,2029-03-31,0,"tissue-engineering, gastric tumor, RNA nanoparticle"
"Bolduc, Stephane",Universite Laval,Quebec,Project Grant,202104PJT,Biomedical Engineering,"Tissue-engineered solutions for uro-genital reconstruction, and replacing banned synthetic meshes.","$868,276 ", $-   , $-   ,,5 yrs 0 mth ,Gender and Health,"Biomedical Engineering-Regenerative Medicine and Tissue Engineering; Reproduction and Development-Developmental Biology and Organogenesis; Molecular, Cellular and Systems Biology-Cell Biology and Physiology",10/1/2021,2026-09-30,0,"tissue-engineered, uro-genital, synthetic meshes"
"Bolduc, Stephane",Universite Laval,Quebec,Project Grant - PA: Sex and Gender in Health Research (Bridge funding),202010PJX,Biomedical Engineering,"Tissue-engineered solutions for uro-genital reconstruction, and replacing banned synthetic meshes.","$100,000 ", $-   , $-   ,,1 yr 0 mth ,Gender and Health,"Biomedical Engineering-Regenerative Medicine and Tissue Engineering; Reproduction and Development-Developmental Biology and Organogenesis; Molecular, Cellular and Systems Biology-Cell Biology and Physiology",10/1/2021,2026-09-30,0,"tissue-engineered, uro-genital, synthetic meshes"
"Skowronski, Danuta Maria",University of British Columbia,British Columbia,Vaccines of the 21st Century,200903CVC,Catalyst Grant: Vaccines of the 21st Century,TITRE II: TIV Infant/Toddler Response Evaluation (TITRE) - follow-up & focus on influenza B,"$100,000 ", $-   , $-   ,,1 yr 0 mth ,Infection and Immunity,EPIDEMIOLOGY; VIRAL; POPULATION HEALTH; VIROLOGY,10/1/2009,2010-09-30,0,"Infant, Response, Influenza B"
"Bourgeois-Daigneault, Marie-Claude",Centre hospitalier de l'Universite de Montreal (CHUM),Quebec,Project Grant,202010PJT,Cancer Biology & Therapeutics,"To uncover, understand and exploit the estrogen-oncolytic virus crosstalk to improve therapy","$768,825 ", $-   , $-   ,,5 yrs 0 mth ,Cancer Research,Cancer-Cancer Drug Development and Therapeutics,4/1/2021,2026-03-31,0,"estrogen, oncolytic virus, crosstalk"
"Granville, David J",University of British Columbia,British Columbia,Operating Grant: Industry-partnered Collaborative Research,201203IPR,Industry Partnered Collaborative Research,Topical Granzyme B Inhibitor Research and Development,"$471,851 ", $-   , $-   ,,3 yrs 0 mth ,Musculoskeletal Health and Arthritis,SKIN AND SUBCUTANEOUS TISSUS; AGING; DRUG RESEARCH,10/1/2012,2015-09-30,9,"Granzyme B, Inhibitor"
"Arrowsmith, Cheryl H",University of Toronto,Ontario,Operating Grant: Industry-partnered Collaborative Research,201209IPR,Industry Partnered Collaborative Research,Toward epigenetic therapy for colon cancer,"$1,016,046 ", $-   , $-   ,,5 yrs 0 mth ,Cancer Research,"GASTRO-INTESTINAL CANCER; GASTRO-INTESTINAL CANCER THERAPY; GENOMICS, PROTEOMICS, AND BIOINFORMATICS; CANCER",4/1/2013,2018-03-31,0,"epigenetic, colon cancer"
"Nelson, Brad H",University of British Columbia,British Columbia,Operating Grant,201003MOP,Cancer Biology & Therapeutics,Toward personalized immunotherapy: identifying tumour-specific factors that dictate the response of spontaneous mammary cancers to T cells,"$671,932 ", $-   , $-   ,,5 yrs 0 mth ,Cancer Research,BREAST CANCER THERAPY; CANCER THERAPY GENERAL; CANCER; IMMUNOLOGY-TRANSPLANTATION,10/1/2010,2015-09-30,1,"immunotherapy, tumor-specific factors, T cells"
"Duval, Michel","Centre hospitalier universitaire Sainte-Justine (Montreal, Quebec)",Quebec,Operating Grant,201503MOP,Cancer Biology & Therapeutics,Toward the cure of neuroblastoma: innovative immunotherapeutic approaches,"$996,969 ", $-   , $-   ,,5 yrs 0 mth ,Cancer Research,CANCER THERAPY GENERAL; CANCER,7/1/2015,2020-06-30,0,"neuroblastoma, immunotherapy, approaches"
"Labelle, Hubert B","Centre hospitalier universitaire Sainte-Justine (Montreal, Quebec)",Quebec,Operating Grant,201003MOP,Biomedical Engineering,Towards a 3-D classification of adolescent idiopathic scoliosis,"$184,598 ", $-   , $-   ,,3 yrs 0 mth ,Musculoskeletal Health and Arthritis,"MUSCULO SKELETAL; SPINAL CORD DISEASE; MUSCLE, BONE, OR JOINT; IMAGING",10/1/2010,2013-09-30,0,"3-D, classification, scoliosis"
"Done, Susan J",University Health Network (Toronto),Ontario,Operating Grant,201109MOP,Cancer Progression & Therapeutics 2,Towards a Better Understanding of Breast Cancer Intratumoural Heterogeneity,"$403,829 ", $-   , $-   ,,3 yrs 0 mth ,Cancer Research,BREAST CANCER; NEOPLASMS; CANCER; GENETICS,4/1/2012,2015-03-31,0,"breast cancer, intratumoural heterogeneity"
"Cripton, Peter A",University of British Columbia,British Columbia,Operating Grant,201203MOP,Biomedical Engineering,Towards a Cervical Spine Injury Tolerance Criterion that incorporates Lateral Bending Loading,"$420,848 ", $-   , $-   ,,4 yrs 0 mth ,Musculoskeletal Health and Arthritis,"MUSCULO SKELETAL; INJURY, REGENERATION; MUSCLE, BONE, OR JOINT; NERVOUS SYSTEM",10/1/2012,2016-09-30,0,"Cervical Spine, Injury Tolerance, Lateral Bending"
"Watts, Tania H",University of Toronto,Ontario,Operating Grant: COVID-19 Rapid Research Funding Opportunity - Vaccines,202005VR1,COVID-19 Rapid Research - Vaccines,Towards a comprehensive understanding of adaptive immunity to SARS-CoV-2,"$1,069,730 ", $-   , $-   ,,1 yr 0 mth ,Infection and Immunity,INFECTIOUS AND PARASITIC; VIRAL; IMMUNOLOGY-TRANSPLANTATION,6/1/2020,2021-05-31,0,"adaptive immunity, SARS-CoV-2"
"Seuntjens, Jan P",University Health Network (Toronto),Ontario,Project Grant,202203PJT,Medical Physics & Imaging,"Towards a low-cost, optimized proton therapy accelerator","$1,369,352 ", $-   , $-   ,,4 yrs 0 mth ,Cancer Research,"Biomedical Engineering-Biophysics, Medical Technologies and Instrumentation",10/1/2022,2026-09-30,0,"proton therapy, accelerator"
"Beauregard, Jean-Mathieu",Universite Laval,Quebec,Project Grant,202109PJT,Medical Physics & Imaging,Towards Personalized Dosimetry-Based Radioligand Therapy of Prostate Cancer as a New Standard of Practice,"$960,075 ", $-   , $-   ,,5 yrs 0 mth ,Cancer Research,Biomedical Engineering-Biomedical Imaging; Cancer-Cancer Drug Development and Therapeutics; Artificial Intelligence-Machine Learning,4/1/2022,2027-03-31,0,"Dosimetry, Radioligand, Prostate Cancer"
"Yun, Jihyun",University of Alberta,Alberta,Project Grant,202003PJT,Medical Physics & Imaging,"Towards the non-invasive, most accurate radiotherapy of mobile tumours in a hybrid linac-MR system","$550,800 ", $-   , $-   ,,5 yrs 0 mth ,Cancer Research,"Cancer-Cancer Drug Development and Therapeutics; Biomedical Engineering-Biophysics, Medical Technologies and Instrumentation",10/1/2020,2025-09-30,0,"radiotherapy, mobile tumours, linac-MR"
"Dirks, Peter B",Hospital for Sick Children (Toronto),Ontario,Project Grant,202104PJT,Cancer Biology & Therapeutics 2,Tracing the Cellular and Molecular Origins of Mouse and Human Medulloblastoma,"$956,250 ", $-   , $-   ,,5 yrs 0 mth ,Cancer Research,Cancer-Pediatric Cancer; Cancer-Mechanisms of Carcinogenesis; Neurosciences-Neurodevelopment,10/1/2021,2026-09-30,0,"cellular, molecular, medulloblastoma"
"Ruthazer, Edward S",McGill University,Quebec,"Catalyst Grant: Invention and High-Risk, High-Benefit Research",200903NHG,"Inventions, Technologies, or High Risk Grants",Transcellular Complementation of Split GFPs and Split Inteins for Mapping Neuronal Circuitry,"$298,212 ", $-   , $-   ,,3 yrs 0 mth ,"Neurosciences, Mental Health and Addiction",CNS ORGANIC; SCHIZOPHRENIA; CELL BIOLOGY; NERVOUS SYSTEM,10/1/2009,2012-09-30,0,"GFPs, Inteins, Neuronal Circuitry"
"Nepveu, Alain",McGill University,Quebec,Operating Grant,200903MOP,Cancer Biology & Therapeutics,Transcription and Translesion Synthesis,"$699,673 ", $-   , $-   ,,5 yrs 0 mth ,Cancer Research,NEOPLASMS; NONE OF THE ABOVE; MOLECULAR BIOLOGY; CANCER,10/1/2009,2014-09-30,1,"Transcription, Translesion Synthesis"
"Dutz, Jan P",University of British Columbia,British Columbia,Collaborative Health Research Projects (NSERC partnered),201210CPG,Collaborative Health Research Projects - NSERC Partnered,Transcutaneous microsphere vaccine technology,"$300,000 ", $-   , $-   ,,3 yrs 0 mth ,Musculoskeletal Health and Arthritis,MULTIPLE DISEASE RELEVANCE; INFECTIOUS AND PARASITIC; IMMUNOLOGY-TRANSPLANTATION; DRUG RESEARCH,4/1/2013,2016-03-31,0,"Transcutaneous, microsphere, vaccine"
"Cattral, Mark S",University Health Network (Toronto),Ontario,Project Grant,201903PJT,Cancer Biology & Therapeutics,Transformation of the Tumor Microenvironment with Genetically-modifed Dendritic Cells for T cell-mediated Immunotherapy,"$921,826 ", $-   , $-   ,,5 yrs 0 mth ,Cancer Research,Cancer-Cancer Drug Development and Therapeutics,10/1/2019,2024-09-30,0,"Tumor, Dendritic Cells, Immunotherapy"
"Menon, Carlo","Simon Fraser University (Burnaby, B.C.)",British Columbia,Collaborative Health Research Projects (NSERC partnered),201711CPG,Collaborative Health Research Projects - NSERC Partnered,Transformative Ankle Bracelet,"$231,245 ","$6,500 ", $-   ,,3 yrs 0 mth ,"Neurosciences, Mental Health and Addiction","STROKE, HEART FAILURE; HEALTH RESEARCH",4/1/2018,2021-03-31,1,"Ankle, Bracelet"
"Towler, Mark R",Toronto Metropolitan University,Ontario,Collaborative Health Research Projects (NSERC partnered),201310CPG,Collaborative Health Research Projects - NSERC Partnered,Transformative Bioglass Coatings for Surgical Applications.,"$320,161 ", $-   , $-   ,,3 yrs 0 mth ,Musculoskeletal Health and Arthritis,"MUSCULO SKELETAL; OSTEOPOROSIS; MUSCLE, BONE, OR JOINT; BIOCHEMISTRY",4/1/2014,2017-03-31,3,"Bioglass, Coatings, Surgical"
"Kizhakkedathu, Jayachandran N",University of British Columbia,British Columbia,Project Grant,202403PJT,Biomedical Engineering 2,Transfusion Without Blood Typing: Enzymatic Glycoengineering Towards 'True' Universal Blood,"$1,013,626 ", $-   , $-   ,,5 yrs 0 mth ,Circulatory and Respiratory Health,"Biomedical Engineering-Regenerative Medicine and Tissue Engineering; Biomedical Engineering-Biomaterials, Nanotechnology and Biomechanics",10/1/2024,2029-09-30,0,"transfusion, blood typing, glycoengineering"
"Nielsen, Torsten O",University of British Columbia,British Columbia,Project Grant,202303PJT,Cancer Progression & Therapeutics,Translating Epigenomics into Clinical Care for Synovial Sarcoma,"$948,600 ", $-   , $-   ,,5 yrs 0 mth ,Cancer Research,Cancer-Pediatric Cancer; Genetics-Molecular and Functional Genetics and Epigenetics; Cancer-Cancer Progression and Metastasis,10/1/2023,2028-09-30,0,"Epigenomics, Synovial Sarcoma, Clinical Care"
"Nielsen, Torsten O",University of British Columbia,British Columbia,Project Grant - Priority Announcement: Pediatric Cancer Research,202209PDI,Cancer Progression & Therapeutics 2,Translating Epigenomics into Clinical Care for Synovial Sarcoma,"$100,000 ", $-   , $-   ,,1 yr 0 mth ,Cancer Research,Cancer-Pediatric Cancer; Genetics-Molecular and Functional Genetics and Epigenetics; Cancer-Cancer Progression and Metastasis,10/1/2023,2028-09-30,0,"Epigenomics, Synovial Sarcoma, Clinical Care"
"Craig, Andrew W","Queen's University (Kingston, Ontario)",Ontario,Project Grant,202104PJT,Cancer Progression & Therapeutics 2,Translating synthetic lethality with common driver events into targeted therapies for high fatality cancers,"$911,116 ", $-   , $-   ,,5 yrs 0 mth ,Cancer Research,Cancer-Cancer Drug Development and Therapeutics,10/1/2021,2026-09-30,1,"synthetic lethality, driver events, targeted therapies"
"de Kemp, Robert",Ottawa Heart Institute Research Corporation (Ontario),Ontario,Operating Grant,201309MOP,Medical Physics & Imaging,Translational Imaging of Coronary Endothelial Function with Positron Tomography,"$391,460 ", $-   , $-   ,,4 yrs 0 mth ,Circulatory and Respiratory Health,ATHEROSCLEROSIS; CORONARY CIRCULATION (INCL. INSUFFICIENCY); CARDIOVASCULAR; IMAGING,4/1/2014,2018-03-31,0,"Imaging, Coronary, Positron"
"Kerbel, Robert S","Sunnybrook Research Institute (Toronto, Ontario)",Ontario,Operating Grant,201109MOP,Cancer Progression & Therapeutics 2,Translational studies of acquired resistance to antiangiogenic therapies undertaken in new preclinical models of locally advanced or metastatic cancer,"$781,655 ", $-   , $-   ,,5 yrs 0 mth ,Cancer Research,CANCER THERAPY GENERAL; NEOPLASMS,4/1/2012,2017-03-31,0,"antiangiogenic, resistance, cancer"
"Matsubara, Joanne A",University of British Columbia,British Columbia,Project Grant,201903PJT,Biomedical Engineering,Treating advanced retinal degeneration - rebuilding multiple co-dependent retinal layers with stem cells,"$856,800 ", $-   , $-   ,,4 yrs 0 mth ,Aging,"Biomedical Engineering-Regenerative Medicine and Tissue Engineering; Biomedical Engineering-Biophysics, Medical Technologies and Instrumentation; Biomedical Engineering-Biomaterials, Nanotechnology and Biomechanics; Biomedical Imaging",10/1/2019,2023-09-30,0,"retinal degeneration, stem cells, retinal layers"
"Whyne, Cari M","Sunnybrook Research Institute (Toronto, Ontario)",Ontario,Project Grant,201709PJT,Biomedical Engineering,Treatment induced changes to bone quality: Impact on the skeletal stability of the metastatic spine,"$966,960 ", $-   , $-   ,,4 yrs 0 mth ,Musculoskeletal Health and Arthritis,"Biomedical Engineering-Biomaterials, Nanotechnology and Biomechanics; Musculoskeletal Health-Bone, Skin and Cartilage Sciences; Cancer-Cancer Progression and Metastasis",4/1/2018,2022-03-31,1,"bone, skeletal, metastasis"
"Lubell, William D",Universite de Montreal,Quebec,Collaborative Health Research Projects (NSERC partnered),201310CPG,Collaborative Health Research Projects - NSERC Partnered,Treatment of Age Related Macular Degeneration with CD36 Receptor Modulators,"$541,155 ", $-   , $-   ,,3 yrs 0 mth ,Aging,AGING; DISEASES AFFECTING SPEECH/VISION/HEARING; VISION,4/1/2014,2017-03-31,3,"Macular Degeneration, CD36, Receptor"
"Lubell, William D",Universite de Montreal,Quebec,Collaborative Health Research Projects (NSERC partnered),201410CPG,Collaborative Health Research Projects - NSERC Partnered,Treatment of Preterm Birth with ProstaglandinF2alpha Receptor Modulators,"$429,975 ", $-   , $-   ,,3 yrs 0 mth ,Aging,PREGNANCY/BIRTH; AGING; REPRODUCTION/PREGNANCY,4/1/2015,2018-03-31,1,"Preterm Birth, ProstaglandinF2alpha, Receptor Modulators"
"Done, Susan J",University Health Network (Toronto),Ontario,Project Grant,202203PJT,Cancer Progression & Therapeutics,Triple negative breast cancer intratumour heterogeneity and disease progression,"$1,086,300 ", $-   , $-   ,,5 yrs 0 mth ,Cancer Research,Cancer-Cancer Progression and Metastasis,10/1/2022,2027-09-30,0,"breast cancer, intratumour heterogeneity, disease progression"
"Ilangumaran, Subburaj",Universite de Sherbrooke,Quebec,Operating Grant,201003MOP,Cancer Biology & Therapeutics,Tumor immunotherapy: enhancing the efficacy of cytotoxic T lymphocytes by IL-21 and IL-15,"$343,654 ", $-   , $-   ,,3 yrs 0 mth ,Cancer Research,CANCER THERAPY GENERAL; CANCER; IMMUNOLOGY-TRANSPLANTATION,10/1/2010,2013-09-30,0,"tumor, immunotherapy, cytotoxic T lymphocytes"
"Price, Eric W",University of Saskatchewan,Saskatchewan,Project Grant,202303PJT,Medical Physics & Imaging,"Tumor targeted, radiolabeled, mimetic nanovesicle theranostics for imaging and treating head and neck cancer","$963,900 ", $-   , $-   ,,5 yrs 0 mth ,Cancer Research,"Pharmacological, Toxicological and Pharmaceutical Sciences-Drug Discovery, Design and Delivery; Cancer-Cancer Drug Development and Therapeutics; Biomedical Engineering-Biomaterials, Nanotechnology and Biomechanics",10/1/2023,2028-09-30,0,"tumor, radiolabeled, nanovesicle"
"Nelson, Brad H",University of Victoria (British Columbia),British Columbia,Operating Grant,200903MOP,Cancer Biology & Therapeutics,Tumor-infiltrating T cells in ovarian cancer: functional impact on patient survival,"$421,287 ", $-   , $-   ,,3 yrs 0 mth ,Cancer Research,CANCER THERAPY GENERAL; INFECTIOUS AND PARASITIC; CANCER; IMMUNOLOGY-TRANSPLANTATION,10/1/2009,2012-09-30,1,"Tumor-infiltrating T cells, ovarian cancer, patient survival"
"Pin, Christopher L",Western University (Ontario),Ontario,Project Grant - Priority Announcement: Cancer Research,202209PJS,Cancer Biology & Therapeutics,Tumour cell reprogramming in pancreatic ductal adenocarcinoma as a means for therapeutic resistance,"$100,000 ", $-   , $-   ,,1 yr 0 mth ,Cancer Research,"Cancer-Cancer Drug Development and Therapeutics; Molecular, Cellular and Systems Biology-Molecular Biology; Methods Development and Modelling-Computational Biology",3/1/2023,2024-02-29,0,"tumour cell reprogramming, pancreatic ductal adenocarcinoma, therapeutic resistance"
"Lange, Philipp",University of British Columbia,British Columbia,Project Grant,201909PJT,Cancer Progression & Therapeutics 2,Tumour microenvironment mediated cell surface shedding creates unique targets and markers,"$952,425 ", $-   , $-   ,,5 yrs 0 mth ,Cancer Research,"Cancer-Cancer Drug Development and Therapeutics; Cancer-Pediatric Cancer; Genetics-Genomics, Transcriptomics and Proteomics",4/1/2020,2025-03-31,0,"tumour, microenvironment, cell surface"
"Teodoro, Jose G",McGill University,Quebec,Operating Grant,201103MOP,Cancer Progression & Therapeutics 2,Tumour suppressor mediated mechanisms of angiogenesis inhibition,"$377,699 ", $-   , $-   ,,3 yrs 0 mth ,Cancer Research,CANCER THERAPY GENERAL; LUNG CANCER,10/1/2011,2014-09-30,0,"tumour suppressor, angiogenesis"
"Ailles, Laurie E",University Health Network (Toronto),Ontario,Operating Grant,201209MOP,Cancer Progression & Therapeutics 2,Tumour-Initiating Cells in Oral Cancer Patients: Predictors of Outcome and Identification of Candidate Therapeutic Targets,"$523,091 ", $-   , $-   ,,4 yrs 0 mth ,Cancer Research,NEOPLASMS; CANCER; HEALTH RESEARCH,4/1/2013,2017-03-31,0,"Tumour-Initiating Cells, Oral Cancer, Therapeutic Targets"
"Schild-Poulter, Caroline",Western University (Ontario),Ontario,Project Grant,201909PJT,Cancer Biology & Therapeutics 2,Tumour-suppressive regulation of the Wnt/e-catenin signaling pathway by the CTLH complex,"$807,075 ", $-   , $-   ,,5 yrs 0 mth ,Cancer Research,Cancer-Mechanisms of Carcinogenesis,4/1/2020,2025-03-31,0,"Wnt, e-catenin, CTLH"
"Rafei, Moutih",Universite de Montreal,Quebec,Project Grant,202403PJT,Cancer Biology & Therapeutics,Tuning-up thymopoiesis by targeting interleukin-21 to the bone marrow,"$1,139,850 ", $-   , $-   ,,5 yrs 0 mth ,Cancer Research,Cancer-Cancer Drug Development and Therapeutics,10/1/2024,2029-09-30,0,"thymopoiesis, interleukin-21, bone marrow"
"Menon, Ravi S",Western University (Ontario),Ontario,Operating Grant,201009MOP,Medical Physics & Imaging,Ultra high field MRI measurements of tissue magnetic susceptibility in Multiple Sclerosis,"$912,635 ", $-   , $-   ,,5 yrs 0 mth ,"Neurosciences, Mental Health and Addiction",MULTIPLE SCLEROSIS; CNS ORGANIC; IMAGING; NERVOUS SYSTEM,4/1/2011,2016-03-31,0,"MRI, magnetic susceptibility, Multiple Sclerosis"
"Matsuura, Naomi",University of Toronto,Ontario,Project Grant,201909PJT,Biomedical Engineering,Ultrasound activated bubbles to potentiate cancer therapy,"$455,176 ", $-   , $-   ,,4 yrs 0 mth ,Cancer Research,"Biomedical Engineering-Biomaterials, Nanotechnology and Biomechanics; Biomedical Engineering-Biomedical Imaging",4/1/2020,2024-03-31,0,"Ultrasound, Bubbles, Cancer"
"Rohling, Robert N",University of British Columbia,British Columbia,Operating Grant,201209MOP,Medical Physics & Imaging,Ultrasound Guidance for Epidural Analgesia and Anesthesia,"$434,490 ", $-   , $-   ,,4 yrs 0 mth ,Musculoskeletal Health and Arthritis,"PREGNANCY/BIRTH; MUSCULO SKELETAL; IMAGING; MUSCLE, BONE, OR JOINT",4/1/2013,2017-03-31,2,"Ultrasound, Epidural, Analgesia"
"Burns, Peter N","Sunnybrook Research Institute (Toronto, Ontario)",Ontario,Operating Grant,201209MOP,Medical Physics & Imaging,Ultrasound Imaging Investigation of Resistance and Adaptation to Targeted Anti-cancer Therapeutics,"$579,409 ", $-   , $-   ,,5 yrs 0 mth ,Cancer Research,CANCER THERAPY GENERAL; IMAGING; BIOPHYSICS,4/1/2013,2018-03-31,1,"Ultrasound, Imaging, Anti-cancer"
"Kolios, Michael C",Toronto Metropolitan University,Ontario,Collaborative Health Research Projects (NSERC partnered),201810CPG,Collaborative Health Research Projects - NSERC Partnered,Ultrasound Platform for A Priori Therapy Response Prediction,"$453,500 ", $-   , $-   ,,3 yrs 0 mth ,Cancer Research,BREAST CANCER; CANCER THERAPY GENERAL; CANCER; BIOPHYSICS,4/1/2019,2022-03-31,2,"Ultrasound, Therapy Response, Prediction"
"Helfield, Brandon","Concordia University (Montreal, Quebec)",Quebec,Project Grant,202303PJT,Medical Physics & Imaging,Ultrasound-assisted microRNA delivery towards the treatment of pathological cardiac hypertrophy,"$355,726 ", $-   , $-   ,,3 yrs 0 mth ,Circulatory and Respiratory Health,"Biomedical Engineering-Biomedical Imaging; Biomedical Engineering-Biophysics, Medical Technologies and Instrumentation",10/1/2023,2026-09-30,0,"ultrasound, microRNA, cardiac hypertrophy"
"O'Reilly, Meaghan","Sunnybrook Research Institute (Toronto, Ontario)",Ontario,Project Grant,201809PJT,Medical Physics & Imaging,Ultrasound-Mediated Drug Delivery to the Spinal Cord,"$673,200 ", $-   , $-   ,,5 yrs 0 mth ,"Neurosciences, Mental Health and Addiction","Biomedical Engineering-Biophysics, Medical Technologies and Instrumentation; Biomedical Engineering-Biomedical Imaging",4/1/2019,2024-03-31,0,"Ultrasound, Drug Delivery, Spinal Cord"
"Czarnota, Gregory J","Sunnybrook Research Institute (Toronto, Ontario)",Ontario,Project Grant,201803PJT,Medical Physics & Imaging,Ultrasound-Stimulated Microbubble Enhancement of Tumour Radiation Response,"$795,600 ", $-   , $-   ,,3 yrs 0 mth ,Cancer Research,"Biomedical Engineering-Biophysics, Medical Technologies and Instrumentation; Cancer-Cancer Drug Development and Therapeutics",10/1/2018,2021-09-30,0,"Ultrasound, Microbubble, Radiation"
"Collins, Colin C",University of British Columbia,British Columbia,Project Grant,202010PJT,Cancer Biology & Therapeutics 2,Uncovering early mediators of lineage plasticity and validation of a metabolic vulnerability in neuroendocrine prostate cancer,"$1,147,500 ", $-   , $-   ,,5 yrs 0 mth ,Cancer Research,"Cancer-Cancer Progression and Metastasis; Molecular, Cellular and Systems Biology-Molecular Biology",4/1/2021,2026-03-31,0,"lineage plasticity, metabolic vulnerability, neuroendocrine prostate cancer"
"Chenoweth, Meghan J",Centre for Addiction and Mental Health (Toronto),Ontario,Catalyst Grant: NWHRI: Innovation Fund - Biomedical Discovery Grants,202307NWI,NWHRI: Innovation Fund - Biomedical Discovery Grants,Uncovering the biological liability to migraine and anxiety in women,"$149,500 ", $-   , $-   ,,1 yr 0 mth ,Genetics,MENTAL AND BEHAVIOURAL DISEASES; GENETICS; MENTAL HEALTH,2/1/2024,2025-01-31,0,"biological, migraine, anxiety"
"Tabori, Uri",Hospital for Sick Children (Toronto),Ontario,Project Grant,202209PJT,Cancer Progression & Therapeutics 2,Uncovering the mechanism and impact of novel genetic and epigenetic promoter alterations on tissue-specific mismatch repair deficient cancers,"$1,147,500 ", $-   , $-   ,,5 yrs 0 mth ,Population and Public Health,Cancer-Mechanisms of Carcinogenesis; Genetics-Molecular and Functional Genetics and Epigenetics; Methods Development and Modelling-Quantitative Methods Development for Health Research,4/1/2023,2028-03-31,1,"genetic, epigenetic, mismatch repair"
"Zadeh, Gelareh",University Health Network (Toronto),Ontario,Project Grant,202203PJT,Cancer Progression & Therapeutics 2,Uncovering the molecular biomarkers of radiation responsiveness in meningiomas,"$1,051,876 ", $-   , $-   ,,5 yrs 0 mth ,Cancer Research,Cancer-Cancer Progression and Metastasis,10/1/2022,2027-09-30,0,"molecular biomarkers, radiation, meningiomas"
"Hoang, Trang K",Universite de Montreal,Quebec,Project Grant,202303PJT,Cancer Biology & Therapeutics,Uncovering tumor specific antigens and vulnerabilities in ETP-acute lymphoblastic leukemia,"$856,800 ", $-   , $-   ,,5 yrs 0 mth ,Cancer Research,"Cancer-Cancer Drug Development and Therapeutics; Cancer-Pediatric Cancer; Immunology and Infection-Transplantation, Immune Tolerance and Tumor Immunology",10/1/2023,2028-09-30,0,"tumor antigens, vulnerabilities, leukemia"
"Lesage, Frederic",Polytechnique Montreal,Quebec,Project Grant,202003PJT,Medical Physics & Imaging,Underpinning neuro-vascular decoupling in resting state networks of vascular diseases,"$761,176 ", $-   , $-   ,,5 yrs 0 mth ,Circulatory and Respiratory Health,"Cardiovascular, Respiratory and Circulatory Systems-Cerebrovascular Sciences (including stroke); Biomedical Engineering-Biomedical Imaging",10/1/2020,2025-09-30,0,"neuro-vascular, decoupling, resting state networks"
"Durocher, Daniel",Sinai Health System (Toronto),Ontario,Project Grant,202104PJT,Cancer Biology & Therapeutics,Understanding and exploiting the CIP2A-BRCA synthetic lethality,"$882,046 ", $-   , $-   ,,5 yrs 0 mth ,Cancer Research,"Cancer-Cancer Drug Development and Therapeutics; Genetics-Molecular and Functional Genetics and Epigenetics; Molecular, Cellular and Systems Biology-Molecular Biology",7/1/2022,2027-06-30,1,"CIP2A, BRCA, synthetic lethality"
"Durocher, Daniel",Sinai Health System (Toronto),Ontario,Operating Grant,201309MOP,Cancer Biology & Therapeutics,Understanding DNA repair pathway choice control.,"$978,785 ", $-   , $-   ,,5 yrs 0 mth ,Cancer Research,CANCER THERAPY GENERAL; CARCINOGENS (INCL ENVIRONMENTAL); MOLECULAR BIOLOGY; CANCER,4/1/2014,2015-06-30,5,"DNA, repair, pathway"
"Carreau, Madeleine",Universite Laval,Quebec,Project Grant,201803PJT,Cancer Progression & Therapeutics,Understanding Head and Neck Squamous Cell Carcinoma onset in young adults,"$680,850 ", $-   , $-   ,,5 yrs 0 mth ,Cancer Research,"Cancer-Mechanisms of Carcinogenesis; Molecular, Cellular and Systems Biology-Molecular Biology",10/1/2018,2023-09-30,0,"Head, Neck, Carcinoma"
"Ursini-Siegel, Giuseppina",CIUSSS de Centre-Ouest-de-l'Ile-de-Montreal-Jewish General,Quebec,Project Grant,201909PJT,Cancer Biology & Therapeutics,Understanding how oxidative stress influences tumor evolution via metabolic reprogramming,"$975,375 ", $-   , $-   ,,5 yrs 0 mth ,Cancer Research,Cancer-Cancer Progression and Metastasis,4/1/2020,2025-03-31,0,"oxidative stress, tumor, metabolic reprogramming"
"Moorehead, Roger A",University of Guelph,Ontario,Project Grant,201809PJT,Cancer Biology & Therapeutics 2,Understanding how the miR-200 family prevents tumor initiation and impairs tumor growth,"$837,675 ", $-   , $-   ,,5 yrs 0 mth ,Cancer Research,"Cancer-Mechanisms of Carcinogenesis; Molecular, Cellular and Systems Biology-Molecular Biology",4/1/2019,2024-03-31,0,"miR-200, tumor, growth"
"Pugh, Trevor J",University Health Network (Toronto),Ontario,Project Grant,202010PJT,Cancer Progression & Therapeutics,Understanding inevitable relapse of multiple myeloma following highly-effective anti-BCMA treatment,"$990,676 ", $-   , $-   ,,4 yrs 0 mth ,Cancer Research,"Cancer-Cancer Progression and Metastasis; Genetics-Genomics, Transcriptomics and Proteomics",4/1/2021,2025-03-31,0,"multiple myeloma, anti-BCMA, relapse"
"Piche, Alain",Universite de Sherbrooke,Quebec,Operating Grant,201103MOP,Cancer Progression & Therapeutics,Understanding the contribution of ovarian cancer ascites to drug and death receptor resistance,"$338,166 ", $-   , $-   ,,3 yrs 0 mth ,Cancer Research,NEOPLASMS; CANCER THERAPY GENERAL; CANCER; CELL BIOLOGY,10/1/2011,2014-09-30,0,"ovarian cancer, ascites, resistance"
"Lockwood, William W",University of British Columbia,British Columbia,Project Grant,202104PJT,Cancer Biology & Therapeutics 2,Understanding the effects of ERK hyperactivation in cancer: implications for therapy,"$956,250 ", $-   , $-   ,,5 yrs 0 mth ,Cancer Research,Cancer-Cancer Drug Development and Therapeutics,10/1/2021,2026-09-30,0,"ERK, hyperactivation, cancer"
"Gobeil, Stephane",Universite Laval,Quebec,Operating Grant,201009MOP,Cancer Progression & Therapeutics 2,Understanding the function and regulation of the new metastasis suppressor gene Growth Arrest Specific 1 (GAS1),"$452,248 ", $-   , $-   ,,4 yrs 0 mth ,Cancer Research,SKIN AND SUBCUTANEOUS TISSUS; NEOPLASMS; CANCER; MOLECULAR BIOLOGY,4/1/2011,2015-03-31,0,"metastasis, suppressor gene, GAS1"
"Sauvageau, Guy",Universite de Montreal,Quebec,Project Grant,202109PJT,Cancer Progression & Therapeutics 2,Understanding the GR/PLZF axis in acute myeloid leukemia,"$908,438 ", $-   , $-   ,,5 yrs 0 mth ,Cancer Research,Cancer-Cancer Drug Development and Therapeutics; Genetics-Molecular and Functional Genetics and Epigenetics,4/1/2022,2027-03-31,0,"GR, PLZF, leukemia"
"Dacosta, Ralph S",University Health Network (Toronto),Ontario,Project Grant,202003PJT,Cancer Progression & Therapeutics 2,Understanding the Interaction of Acute Myeloid Leukemia with the Bone Marrow Microenvironment: Elucidating New Therapeutic Targets Through In Vivo Imaging,"$612,000 ", $-   , $-   ,,4 yrs 0 mth ,Cancer Research,"Cancer-Cancer Drug Development and Therapeutics; Cancer-Cancer Progression and Metastasis; Molecular, Cellular and Systems Biology-Cell Biology and Physiology",10/1/2020,2024-09-30,1,"Acute Myeloid Leukemia, Bone Marrow, In Vivo Imaging"
"Lam, Wan L",University of British Columbia,British Columbia,Operating Grant,201203MOP,Cancer Progression & Therapeutics,Understanding the mechanisms of lung cancer development in never smokers,"$597,109 ", $-   , $-   ,,4 yrs 0 mth ,Cancer Research,LUNG CANCER; LUNG CANCER THERAPY,10/1/2012,2016-09-30,1,"lung cancer, mechanisms, smokers"
"Zadeh, Gelareh",University Health Network (Toronto),Ontario,Project Grant,201803PJT,Cancer Progression & Therapeutics,Understanding the mechanisms of treatment response in glioblastoma,"$1,503,226 ", $-   , $-   ,,5 yrs 0 mth ,Cancer Research,Cancer-Clinical Oncology,10/1/2018,2023-09-30,0,"glioblastoma, response, mechanisms"
"Maxwell, Christopher A",University of British Columbia,British Columbia,Operating Grant - Priority Announcement: Breast Cancer Research (AVON),201309OBC,Cancer Biology & Therapeutics,"Understanding the mitotic and non-mitotic roles of RHAMM, a novel regulator for aurora kinase A.", $-   , $-   ,"$631,358 ",Avon Foundation for Women - Canada,5 yrs 0 mth ,Cancer Research,BREAST CANCER; BREAST CANCER THERAPY; CANCER; CELL BIOLOGY,4/1/2014,2019-03-31,0,"mitotic, RHAMM, aurora kinase"
"Aoudjit, Fawzi",Universite Laval,Quebec,Project Grant - Priority Announcement: Pediatric Cancer Research,202209PDI,Cancer Biology & Therapeutics,Understanding the role of beta1 integrins in chemoresistance of acute lymphoblastic leukemia and therapeutic implications,"$100,000 ", $-   , $-   ,,1 yr 0 mth ,Cancer Research,Cancer-Mechanisms of Carcinogenesis; Cancer-Pediatric Cancer,3/1/2023,2024-02-29,0,"beta1 integrins, chemoresistance, leukemia"
"Wang, Jun",Dalhousie University (Nova Scotia),Nova Scotia,Catalyst Grant: NWHRI: Innovation Fund - Biomedical Discovery Grants,202307NWI,NWHRI: Innovation Fund - Biomedical Discovery Grants,Understanding the role of chronic chlamydial infection in ovarian cancer,"$150,000 ", $-   , $-   ,,1 yr 0 mth ,Cancer Research,CARCINOGENS (INCL ENVIRONMENTAL); INFECTIOUS AND PARASITIC; CANCER; IMMUNOLOGY-TRANSPLANTATION,2/1/2024,2025-01-31,0,"chlamydial infection, ovarian cancer"
"Mercier, Franeois",CIUSSS de Centre-Ouest-de-l'Ile-de-Montreal-Jewish General,Quebec,Project Grant,202209PJT,Cancer Progression & Therapeutics,Understanding the role of eIF4A in AML progression and relapse,"$929,475 ", $-   , $-   ,,5 yrs 0 mth ,Cancer Research,Cancer-Cancer Drug Development and Therapeutics; Cancer-Cancer Progression and Metastasis; Cancer-Mechanisms of Carcinogenesis,4/1/2023,2028-03-31,0,"eIF4A, AML, relapse"
"Miller, Wilson H",CIUSSS de Centre-Ouest-de-l'Ile-de-Montreal-Jewish General,Quebec,Operating Grant,201503MOP,Cancer Progression & Therapeutics 2,Understanding the role of the MNK-eIF4E axis in the response and resistance to BRAF inhibitors.,"$720,155 ", $-   , $-   ,,5 yrs 0 mth ,Cancer Research,SKIN AND SUBCUTANEOUS TISSUS; CANCER THERAPY GENERAL; CANCER; MOLECULAR BIOLOGY,7/1/2015,2020-06-30,0,"MNK, eIF4E, BRAF"
"Ward, Brian J",Research Institute of the McGill University Health Centre,Quebec,Operating Grant: Industry-partnered Collaborative Research,201303IPR,Industry Partnered Collaborative Research,Understanding the unusual effectiveness of Virus-Like Particle (VLP) vaccines made in plants,"$591,600 ", $-   , $-   ,,3 yrs 0 mth ,Infection and Immunity,INFECTIOUS AND PARASITIC; VIRAL,10/1/2013,2016-09-30,1,"Virus-Like Particle, vaccines, plants"
"Tayade, Chandrakant","Queen's University (Kingston, Ontario)",Ontario,Catalyst Grant: NWHRI: Innovation Fund - Biomedical Discovery Grants,202307NWI,NWHRI: Innovation Fund - Biomedical Discovery Grants,Unique extracellular vesicle signatures in the pathophysiology of endometriosis,"$150,000 ", $-   , $-   ,,1 yr 0 mth ,"Human Development, Child and Youth Health","INFERTILITY FEMALE; ENDOCRINOLOGY; REPRODUCTION/PREGNANCY; GENOMICS, PROTEOMICS, AND BIOINFORMATICS",2/1/2024,2025-01-31,0,"extracellular vesicle, endometriosis, signatures"
"Kizhakkedathu, Jayachandran N",University of British Columbia,British Columbia,Collaborative Health Research Projects (NSERC partnered),201510CPG,Collaborative Health Research Projects - NSERC Partnered,Universal Antibiofilm Coating Solutions for Ureteral Stents,"$393,404 ", $-   , $-   ,,3 yrs 0 mth ,Infection and Immunity,"INFECTIOUS AND PARASITIC; GENITO/URINARY SYSTEM; RENAL FUNCTION, NEPHROLOGY, UROLOGY; BACTERIOLOGY",4/1/2016,2019-03-31,0,"Antibiofilm, Coating, Ureteral Stents"
"Phani, Srikantha A",University of British Columbia,British Columbia,Collaborative Health Research Projects (NSERC partnered),201210CPG,Collaborative Health Research Projects - NSERC Partnered,Universal Smart Guided-Catheter Systems Based on Novel Shape Memory Polymer Brush Actuators for Minimally Invasive Vascular Surgery,"$313,100 ", $-   , $-   ,,3 yrs 0 mth ,Circulatory and Respiratory Health,CARDIOLOGY; CARDIOVASCULAR,4/1/2013,2016-03-31,0,"Smart, Catheter, Shape Memory Polymer"
"Workenhe, Samuel Tekeste",University of Guelph,Ontario,Project Grant,202210PJT,Cancer Biology & Therapeutics,Unraveling how programmed cell death shapes anticancer immunity,"$100,000 ", $-   , $-   ,,1 yr 0 mth ,Cancer Research,Cancer-Cancer Drug Development and Therapeutics,10/1/2023,2028-09-30,0,"programmed cell death, anticancer immunity"
"Workenhe, Samuel Tekeste",University of Guelph,Ontario,Project Grant,202303PJT,Cancer Biology & Therapeutics,Unraveling how programmed cell death shapes anticancer immunity,"$925,650 ", $-   , $-   ,,5 yrs 0 mth ,Cancer Research,Cancer-Cancer Drug Development and Therapeutics,10/1/2023,2028-09-30,0,"programmed cell death, anticancer immunity"
"Rudko, David A",McGill University,Quebec,Project Grant,202209PJT,Medical Physics & Imaging,"Unraveling Silent Progression in MS Using Advanced Quantitative MRI, PET Molecular Imaging and Computational Neuroanatomy","$914,175 ", $-   , $-   ,,5 yrs 0 mth ,"Neurosciences, Mental Health and Addiction",Biomedical Engineering-Biomedical Imaging; Neurosciences-Neurological disorders; Methods Development and Modelling-Quantitative Methods Development for Health Research,4/1/2023,2028-03-31,0,"MRI, PET, Neuroanatomy"
"Fradet-Turcotte, Amelie",Universite Laval,Quebec,Project Grant,202109PJT,Cancer Biology & Therapeutics 2,Unraveling the molecular mechanisms that promote replication stress and resistance to chemoradiation in oropharyngeal cancer caused by human papillomavirus,"$891,225 ", $-   , $-   ,,5 yrs 0 mth ,Cancer Research,"Cancer-Cancer Progression and Metastasis; Immunology and Infection-Virology; Molecular, Cellular and Systems Biology-Cell Signaling",4/1/2022,2027-03-31,0,"replication stress, chemoradiation, oropharyngeal cancer"
"Mes-Masson, Anne-Marie",Centre hospitalier de l'Universite de Montreal (CHUM),Quebec,Catalyst Grant: NWHRI: Innovation Fund - Biomedical Discovery Grants,202307NWI,NWHRI: Innovation Fund - Biomedical Discovery Grants,Unveiling the Role of Cellular Aging in Postmenopausal Syndrome: Rationale for Senolytic-Based Strategies to Enhance Women's Health,"$108,000 ", $-   , $-   ,,1 yr 0 mth ,Gender and Health,AGING; MULTIPLE DISEASE RELEVANCE; HEALTH RESEARCH,2/1/2024,2025-01-31,0,"cellular aging, senolytic, women's health"
"Bouffet, Eric",Hospital for Sick Children (Toronto),Ontario,Project Grant,202209PJT,Cancer Progression & Therapeutics,"Upfront Adaptive Immunotherapy Approach for Hypermutant Glioblastoma in Children, Adolescents and Young Adults","$1,377,000 ", $-   , $-   ,,5 yrs 0 mth ,Cancer Research,Cancer-Cancer Drug Development and Therapeutics; Cancer-Clinical Oncology,4/1/2023,2028-03-31,0,"Adaptive Immunotherapy, Glioblastoma, Hypermutant"
"Bolduc, Stephane",Universite Laval,Quebec,Project Grant - PA: Sex and Gender in Health Research (Bridge funding),202403PJX,Biomedical Engineering 2,"Urethral reconstruction using tissue engineering, final steps towards clinical translation","$100,000 ", $-   , $-   ,,1 yr 0 mth ,Gender and Health,"Biomedical Engineering-Regenerative Medicine and Tissue Engineering; Digestive, Endocrine and Excretory Systems-Nephrology and Urology; Reproduction and Development-Developmental Biology and Organogenesis",10/1/2024,2025-09-30,0,"urethral, tissue engineering, clinical"
"Yuen, Darren A",University of Toronto,Ontario,Collaborative Health Research Projects (NSERC partnered),201810CPG,Collaborative Health Research Projects - NSERC Partnered,"Using ""enhanced ultrasound"" to help select the best kidneys for transplantation","$491,750 ", $-   , $-   ,,3 yrs 0 mth ,"Nutrition, Metabolism and Diabetes","GENITO/URINARY SYSTEM; MULTIDISCIPLINARY; RENAL FUNCTION, NEPHROLOGY, UROLOGY; IMAGING",4/1/2019,2022-03-31,3,"ultrasound, kidneys, transplantation"
"Martel, Anne L","Sunnybrook Research Institute (Toronto, Ontario)",Ontario,Project Grant,202203PJT,Medical Physics & Imaging,Using AI to predict the presence of occult invasive carcinoma following diagnosis of DCIS on biopsy,"$887,400 ", $-   , $-   ,,5 yrs 0 mth ,Cancer Research,Artificial Intelligence-Machine Learning; Biomedical Engineering-Biomedical Imaging; Cancer-Cancer Drug Development and Therapeutics,10/1/2022,2027-09-30,0,"AI, carcinoma, biopsy"
"Razak, Fahad",University of Toronto,Ontario,Collaborative Health Research Projects (NSERC partnered),201810CPG,Collaborative Health Research Projects - NSERC Partnered,Using artificial intelligence to identify and predict delirium among hospitalized medical patients,"$426,104 ","$17,500 ", $-   ,,3 yrs 0 mth ,Health Services and Policy Research,MENTAL AND BEHAVIOURAL DISEASES; GERIATRICS; HEALTH SERVICES RESEARCH,4/1/2019,2022-03-31,0,"artificial intelligence, delirium, hospitalized patients"
"Martel, Anne L","Sunnybrook Research Institute (Toronto, Ontario)",Ontario,Project Grant,201809PJT,Medical Physics & Imaging,Using deep learning to estimate breast cancer recurrence scores from histopathology images,"$780,300 ", $-   , $-   ,,5 yrs 0 mth ,Cancer Research,Biomedical Engineering-Biomedical Imaging; Health Services and Systems-Personalized Medicine; Cancer-Clinical Oncology,4/1/2019,2024-03-31,1,"deep learning, breast cancer, histopathology"
"Kopp, Janel",University of British Columbia,British Columbia,Operating Grant,201503MOP,Cancer Progression & Therapeutics,Using genetically engineered mouse models to define variables producing pancreatic ductal adenocarcinoma heterogeneity,"$644,632 ", $-   , $-   ,,5 yrs 0 mth ,Cancer Research,GASTRO-INTESTINAL CANCER; GASTRO-INTESTINAL DISEASE; CANCER; CELL BIOLOGY,7/1/2015,2021-06-30,0,"genetically engineered, mouse models, pancreatic ductal adenocarcinoma"
"Mazwi, Mjaye L",Hospital for Sick Children (Toronto),Ontario,Project Grant,202203PJT,Biomedical Engineering 2,Using heart rhythm detection as a prototype to translate machine learning equitably and reproducibly to the point of care,"$657,900 ", $-   , $-   ,,3 yrs 0 mth ,Circulatory and Respiratory Health,"Cardiovascular, Respiratory and Circulatory Systems-Clinical and Translational Cardiovascular Sciences; Artificial Intelligence-Machine Learning",10/1/2022,2025-09-30,0,"heart rhythm, machine learning, point of care"
"Yuen, Darren A",University of Toronto,Ontario,Collaborative Health Research Projects (NSERC partnered),201410CPG,Collaborative Health Research Projects - NSERC Partnered,Using magnetic resonance imaging to non-invasively image and quantify kidney fibrosis,"$388,551 ", $-   , $-   ,,3 yrs 0 mth ,"Nutrition, Metabolism and Diabetes","GENITO/URINARY SYSTEM; MULTIPLE DISEASE RELEVANCE; RENAL FUNCTION, NEPHROLOGY, UROLOGY; IMAGING",4/1/2015,2018-03-31,3,"magnetic resonance imaging, kidney fibrosis, imaging"
"Martel, Anne L","Sunnybrook Research Institute (Toronto, Ontario)",Ontario,Project Grant,201909PJT,Medical Physics & Imaging,Using MRI imaging to develop a personalized risk-based breast cancer screening strategy,"$925,650 ", $-   , $-   ,,5 yrs 0 mth ,Cancer Research,Biomedical Engineering-Biomedical Imaging; Health Services and Systems-Personalized Medicine; Cancer-Clinical Oncology,4/1/2020,2025-03-31,0,"MRI, breast cancer, screening"
"Berman, Jason N",IWK Health Centre (Halifax),Nova Scotia,Project Grant,201903PJT,Cancer Progression & Therapeutics,Using the zebrafish as a model for chemoprevention for TP53 mutation carriers,"$845,326 ", $-   , $-   ,,5 yrs 0 mth ,Cancer Research,"Genetics-Molecular and Functional Genetics and Epigenetics; Cancer-Pediatric Cancer; Pharmacological, Toxicological and Pharmaceutical Sciences-Translational and Clinical Pharmacology",10/1/2019,2024-09-30,0,"zebrafish, chemoprevention, TP53"
"Hodgson, Antony J",University of British Columbia,British Columbia,Collaborative Health Research Projects (NSERC partnered),201410CPG,Collaborative Health Research Projects - NSERC Partnered,"Using Three-Dimensional Ultrasound to Improve Diagnosis, Guide Surgery and Reduce Radiation in Orthopaedic Trauma and Pediatric Orthopaedics","$213,832 ", $-   , $-   ,,3 yrs 0 mth ,Musculoskeletal Health and Arthritis,"INJURY, REGENERATION; MUSCULO SKELETAL; MUSCLE, BONE, OR JOINT; HEALTH RESEARCH",4/1/2015,2018-03-31,0,"Ultrasound, Orthopaedic, Pediatric"
"Wellington, Cheryl L",University of British Columbia,British Columbia,Project Grant,202209PJT,Biomedical Engineering,Using translational biomarkers to define whether plane of motion and complexity of head kinematics modifies biomarker and neuropathological responses to concussion in mice and humans.,"$1,293,201 ", $-   , $-   ,,4 yrs 0 mth ,"Neurosciences, Mental Health and Addiction","Biomedical Engineering-Biomaterials, Nanotechnology and Biomechanics; Biomedical Engineering-Biomedical Imaging",4/1/2023,2027-03-31,0,"biomarkers, head kinematics, concussion"
"Ashkar, Ali A",McMaster University,Ontario,Project Grant,201803PJT,Cancer Biology & Therapeutics,Utilizing chimeric antigen receptors to direct autologous NK cell cytotoxicity to breast cancer,"$937,740 ", $-   , $-   ,,5 yrs 0 mth ,Cancer Research,"Cancer-Cancer Drug Development and Therapeutics; Immunology and Infection-Transplantation, Immune Tolerance and Tumor Immunology",10/1/2018,2023-09-30,0,"chimeric antigen receptors, NK cell, breast cancer"
"Laussen, Peter C",University of Toronto,Ontario,Collaborative Health Research Projects (NSERC partnered),201810CPG,Collaborative Health Research Projects - NSERC Partnered,Utilizing high resolution physiological data and artificial intelligence to develop a pediatric cardiac arrest prediction tool for integration into bedside clinical practice,"$596,830 ","$28,120 ", $-   ,,3 yrs 0 mth ,Population and Public Health,HEALTH CARE DELIVERY; HEALTH SERVICES RESEARCH; BIOPHYSICS; HEALTH RESEARCH,4/1/2019,2022-03-31,0,"physiological data, artificial intelligence, cardiac arrest"
"Falzarano, Darryl",University of Saskatchewan,Saskatchewan,Operating Grant: COVID-19 Rapid Research Funding Opportunity - Vaccines,202005VR1,COVID-19 Rapid Research - Vaccines,"Vaccine efficacy in nonhuman primates against SARS-CoV-2: protection, cross-protection and immune enhancement","$1,459,325 ", $-   , $-   ,,1 yr 0 mth ,Infection and Immunity,VIRAL; PNEUMONIA; VIROLOGY; IMMUNOLOGY-TRANSPLANTATION,6/1/2020,2021-05-31,0,"Vaccine, SARS-CoV-2, primates"
"Kollmann, Tobias R",University of British Columbia,British Columbia,Vaccines of the 21st Century,200903CVC,Catalyst Grant: Vaccines of the 21st Century,Vaccines for Asthma and Allergies - an Immune-Prophylactic and -Therapeutic Approach,"$100,000 ", $-   , $-   ,,1 yr 0 mth ,Infection and Immunity,ASTHMA; IMMUNOLOGY-TRANSPLANTATION; HEALTH RESEARCH,10/1/2009,2010-09-30,0,"Vaccines, Asthma, Allergies"
"Rakovitch, Eileen","Sunnybrook Research Institute (Toronto, Ontario)",Ontario,Project Grant,202209PJT,Cancer Biology & Therapeutics,Validation of a novel biomarker classifier that predicts radiation response following breast-conserving surgery for ductal carcinoma in situ (DCIS),"$1,981,352 ", $-   , $-   ,,4 yrs 0 mth ,Cancer Research,Cancer-Cancer Progression and Metastasis,4/1/2023,2027-03-31,0,"biomarker, classifier, radiation"
"Diamandis, Eleftherios P",Sinai Health System (Toronto),Ontario,Operating Grant: Industry-partnered Collaborative Research,201303IPR,Industry Partnered Collaborative Research,Validation of two novel pancreatic cancer biomarkers: CUZD1 and LAMC2,"$519,630 ", $-   , $-   ,,4 yrs 0 mth ,Cancer Research,GASTRO-INTESTINAL CANCER; NEOPLASMS; CANCER,10/1/2013,2018-05-01,0,"pancreatic cancer, biomarkers, CUZD1"
"O'Brien, Edward R",Ottawa Heart Institute Research Corporation (Ontario),Ontario,Operating Grant: Industry-partnered Collaborative Research - Other Partner,201009ISO,Industry Partnered Collaborative Research,Vascular Health and Disease: New Concepts & Therapeutic Opportunities,"$623,749 ", $-   , $-   ,,5 yrs 0 mth ,Circulatory and Respiratory Health,ATHEROSCLEROSIS; CARDIOLOGY; CARDIOVASCULAR; MOLECULAR BIOLOGY,4/1/2011,2016-03-31,4,"Vascular, Health, Disease"
"Petrik, Jim J",University of Guelph,Ontario,Project Grant,201903PJT,Cancer Biology & Therapeutics,Vascular normalization improves immunotherapy in advanced stage ovarian cancer.,"$631,126 ", $-   , $-   ,,5 yrs 0 mth ,Cancer Research,Cancer-Cancer Progression and Metastasis; Cancer-Cancer Drug Development and Therapeutics,10/1/2019,2024-09-30,0,"Vascular normalization, immunotherapy, ovarian cancer"
"Sefton, Michael V",University of Toronto,Ontario,Collaborative Health Research Projects (NSERC partnered),201510CPG,Collaborative Health Research Projects - NSERC Partnered,Vascularized regenerative biomaterials for medical devices and cell therapy,"$235,413 ", $-   , $-   ,,3 yrs 0 mth ,Infection and Immunity,DIABETES MELLITUS; IMMUNOLOGY-TRANSPLANTATION; METABOLISM/DIABETES,4/1/2016,2019-03-31,0,"Vascularized, biomaterials, cell therapy"
"De Carvalho, Daniel",University Health Network (Toronto),Ontario,Project Grant,201903PJT,Cancer Biology & Therapeutics,Viral mimicry tolerance as a mechanism of early tumor immune evasion,"$868,276 ", $-   , $-   ,,5 yrs 0 mth ,Cancer Research,"Cancer-Mechanisms of Carcinogenesis; Cancer-Cancer Progression and Metastasis; Immunology and Infection-Transplantation, Immune Tolerance and Tumor Immunology",10/1/2019,2024-09-30,7,"viral, mimicry, immune"
"Alain, Tommy",Children's Hospital of Eastern Ontario Research Institute Inc,Ontario,Project Grant - PA: Breast Cancer Research,202209PLL,Cancer Biology & Therapeutics,Viralyzing transgenes to improve oncolytic immunotherapy,"$100,000 ", $-   , $-   ,,1 yr 0 mth ,Cancer Research,"Biomedical Engineering-Biomaterials, Nanotechnology and Biomechanics; Genetics-Genomics, Transcriptomics and Proteomics; Immunology and Infection-Virology",3/1/2023,2024-02-29,0,"Viralyzing, transgenes, immunotherapy"
"Stinson, Jennifer N",Hospital for Sick Children (Toronto),Ontario,Catalyst Grant: eHealth Innovations,201210CEH,e-Health Innovation Partnership Program (eHIPP),Virtual Peer-to-Peer (VP2P) Support Mentoring for Adolescents with Juvenile Idiopathic Arthritis: A Feasibility Pilot Randomized Controlled Trial,"$99,987 ", $-   , $-   ,,1 yr 0 mth ,Musculoskeletal Health and Arthritis,"ARTHRITIS/OSTEOARTHRITIS; PSYCHOSOCIAL AND HEALTH BEHAVIOURS; MUSCLE, BONE, OR JOINT; PSYCHOSOCIAL/HEALTH BEHAVIOURAL RES.",3/1/2013,2014-02-28,0,"Virtual, Peer-to-Peer, Juvenile Idiopathic Arthritis"
"Shoichet, Molly S",University of Toronto,Ontario,Project Grant,202109PJT,Biomedical Engineering,Vision Rescue: Transforming Therapeutics with Hydrogel Delivery,"$573,752 ", $-   , $-   ,,4 yrs 0 mth ,"Neurosciences, Mental Health and Addiction",Biomedical Engineering-Regenerative Medicine and Tissue Engineering,7/1/2022,2026-06-30,0,"Vision, Hydrogel, Delivery"
"Jomha, Nadr M",University of Alberta,Alberta,Operating Grant,200809MOP,Biomedical Engineering,Vitrification and transplantation of articular cartilage,"$254,422 ", $-   , $-   ,,3 yrs 0 mth ,Musculoskeletal Health and Arthritis,"ARTHRITIS/OSTEOARTHRITIS; MUSCULO SKELETAL; MUSCLE, BONE, OR JOINT",4/1/2009,2012-03-31,1,"Vitrification, transplantation, articular cartilage"
"Eng, Janice J",University of British Columbia,British Columbia,Collaborative Health Research Projects (NSERC partnered),201310CPG,Collaborative Health Research Projects - NSERC Partnered,Wearable sensors to promote arm and hand function after stroke,"$208,671 ", $-   , $-   ,,3 yrs 0 mth ,Musculoskeletal Health and Arthritis,"AGING; STROKE, HEART FAILURE",4/1/2014,2017-03-31,0,"wearable sensors, arm function, hand function"
"Lerch, Jason P",Hospital for Sick Children (Toronto),Ontario,Operating Grant,201003MOP,Medical Physics & Imaging,Where is Autism Located in the Brain?,"$761,924 ", $-   , $-   ,,5 yrs 0 mth ,Genetics,AUTISM; MENTAL AND BEHAVIOURAL DISEASES; IMAGING; HEALTH RESEARCH,10/1/2010,2015-06-30,0,"Autism, Brain, Localization"
"Gladdy, Rebecca A",Sinai Health System (Toronto),Ontario,Project Grant,201903PJT,Cancer Progression & Therapeutics,Whole Genome Sequencing Defines Leiomyosarcoma Evolution and Identifies Therapeutic Opportunities in the DNA Damage Pathway,"$948,600 ", $-   , $-   ,,5 yrs 0 mth ,Cancer Research,"Cancer-Cancer Progression and Metastasis; Genetics-Genomics, Transcriptomics and Proteomics; Molecular, Cellular and Systems Biology-Molecular Biology",10/1/2019,2024-09-30,0,"Genome, Sequencing, Leiomyosarcoma"
"Vitkin, I. Alex",University Health Network (Toronto),Ontario,Project Grant,201709PJT,Medical Physics & Imaging 2,Wide-field polarimetric imaging for targeted and rapid high-sensitivity analysis of breast cancer margins and heterogeneity with mass spectrometry,"$795,600 ", $-   , $-   ,,5 yrs 0 mth ,Cancer Research,Cancer-Cancer Progression and Metastasis; Biomedical Engineering-Biomedical Imaging,4/1/2018,2023-03-31,0,"polarimetric, imaging, mass spectrometry"
"Poon, Joyce",University of Toronto,Ontario,Collaborative Health Research Projects (NSERC partnered),201610CPG,Collaborative Health Research Projects - NSERC Partnered,Wireless neurophotonic probes for the interrogation of neurons in memory circuits,"$349,500 ", $-   , $-   ,,3 yrs 0 mth ,"Neurosciences, Mental Health and Addiction",MULTIDISCIPLINARY; MULTIPLE DISEASE RELEVANCE; NERVOUS SYSTEM; BIOPHYSICS,4/1/2017,2020-03-31,0,"wireless, neurophotonic, neurons"
"Singh, Sheila K",McMaster University,Ontario,Project Grant,201803PJT,Cancer Progression & Therapeutics,Wnt activation as a therapeutic strategy for treatment-refractory childhood medulloblastoma,"$860,626 ", $-   , $-   ,,5 yrs 0 mth ,Cancer Research,"Cancer-Cancer Drug Development and Therapeutics; Molecular, Cellular and Systems Biology-Cell Signaling",10/1/2018,2023-09-30,1,"Wnt, medulloblastoma, activation"
"Berman, Jason N",IWK Health Centre (Halifax),Nova Scotia,Operating Grant,200909MOP,Cancer Biology & Therapeutics,Zebrafish as an in vivo model of vertebrate mast cell development and systemic mastocytosis,"$295,157 ", $-   , $-   ,,3 yrs 0 mth ,Cancer Research,BLOOD; LEUKAEMIAS; CANCER,4/1/2010,2013-03-31,0,"zebrafish, mast cell, systemic mastocytosis"