Name,Institution_Paid,Province,Program_Name,Competition_CD,PRC_Name,Project_Title,CIHR_Contribution,CIHR_Equipment,External_Funding,External_Funding_Partner,Term_Years_Months,title_keywords,Primary_Institute,Research_Categories,Funding_Start,Funding_End,patents
"Prevost, Michele",Polytechnique Montreal,Quebec,Collaborative Health Research Projects (NSERC partnered),201711CPG,Collaborative Health Research Projects - NSERC Partnered,Re-engineering of the hospital sink environment to reduce transmission of multi-drug resistant opportunistic pathogens,"$306,167","$6,949",,,3 yrs 0 mth ,"hospital sink, multi-drug resistant, pathogens",Infection and Immunity,INFECTIOUS AND PARASITIC; POPULATION HEALTH; ENVIRONMENTAL INFLUENCES ON HEALTH,2018-04-01,2021-03-31,0
"Meguerditchian, Ari N",McGill University,Quebec,Catalyst Grant: eHealth Innovations - Aging,201310CEA,e-Health Innovation Partnership Program (eHIPP),Adjuvant Endocrine Therapy in Breast Cancer: A Novel E-health Approach in Optimizing Treatment Adherence in Seniors,"$76,336",$0,,,1 yr 0 mth ,"Endocrine, Breast Cancer, E-health",Aging,BREAST CANCER THERAPY; AGING; HEALTH SERVICES RESEARCH,2014-03-01,2015-02-28,0
"Barthelat, Francois",McGill University,Quebec,Collaborative Health Research Projects (NSERC partnered),201610CPG,Collaborative Health Research Projects - NSERC Partnered,"Novel multilayered synthetic structural bone graft materials which combine biocompatibility, biodegradability and high toughness.","$163,222",$0,,,3 yrs 0 mth ,"bone graft, biocompatibility, biodegradability",Musculoskeletal Health and Arthritis,"INJURY, REGENERATION; BONE CANCER; MUSCLE, BONE, OR JOINT",2017-04-01,2020-03-31,0
"Marziali, Elsa",Baycrest Centre for Geriatric Care (Toronto),Ontario,Catalyst Grant: eHealth Innovations,201210CEH,e-Health Innovation Partnership Program (eHIPP),Development and Evaluation of an Internet Technology Platform for the Delivery of Evidence-based Intervention Programs to Adults with Chronic Disease,"$99,925",$0,,,1 yr 0 mth ,"Internet, Intervention, Chronic Disease",Health Services and Policy Research,HEALTH CARE DELIVERY; HEALTH SERVICES RESEARCH; HEALTH RESEARCH,2013-03-01,2014-02-28,0
"Feld, Jordan J",University Health Network (Toronto),Ontario,Operating Grant: Industry-partnered Collaborative Research,201303IPR,Industry Partnered Collaborative Research,Randomized controlled trial of the efficacy of pre-emptive tenofovir to prevent hepatitis B reactivation in patients who are anti-HBc antibody positive receiving curative intent rituximab-based chemotherapy for non-Hodgkin's lympohma,"$143,445",$0,,,3 yrs 0 mth ,"tenofovir, hepatitis B, rituximab","Nutrition, Metabolism and Diabetes",VIRAL; LIVER DISEASE; GASTROINTESTINAL (LIVER); VIROLOGY,2013-10-01,2016-09-30,0
"Suuronen, Erik",University of Ottawa,Ontario,Collaborative Health Research Projects (NSERC partnered),201711CPG,Collaborative Health Research Projects - NSERC Partnered,Injectable collagen matrices for cardiac tissue repair,"$417,412","$25,000",,,3 yrs 0 mth ,"Injectable, collagen, cardiac",Circulatory and Respiratory Health,"MYOCARDIAL INFARCTION; INJURY, REGENERATION; CARDIOVASCULAR",2018-04-01,2021-03-31,1
"Lee, Wonsook",University of Ottawa,Ontario,Collaborative Health Research Projects (NSERC partnered),201010CPG,Collaborative Health Research Projects - NSERC Partnered,Detection and simulation of femoroacetabular impingement,"$253,650",$0,,,3 yrs 0 mth ,"femoroacetabular impingement, detection, simulation",,,2011-04-01,2014-03-31,0
"Kelley, Shana O",University of Toronto,Ontario,Collaborative Health Research Projects (NSERC partnered),201510CPG,Collaborative Health Research Projects - NSERC Partnered,Analysis of Circulating Tumor Cell Heterogeneity Using a Multi-Marker Microscale Capture Approach as a tool in the Management and Treatment of Cancer,"$344,850",$0,,,3 yrs 0 mth ,"Circulating Tumor Cells, Microscale Capture, Cancer",Cancer Research,PROSTATE AND BLADDER CANCER; CANCER THERAPY GENERAL; CANCER; BIOCHEMISTRY,2016-04-01,2019-03-31,3
"Takahata, Kenichi",University of British Columbia,British Columbia,Collaborative Health Research Projects (NSERC partnered),200910CPG,Collaborative Health Research Projects - NSERC Partnered,Smart Stents for Wireless Monitoring of Vascular Disease,"$300,032",$0,,,3 yrs 0 mth ,"Smart, Stents, Monitoring",Unable to allocate,NONE OF THE ABOVE; NOT CLASSIFIED,2010-04-01,2013-03-31,0
"Bourbeau, Jean",Research Institute of the McGill University Health Centre,Quebec,Operating Grant: Industry-partnered Collaborative Research - Rx&D partner,200809IRO,Industry Partnered Collaborative Research,Canadian Cohort Obstructive Lung Disease (CanCOLD),"$427,933","$7,000",,,2 yrs 0 mth ,"Obstructive Lung Disease, Cohort, CanCOLD",Circulatory and Respiratory Health,CHRONIC OBSTRUCTIVE LUNG DISEASE; POPULATION HEALTH; RESPIRATION,2009-04-01,2011-03-31,0
"Jolicoeur, Marc E",Montreal Heart Institute,Quebec,Operating Grant: Industry-partnered Collaborative Research,201303IPR,Industry Partnered Collaborative Research,Immediate vs. Delayed Stenting after Primary Percutaneous Reperfusion in ST Elevation Myocardial Infarction,"$211,072",$0,,,3 yrs 0 mth ,"stenting, reperfusion, myocardial infarction",Circulatory and Respiratory Health,CARDIOLOGY; CARDIOVASCULAR,2013-10-01,2016-09-30,0
"Fichtinger, Gabor","Queen's University (Kingston, Ontario)",Ontario,Collaborative Health Research Projects (NSERC partnered),201410CPG,Collaborative Health Research Projects - NSERC Partnered,Mobile Image Overlay System (MIOS) for Musculoskeletal Needle Placement Guidance,"$138,013",$0,,,3 yrs 0 mth ,"Mobile, Image Overlay, Needle Placement",Musculoskeletal Health and Arthritis,"MUSCULO SKELETAL; CANCER THERAPY GENERAL; IMAGING; MUSCLE, BONE, OR JOINT",2015-04-01,2018-03-31,2
"Griffith, May C",Universite de Montreal,Quebec,Collaborative Health Research Projects (NSERC partnered),201910CPG,Collaborative Health Research Projects - NSERC Partnered,The Liquid Cornea as an alternative to corneal transplantation: Pathway to Clinical trials,"$306,789","$14,300",,,3 yrs 0 mth ,"Liquid, Cornea, Transplantation",Aging,AGING; MULTIDISCIPLINARY; VISION; IMMUNOLOGY-TRANSPLANTATION,2020-04-01,2023-03-31,3
"Marcotte, Isabelle",Universite du Quebec e Montreal,Quebec,Collaborative Health Research Projects (NSERC partnered),201010CPG,Collaborative Health Research Projects - NSERC Partnered,Improved membrane permeation assays for drug bioavailability assessment,"$184,000",$0,,,3 yrs 0 mth ,"membrane permeation, assays, bioavailability",,,2011-04-01,2014-03-31,0
"Fusch, Christoph",McMaster University,Ontario,Collaborative Health Research Projects (NSERC partnered),201210CPG,Collaborative Health Research Projects - NSERC Partnered,Development of a pumpless lung assist device which acts like an artificial placenta for neonates with respiratory failure.,"$273,358",$0,,,3 yrs 0 mth ,"lung assist, artificial placenta, neonates",Circulatory and Respiratory Health,MULTIDISCIPLINARY; RESPIRATION; HEALTH RESEARCH; NOT CLASSIFIED,2013-04-01,2016-03-31,0
"Lear, Scott A","Simon Fraser University (Burnaby, B.C.)",British Columbia,Catalyst Grant: eHealth Innovations,201310CEH,e-Health Innovation Partnership Program (eHIPP),The use of text messaging to improve the hospital-community transition and prevent readmission in patients with cardiovascular disease (Txt2Prevent),"$78,192","$1,383",,,1 yr 0 mth ,"text messaging, hospital-community transition, cardiovascular disease",Health Services and Policy Research,HEALTH SERVICES RESEARCH; CARDIOLOGY; CARDIOVASCULAR,2014-03-01,2015-02-28,0
"Dumont, Guy A",University of British Columbia,British Columbia,Collaborative Health Research Projects (NSERC partnered),201210CPG,Collaborative Health Research Projects - NSERC Partnered,Closed-Loop Control of Anesthesia,"$309,194",$0,,,3 yrs 0 mth ,"Closed-Loop, Control, Anesthesia",Circulatory and Respiratory Health,MULTIDISCIPLINARY; NONE OF THE ABOVE; HEALTH RESEARCH; NOT CLASSIFIED,2013-04-01,2016-03-31,2
"Wu, Jianhong","York University (Toronto, Ontario)",Ontario,Collaborative Health Research Projects (NSERC partnered),201210CPG,Collaborative Health Research Projects - NSERC Partnered,"Development of an Antimicrobial Resistance Diversity Index (ARDI) to guide initiatives and investment in public health, antimicrobial stewardship and infection control","$199,341",$0,,,3 yrs 0 mth ,"Antimicrobial resistance, Diversity index, Infection control",Infection and Immunity,HEALTH CARE DELIVERY; INFECTIOUS AND PARASITIC; POPULATION HEALTH; HEALTH RESEARCH,2013-04-01,2016-03-31,0
"Walker, Gilbert C",University of Toronto,Ontario,Collaborative Health Research Projects (NSERC partnered),201310CPG,Collaborative Health Research Projects - NSERC Partnered,Improved Diagnosis of Leukemia Using Highly Multiplexed Surface Enhanced Raman Scattering Nanoparticles,"$100,000",$0,,,2 yrs 0 mth ,"Leukemia, Surface Enhanced Raman Scattering, Nanoparticles",Cancer Research,LEUKAEMIAS; BLOOD; CANCER; IMAGING,2014-04-01,2016-03-31,0
"Cloutier, Guy",Universite de Montreal,Quebec,Collaborative Health Research Projects (NSERC partnered),201610CPG,Collaborative Health Research Projects - NSERC Partnered,Design of a bracelet embedding high-frequency ultrasound transducers to acquire venous blood echogenicity spectral data for patient monitoring,"$301,262",$0,,,3 yrs 0 mth ,"ultrasound, transducers, blood",Circulatory and Respiratory Health,MULTIDISCIPLINARY; IMAGING; CARDIOVASCULAR,2017-04-01,2020-03-31,0
"Jefferies, Wilfred A",University of British Columbia,British Columbia,Operating Grant: Industry-partnered Collaborative Research,201409IPR,Industry Partnered Collaborative Research,Developing Technologies to Modulate Immunogenicity in Disease,"$750,000",$0,,,3 yrs 0 mth ,"Immunogenicity, Modulation, Disease",Infection and Immunity,DRUGS- PHARMACEUTICAL SCIENCE/CHEMISTRY & NON MEDICAL USE OF DRUGS; CANCER THERAPY GENERAL; DRUG RESEARCH; IMMUNOLOGY-TRANSPLANTATION,2015-04-01,2018-03-31,10
"Lai, Yongjun","Queen's University (Kingston, Ontario)",Ontario,Collaborative Health Research Projects (NSERC partnered),201110CPG,Collaborative Health Research Projects - NSERC Partnered,"""""""Laser-adjustable"""" sutures for glaucoma trabeculectomy surgery""","$138,215",$0,,,3 yrs 0 mth ,"laser, sutures, glaucoma",,,2012-04-01,2015-03-31,0
"Szturm, Tony J",University of Manitoba,Manitoba,Catalyst Grant: eHealth Innovations,201310CEH,e-Health Innovation Partnership Program (eHIPP),Games and Telerehabilitation for Balance impairments and gaze dysfunction: Testing model in clients with Peripheral Vestibular Disorders,"$66,461",$0,,,1 yr 0 mth ,"Telerehabilitation, Balance, Vestibular Disorders",Population and Public Health,HEALTH CARE DELIVERY; NONE OF THE ABOVE; HEALTH RESEARCH; NERVOUS SYSTEM,2014-03-01,2015-02-28,0
"Zhu, Julian X.X. X",Universite de Montreal,Quebec,Collaborative Health Research Projects (NSERC partnered),200910CPG,Collaborative Health Research Projects - NSERC Partnered,New Polymer Composites Based on Natural Compounds for Dental Applications,"$226,900",$0,,,3 yrs 0 mth ,"Polymer, Composites, Dental",Unable to allocate,NONE OF THE ABOVE; NOT CLASSIFIED,2010-09-01,2013-08-31,0
"Chiao, Mu",University of British Columbia,British Columbia,Collaborative Health Research Projects (NSERC partnered),201110CPG,Collaborative Health Research Projects - NSERC Partnered,A MEMS-based ocular drug delivery device,"$295,641",$0,,,3 yrs 0 mth ,"MEMS, ocular, drug delivery",,,2012-04-01,2015-03-31,0
"Mahony, James B",McMaster University,Ontario,Collaborative Health Research Projects (NSERC partnered),201310CPG,Collaborative Health Research Projects - NSERC Partnered,Universal point-of-care test device for the rapid diagnosis of infectious diseases,"$247,495",$0,,,3 yrs 0 mth ,"point-of-care, diagnosis, infectious diseases",Infection and Immunity,HEALTH CARE DELIVERY; HEALTH SERVICES RESEARCH; HEALTH RESEARCH,2014-04-01,2017-03-31,2
"Hoare, Todd R",McMaster University,Ontario,Collaborative Health Research Projects (NSERC partnered),201610CPG,Collaborative Health Research Projects - NSERC Partnered,Engineering Starch-Based Nanoparticles and Nanoparticle Clusters for Improving Local Drug Delivery to Tumour Cores and the Brain,"$240,625",$0,,,3 yrs 0 mth ,"Starch, Nanoparticles, Drug delivery","Neurosciences, Mental Health and Addiction",CANCER THERAPY GENERAL; SCHIZOPHRENIA; DRUG RESEARCH; CANCER,2017-04-01,2020-03-31,3
"Chiao, Mu",University of British Columbia,British Columbia,Collaborative Health Research Projects (NSERC partnered),201610CPG,Collaborative Health Research Projects - NSERC Partnered,Development of a confocal endoscope for gastrointestinal cancer diagnosis,"$311,545",$0,,,3 yrs 0 mth ,"confocal, endoscope, gastrointestinal",Cancer Research,GASTRO-INTESTINAL CANCER; GASTRO-INTESTINAL DISEASE; IMAGING; CANCER,2017-04-01,2020-03-31,0
"Bizheva, Kostadinka K",University of Waterloo (Ontario),Ontario,Collaborative Health Research Projects (NSERC partnered),201210CPG,Collaborative Health Research Projects - NSERC Partnered,Intra-operative Optical Coherence Tomography for corneal transplant surgery in Keratoconus,"$314,970",$0,,,3 yrs 0 mth ,"Optical Coherence Tomography, corneal transplant, Keratoconus","Neurosciences, Mental Health and Addiction",MULTIDISCIPLINARY; NONE OF THE ABOVE; IMAGING; VISION,2013-04-01,2016-03-31,0
"Nabi, Ivan R",University of British Columbia,British Columbia,Collaborative Health Research Projects (NSERC partnered),201810CPG,Collaborative Health Research Projects - NSERC Partnered,Super-resolution microscopy network analysis: Drug target validation for cystic fibrosis,"$390,330","$18,000",,,3 yrs 0 mth ,"super-resolution, microscopy, cystic fibrosis",Circulatory and Respiratory Health,RESPIRATION; DRUGS- PHARMACEUTICAL SCIENCE/CHEMISTRY & NON MEDICAL USE OF DRUGS; CELL BIOLOGY; DRUG RESEARCH,2019-04-01,2022-03-31,0
"Mousavi, Parvin","Queen's University (Kingston, Ontario)",Ontario,Collaborative Health Research Projects (NSERC partnered),201810CPG,Collaborative Health Research Projects - NSERC Partnered,An integrated spectroscopy-ultrasound surgical navigation system for residual cancer detection in breast surgery.,"$188,350","$10,000",,,3 yrs 0 mth ,"spectroscopy, ultrasound, cancer detection",Cancer Research,BREAST CANCER; IMAGING; CANCER,2019-04-01,2022-03-31,1
"Menon, Carlo","Simon Fraser University (Burnaby, B.C.)",British Columbia,Collaborative Health Research Projects (NSERC partnered),201610CPG,Collaborative Health Research Projects - NSERC Partnered,Restoring normal gait: a disruptive assistive technology,"$251,314",$0,,,3 yrs 0 mth ,"Gait, assistive, technology",Aging,PARKINSON'S DISEASE; HEALTH RESEARCH,2017-04-01,2020-03-31,0
"Maynes, Jason T",University of Toronto,Ontario,Collaborative Health Research Projects (NSERC partnered),201810CPG,Collaborative Health Research Projects - NSERC Partnered,Neonatal Stem Cell Secretomes as a Novel Regenerative Therapy for Heart Failure,"$318,560",$0,,,3 yrs 0 mth ,"Neonatal, Stem Cell, Heart Failure",Circulatory and Respiratory Health,"STROKE, HEART FAILURE; CARDIOLOGY; CARDIOVASCULAR; BIOCHEMISTRY",2019-04-01,2022-03-31,1
"Legros, Alexandre G",London Health Sciences Centre Res. Inc. (Ont.),Ontario,Operating Grant: Industry-partnered Collaborative Research - Other Partner,201103ISO,Industry Partnered Collaborative Research,Impact of an Extremely Low Frequency Magnetic Stimulus Between 5 and 50 mT on Human Neurophysiological Function: a Multidimensional Approach at 60 Hz,"$428,010",$0,,,3 yrs 0 mth ,"Magnetic stimulation, Neurophysiological function, Low frequency",Health Services and Policy Research,ENVIRONMENTAL INFLUENCES ON HEALTH; POPULATION HEALTH; BIOPHYSICS,2011-10-01,2014-09-30,0
"Beg, Mirza Faisal","Simon Fraser University (Burnaby, B.C.)",British Columbia,Collaborative Health Research Projects (NSERC partnered),201711CPG,Collaborative Health Research Projects - NSERC Partnered,OCTSurfer - Advanced Imaging and Integrated Image Analysis Platform for 3D Optical Coherence Tomography Images of the Eye,"$341,410","$87,200",,,3 yrs 0 mth ,"Optical Coherence Tomography, Imaging, Eye",Population and Public Health,AGING; MULTIDISCIPLINARY; IMAGING; VISION,2018-04-01,2021-03-31,0
"McGuigan, Alison P",University of Toronto,Ontario,Collaborative Health Research Projects (NSERC partnered),201510CPG,Collaborative Health Research Projects - NSERC Partnered,A tissue engineering platform to identify target combinations in tumour stoma to render tumours therapy sensitive,"$207,800",$0,,,3 yrs 0 mth ,"tissue engineering, tumour stroma, therapy sensitivity",Cancer Research,CANCER THERAPY GENERAL; CANCER,2016-04-01,2019-03-31,0
"Mubareka, Samira",University of Toronto,Ontario,Collaborative Health Research Projects (NSERC partnered),201410CPG,Collaborative Health Research Projects - NSERC Partnered,Characterization and mitigation of experimental and natural viral bioaerosols,"$241,032",$0,,,3 yrs 0 mth ,"viral, bioaerosols, characterization",Infection and Immunity,INFECTIOUS AND PARASITIC; VIRAL; HEALTH RESEARCH; VIROLOGY,2015-04-01,2018-03-31,0
"Pasini, Damiano",McGill University,Quebec,Collaborative Health Research Projects (NSERC partnered),201310CPG,Collaborative Health Research Projects - NSERC Partnered,Development of a mechanically biomcompatible hip replacement implant with Ti-6Al-4V open-cell microlattice architecture,"$237,998",$0,,,3 yrs 0 mth ,"hip replacement, biomcompatible, Ti-6Al-4V",Musculoskeletal Health and Arthritis,"MUSCULO SKELETAL; MUSCLE, BONE, OR JOINT",2014-04-01,2017-03-31,2
"Hampson, David R",University of Toronto,Ontario,Operating Grant: Industry-partnered Collaborative Research - Rx&D partner,201103IRO,Industry Partnered Collaborative Research,Metabotropic Glutamate and GABA Receptors in Neuroinflammation,"$193,701","$4,785",,,3 yrs 0 mth ,"Glutamate, GABA, Receptors","Neurosciences, Mental Health and Addiction",AUTISM; MENTAL DISABILITY; MENTAL HEALTH; DRUG RESEARCH,2011-10-01,2014-09-30,1
"Chan, Warren C",University of Toronto,Ontario,Collaborative Health Research Projects (NSERC partnered),201910CPG,Collaborative Health Research Projects - NSERC Partnered,Applying machine learning to 3D tumor histopathology for predicting patient outcomes,"$484,151",$0,,,3 yrs 0 mth ,"machine learning, histopathology, tumor",Cancer Research,LUNG CANCER; CANCER; BIOPHYSICS,2020-04-01,2023-03-31,2
"Despres, Philippe",Universite Laval,Quebec,Collaborative Health Research Projects (NSERC partnered),201810CPG,Collaborative Health Research Projects - NSERC Partnered,"Predire l'evolution de l'hepatite C par la federation de donnees et l'intelligence artificielle : enjeux ethiques, juridiques, sociaux et de vie privee","$156,330",$0,,,3 yrs 0 mth ,"hepatite C, intelligence artificielle, federation de donnees",Infection and Immunity,LIVER DISEASE; POPULATION HEALTH; BIOETHICS,2019-04-01,2022-03-31,0
"Towler, Mark R",Toronto Metropolitan University,Toronto,Collaborative Health Research Projects (NSERC partnered),201310CPG,Collaborative Health Research Projects - NSERC Partnered,Transformative Bioglass Coatings for Surgical Applications.,"$320,161",$0,,,3 yrs 0 mth ,"Bioglass, Coatings, Surgical",Musculoskeletal Health and Arthritis,"MUSCULO SKELETAL; OSTEOPOROSIS; MUSCLE, BONE, OR JOINT; BIOCHEMISTRY",2014-04-01,2017-03-31,3
"Kadoury, Samuel",Polytechnique Montreal,Quebec,Collaborative Health Research Projects (NSERC partnered),201711CPG,Collaborative Health Research Projects - NSERC Partnered,Image-Guided Molecular Optical Spectroscopy for Tumor-Targeted Prostate Cancer Interventions,"$201,422","$71,937",,,3 yrs 0 mth ,"Image-Guided, Molecular, Spectroscopy",Cancer Research,PROSTATE AND BLADDER CANCER; IMAGING; CANCER,2018-04-01,2021-03-31,0
"Wootton, Sarah",University of Guelph,Ontario,Collaborative Health Research Projects (NSERC partnered),201910CPG,Collaborative Health Research Projects - NSERC Partnered,Clinical Advancement of an AAV Lung Gene Therapy Platform for the Treatment of Monogenic Lung Diseases,"$280,788","$25,000",,,3 yrs 0 mth ,"AAV, gene therapy, lung",Circulatory and Respiratory Health,VIRAL; RESPIRATION; VIROLOGY,2020-04-01,2023-03-31,0
"Tavakoli, Mahdi",University of Alberta,Alberta,Collaborative Health Research Projects (NSERC partnered),201210CPG,Collaborative Health Research Projects - NSERC Partnered,An Intelligent Needle Adjustment Assistant for Prostate Brachytherapy,"$147,327",$0,,,3 yrs 0 mth ,"Needle, Adjustment, Brachytherapy",Cancer Research,PROSTATE AND BLADDER CANCER THERAPY; CANCER,2013-04-01,2016-03-31,2
"Gulak, Glenn",University of Toronto,Ontario,Collaborative Health Research Projects (NSERC partnered),201310CPG,Collaborative Health Research Projects - NSERC Partnered,A Wireless CMOS Device for Rapid Point-of-Care Diagnosis of Bacterial Infections and Antibiotic Susceptibility Profiling,"$677,527",$0,,,3 yrs 0 mth ,"Wireless, CMOS, Bacterial Infections",Infection and Immunity,HEALTH CARE DELIVERY; INFECTIOUS AND PARASITIC; HEALTH RESEARCH; BACTERIOLOGY,2014-04-01,2017-03-31,1
"Soulez, Gilles",Universite de Montreal,Quebec,Collaborative Health Research Projects (NSERC partnered),201910CPG,Collaborative Health Research Projects - NSERC Partnered,Optimization and preclinical testing of a sclerosing and embolizing gel for embolization of varicose veins,"$278,520","$3,500",,,3 yrs 0 mth ,"sclerosing, embolizing, veins",Circulatory and Respiratory Health,MULTIDISCIPLINARY; CLOTTING DEFECTS/THROMBOSIS; CARDIOVASCULAR; IMAGING,2020-04-01,2023-03-31,0
"Minchinton, Andrew I",University of British Columbia,British Columbia,Collaborative Health Research Projects (NSERC partnered),201711CPG,Collaborative Health Research Projects - NSERC Partnered,Hypoxia-selective inhibitors of DNA repair,"$259,381",$0,,,3 yrs 0 mth ,"hypoxia, inhibitors, DNA repair",Cancer Research,CANCER THERAPY GENERAL; DRUG RESEARCH; CANCER,2018-04-01,2021-03-31,3
"Godin, Michel",University of Ottawa,Ontario,Collaborative Health Research Projects (NSERC partnered),201410CPG,Collaborative Health Research Projects - NSERC Partnered,Cocooning Therapeutic Cells,"$261,805",$0,,,3 yrs 0 mth ,"Cocooning, Therapeutic Cells",Circulatory and Respiratory Health,CARDIOLOGY; MULTIPLE DISEASE RELEVANCE; HEALTH RESEARCH; BIOPHYSICS,2015-04-01,2018-03-31,0
"Carson, Jeffrey J",Western University (Ontario),Ontario,Collaborative Health Research Projects (NSERC partnered),201510CPG,Collaborative Health Research Projects - NSERC Partnered,Non-contact 3D photoacoustic/ultrasonic imaging for detecting the early response to neoadjuvant chemotherapy in breast cancer patients,"$325,780",$0,,,3 yrs 0 mth ,"photoacoustic, ultrasonic, imaging",Cancer Research,BREAST CANCER; BREAST CANCER THERAPY; IMAGING; CANCER,2016-04-01,2019-03-31,0
"Scollie, Susan D",Western University (Ontario),Ontario,Collaborative Health Research Projects (NSERC partnered),201510CPG,Collaborative Health Research Projects - NSERC Partnered,Rapid measures of speech-evoked brainstem activity in infants who have hearing loss: Assessing hearing aid benefit for speech sounds.,"$164,423",$0,,,3 yrs 0 mth ,"speech, brainstem, hearing loss","Human Development, Child and Youth Health",DEAFNESS; MULTIDISCIPLINARY; HEARING; NERVOUS SYSTEM,2016-04-01,2019-03-31,0
"Menon, Carlo","Simon Fraser University (Burnaby, B.C.)",British Columbia,Collaborative Health Research Projects (NSERC partnered),201010CPG,Collaborative Health Research Projects - NSERC Partnered,Robotic assisted transcranial magnetic stimulation therapy,"$180,100",$0,,,3 yrs 0 mth ,"robotic, transcranial, magnetic",Aging,HEALTH CARE DELIVERY; MUSCULO SKELETAL; HEALTH RESEARCH; AGING,2012-07-01,2016-09-30,0
"Bromme, Dieter",University of British Columbia,British Columbia,Collaborative Health Research Projects (NSERC partnered),201711CPG,Collaborative Health Research Projects - NSERC Partnered,Side effect-free cathepsin K targeting drugs for skeletal diseases,"$359,850",$0,,,3 yrs 0 mth ,"cathepsin K, skeletal diseases, targeting",Musculoskeletal Health and Arthritis,"ARTHRITIS/OSTEOARTHRITIS; BONE CANCER THERAPY; MUSCLE, BONE, OR JOINT; DRUG RESEARCH",2018-04-01,2021-03-31,0
"Lesk, Mark R",Universite de Montreal,Quebec,Collaborative Health Research Projects (NSERC partnered),201010CPG,Collaborative Health Research Projects - NSERC Partnered,Pulsatile displacement of the lamina cribrosa in the pathogenesis of glaucoma: development of a novel device and preliminary clinical testing,"$222,158",$0,,,3 yrs 0 mth ,"pulsatile displacement, lamina cribrosa, glaucoma",,,2011-04-01,2014-03-31,0
"Buckeridge, David L",McGill University,Quebec,Collaborative Health Research Projects (NSERC partnered),200910CPG,Collaborative Health Research Projects - NSERC Partnered,Knowledge-Based Detection of Hospital Acquired Infections,"$218,060",$0,,,3 yrs 0 mth ,"Knowledge, Detection, Infections",Unable to allocate,NONE OF THE ABOVE; NOT CLASSIFIED,2010-04-01,2013-03-31,0
"Philip, Anie",Research Institute of the McGill University Health Centre,Quebec,Operating Grant: Industry-partnered Collaborative Research - Other Partner,201009ISO,Industry Partnered Collaborative Research,Role of endoglin in aberrant TGF-beta signaling in scleroderma,"$60,000",$0,,,2 yrs 0 mth ,"endoglin, TGF-beta, scleroderma",Musculoskeletal Health and Arthritis,SKIN AND SUBCUTANEOUS TISSUS; ILL-DEFINED CONDITIONS; MOLECULAR BIOLOGY; CELL BIOLOGY,2011-04-01,2013-03-31,0
"Wang, Yuzhuo",University of British Columbia,British Columbia,Operating Grant: Industry-partnered Collaborative Research,201109IPR,Industry Partnered Collaborative Research,"Next generation patient-derived, genetically-defined prostate cancer xenograft models for anti- cancer drug development","$375,000",$0,,,3 yrs 0 mth ,"patient-derived, prostate cancer, xenograft",Cancer Research,PROSTATE AND BLADDER CANCER; PROSTATE AND BLADDER CANCER THERAPY; CANCER,2012-04-01,2015-03-31,5
"Grover, Steven A",Research Institute of the McGill University Health Centre,Quebec,Catalyst Grant: eHealth Innovations,201210CEH,e-Health Innovation Partnership Program (eHIPP),Evaluating a Multidisciplinary E-Health Program to Promote Regular Physical Activity Among Individuals at Increased Risk of Cardiovascular Disease,"$99,390",$0,,,1 yr 0 mth ,"E-Health, Physical Activity, Cardiovascular Disease",Health Services and Policy Research,HEALTH PROMOTION; PSYCHOSOCIAL AND HEALTH BEHAVIOURS; PSYCHOSOCIAL/HEALTH BEHAVIOURAL RES.; HEALTH RESEARCH,2013-03-01,2014-02-28,0
"Fels, Sidney S",University of British Columbia,British Columbia,Collaborative Health Research Projects (NSERC partnered),201110CPG,Collaborative Health Research Projects - NSERC Partnered,Model-based prediction of mastication and swallowing outcomes for head and neck surgery,"$255,500",$0,,,3 yrs 0 mth ,"model, prediction, mastication",,,2012-04-01,2015-03-31,0
"Krewski, Daniel R",University of Ottawa,Ontario,Operating Grant: Industry-partnered Collaborative Research - Other Partner,201009ISO,Industry Partnered Collaborative Research,Risk of brain cancer from exposure to radiofrequency fields from wireless telecommunication devices in childhood and adolescence,"$419,601",$0,,,5 yrs 0 mth ,"brain cancer, radiofrequency, wireless",Population and Public Health,ENVIRONMENTAL INFLUENCES ON HEALTH; POPULATION HEALTH,2011-04-01,2016-03-31,0
"Martel, Sylvain",Polytechnique Montreal,Quebec,Collaborative Health Research Projects (NSERC partnered),201410CPG,Collaborative Health Research Projects - NSERC Partnered,Endovascular navigation of magnetic drug eluting beads for liver cancer therapy: Feasibility and optimization,"$252,318",$0,,,3 yrs 0 mth ,"endovascular, magnetic beads, liver cancer",Cancer Research,LIVER DISEASE; CANCER THERAPY GENERAL; IMAGING; CANCER,2015-04-01,2018-03-31,0
"Godin, Michel",University of Ottawa,Ontario,Collaborative Health Research Projects (NSERC partnered),201910CPG,Collaborative Health Research Projects - NSERC Partnered,Enhancing cell therapies using microfluidic encapsulation strategies,"$480,060","$13,960",,,3 yrs 0 mth ,"cell, microfluidic, encapsulation",Circulatory and Respiratory Health,CARDIOLOGY; MULTIPLE DISEASE RELEVANCE; HEALTH RESEARCH; BIOPHYSICS,2020-04-01,2023-03-31,0
"Hemmerling, Thomas M",McGill University,Quebec,Collaborative Health Research Projects (NSERC partnered),200910CPG,Collaborative Health Research Projects - NSERC Partnered,McSleepy - the first completely automatic anesthesia delivery system,"$199,571",$0,,,3 yrs 0 mth ,"anesthesia, delivery, automatic",Unable to allocate,NONE OF THE ABOVE; NOT CLASSIFIED,2010-04-01,2013-03-31,0
"Eizenman, Moshe",University of Toronto,Ontario,Collaborative Health Research Projects (NSERC partnered),200910CPG,Collaborative Health Research Projects - NSERC Partnered,Objective assessment of visual acuity in pre-verbal subjects,"$176,798",$0,,,3 yrs 0 mth ,"visual acuity, assessment, pre-verbal",Unable to allocate,NONE OF THE ABOVE; NOT CLASSIFIED,2010-04-01,2013-03-31,3
"Piret, James M",University of British Columbia,British Columbia,Collaborative Health Research Projects (NSERC partnered),201610CPG,Collaborative Health Research Projects - NSERC Partnered,Raman Spectroscopy Analysis to Improve the Validation of Cell Therapy Manufacturing Processes,"$233,800",$0,,,3 yrs 0 mth ,"Raman Spectroscopy, Cell Therapy, Manufacturing","Nutrition, Metabolism and Diabetes",MULTIDISCIPLINARY; MULTIPLE DISEASE RELEVANCE; CELL BIOLOGY; METABOLISM/DIABETES,2017-04-01,2020-03-31,0
"Thomas, David Y",McGill University,Quebec,Operating Grant: Industry-partnered Collaborative Research - Rx&D partner,200903IRO,Industry Partnered Collaborative Research,Therapeutic development of cystic fibrosis correctors,"$480,000",$0,,,2 yrs 0 mth ,"cystic fibrosis, correctors",Circulatory and Respiratory Health,RESPIRATION; DRUGS- PHARMACEUTICAL SCIENCE/CHEMISTRY & NON MEDICAL USE OF DRUGS; MOLECULAR BIOLOGY; HEALTH RESEARCH,2009-10-01,2011-09-30,5
"Pawliszyn, Janusz B",University of Waterloo (Ontario),Ontario,Collaborative Health Research Projects (NSERC partnered),201510CPG,Collaborative Health Research Projects - NSERC Partnered,Supervised in vivo lung perfusion strategy for treatment of cancer metastases to the lungs. Real time monitoring of chemotherapy by on-site analytical platform,"$431,583",$0,,,3 yrs 0 mth ,"lung perfusion, cancer metastases, chemotherapy",Cancer Research,LUNG CANCER THERAPY; MULTIDISCIPLINARY; CANCER; RESPIRATION,2016-04-01,2019-03-31,0
"Healey, Jeff S",McMaster University,Ontario,Operating Grant: Industry-partnered Collaborative Research,201203IPR,Industry Partnered Collaborative Research,Prevalence of Sub-Clinical Atrial Fibrillation in Patients with Cardiovascular Risk Factors Detected Using an Implantable Loop Recorder (ASSERT-2),"$136,535",$0,,,3 yrs 0 mth ,"Atrial Fibrillation, Implantable Loop Recorder, Cardiovascular Risk",Circulatory and Respiratory Health,"ARRHYTHMIAS; STROKE, HEART FAILURE",2012-10-01,2015-09-30,0
"Kolios, Michael C",Toronto Metropolitan University,Toronto,Collaborative Health Research Projects (NSERC partnered),201310CPG,Collaborative Health Research Projects - NSERC Partnered,Characterization of blood storage lesions using photoacoustic technologies,"$242,595",$0,,,3 yrs 0 mth ,"blood, photoacoustic, lesions",Circulatory and Respiratory Health,BLOOD; ANAEMIAS; BIOPHYSICS,2014-04-01,2017-03-31,3
"Melnyk, Roman",Hospital for Sick Children (Toronto),Ontario,Operating Grant: Industry-partnered Collaborative Research,201209IPR,Industry Partnered Collaborative Research,Discovery and Development of Small Molecule Toxin Antagonists to Treat C. difficile-Associated Disease,"$499,795",$0,,,5 yrs 0 mth ,"Small Molecule, Toxin, C. difficile",Infection and Immunity,DRUGS- PHARMACEUTICAL SCIENCE/CHEMISTRY & NON MEDICAL USE OF DRUGS; GASTRO-INTESTINAL DISEASE; DRUG RESEARCH; CELL BIOLOGY,2013-04-01,2018-03-31,6
"Dumont, Guy A",University of British Columbia,British Columbia,Collaborative Health Research Projects (NSERC partnered),201010CPG,Collaborative Health Research Projects - NSERC Partnered,"The Phone Oximeter: A simple, mobile device for respiratory disease management in the community","$216,408",$0,,,3 yrs 0 mth ,"Oximeter, respiratory, mobile",,,2011-04-01,2014-03-31,2
"Hinz, Boris",University of Toronto,Ontario,Collaborative Health Research Projects (NSERC partnered),201110CPG,Collaborative Health Research Projects - NSERC Partnered,High-throughput screening of cell contraction for applications in regenerative medicine and drug testing,"$287,484",$0,,,3 yrs 0 mth ,"high-throughput, cell contraction, regenerative medicine",,,2012-04-01,2015-03-31,0
"Dumont, Guy A",University of British Columbia,British Columbia,Collaborative Health Research Projects (NSERC partnered),201210CPG,Collaborative Health Research Projects - NSERC Partnered,Closed-Loop Control of Anesthesia,"$309,194",$0,,,3 yrs 0 mth ,"Closed-Loop, Control, Anesthesia",,,2008-10-01,2011-09-30,3
"Wang, Yuzhuo",University of British Columbia,British Columbia,Operating Grant: Industry-partnered Collaborative Research,201503IPR,Industry Partnered Collaborative Research,"Next generation patient-derived, genetically-defined kidney and bladder cancer xenograft models for anti-cancer drug development","$489,800",$0,,,4 yrs 0 mth ,"kidney, bladder, xenograft",Cancer Research,PROSTATE AND BLADDER CANCER; PROSTATE AND BLADDER CANCER THERAPY; CANCER; HEALTH SERVICES RESEARCH,2015-10-01,2019-09-30,1
"O'Brien, Edward R",Ottawa Heart Institute Research Corporation (Ontario),Ontario,Operating Grant: Industry-partnered Collaborative Research - Other Partner,201009ISO,Industry Partnered Collaborative Research,Vascular Health and Disease: New Concepts & Therapeutic Opportunities,"$623,749",$0,,,5 yrs 0 mth ,"Vascular, Health, Disease",Circulatory and Respiratory Health,ATHEROSCLEROSIS; CARDIOLOGY; CARDIOVASCULAR; MOLECULAR BIOLOGY,2011-04-01,2016-03-31,4
"Morrison, Katherine Mary",McMaster University,Ontario,Catalyst Grant: eHealth Innovations,201210CEH,e-Health Innovation Partnership Program (eHIPP),Family Centred E-Health in Pediatric Weight Management: A Pilot Study,"$95,918",$0,,,1 yr 0 mth ,"E-Health, Pediatric, Weight",Health Services and Policy Research,HEALTH CARE DELIVERY; OBESITY; HEALTH SERVICES RESEARCH; METABOLISM/DIABETES,2013-03-01,2014-02-28,0
"Tibbits, Glen F","Simon Fraser University (Burnaby, B.C.)",British Columbia,Collaborative Health Research Projects (NSERC partnered),201010CPG,Collaborative Health Research Projects - NSERC Partnered,Optical mapping of the neonate heart to determine the etiology of Junctional Ectopic Tachycardia,"$297,150",$0,,,3 yrs 0 mth ,"Optical mapping, neonate heart, Junctional Ectopic Tachycardia",,,2011-04-01,2014-03-31,0
"Adeli, Khosrow",Hospital for Sick Children (Toronto),Ontario,Operating Grant: Industry-partnered Collaborative Research - Rx&D partner,201003IRO,Industry Partnered Collaborative Research,Establishment of A New Database of Pediatric Laboratory Reference Intervals for Biomarkers of Pediatric Disease,"$66,196",$0,,,1 yr 0 mth ,"database, biomarkers, pediatric disease","Human Development, Child and Youth Health",BLOOD; HEALTH SERVICES RESEARCH; BIOCHEMISTRY; POPULATION HEALTH,2010-10-01,2011-09-30,0
"Santerre, Paul",University of Toronto,Ontario,Collaborative Health Research Projects (NSERC partnered),201610CPG,Collaborative Health Research Projects - NSERC Partnered,Novel adhesive polymeric membranes for binding degradable composite materials to bone in craniomaxillofacial repair,"$260,200",$0,,,3 yrs 0 mth ,"adhesive, polymeric membranes, craniomaxillofacial",Musculoskeletal Health and Arthritis,"MUSCULO SKELETAL; INJURY, REGENERATION; MUSCLE, BONE, OR JOINT; HEALTH RESEARCH",2017-04-01,2020-03-31,2
"Allingham, John S","Queen's University (Kingston, Ontario)",Ontario,Collaborative Health Research Projects (NSERC partnered),201310CPG,Collaborative Health Research Projects - NSERC Partnered,Preclinical Development of Natural Product-Based Agents as Anti-Cancer Drugs,"$206,646",$0,,,3 yrs 0 mth ,"Natural products, Anti-cancer, Agents",Cancer Research,CANCER THERAPY GENERAL; DRUGS- PHARMACEUTICAL SCIENCE/CHEMISTRY & NON MEDICAL USE OF DRUGS; DRUG RESEARCH; CANCER,2014-04-01,2017-03-31,1
"Stelfox, Henry T",University of Calgary,Alberta,Catalyst Grant: eHealth Innovations,201210CEH,e-Health Innovation Partnership Program (eHIPP),Developing an Electronic Decision Support and Communication Tool for Intensive Care Unit Discharge,"$98,460",$0,,,1 yr 0 mth ,"Electronic, Decision Support, Intensive Care",Health Services and Policy Research,HEALTH SERVICES RESEARCH; HEALTH CARE DELIVERY; HEALTH RESEARCH,2013-03-01,2014-02-28,0
"Pelletier, Joelle N",Universite de Montreal,Quebec,Collaborative Health Research Projects (NSERC partnered),201210CPG,Collaborative Health Research Projects - NSERC Partnered,Clinical evaluation of surface-plasmon resonance and nanoparticle-based fluorescent detection of serum biomarkers,"$328,059",$0,,,3 yrs 0 mth ,"surface-plasmon resonance, nanoparticle, biomarkers",Genetics,PROSTATE AND BLADDER CANCER THERAPY; LEUKAEMIAS; CANCER; BIOCHEMISTRY,2013-04-01,2016-03-31,0
"Lerouge, Sophie",ecole de technologie superieure (Montreal),Quebec,Collaborative Health Research Projects (NSERC partnered),201210CPG,Collaborative Health Research Projects - NSERC Partnered,Innovative vascular implants based on electrospinning and bioactive coatings,"$305,350",$0,,,3 yrs 0 mth ,"vascular, electrospinning, bioactive",Circulatory and Respiratory Health,ATHEROSCLEROSIS; CARDIOLOGY; CARDIOVASCULAR,2013-04-01,2016-03-31,2
"Cahill, Catherine M","Queen's University (Kingston, Ontario)",Ontario,CIHR/RxD - Biology of Pain -Young Investigators Grant,200810XCP,Industry Partnered Collaborative Research,Opioids modify glial activity in models of chronic pain and opioid  tolerant states,"$54,351",$0,,,2 yrs 0 mth ,"opioids, glial, pain",Aging,AGING; MENTAL AND BEHAVIOURAL DISEASES; MOLECULAR BIOLOGY,2009-04-01,2011-03-31,0
"Langley, Joanne M",Dalhousie University (Nova Scotia),Nova Scotia,Operating Grant: Industry-partnered Collaborative Research,201303IPR,Industry Partnered Collaborative Research,Preventing Respiratory Syncytial Virus (RSV) infection with a novel antigen-adjuvant platform,"$193,512",$0,,,2 yrs 0 mth ,"Respiratory Syncytial Virus, antigen, adjuvant",Infection and Immunity,INFECTIOUS AND PARASITIC; HEALTH RESEARCH,2013-10-01,2015-09-30,0
"Semple, John L",Women's College Hospital (Toronto),Ontario,Catalyst Grant: eHealth Innovations,201310CEH,e-Health Innovation Partnership Program (eHIPP),Replacing ambulatory clinic follow-up with remote home monitoring using smartphones in breast reconstruction patients: Is it cost-effective?,"$38,042","$1,861",,,1 yr 0 mth ,"remote monitoring, smartphones, breast reconstruction",Health Services and Policy Research,HEALTH ECONOMICS; BREAST CANCER; HEALTH SERVICES RESEARCH,2014-03-01,2015-02-28,0
"Yee, Albert J",University of Toronto,Ontario,Collaborative Health Research Projects (NSERC partnered),201510CPG,Collaborative Health Research Projects - NSERC Partnered,"Image-guided Radiofrequency Ablation (RFA) - Development, Validation, and Integration of Multimodality Treatment Planning for Vertebral Tumors","$165,000",$0,,,3 yrs 0 mth ,"Image-guided, Radiofrequency Ablation, Tumors",Cancer Research,"MULTIDISCIPLINARY; BONE CANCER; CANCER; MUSCLE, BONE, OR JOINT",2016-04-01,2019-03-31,0
"Fedida, David",University of British Columbia,British Columbia,Operating Grant: Industry-partnered Collaborative Research,201203IPR,Industry Partnered Collaborative Research,Discovery & Development of Novel Small Molecule Inhibitors of Viroporin Proteins for the Treatment of Acute & Chronic Viral Infections.,"$576,493",$0,,,3 yrs 0 mth ,"Small Molecule, Viroporin Proteins, Viral Infections",Infection and Immunity,INFECTIOUS AND PARASITIC; VIRAL; VIROLOGY; BIOPHYSICS,2012-10-01,2015-09-30,0
"Orvig, Christopher E",University of British Columbia,British Columbia,Collaborative Health Research Projects (NSERC partnered),201510CPG,Collaborative Health Research Projects - NSERC Partnered,Theranostic Vectors to Treat Cancer with Radiometals,"$359,446",$0,,,3 yrs 0 mth ,"Theranostic, Vectors, Radiometals",Cancer Research,CANCER THERAPY GENERAL; CANCER; IMAGING,2016-04-01,2019-03-31,0
"Santerre, Paul",University of Toronto,Ontario,Collaborative Health Research Projects (NSERC partnered),201610CPG,Collaborative Health Research Projects - NSERC Partnered,Degradable Cardiac Patch with Immuno-modulatory function,"$273,483",$0,,,3 yrs 0 mth ,"Cardiac, Degradable, Immuno-modulatory",Circulatory and Respiratory Health,"STROKE, HEART FAILURE; MYOCARDIAL INFARCTION; CARDIOVASCULAR; HEALTH RESEARCH",2017-04-01,2020-03-31,3
"Campbell, Melanie Crombie W",University of Waterloo (Ontario),Ontario,Collaborative Health Research Projects (NSERC partnered),201110CPG,Collaborative Health Research Projects - NSERC Partnered,Novel Diagnostic Methods for Imaging Amyloid Beta in the eye in association with alzheimer's disease,"$245,026",$0,,,3 yrs 0 mth ,"Amyloid Beta, Imaging, Alzheimer's",,,2012-04-01,2015-03-31,1
"Turner, Justine M",University of Alberta,Alberta,Operating Grant: Industry-partnered Collaborative Research - Other Partner,201009ISO,Industry Partnered Collaborative Research,Omega-3 Fatty Acids for Treatment of Intestinal Failure Associated Liver Disease: A Translational Research Study,"$131,484",$0,,,3 yrs 0 mth ,"Omega-3, Fatty Acids, Liver Disease","Nutrition, Metabolism and Diabetes",LIVER DISEASE; MALNUTRITION; NUTRITION; GASTROINTESTINAL (LIVER),2011-04-01,2014-03-31,0
"Reisner, Walter W",McGill University,Quebec,Collaborative Health Research Projects (NSERC partnered),201210CPG,Collaborative Health Research Projects - NSERC Partnered,Nanoconfinement Based Single-Cell Cytogenetic Platform for Pre-/Post-Implantation Genetic Diagnosis,"$219,185",$0,,,3 yrs 0 mth ,"Nanoconfinement, Single-Cell, Cytogenetics",Genetics,"PREGNANCY/BIRTH; MULTIDISCIPLINARY; GENOMICS, PROTEOMICS, AND BIOINFORMATICS; REPRODUCTION/PREGNANCY",2013-04-01,2016-03-31,0
"Dunn, Jeff F",University of Calgary,Alberta,Collaborative Health Research Projects (NSERC partnered),201410CPG,Collaborative Health Research Projects - NSERC Partnered,Application of functional near-infrared imaging as a biomarker of injury and recovery in mild traumatic brain injury and concussion,"$249,682",$0,,,3 yrs 0 mth ,"near-infrared imaging, biomarker, brain injury","Neurosciences, Mental Health and Addiction",MULTIDISCIPLINARY; MENTAL AND BEHAVIOURAL DISEASES; IMAGING; MENTAL HEALTH,2015-04-01,2018-03-31,0
"Teo, Koon K",McMaster University,Ontario,Operating Grant: Industry-partnered Collaborative Research,201109IPR,Industry Partnered Collaborative Research,"A randomized double-blind placebo-controlled trial for the evaluation of a polypill, a low dose aspirin and vitamin D supplementation in primary prevention to reduce cardiovascular disease (CVD) outcomes - The International Polycap Study 3 (TIPS-3)","$810,452",$0,,,5 yrs 0 mth ,"polypill, aspirin, cardiovascular disease",Circulatory and Respiratory Health,POPULATION HEALTH; CARDIOVASCULAR; CANCER,2012-04-01,2017-03-31,0
"Burns, Karen E",Unity Health Toronto,Toronto,Operating Grant: Industry-partnered Collaborative Research - Other Partner,201103ISO,Industry Partnered Collaborative Research,Practice Pattern Variation in Discontinuing Mechanical Ventilation in Critically Ill Adults: An International Study.,"$85,000",$0,,,3 yrs 0 mth ,"Mechanical Ventilation, Practice Pattern, Critically Ill",Population and Public Health,HEALTH CARE DELIVERY; RESPIRATION; INTERNATIONAL HEALTH,2011-10-01,2014-09-30,0
"Radisic, Milica",University of Toronto,Ontario,Collaborative Health Research Projects (NSERC partnered),201510CPG,Collaborative Health Research Projects - NSERC Partnered,Platform technology for maturation of human stem cell derived cardiomyocytes and cardiotoxicity screening,"$149,788",$0,,,3 yrs 0 mth ,"stem cells, cardiomyocytes, cardiotoxicity",Circulatory and Respiratory Health,CARDIOLOGY; ARRHYTHMIAS; CARDIOVASCULAR; DRUG RESEARCH,2016-04-01,2019-03-31,4
"Cafazzo, Joseph A",University Health Network (Toronto),Ontario,Catalyst Grant: eHealth Innovations,201210CEH,e-Health Innovation Partnership Program (eHIPP),Design and Evaluation of an mHealth Behavioural Intervention for the Self-Management of Type 2 Diabetes Mellitus,"$99,350",$0,,,1 yr 0 mth ,"mHealth, Behavioural Intervention, Diabetes","Nutrition, Metabolism and Diabetes",DIABETES MELLITUS; HEALTH CARE DELIVERY; METABOLISM/DIABETES; PSYCHOSOCIAL/HEALTH BEHAVIOURAL RES.,2013-03-01,2014-02-28,0
"Palmer, Michael",University of Waterloo (Ontario),Ontario,Collaborative Health Research Projects (NSERC partnered),201010CPG,Collaborative Health Research Projects - NSERC Partnered,Novel daptomycin-derived lipopeptide antibiotics for overcoming resistance in gram-positive bacteria,"$210,014",$0,,,3 yrs 0 mth ,"daptomycin, lipopeptide, antibiotics",,,2011-04-01,2014-03-31,0
"Boudreau, Franeois",Universite du Quebec e Trois-Rivieres,Quebec,Catalyst Grant: eHealth Innovations,201210CEH,e-Health Innovation Partnership Program (eHIPP),Feasibility and efficacy of a computer-tailoring physical activity intervention to promote self-management of CVD risk factors: a pilot randomized control trial,"$99,800",$0,,,1 yr 0 mth ,"computer, physical activity, self-management",Circulatory and Respiratory Health,HEALTH PROMOTION; PSYCHO-SOCIAL AND BEHAVIOURAL RESEARCH; CARDIOVASCULAR; PSYCHOSOCIAL/HEALTH BEHAVIOURAL RES.,2013-03-01,2014-02-28,0
"Mandelis, Andreas",University of Toronto,Ontario,Collaborative Health Research Projects (NSERC partnered),201210CPG,Collaborative Health Research Projects - NSERC Partnered,Hybrid (Co-registered) Intravascular Imaging Technology of Coronary Atherosclerosis using Wavelength-Modulated Differential Photoacoustic Radar and Ultrasonic Tomography,"$404,580",$0,,,3 yrs 0 mth ,"Intravascular imaging, Photoacoustic radar, Ultrasonic tomography",Circulatory and Respiratory Health,ATHEROSCLEROSIS; HEALTH PROMOTION; CARDIOVASCULAR; BIOPHYSICS,2013-04-01,2016-03-31,1
"Kelley, Shana O",University of Toronto,Ontario,Collaborative Health Research Projects (NSERC partnered),201210CPG,Collaborative Health Research Projects - NSERC Partnered,Rapid gene expression and protein profiling for transplantation medicine,"$282,900",$0,,,3 yrs 0 mth ,"gene expression, protein profiling, transplantation",Genetics,"RESPIRATION; GENETICS; GENOMICS, PROTEOMICS, AND BIOINFORMATICS",2013-04-01,2016-03-31,4
"Calon, Frederic",Universite Laval,Quebec,Collaborative Health Research Projects (NSERC partnered),201210CPG,Collaborative Health Research Projects - NSERC Partnered,Development and bioimaging of blood-brain barrier vectorized nanoparticles,"$383,134",$0,,,3 yrs 0 mth ,"blood-brain barrier, nanoparticles, bioimaging","Neurosciences, Mental Health and Addiction",DRUGS- PHARMACEUTICAL SCIENCE/CHEMISTRY & NON MEDICAL USE OF DRUGS; AGING; DRUG RESEARCH; NERVOUS SYSTEM,2013-04-01,2016-03-31,0
"Abolmaesumi, Purang",University of British Columbia,British Columbia,Collaborative Health Research Projects (NSERC partnered),201110CPG,Collaborative Health Research Projects - NSERC Partnered,Real time guidance surgical navigation system for scaphoid fracture fixation,"$209,350",$0,,,3 yrs 0 mth ,"surgical navigation, real-time guidance, scaphoid fracture",,,2012-04-01,2015-03-31,0
"Thibault, Pierre",Universite de Montreal,Quebec,Collaborative Health Research Projects (NSERC partnered),200910CPG,Collaborative Health Research Projects - NSERC Partnered,"""""""Control of newly synthesized histone deacetylation  and its implications for the clinical use of HDAC inhibitors""""""","$220,954",$0,,,3 yrs 0 mth ,"histone deacetylation, HDAC inhibitors, gene regulation",Unable to allocate,NONE OF THE ABOVE; NOT CLASSIFIED,2010-04-01,2013-03-31,0
"Chan, Timothy",University of Toronto,Ontario,Collaborative Health Research Projects (NSERC partnered),201010CPG,Collaborative Health Research Projects - NSERC Partnered,ARRT: Adaptive and Robust Radiation Therapy treatment planning for lung cancer,"$263,123",$0,,,3 yrs 0 mth ,"Radiation, Therapy, Planning",,,2011-04-01,2014-03-31,0
"Orvig, Christopher E",University of British Columbia,British Columbia,Collaborative Health Research Projects (NSERC partnered),201010CPG,Collaborative Health Research Projects - NSERC Partnered,Development and potential mechanisms in bifunctional lanthanide compound enhancement of deteriorating bone structures,"$245,410",$0,,,3 yrs 0 mth ,"lanthanide, bone, enhancement",,,2011-04-01,2014-03-31,0
"Kizhakkedathu, Jayachandran N",University of British Columbia,British Columbia,Collaborative Health Research Projects (NSERC partnered),201910CPG,Collaborative Health Research Projects - NSERC Partnered,Next Generation Platelet Storage Devices for Safe and Efficient Transfusion,"$361,850",$0,,,3 yrs 0 mth ,"Platelet, Storage, Transfusion",Circulatory and Respiratory Health,BLOOD; INFECTIOUS AND PARASITIC; CARDIOVASCULAR,2020-04-01,2023-03-31,1
"Li, Linda C",University of British Columbia,British Columbia,Catalyst Grant: eHealth Innovations,201210CEH,e-Health Innovation Partnership Program (eHIPP),ANSWER-2: A biologic decision aid for patients with rheumatoid arthritis,"$96,661",$0,,,1 yr 0 mth ,"biologic, decision aid, rheumatoid arthritis",Musculoskeletal Health and Arthritis,"ARTHRITIS/OSTEOARTHRITIS; HEALTH CARE DELIVERY; MUSCLE, BONE, OR JOINT; HEALTH SERVICES RESEARCH",2013-03-01,2014-02-28,0
"Chow, Chung-Wai",University of Toronto,Ontario,Collaborative Health Research Projects (NSERC partnered),201810CPG,Collaborative Health Research Projects - NSERC Partnered,Development of Machine Learning to Assess Lung Function Using Airway Oscillometry,"$347,441","$66,200",,,3 yrs 0 mth ,"Machine Learning, Lung Function, Airway Oscillometry",Circulatory and Respiratory Health,RESPIRATION; MULTIDISCIPLINARY; NOT CLASSIFIED,2019-04-01,2022-03-31,1
"Trejos, Ana Luisa",Western University (Ontario),Ontario,Collaborative Health Research Projects (NSERC partnered),201711CPG,Collaborative Health Research Projects - NSERC Partnered,Mechatronic Device for Multimodal Suppression of Parkinsonian Tremor,"$207,246","$4,223",,,3 yrs 0 mth ,"Mechatronic, Suppression, Tremor",Musculoskeletal Health and Arthritis,"PARKINSON'S DISEASE; HEALTH CARE DELIVERY; HEALTH RESEARCH; MUSCLE, BONE, OR JOINT",2018-04-01,2021-03-31,1
"Li, Yingfu",McMaster University,Ontario,Collaborative Health Research Projects (NSERC partnered),201610CPG,Collaborative Health Research Projects - NSERC Partnered,Paper-based diagnostic device for colorectal cancer detection,"$402,900",$0,,,3 yrs 0 mth ,"paper, diagnostic, colorectal cancer",Cancer Research,GASTRO-INTESTINAL CANCER; GASTRO-INTESTINAL DISEASE; CANCER; MOLECULAR BIOLOGY,2017-04-01,2020-03-31,2
"Schimmer, Aaron D",University Health Network (Toronto),Ontario,Operating Grant: Industry-partnered Collaborative Research,201309IPR,Industry Partnered Collaborative Research,Targeting mitochondrial translation as a novel therapeutic strategy for AML,"$820,000",$0,,,5 yrs 0 mth ,"mitochondrial translation, AML",Cancer Research,LEUKAEMIAS; CANCER THERAPY GENERAL; CANCER,2014-04-01,2017-06-30,1
"Genov, Roman",University of Toronto,Ontario,Collaborative Health Research Projects (NSERC partnered),201910CPG,Collaborative Health Research Projects - NSERC Partnered,Personalized Contingent Neurostimulation for Epilepsy by Machine Learning in Organic Brain Interfaces,"$360,000","$15,000",,,3 yrs 0 mth ,"Neurostimulation, Epilepsy, Brain Interfaces","Neurosciences, Mental Health and Addiction",EPILEPSY; MULTIDISCIPLINARY; BIOPHYSICS; NERVOUS SYSTEM,2020-04-01,2023-03-31,1
"Abbasi Nejad Enger, Shirin",Research Institute of the McGill University Health Centre,Quebec,Collaborative Health Research Projects (NSERC partnered),201711CPG,Collaborative Health Research Projects - NSERC Partnered,Novel Delivery System for High Dose Rate Intensity Modulated Brachytherapy with Yb-169 as a Radiation Source,"$245,475","$65,000",,,3 yrs 0 mth ,"Delivery, Brachytherapy, Yb-169",Cancer Research,CANCER THERAPY GENERAL; MULTIDISCIPLINARY; CANCER; HEALTH RESEARCH,2018-04-01,2021-03-31,0
"Brown, Eric D",McMaster University,Ontario,Collaborative Health Research Projects (NSERC partnered),201310CPG,Collaborative Health Research Projects - NSERC Partnered,Pathway-specific cell-based high throughput screening for natural product antibiotics,"$322,238",$0,,,3 yrs 0 mth ,"cell-based, high throughput, antibiotics",Infection and Immunity,INFECTIOUS AND PARASITIC; BACTERIOLOGY; BIOCHEMISTRY,2014-04-01,2017-03-31,22
"Ma, Hongshen",University of British Columbia,British Columbia,Collaborative Health Research Projects (NSERC partnered),201810CPG,Collaborative Health Research Projects - NSERC Partnered,Deformability based Cell Sorting Enabling Quality Control of Stored Red Blood Cells,"$312,155",$0,,,3 yrs 0 mth ,"Deformability, Cell Sorting, Red Blood Cells",Circulatory and Respiratory Health,BLOOD; BIOPHYSICS,2019-04-01,2022-03-31,0
"Levi, Ofer",University of Toronto,Ontario,Collaborative Health Research Projects (NSERC partnered),201110CPG,Collaborative Health Research Projects - NSERC Partnered,Simultaneous optical imaging of oxygenation and blood flow for chronic monitoring of stroke and seizure activity,"$270,000",$0,,,3 yrs 0 mth ,"optical imaging, oxygenation, blood flow",,,2012-04-01,2015-03-31,0
"Osornio Vargas, Alvaro R",University of Alberta,Alberta,Collaborative Health Research Projects (NSERC partnered),201210CPG,Collaborative Health Research Projects - NSERC Partnered,Spatial data mining exploring co-location of adverse birth outcomes and environmental variables,"$400,929",$0,,,3 yrs 0 mth ,"spatial data mining, co-location, birth outcomes","Human Development, Child and Youth Health",MULTIDISCIPLINARY; PREGNANCY/BIRTH; ENVIRONMENTAL INFLUENCES ON HEALTH; REPRODUCTION/PREGNANCY,2013-04-01,2016-03-31,0
"Narod, Steven A",University of Toronto,Ontario,Collaborative Health Research Projects (NSERC partnered),201110CPG,Collaborative Health Research Projects - NSERC Partnered,The physiological impact of postmenopausal oophorectomy on hormone levels in women with BRCA1 mutation,"$412,769",$0,,,3 yrs 0 mth ,"postmenopausal, oophorectomy, hormone levels",,,2012-04-01,2015-03-31,0
"Armstrong, Glen D",University of Calgary,Alberta,Operating Grant: Industry-partnered Collaborative Research - Other Partner,201003ISO,Industry Partnered Collaborative Research,Potential of pathogen-specific egg yolk antibodies (IgY) for treating Clostridium difficile infections.,"$162,672",$0,,,3 yrs 0 mth ,"IgY, Clostridium difficile, antibodies",Infection and Immunity,INFECTIOUS AND PARASITIC; GASTRO-INTESTINAL DISEASE; BACTERIOLOGY; DRUG RESEARCH,2010-10-01,2013-09-30,0
"Rancourt, Derrick E",University of Calgary,Alberta,Collaborative Health Research Projects (NSERC partnered),201510CPG,Collaborative Health Research Projects - NSERC Partnered,Derivation and Culture of Naeve Pluripotent Stem Cells in Stirred Suspension Bioreactors,"$351,690",$0,,,3 yrs 0 mth ,"Naive, Pluripotent, Bioreactors",Genetics,MULTIDISCIPLINARY; MULTIPLE DISEASE RELEVANCE; CELL BIOLOGY; MOLECULAR BIOLOGY,2016-04-01,2019-03-31,0
"Guttman, David S",University of Toronto,Ontario,Collaborative Health Research Projects (NSERC partnered),201610CPG,Collaborative Health Research Projects - NSERC Partnered,Next-Generation Antimicrobial Diagnostics: Speed and Precision via Whole Genome Sequencing,"$632,425",$0,,,3 yrs 0 mth ,"Antimicrobial, Diagnostics, Genome Sequencing",Infection and Immunity,"INFECTIOUS AND PARASITIC; HEALTH CARE DELIVERY; GENOMICS, PROTEOMICS, AND BIOINFORMATICS; BACTERIOLOGY",2017-04-01,2020-03-31,0
"Stewart, James","Queen's University (Kingston, Ontario)",Ontario,Collaborative Health Research Projects (NSERC partnered),200910CPG,Collaborative Health Research Projects - NSERC Partnered,New Methods for Articular Cartilage Repair through Computer-Assisted Surgery,"$161,270",$0,,,3 yrs 0 mth ,"articular cartilage, computer-assisted surgery",Unable to allocate,NONE OF THE ABOVE; NOT CLASSIFIED,2010-04-01,2013-03-31,2
"Lee, Jacques S","Sunnybrook Health Sciences Centre (Toronto, Ontario)",Toronto,Catalyst Grant: eHealth Innovations - Aging,201310CEA,e-Health Innovation Partnership Program (eHIPP),Predicting Emergency Delirium with an Interactive Computer Tablet(PreDICT),"$89,178","$1,759",,,1 yr 0 mth ,"Emergency, Delirium, Tablet",Aging,GERIATRICS; AGING; HEALTH RESEARCH,2014-03-01,2015-02-28,0
"Lane, Pierre","Simon Fraser University (Burnaby, B.C.)",British Columbia,Collaborative Health Research Projects (NSERC partnered),201610CPG,Collaborative Health Research Projects - NSERC Partnered,Endoscopic optical coherence tomography and autofluorescence imaging for early cancer detection,"$314,005",$0,,,3 yrs 0 mth ,"optical coherence tomography, autofluorescence imaging, cancer detection",Cancer Research,LUNG CANCER; NEOPLASMS; IMAGING; CANCER,2017-04-01,2020-03-31,1
"Brudno, Michael",University of Toronto,Ontario,Collaborative Health Research Projects (NSERC partnered),201210CPG,Collaborative Health Research Projects - NSERC Partnered,Computerized Patient Phenotyping to Connect Canadian Clinical Genetics Clinics,"$211,500",$0,,,3 yrs 0 mth ,"Patient, Phenotyping, Genetics",Genetics,HEALTH CARE DELIVERY; GENETICS,2013-04-01,2016-03-31,0
"Ma, Hongshen",University of British Columbia,British Columbia,Collaborative Health Research Projects (NSERC partnered),201610CPG,Collaborative Health Research Projects - NSERC Partnered,Development of Technologies for Rapid Isolation and Genome Sequencing of Single Circulating Tumor Cells in Prostate Cancer,"$489,780",$0,,,3 yrs 0 mth ,"isolation, genome sequencing, circulating tumor cells",Cancer Research,PROSTATE AND BLADDER CANCER; PROSTATE AND BLADDER CANCER THERAPY; CANCER; GENETICS,2017-04-01,2020-03-31,0
"Figeys, Daniel",University of Ottawa,Ontario,Collaborative Health Research Projects (NSERC partnered),201110CPG,Collaborative Health Research Projects - NSERC Partnered,Microfluidic platforms coupled to mass spectrometry for the quantitative analysis of circulating convertases and substrates,"$275,000",$0,,,3 yrs 0 mth ,"microfluidic, mass spectrometry, convertases",,,2012-04-01,2015-03-31,0
"Thompson, Michael R",McMaster University,Ontario,Collaborative Health Research Projects (NSERC partnered),201711CPG,Collaborative Health Research Projects - NSERC Partnered,Developing Thermally Stable Dry Powder Vaccine Platforms Via Spray Drying Tailored for Inhalation Delivery,"$408,901","$16,929",,,3 yrs 0 mth ,"Thermal stability, Dry powder, Inhalation",Infection and Immunity,DRUGS- PHARMACEUTICAL SCIENCE/CHEMISTRY & NON MEDICAL USE OF DRUGS; INFECTIOUS AND PARASITIC; DRUG RESEARCH; HEALTH RESEARCH,2018-04-01,2021-03-31,4
"Stinson, Jennifer N",Hospital for Sick Children (Toronto),Ontario,Catalyst Grant: eHealth Innovations,201310CEH,e-Health Innovation Partnership Program (eHIPP),Teens Taking Charge - Managing Cancer Online Trial: A Feasibility Study of Quality and Cost,"$92,207",$0,,,1 yr 0 mth ,"cancer, online, feasibility",Cancer Research,HEALTH CARE DELIVERY; HEALTH SERVICES RESEARCH; CANCER,2014-03-01,2015-02-28,0
"Cao, Xudong",University of Ottawa,Ontario,Collaborative Health Research Projects (NSERC partnered),200910CPG,Collaborative Health Research Projects - NSERC Partnered,Biodegradable hollow fiber channels to allow drug delivery for stimulation and propagation of endogenous stem cells for repair of neural injury,"$219,092",$0,,,3 yrs 0 mth ,"biodegradable, hollow fiber, neural injury",Unable to allocate,NONE OF THE ABOVE; NOT CLASSIFIED,2010-04-01,2013-03-31,0
"Rudzicz, Frank",University of Toronto,Ontario,Collaborative Health Research Projects (NSERC partnered),201610CPG,Collaborative Health Research Projects - NSERC Partnered,Automatic remote screening of speech features associated with Alzheimer's disease,"$220,133",$0,,,3 yrs 0 mth ,"speech, Alzheimer's, screening",Aging,ALZHEIMER'S DISEASE; AGING; GERONTOLOGY,2017-04-01,2020-03-31,3
"Korus, Moira J",Hospital for Sick Children (Toronto),Ontario,Catalyst Grant: eHealth Innovations,201310CEH,e-Health Innovation Partnership Program (eHIPP),Teens Taking Charge:  managing my Transplant on Line:  A pilot feasability and outcome study,"$86,704",$842,,,1 yr 0 mth ,"Transplant, online, feasibility",Health Services and Policy Research,PSYCHO-SOCIAL AND BEHAVIOURAL RESEARCH; HEALTH PROMOTION; PSYCHOSOCIAL/HEALTH BEHAVIOURAL RES.; IMMUNOLOGY-TRANSPLANTATION,2014-03-01,2015-02-28,0
"Perl, Jeffrey",Unity Health Toronto,Toronto,Operating Grant: Industry-partnered Collaborative Research,201303IPR,Industry Partnered Collaborative Research,The Peritoneal Dialysis Outcomes and Practice Patterns Study  (P-DOPPS),"$500,000",$0,,,4 yrs 0 mth ,"Peritoneal Dialysis, Outcomes, Practice Patterns","Nutrition, Metabolism and Diabetes","POPULATION HEALTH; EPIDEMIOLOGY; RENAL FUNCTION, NEPHROLOGY, UROLOGY",2013-10-01,2017-09-30,0
"Nobes, David S",University of Alberta,Alberta,Collaborative Health Research Projects (NSERC partnered),201910CPG,Collaborative Health Research Projects - NSERC Partnered,Optimization of an ex vivo heart perfusion device for pre-transplant preservation and evaluation of donor hearts,"$387,264","$69,700",,,3 yrs 0 mth ,"heart, perfusion, preservation",Circulatory and Respiratory Health,"CARDIOLOGY; STROKE, HEART FAILURE; CARDIOVASCULAR; IMMUNOLOGY-TRANSPLANTATION",2020-04-01,2023-03-31,0
"Bourbeau, Jean",Research Institute of the McGill University Health Centre,Quebec,Operating Grant: Industry-partnered Collaborative Research - Rx&D partner,201009IRO,Industry Partnered Collaborative Research,Canadian Cohort Obstructive Lung Disease (CanCOLD),"$1,051,344","$57,500",,,2 yrs 6 mths ,"Obstructive Lung Disease, Cohort, CanCOLD",Circulatory and Respiratory Health,CHRONIC OBSTRUCTIVE LUNG DISEASE; POPULATION HEALTH; RESPIRATION,2009-04-01,2011-03-31,0
"Dhanvantari, Savita",Western University (Ontario),Ontario,Collaborative Health Research Projects (NSERC partnered),201410CPG,Collaborative Health Research Projects - NSERC Partnered,Hybrid Molecular Imaging in the Diagnosis of Heart Disease,"$223,308",$0,,,3 yrs 0 mth ,"Molecular Imaging, Heart Disease",Circulatory and Respiratory Health,MULTIDISCIPLINARY; CARDIOVASCULAR; IMAGING,2015-04-01,2018-03-31,0
"Du, Caigan",University of British Columbia,British Columbia,Collaborative Health Research Projects (NSERC partnered),201410CPG,Collaborative Health Research Projects - NSERC Partnered,Hyperbranched polyglycerol-based colloid preservation solutions: Toward clinical applications,"$310,627",$0,,,3 yrs 0 mth ,"hyperbranched, polyglycerol, colloid","Nutrition, Metabolism and Diabetes","INJURY, REGENERATION; MULTIPLE DISEASE RELEVANCE; CELL BIOLOGY; DRUG RESEARCH",2015-04-01,2018-03-31,1
"Smargiassi, Audrey",Universite de Montreal,Quebec,Collaborative Health Research Projects (NSERC partnered),201410CPG,Collaborative Health Research Projects - NSERC Partnered,Quantification of health risks and benefits of future transportation plans,"$200,000",$0,,,3 yrs 0 mth ,"health, transportation, risks",Population and Public Health,ENVIRONMENTAL INFLUENCES ON HEALTH; POPULATION HEALTH,2015-04-01,2018-03-31,0
"Sarunic, Marinko V","Simon Fraser University (Burnaby, B.C.)",British Columbia,Collaborative Health Research Projects (NSERC partnered),201510CPG,Collaborative Health Research Projects - NSERC Partnered,Optical imaging of retinal structure and function with cellular resolution,"$307,750",$0,,,3 yrs 0 mth ,"Optical imaging, retinal, cellular","Neurosciences, Mental Health and Addiction",DISEASES AFFECTING SPEECH/VISION/HEARING; AGING; IMAGING; VISION,2016-04-01,2019-03-31,5
"Cete, Daniel",Universite Laval,Quebec,Collaborative Health Research Projects (NSERC partnered),201810CPG,Collaborative Health Research Projects - NSERC Partnered,Real-time multimodal tools for high resolution image-guided surgery and better treatment of Parkinson's disease,"$318,630",$0,,,3 yrs 0 mth ,"multimodal, image-guided, Parkinson's disease","Neurosciences, Mental Health and Addiction",PARKINSON'S DISEASE; IMAGING; NERVOUS SYSTEM,2019-04-01,2022-03-31,0
"Dumont, Guy A",University of British Columbia,British Columbia,Collaborative Health Research Projects (NSERC partnered),201210CPG,Collaborative Health Research Projects - NSERC Partnered,Closed-Loop Control of Anesthesia,"$309,194",$0,,,3 yrs 0 mth ,"Closed-Loop, Control, Anesthesia",Circulatory and Respiratory Health,MULTIDISCIPLINARY; NONE OF THE ABOVE; HEALTH RESEARCH; NOT CLASSIFIED,2013-04-01,2016-03-31,2
"Hore, Dennis K",University of Victoria (British Columbia),British Columbia,Collaborative Health Research Projects (NSERC partnered),201910CPG,Collaborative Health Research Projects - NSERC Partnered,Integrating a low-barrier drug checking platform into public health responses to overdose,"$283,950","$25,000",,,3 yrs 0 mth ,"drug checking, overdose, public health","Neurosciences, Mental Health and Addiction",DRUGS- PHARMACEUTICAL SCIENCE/CHEMISTRY & NON MEDICAL USE OF DRUGS; POPULATION HEALTH; HEALTH SERVICES RESEARCH,2020-04-01,2023-03-31,0
"Thompson, Michael",University of Toronto,Ontario,Collaborative Health Research Projects (NSERC partnered),201110CPG,Collaborative Health Research Projects - NSERC Partnered,Surface-oriented antibody capture of endothelial progenitor cells for the reduction of post-stent restenosis,"$203,674",$0,,,3 yrs 0 mth ,"antibody, endothelial progenitor cells, restenosis",,,2012-04-01,2015-03-31,0
"Sleiman, Hanadi",McGill University,Quebec,Collaborative Health Research Projects (NSERC partnered),201210CPG,Collaborative Health Research Projects - NSERC Partnered,DNA Cages as a Platform for Efficient and Selective Delivery of Therapeutics into Tumor Cells,"$400,000",$0,,,3 yrs 0 mth ,"DNA cages, targeted delivery, tumor cells",Cancer Research,LEUKAEMIAS; CANCER THERAPY GENERAL; DRUG RESEARCH; CANCER,2013-04-01,2016-03-31,0
"Fichtinger, Gabor","Queen's University (Kingston, Ontario)",Ontario,Collaborative Health Research Projects (NSERC partnered),201910CPG,Collaborative Health Research Projects - NSERC Partnered,Robotically assisted real-time metabolomic navigation of breast conserving surgery,"$337,724","$13,988",,,3 yrs 0 mth ,"robotically, metabolomic, navigation",Cancer Research,BREAST CANCER THERAPY; IMAGING; CANCER,2020-04-01,2023-03-31,0
"Drake, James M",University of Toronto,Ontario,Collaborative Health Research Projects (NSERC partnered),201210CPG,Collaborative Health Research Projects - NSERC Partnered,Temperature measurement in cortical bone and bone marrow during magnetic resonance guided focused ultrasound thermo-therapy in a porcine model,"$302,342",$0,,,3 yrs 0 mth ,"temperature, magnetic resonance, ultrasound",Cancer Research,BONE CANCER THERAPY; NEOPLASMS; IMAGING; CANCER,2013-04-01,2016-03-31,1
"Pouliot, Roxane",Universite Laval,Quebec,Collaborative Health Research Projects (NSERC partnered),201010CPG,Collaborative Health Research Projects - NSERC Partnered,Analyses de polyphenols issus d'ecorces d'essences canadiennes pour le traitement du psoriasis,"$225,750",$0,,,3 yrs 0 mth ,"polyphenols, ecorces, psoriasis",,,2011-04-01,2014-03-31,0
"Chen, Robert E",University Health Network (Toronto),Ontario,Operating Grant: Industry-partnered Collaborative Research,201403IPR,Industry Partnered Collaborative Research,Long-term stability of local field potentials recorded from the subthalamic nucleus and effects of deep brain stimulation,"$270,228",$0,,,3 yrs 0 mth ,"local field potentials, subthalamic nucleus, deep brain stimulation","Neurosciences, Mental Health and Addiction",PARKINSON'S DISEASE; MULTIPLE DISEASE RELEVANCE; NERVOUS SYSTEM; HEALTH RESEARCH,2014-10-01,2017-06-30,0
"Lee, Warren L",University of Toronto,Ontario,Collaborative Health Research Projects (NSERC partnered),201711CPG,Collaborative Health Research Projects - NSERC Partnered,Development of a lung ultrasound therapy system for acute respiratory distress syndrome,"$362,865",$0,,,3 yrs 0 mth ,"lung, ultrasound, respiratory distress",Circulatory and Respiratory Health,PNEUMONIA; RESPIRATION; BIOPHYSICS,2018-04-01,2021-03-31,2
"Grynpas, Marc D",University of Toronto,Ontario,Collaborative Health Research Projects (NSERC partnered),201210CPG,Collaborative Health Research Projects - NSERC Partnered,Irradiation-Sterilized Skeletal Allografts with Superior Biomechanical Performance through Collaborative Multidisciplinary Translational Research,"$255,330",$0,,,3 yrs 0 mth ,"Irradiation, Sterilization, Skeletal Allografts",Musculoskeletal Health and Arthritis,"MUSCULO SKELETAL; INJURY, REGENERATION; MUSCLE, BONE, OR JOINT",2013-04-01,2016-03-31,0
"Calon, Frederic",Universite Laval,Quebec,Operating Grant: Industry-partnered Collaborative Research - Other Partner,200909ISO,Industry Partnered Collaborative Research,Isolation of therapeutic fractions from intravenous immunoglobulins using the triple transgenic mouse model of Alzheimer's disease,"$70,000",$0,,,4 yrs 0 mth ,"immunoglobulins, Alzheimer's, transgenic mouse","Neurosciences, Mental Health and Addiction",ALZHEIMER'S DISEASE; BLOOD; DRUG RESEARCH; NERVOUS SYSTEM,2010-04-01,2014-03-31,0
"Mcfadyen, Bradford J",Universite Laval,Quebec,Collaborative Health Research Projects (NSERC partnered),201410CPG,Collaborative Health Research Projects - NSERC Partnered,Body-Environment Proximity Measurement: An integrated approach to measuring mobility deficits for assessment and treatment,"$181,578",$0,,,3 yrs 0 mth ,"Proximity, Measurement, Mobility",Musculoskeletal Health and Arthritis,"CNS ORGANIC; MUSCULO SKELETAL; MUSCLE, BONE, OR JOINT; NERVOUS SYSTEM",2015-04-01,2018-03-31,0
"Waspe, Adam C",University of Toronto,Ontario,Collaborative Health Research Projects (NSERC partnered),201810CPG,Collaborative Health Research Projects - NSERC Partnered,Development of a Magnetic Resonance guided High Intensity Focused Ultrasound Therapy Platform for Perinatal Applications,"$325,250",$0,,,3 yrs 0 mth ,"Magnetic Resonance, Focused Ultrasound, Perinatal","Human Development, Child and Youth Health",PERINATAL; CONGENITAL ANOMALIES; IMAGING; REPRODUCTION/PREGNANCY,2019-04-01,2022-03-31,0
"Arrowsmith, Cheryl H",University of Toronto,Ontario,Operating Grant: Industry-partnered Collaborative Research,201209IPR,Industry Partnered Collaborative Research,Toward epigenetic therapy for colon cancer,"$1,016,046",$0,,,5 yrs 0 mth ,"epigenetic, colon cancer",Cancer Research,"GASTRO-INTESTINAL CANCER; GASTRO-INTESTINAL CANCER THERAPY; GENOMICS, PROTEOMICS, AND BIOINFORMATICS; CANCER",2013-04-01,2017-06-30,0
"Mihailidis, Alex",University of Toronto,Ontario,Collaborative Health Research Projects (NSERC partnered),201210CPG,Collaborative Health Research Projects - NSERC Partnered,"A Modular Intelligent Power Wheelchair System to Enhance Mobility, Safety and Participation of Users","$286,788",$0,,,3 yrs 0 mth ,"Power, Wheelchair, Mobility",Aging,AGING; MULTIDISCIPLINARY; HEALTH RESEARCH,2013-04-01,2016-03-31,1
"Delaney, Kerry R",University of Victoria (British Columbia),British Columbia,Collaborative Health Research Projects (NSERC partnered),201010CPG,Collaborative Health Research Projects - NSERC Partnered,Implantable telemetric devices for electrophysiological and behavioural research using rodent disease models,"$226,500",$0,,,3 yrs 0 mth ,"implantable, telemetric, electrophysiological",,,2011-04-01,2014-03-31,2
"Cheung, Karen C",University of British Columbia,British Columbia,Collaborative Health Research Projects (NSERC partnered),201010CPG,Collaborative Health Research Projects - NSERC Partnered,Hydrogel-based microfluidic cell culture system for controlled drug dosage effects,"$221,941",$0,,,3 yrs 0 mth ,"Hydrogel, microfluidic, cell culture",,,2011-04-01,2014-03-31,1
"Simmons, Craig A",University of Toronto,Ontario,Collaborative Health Research Projects (NSERC partnered),200910CPG,Collaborative Health Research Projects - NSERC Partnered,Microfluidic drug screening in complex vascular microenvironments,"$232,628",$0,,,3 yrs 0 mth ,"microfluidic, drug screening, vascular",Unable to allocate,NONE OF THE ABOVE; NOT CLASSIFIED,2010-04-01,2013-03-31,2
"Chan, Warren C",University of Toronto,Ontario,Collaborative Health Research Projects (NSERC partnered),201510CPG,Collaborative Health Research Projects - NSERC Partnered,A combined nanotechnology and surgical strategy to treating liver cancer,"$464,934",$0,,,3 yrs 0 mth ,"nanotechnology, surgery, liver cancer",Cancer Research,LIVER DISEASE; CANCER THERAPY GENERAL; CANCER; BIOPHYSICS,2016-04-01,2019-03-31,5
"Reznik, Alla","Lakehead University (Thunder Bay, Ontario)",Ontario,Collaborative Health Research Projects (NSERC partnered),201110CPG,Collaborative Health Research Projects - NSERC Partnered,Practical implementation of real-time low-dose x-ray imaging,"$249,000",$0,,,3 yrs 0 mth ,"x-ray, imaging, real-time",,,2012-04-01,2015-03-31,2
"Martin, Randall V",Dalhousie University (Nova Scotia),Nova Scotia,Collaborative Health Research Projects (NSERC partnered),201010CPG,Collaborative Health Research Projects - NSERC Partnered,Developing technologies to assess long-term exposures of the Canadian population to air pollution: research leading to knowledge-transfer to reduce health effects,"$221,420",$0,,,3 yrs 0 mth ,"air pollution, exposure, health effects",,,2011-04-01,2014-03-31,0
"Lillicrap, David P","Queen's University (Kingston, Ontario)",Ontario,Operating Grant: Industry-partnered Collaborative Research,201403IPR,Industry Partnered Collaborative Research,Evaluation of innovative therapeutic strategies for hemophilia A in a unique hemophilic dog colony.,"$390,000",$0,,,3 yrs 0 mth ,"hemophilia A, therapeutic strategies, dog colony",Circulatory and Respiratory Health,BLOOD; CLOTTING DEFECTS/THROMBOSIS; GENETICS,2014-10-01,2017-06-30,0
"Borschel, Gregory H",University of Toronto,Ontario,Collaborative Health Research Projects (NSERC partnered),201210CPG,Collaborative Health Research Projects - NSERC Partnered,Enhancement of nerve regeneration with controlled release of neurotrophic factors,"$220,356",$0,,,3 yrs 0 mth ,"nerve regeneration, neurotrophic factors, controlled release","Neurosciences, Mental Health and Addiction",MUSCULO SKELETAL; MULTIDISCIPLINARY; NERVOUS SYSTEM,2013-04-01,2016-03-31,5
"DeMatteo, Carol A",McMaster University,Ontario,Collaborative Health Research Projects (NSERC partnered),201810CPG,Collaborative Health Research Projects - NSERC Partnered,Development of a Concussion Management Platform for Children and Youth: Bridging the Gap Between Research and Practice,"$494,289",$0,,,3 yrs 0 mth ,"Concussion, Management, Platform","Human Development, Child and Youth Health",HEALTH CARE DELIVERY; HEALTH RESEARCH,2019-04-01,2022-03-31,0
"Ward, Brian J",Research Institute of the McGill University Health Centre,Quebec,Operating Grant: Industry-partnered Collaborative Research,201303IPR,Industry Partnered Collaborative Research,Understanding the unusual effectiveness of Virus-Like Particle (VLP) vaccines made in plants,"$591,600",$0,,,3 yrs 0 mth ,"Virus-Like Particle, vaccines, plants",Infection and Immunity,INFECTIOUS AND PARASITIC; VIRAL,2013-10-01,2016-09-30,1
"Mongrain, Rosaire",McGill University,Quebec,Collaborative Health Research Projects (NSERC partnered),200910CPG,Collaborative Health Research Projects - NSERC Partnered,Development of a Biomechanical Model of the Aorta to Support Medical Decision and Prosthetic Design,"$209,250",$0,,,3 yrs 0 mth ,"Biomechanical, Aorta, Prosthetic",Unable to allocate,NONE OF THE ABOVE; NOT CLASSIFIED,2010-04-01,2013-03-31,0
"Fedida, David",University of British Columbia,British Columbia,Collaborative Health Research Projects (NSERC partnered),201711CPG,Collaborative Health Research Projects - NSERC Partnered,Novel 3D bioprinted human cardiac tissue models for drug safety and efficacy testing.,"$381,750",$0,,,3 yrs 0 mth ,"3D bioprinting, cardiac tissue, drug testing",Circulatory and Respiratory Health,CARDIOLOGY; MULTIPLE DISEASE RELEVANCE; CARDIOVASCULAR; CELL BIOLOGY,2018-04-01,2021-03-31,0
"Quinn, Thomas M",McGill University,Quebec,Collaborative Health Research Projects (NSERC partnered),200910CPG,Collaborative Health Research Projects - NSERC Partnered,New technologies and methods for growth of artificial cartilage and skin,"$223,500",$0,,,3 yrs 0 mth ,"artificial cartilage, skin, growth",Unable to allocate,NONE OF THE ABOVE; NOT CLASSIFIED,2010-04-01,2013-03-31,0
"Withers, Stephen G",University of British Columbia,British Columbia,Collaborative Health Research Projects (NSERC partnered),201910CPG,Collaborative Health Research Projects - NSERC Partnered,Improved organ transplant across the ABO barrier through enzymatic removal of antigens,"$431,290",$0,,,3 yrs 0 mth ,"organ transplant, enzymatic removal, antigens",Circulatory and Respiratory Health,RESPIRATION; CORONARY CIRCULATION (INCL. INSUFFICIENCY); IMMUNOLOGY-TRANSPLANTATION; BIOCHEMISTRY,2020-04-01,2023-03-31,3
"Kolios, Michael C",Toronto Metropolitan University,Toronto,Collaborative Health Research Projects (NSERC partnered),201510CPG,Collaborative Health Research Projects - NSERC Partnered,Development of treatment planning platform for ultrasound stimulated microbubble therapy,"$416,060",$0,,,3 yrs 0 mth ,"ultrasound, microbubble, therapy",Cancer Research,CANCER THERAPY GENERAL; BREAST CANCER THERAPY; CANCER; BIOPHYSICS,2016-04-01,2019-03-31,4
"Selvaganapathy, Ponnambalam R",McMaster University,Ontario,Collaborative Health Research Projects (NSERC partnered),201010CPG,Collaborative Health Research Projects - NSERC Partnered,Microfluidic high-throughput screening device for C. elegans movement based assays,"$220,250",$0,,,3 yrs 0 mth ,"microfluidic, high-throughput, C. elegans",,,2011-04-01,2014-03-31,1
"Yang, Victor X",Toronto Metropolitan University,Toronto,Collaborative Health Research Projects (NSERC partnered),201610CPG,Collaborative Health Research Projects - NSERC Partnered,Photodynamic therapy of non-melanoma skin cancers - development of a comprehensive image-guided planning system for personalized treatment,"$253,500",$0,,,3 yrs 0 mth ,"photodynamic, skin cancers, image-guided",Cancer Research,CANCER THERAPY GENERAL; SKIN AND SUBCUTANEOUS TISSUS; CANCER; IMAGING,2017-04-01,2020-03-31,2
"Sutherland, Garnette R",University of Calgary,Alberta,Collaborative Health Research Projects (NSERC partnered),201410CPG,Collaborative Health Research Projects - NSERC Partnered,A novel neurosurgery-specific haptic hand-controller for robot-assisted surgical systems,"$234,250",$0,,,3 yrs 0 mth ,"neurosurgery, haptic, robotic","Neurosciences, Mental Health and Addiction",BRAIN TUMORS THERAPY; MULTIDISCIPLINARY; HEALTH RESEARCH,2015-04-01,2018-03-31,3
"Krishnan, Sridhar",Toronto Metropolitan University,Toronto,Collaborative Health Research Projects (NSERC partnered),201010CPG,Collaborative Health Research Projects - NSERC Partnered,Signal analysis of T-wave alternans for predicting sudden cardiac deaths,"$311,988",$0,,,3 yrs 0 mth ,"signal analysis, T-wave alternans, cardiac deaths",,,2011-04-01,2014-03-31,0
"Menon, Carlo","Simon Fraser University (Burnaby, B.C.)",British Columbia,Collaborative Health Research Projects (NSERC partnered),201711CPG,Collaborative Health Research Projects - NSERC Partnered,Transformative Ankle Bracelet,"$231,245","$6,500",,,3 yrs 0 mth ,"Ankle, Bracelet","Neurosciences, Mental Health and Addiction","STROKE, HEART FAILURE; HEALTH RESEARCH",2018-04-01,2021-03-31,1
"Shmuel, Amir",McGill University,Quebec,Collaborative Health Research Projects (NSERC partnered),200910CPG,Collaborative Health Research Projects - NSERC Partnered,Modeling and validating the effect of transcranial magnetic stimulation on cortical excitability: implications for post-stroke recovery and depression,"$224,792",$0,,,3 yrs 0 mth ,"transcranial magnetic stimulation, cortical excitability, post-stroke recovery",Unable to allocate,NONE OF THE ABOVE; NOT CLASSIFIED,2010-04-01,2013-03-31,0
"Hodgson, Antony J",University of British Columbia,British Columbia,Collaborative Health Research Projects (NSERC partnered),201410CPG,Collaborative Health Research Projects - NSERC Partnered,"Using Three-Dimensional Ultrasound to Improve Diagnosis, Guide Surgery and Reduce Radiation in Orthopaedic Trauma and Pediatric Orthopaedics","$213,832",$0,,,3 yrs 0 mth ,"Ultrasound, Orthopaedic, Pediatric",Musculoskeletal Health and Arthritis,"INJURY, REGENERATION; MUSCULO SKELETAL; MUSCLE, BONE, OR JOINT; HEALTH RESEARCH",2015-04-01,2018-03-31,0
"Fox-Robichaud, Alison E",McMaster University,Ontario,Collaborative Health Research Projects (NSERC partnered),201510CPG,Collaborative Health Research Projects - NSERC Partnered,Point of Care Device for Rapid Quantification of Cell-Free DNA  with Application in Severe Sepsis,"$240,400",$0,,,3 yrs 0 mth ,"Point of Care, Cell-Free DNA, Sepsis",Circulatory and Respiratory Health,INFECTIOUS AND PARASITIC; HEALTH CARE DELIVERY; BIOCHEMISTRY; BLOOD,2016-04-01,2019-03-31,1
"Camp, Pat",University of British Columbia,British Columbia,Catalyst Grant: eHealth Innovations,201310CEH,e-Health Innovation Partnership Program (eHIPP),LungFIT:  A Smartphone System for Pulmonary Rehabilitation,"$92,131",$0,,,1 yr 0 mth ,"Lung, Smartphone, Pulmonary",Health Services and Policy Research,HEALTH SERVICES RESEARCH; RESPIRATION,2014-03-01,2015-02-28,0
"Dawson, Laura A",University Health Network (Toronto),Ontario,Operating Grant: Industry-partnered Collaborative Research - Rx&D partner,200903IRO,Industry Partnered Collaborative Research,Radiation Therapy and Sorafenib for Primary and Metastatic Liver Cancer,"$357,495",$0,,,3 yrs 0 mth ,"Radiation therapy, Sorafenib, Liver cancer",Cancer Research,GASTRO-INTESTINAL CANCER THERAPY; NEOPLASMS; CANCER; GASTROINTESTINAL (LIVER),2009-10-01,2012-09-30,0
"Ringuette, Maurice J",University of Toronto,Ontario,Collaborative Health Research Projects (NSERC partnered),201010CPG,Collaborative Health Research Projects - NSERC Partnered,Development of SPARC mimetic peptides for targeting peritoneal metastasis of epithelial ovarian cancer,"$230,549",$0,,,3 yrs 0 mth ,"SPARC, peptides, ovarian cancer",,,2011-04-01,2014-03-31,0
"Wilson, Brian C",University Health Network (Toronto),Ontario,Collaborative Health Research Projects (NSERC partnered),200910CPG,Collaborative Health Research Projects - NSERC Partnered,Response Monitoring and Control of Prostate Focal Laser Thermal Therapy with Hybrid Trans-rectal NIR Optical Tomography and 3D Ultrasound,"$247,475",$0,,,3 yrs 0 mth ,"Prostate, Laser, Optical",Unable to allocate,NONE OF THE ABOVE; NOT CLASSIFIED,2010-04-01,2013-03-31,5
"Ghahary, Aziz",University of British Columbia,British Columbia,Collaborative Health Research Projects (NSERC partnered),200910CPG,Collaborative Health Research Projects - NSERC Partnered,Development and Application of Nanofibres Releasing Anti-Fibrogenic Factors for treating Dermal Fibrosis,"$246,168",$0,,,3 yrs 0 mth ,"Nanofibres, Anti-Fibrogenic, Dermal Fibrosis",Unable to allocate,NONE OF THE ABOVE; NOT CLASSIFIED,2010-04-01,2013-03-31,0
"Overall, Christopher M",University of British Columbia,British Columbia,Collaborative Health Research Projects (NSERC partnered),201210CPG,Collaborative Health Research Projects - NSERC Partnered,Polymers for Proteomic Enrichment of Early Cancer Biomarkers,"$452,322",$0,,,3 yrs 0 mth ,"Polymers, Proteomic, Biomarkers",Cancer Research,BREAST CANCER; MULTIPLE DISEASE RELEVANCE; CANCER; BLOOD,2013-04-01,2016-03-31,0
"Ahmad, Farah","York University (Toronto, Ontario)",Ontario,Catalyst Grant: eHealth Innovations,201210CEH,e-Health Innovation Partnership Program (eHIPP),Interactive Computer-assisted Screening (iCAS) for Depression in Primary Care,"$89,933",$0,,,1 yr 0 mth ,"Computer-assisted, Screening, Depression",Health Services and Policy Research,HEALTH CARE DELIVERY; DEPRESSION; HEALTH SERVICES RESEARCH; MENTAL HEALTH,2013-03-01,2014-02-28,0
"Casper, Robert F",Sinai Health System (Toronto),Toronto,Operating Grant: Industry-partnered Collaborative Research,201409IPR,Industry Partnered Collaborative Research,Characterization of the bioenergetic and metabolic function of mitochondria isolated from oocyte precursor stem cells.,"$911,700",$0,,,5 yrs 0 mth ,"mitochondria, bioenergetic, stem cells","Human Development, Child and Youth Health",INFERTILITY FEMALE; AGING; REPRODUCTION/PREGNANCY; CELL BIOLOGY,2015-04-01,2020-03-31,0
"Connolly, John F",McMaster University,Ontario,Collaborative Health Research Projects (NSERC partnered),201711CPG,Collaborative Health Research Projects - NSERC Partnered,Development of a Point of Care System for Automated Coma Prognosis,"$273,862",$0,,,3 yrs 0 mth ,"Point of Care, Automated, Coma","Neurosciences, Mental Health and Addiction",HEALTH CARE DELIVERY; CNS ORGANIC; NERVOUS SYSTEM,2018-04-01,2021-03-31,2
"Harden, James L",University of Ottawa,Ontario,Collaborative Health Research Projects (NSERC partnered),201110CPG,Collaborative Health Research Projects - NSERC Partnered,Anti-microbial scaffold materials for cutaneous wound healing,"$273,128",$0,,,3 yrs 0 mth ,"Anti-microbial, scaffold, wound healing",,,2012-04-01,2015-03-31,2
"Chan, Warren C",University of Toronto,Ontario,Collaborative Health Research Projects (NSERC partnered),201010CPG,Collaborative Health Research Projects - NSERC Partnered,Engineering low-cost nanotechnology based molecular diagnostics using paper,"$198,202",$0,,,3 yrs 0 mth ,"nanotechnology, diagnostics, paper",,,2011-04-01,2014-03-31,1
"Goldenberg, Andrew A",University of Toronto,Ontario,Collaborative Health Research Projects (NSERC partnered),200910CPG,Collaborative Health Research Projects - NSERC Partnered,MRI-Guided Focal Ablation of Prostate Cancerous Tissue,"$187,500",$0,,,3 yrs 0 mth ,"MRI, Focal Ablation, Prostate Cancer",Unable to allocate,NONE OF THE ABOVE; NOT CLASSIFIED,2010-04-01,2013-03-31,1
"Boivin, Guy",Universite Laval,Quebec,Operating Grant: Industry-partnered Collaborative Research - Rx&D partner,201009IRO,Industry Partnered Collaborative Research,Mechanisms of antiviral drug resistance in seasonal and pandemic influenza strains and evaluation of new therapeutic modalities,"$228,975",$0,,,3 yrs 0 mth ,"antiviral, drug resistance, influenza",Infection and Immunity,VIRAL; PNEUMONIA; VIROLOGY; RESPIRATION,2011-04-01,2014-03-31,10
"Tang, Shuo",University of British Columbia,British Columbia,Collaborative Health Research Projects (NSERC partnered),201210CPG,Collaborative Health Research Projects - NSERC Partnered,Photoacoustic Imaging for Image Guided Prostate Cancer Interventions,"$172,625",$0,,,3 yrs 0 mth ,"Photoacoustic, Imaging, Prostate Cancer",Cancer Research,MULTIDISCIPLINARY; PROSTATE AND BLADDER CANCER; IMAGING; CANCER,2013-04-01,2016-03-31,0
"Logan, Alexander G",Sinai Health System (Toronto),Toronto,Catalyst Grant: eHealth Innovations,201310CEH,e-Health Innovation Partnership Program (eHIPP),Evaluation of self-care medication reconciliation app for patients with chronic kidney disease,$0,$0,"$92,161",Ontario Health - CCO - Cancer Care Ontario (Toronto),1 yr 0 mth ,"medication reconciliation, self-care, chronic kidney disease",Health Services and Policy Research,HEALTH CARE DELIVERY; HEALTH ECONOMICS; HEALTH SERVICES RESEARCH; AGING,2014-03-01,2015-02-28,0
"Cusack, Rhodri",Western University (Ontario),Ontario,Collaborative Health Research Projects (NSERC partnered),201110CPG,Collaborative Health Research Projects - NSERC Partnered,Assessing neonatal brain fuction with fMRI,"$272,569",$0,,,3 yrs 0 mth ,"neonatal, brain, fMRI",,,2012-04-01,2015-03-31,0
"Patel, Rajnikant V",Western University (Ontario),Ontario,Collaborative Health Research Projects (NSERC partnered),201310CPG,Collaborative Health Research Projects - NSERC Partnered,Novel Haptics-Enabled Robotic Systems for Rehabilitation Therapy,"$273,395",$0,,,3 yrs 0 mth ,"Haptics, Robotic Systems, Rehabilitation",Aging,AGING; MUSCULO SKELETAL; HEALTH SERVICES RESEARCH,2014-04-01,2017-03-31,1
"Blaber, Andrew P","Simon Fraser University (Burnaby, B.C.)",British Columbia,Collaborative Health Research Projects (NSERC partnered),201110CPG,Collaborative Health Research Projects - NSERC Partnered,"Preventing postural hypotension, syncope and falls with smart materials and monitoring","$205,530",$0,,,3 yrs 0 mth ,"postural hypotension, syncope, monitoring",,,2012-04-01,2015-03-31,1
"Dumont, Guy A",University of British Columbia,British Columbia,Collaborative Health Research Projects (NSERC partnered),201210CPG,Collaborative Health Research Projects - NSERC Partnered,Closed-Loop Control of Anesthesia,"$309,194",$0,,,3 yrs 0 mth ,"Closed-Loop, Control, Anesthesia",,,2008-10-01,2011-09-30,3
"Simmons, Craig A",University of Toronto,Ontario,Collaborative Health Research Projects (NSERC partnered),201610CPG,Collaborative Health Research Projects - NSERC Partnered,Development of a physiological cardiac microtissue platform for drug development,"$426,720",$0,,,3 yrs 0 mth ,"cardiac, microtissue, drug",Circulatory and Respiratory Health,"CARDIOLOGY; STROKE, HEART FAILURE; CARDIOVASCULAR; CELL BIOLOGY",2017-04-01,2020-03-31,4
"Harrigan, Richard P",University of British Columbia,British Columbia,Operating Grant: Industry-partnered Collaborative Research - Rx&D partner,200809IRO,Industry Partnered Collaborative Research,Improved Screening Methods for CCR5-Antagonists Use by Ultra Deep Sequencing and Quantitative Population-Based Sequencing Techniques: Analyzes of the Phase III Human Clinical Trials of Maraviroc (08-09).,"$690,659",$0,,,3 yrs 0 mth ,"CCR5, sequencing, Maraviroc",Infection and Immunity,"AIDS; EPIDEMIOLOGY; VIROLOGY; GENOMICS, PROTEOMICS, AND BIOINFORMATICS",2009-04-01,2012-03-31,1
"Kearney, Robert E",McGill University,Quebec,Collaborative Health Research Projects (NSERC partnered),201510CPG,Collaborative Health Research Projects - NSERC Partnered,Developing and clinically testing a learning algorithm that optimizes the performance of the artificial pancreas,"$218,863",$0,,,3 yrs 0 mth ,"learning algorithm, artificial pancreas, performance","Nutrition, Metabolism and Diabetes",MULTIDISCIPLINARY; DIABETES MELLITUS; METABOLISM/DIABETES,2016-04-01,2019-03-31,1
"Bosma, Karen J",London Health Sciences Centre Res. Inc. (Ont.),Ontario,Operating Grant: Industry-partnered Collaborative Research,201403IPR,Industry Partnered Collaborative Research,Proportional Assist Ventilation for Minimizing the Duration of Mechanical Ventilation,"$140,952",$0,,,3 yrs 0 mth ,"Proportional Assist, Ventilation, Mechanical",Circulatory and Respiratory Health,RESPIRATION; HEALTH CARE DELIVERY; HEALTH RESEARCH,2014-10-01,2017-09-30,0
"Tomkins-Lane, Christy","Mount Royal University (Calgary, Alberta)",Alberta,Catalyst Grant: eHealth Innovations,201210CEH,e-Health Innovation Partnership Program (eHIPP),The Spinal Stenosis Pedometer and Nutrition e-Health Lifestyle Intervention (SSPANLI) Randomized Trial,"$98,968",$0,,,1 yr 0 mth ,"Spinal Stenosis, Pedometer, Nutrition",Health Services and Policy Research,"OBESITY; MUSCULO SKELETAL; HEALTH RESEARCH; MUSCLE, BONE, OR JOINT",2013-09-01,2014-08-31,0
"Patterson, Kara K",University of Toronto,Ontario,Collaborative Health Research Projects (NSERC partnered),201410CPG,Collaborative Health Research Projects - NSERC Partnered,The relationship of temporal gait asymmetry and rhythm perception and production,"$225,096",$0,,,3 yrs 0 mth ,"gait, rhythm, perception","Neurosciences, Mental Health and Addiction","STROKE, HEART FAILURE; NERVOUS SYSTEM",2015-04-01,2018-03-31,0
"Abidi, Samina R",Dalhousie University (Nova Scotia),Nova Scotia,Catalyst Grant: eHealth Innovations,201210CEH,e-Health Innovation Partnership Program (eHIPP),D-WISE - A Diabetes Web-Centric Information and Support Environment: An E-health Solution Operationalizing Behaviour Change Models and Clinical Guidelines for Patient-centered Diabetes Self-management,"$99,905",$0,,,1 yr 0 mth ,"Diabetes, E-health, Self-management",Health Services and Policy Research,DIABETES MELLITUS; HEALTH SERVICES RESEARCH; ENDOCRINOLOGY,2013-03-01,2014-02-28,0
"Xing, Zhou",McMaster University,Ontario,Collaborative Health Research Projects (NSERC partnered),201210CPG,Collaborative Health Research Projects - NSERC Partnered,"Bioengineered chimpanzee adenovirus-based vaccines against tuberculosis: Optimization of immunologic property, formulation and delivery for bench-to-human applications","$486,740",$0,,,3 yrs 0 mth ,"chimpanzee adenovirus, vaccines, tuberculosis",Infection and Immunity,INFECTIOUS AND PARASITIC; HEALTH RESEARCH,2013-04-01,2016-03-31,3
"Purdie, Thomas G",University of Toronto,Ontario,Collaborative Health Research Projects (NSERC partnered),201210CPG,Collaborative Health Research Projects - NSERC Partnered,Improving Quality and Patient Safety in Radiation Therapy by Integrating Multi-Disciplinary Criteria into an Artificial Intelligence System,"$325,530",$0,,,3 yrs 0 mth ,"Radiation Therapy, Artificial Intelligence, Patient Safety",Cancer Research,CANCER THERAPY GENERAL; CANCER; BIOPHYSICS,2013-04-01,2016-03-31,1
"Piret, James M",University of British Columbia,British Columbia,Collaborative Health Research Projects (NSERC partnered),201810CPG,Collaborative Health Research Projects - NSERC Partnered,Bioprocess Engineering for Therapeutic T-cell Manufacturing,"$306,802",$0,,,3 yrs 0 mth ,"Bioprocess, T-cell, Manufacturing",Infection and Immunity,MULTIDISCIPLINARY; MULTIPLE DISEASE RELEVANCE; CELL BIOLOGY; IMMUNOLOGY-TRANSPLANTATION,2019-04-01,2022-03-31,0
"Kizhakkedathu, Jayachandran N",University of British Columbia,British Columbia,Collaborative Health Research Projects (NSERC partnered),201110CPG,Collaborative Health Research Projects - NSERC Partnered,Novel antimircrobial and biofilm resistant coatings for urological and blood storage devices,"$323,547",$0,,,3 yrs 0 mth ,"antimicrobial, biofilm, coatings",,,2012-04-01,2015-03-31,3
"Valliant, John F",McMaster University,Ontario,Collaborative Health Research Projects (NSERC partnered),201510CPG,Collaborative Health Research Projects - NSERC Partnered,Development of Molecularly Targeted Ultrasound Contrast Agents for Prostate Cancer Imaging using Bioorthogonal Chemistry,"$261,250",$0,,,3 yrs 0 mth ,"Ultrasound, Contrast Agents, Prostate Cancer",Cancer Research,PROSTATE AND BLADDER CANCER; IMAGING; CANCER,2016-04-01,2019-03-31,0
"Soulez, Gilles",Centre hospitalier de l'Universite de Montreal (CHUM),Quebec,Operating Grant: Industry-partnered Collaborative Research - Other Partner,200809ISO,Industry Partnered Collaborative Research,"Endovascular repair of abdominal aortic aneurysm: Enhanced planning, guidance and assessment by 2D/3D registration of fluoroscopic, CT, C-arm CT and virtual stent data","$120,845",$0,,,3 yrs 0 mth ,"endovascular, aneurysm, registration",Circulatory and Respiratory Health,ATHEROSCLEROSIS; CARDIOVASCULAR; IMAGING,2009-04-01,2012-03-31,2
"Bell, John C",Ottawa Hospital Research Institute,Ontario,Operating Grant: Industry-partnered Collaborative Research,201109IPR,Industry Partnered Collaborative Research,Development of a Therapeutic Oncolytic Poxvirus with Enhanced Systemic Delivery and Potency,"$968,389",$0,,,4 yrs 0 mth ,"Oncolytic Poxvirus, Systemic Delivery, Potency",Cancer Research,CANCER THERAPY GENERAL; VIRAL; CANCER; MOLECULAR BIOLOGY,2012-04-01,2016-03-31,17
"Andrysek, Jan",University of Toronto,Ontario,Collaborative Health Research Projects (NSERC partnered),201810CPG,Collaborative Health Research Projects - NSERC Partnered,Biomechanical biofeedback targeting the high-level rehabilitation of mobility in youth with lower limb amputations,"$374,050",$0,,,3 yrs 0 mth ,"biomechanical, biofeedback, rehabilitation","Human Development, Child and Youth Health","MUSCULO SKELETAL; MUSCLE, BONE, OR JOINT",2019-04-01,2022-03-31,0
"Stanford, William L",University of Ottawa,Ontario,Collaborative Health Research Projects (NSERC partnered),201410CPG,Collaborative Health Research Projects - NSERC Partnered,An Integrated Systems Biology Approach to Developing Mesenchymal Stem/Stromal Cell-derived Cellular Therapeutics,"$375,384",$0,,,3 yrs 0 mth ,"Systems biology, Mesenchymal stem cells, Cellular therapeutics",Infection and Immunity,"MULTIDISCIPLINARY; INFECTIOUS AND PARASITIC; HEALTH RESEARCH; GENOMICS, PROTEOMICS, AND BIOINFORMATICS",2015-04-01,2018-03-31,0
"Dmitrienko, Gary I",University of Waterloo (Ontario),Ontario,Operating Grant: Industry-partnered Collaborative Research,201203IPR,Industry Partnered Collaborative Research,New strategies for overcoming bacterial resistance to antibiotics,"$200,000",$0,,,2 yrs 0 mth ,"bacterial resistance, antibiotics",Infection and Immunity,INFECTIOUS AND PARASITIC; DRUG RESEARCH,2012-10-01,2014-09-30,0
"Stinson, Jennifer N",Hospital for Sick Children (Toronto),Ontario,Catalyst Grant: eHealth Innovations,201310CEH,e-Health Innovation Partnership Program (eHIPP),"The PainSquad+ Real-time Pain Management System for Adolescents with Cancer: A Feasibility, Quality and Cost Study","$92,228",$0,,,1 yr 0 mth ,"Pain management, adolescents, cancer",Cancer Research,HEALTH SERVICES RESEARCH; CANCER,2014-03-01,2015-02-28,0
"Diller, Eric D",University of Toronto,Ontario,Collaborative Health Research Projects (NSERC partnered),201711CPG,Collaborative Health Research Projects - NSERC Partnered,Novel Multimodal Sensing and Actuation Mechanisms for Intra-Ventricular Neurosurgery Robotic Tools,"$251,940","$10,500",,,3 yrs 0 mth ,"Multimodal sensing, actuation, neurosurgery","Human Development, Child and Youth Health",CONGENITAL ANOMALIES; EPILEPSY; NERVOUS SYSTEM; CANCER,2018-04-01,2021-03-31,0
"Turner, Robin F",University of British Columbia,British Columbia,Collaborative Health Research Projects (NSERC partnered),201210CPG,Collaborative Health Research Projects - NSERC Partnered,Non-Invasive Probe to Assess the Quality and Suitability for Transfusion of Stored Red Blood Cells,"$206,647",$0,,,3 yrs 0 mth ,"Probe, Red Blood Cells, Transfusion",Health Services and Policy Research,BLOOD,2013-04-01,2016-03-31,0
"Tavakoli, Mahdi",University of Alberta,Alberta,Collaborative Health Research Projects (NSERC partnered),201711CPG,Collaborative Health Research Projects - NSERC Partnered,Computer-Integrated Ultrasound Guidance and Mechatronics Assistance for Breast Brachytherapy,"$219,829","$27,671",,,3 yrs 0 mth ,"Ultrasound, Guidance, Brachytherapy",Cancer Research,BREAST CANCER THERAPY; CANCER,2018-04-01,2021-03-31,1
"Li, Yingfu",McMaster University,Ontario,Collaborative Health Research Projects (NSERC partnered),201110CPG,Collaborative Health Research Projects - NSERC Partnered,Toward a rational and novel therapy for clostridium difficile infection,"$372,000",$0,,,3 yrs 0 mth ,"clostridium difficile, infection",,,2012-04-01,2015-03-31,12
"Amon, Cristina",University of Toronto,Ontario,Collaborative Health Research Projects (NSERC partnered),201711CPG,Collaborative Health Research Projects - NSERC Partnered,Advanced Bioreactors for Evaluation and Systematic Optimization of Decellularization and Recellularization of the Lung and Trachea,"$291,825","$52,100",,,3 yrs 0 mth ,"Bioreactors, Decellularization, Recellularization",Circulatory and Respiratory Health,MULTIPLE DISEASE RELEVANCE; CHRONIC OBSTRUCTIVE LUNG DISEASE; HEALTH RESEARCH; RESPIRATION,2018-04-01,2021-03-31,0
"Redfearn, Damian P","Queen's University (Kingston, Ontario)",Ontario,Operating Grant: Industry-partnered Collaborative Research,201409IPR,Industry Partnered Collaborative Research,Optimizing Contemporary Sequential Mapping of Atrial Fibrillation Signals as a Strategy to Identify Novel Targets for Ablation,"$232,748","$6,041",,,4 yrs 0 mth ,"Atrial Fibrillation, Sequential Mapping, Ablation",Circulatory and Respiratory Health,ARRHYTHMIAS; CARDIOLOGY; CARDIOVASCULAR,2015-04-01,2019-03-31,2
"Young, Robert N","Simon Fraser University (Burnaby, B.C.)",British Columbia,Collaborative Health Research Projects (NSERC partnered),201110CPG,Collaborative Health Research Projects - NSERC Partnered,Optimization of novel dual action prodrugs for treatment of osteoporosis,"$294,500",$0,,,3 yrs 0 mth ,"prodrugs, osteoporosis, dual action",,,2012-04-01,2015-03-31,7
"Messaddeq, Younes",Universite Laval,Quebec,Collaborative Health Research Projects (NSERC partnered),201410CPG,Collaborative Health Research Projects - NSERC Partnered,"Minimally-invasive, wireless, multimodal micro-optrodes for brain sensing","$375,000",$0,,,3 yrs 0 mth ,"micro-optrodes, brain sensing, wireless","Neurosciences, Mental Health and Addiction",MENTAL AND BEHAVIOURAL DISEASES; MULTIPLE DISEASE RELEVANCE; MENTAL HEALTH; BIOPHYSICS,2015-04-01,2018-03-31,0
"Seto, Emily",University Health Network (Toronto),Ontario,Catalyst Grant: eHealth Innovations,201310CEH,e-Health Innovation Partnership Program (eHIPP),Self-management and clinical decision support of multiple chronic conditions through the use of mobile health telemonitoring,$0,$0,"$91,916",Ontario Health - CCO - Cancer Care Ontario (Toronto),1 yr 0 mth ,"self-management, telemonitoring, chronic conditions",Health Services and Policy Research,HEALTH CARE DELIVERY; HEALTH SERVICES RESEARCH; HEALTH RESEARCH,2014-03-01,2015-02-28,0
"Patel, Rajnikant V",Western University (Ontario),Ontario,Collaborative Health Research Projects (NSERC partnered),201010CPG,Collaborative Health Research Projects - NSERC Partnered,A novel platform for minimally invasive tumor localization and treatment,"$172,662",$0,,,3 yrs 0 mth ,"tumor localization, minimally invasive",,,2011-04-01,2014-03-31,2
"Steele, Russell J",McGill University,Quebec,Collaborative Health Research Projects (NSERC partnered),201410CPG,Collaborative Health Research Projects - NSERC Partnered,Causal Modeling of Recurrent Injury Data,"$181,250",$0,,,3 yrs 0 mth ,"Causal modeling, recurrent injury, data",Population and Public Health,"BIOSTATISTICS; INJURY, REGENERATION; POPULATION HEALTH; MUSCLE, BONE, OR JOINT",2015-04-01,2018-03-31,0
"Chung, Caroline",University Health Network (Toronto),Ontario,Operating Grant: Industry-partnered Collaborative Research,201509IPR,Industry Partnered Collaborative Research,"Clinical Investigation of Frameless, Adaptive, Image-guided Gamma Knife Radiosurgery","$264,656","$2,000",,,3 yrs 0 mth ,"Gamma Knife, Image-guided, Radiosurgery",Cancer Research,BRAIN TUMORS THERAPY; CANCER THERAPY GENERAL; CANCER; NERVOUS SYSTEM,2016-04-01,2019-03-31,0
"Radisic, Milica",University of Toronto,Ontario,Collaborative Health Research Projects (NSERC partnered),200910CPG,Collaborative Health Research Projects - NSERC Partnered,Tissue engineered patches for the repair of cardiovascular congenital malformations,"$222,381",$0,,,3 yrs 0 mth ,"tissue engineering, cardiovascular, congenital malformations",Unable to allocate,NONE OF THE ABOVE; NOT CLASSIFIED,2010-04-01,2013-03-31,2
"Buschmann, Michael D",Polytechnique Montreal,Quebec,Operating Grant: Industry-partnered Collaborative Research - Other Partner,201103ISO,Industry Partnered Collaborative Research,Gene Delivery of Glucagon-like Peptide-1 (GLP-1) for the Treatment of Type 2 Diabetes,"$521,739",$0,,,3 yrs 0 mth ,"Gene delivery, GLP-1, diabetes","Nutrition, Metabolism and Diabetes",DIABETES MELLITUS; METABOLISM/DIABETES,2011-10-01,2014-09-30,2
"Marjoribanks, Robin S",University of Toronto,Ontario,Collaborative Health Research Projects (NSERC partnered),201410CPG,Collaborative Health Research Projects - NSERC Partnered,Orthopaedic surgical platform which uses burst-mode ultrafast laser pulses delivered by high-power fiber-optic catheter for less-invasive surgery with ultrafine control,"$378,611",$0,,,3 yrs 0 mth ,"ultrafast laser, fiber-optic catheter, minimally invasive",Musculoskeletal Health and Arthritis,"ARTHRITIS/OSTEOARTHRITIS; GLAUCOMA; MUSCLE, BONE, OR JOINT; BIOPHYSICS",2015-04-01,2018-03-31,0
"Langlois, Robert",Carleton University (Ottawa),Ontario,Collaborative Health Research Projects (NSERC partnered),201910CPG,Collaborative Health Research Projects - NSERC Partnered,Reducing vibrations to improve infant patient safety during transportation,"$174,703","$86,730",,,3 yrs 0 mth ,"vibrations, infant, transportation","Human Development, Child and Youth Health",HEALTH CARE DELIVERY; PERINATAL; HEALTH RESEARCH; ENVIRONMENTAL INFLUENCES ON HEALTH,2020-04-01,2023-03-31,0
"Boyd, Lara",University of British Columbia,British Columbia,Collaborative Health Research Projects (NSERC partnered),201210CPG,Collaborative Health Research Projects - NSERC Partnered,ARMS UP/Assisted Robotic Movement after Stroke using Brain Power: Controlling robotics with EEG,"$194,625",$0,,,3 yrs 0 mth ,"Robotics, EEG, Stroke","Neurosciences, Mental Health and Addiction","STROKE, HEART FAILURE; HEALTH RESEARCH",2013-04-01,2016-03-31,0
"Tyrrell, D. Lorne J",University of Alberta,Alberta,Operating Grant: Industry-partnered Collaborative Research - Rx&D partner,200903IRO,Industry Partnered Collaborative Research,Studies on modulation of the innate immune response to HCV in chimeric mice,"$175,000",$0,,,2 yrs 0 mth ,"innate immune response, HCV, chimeric mice",Infection and Immunity,VIRAL; LIVER DISEASE; VIROLOGY; DRUG RESEARCH,2009-10-01,2011-09-30,1
"Arnold, Donald M",McMaster University,Ontario,Operating Grant: Industry-partnered Collaborative Research - Rx&D partner,200909IRO,Industry Partnered Collaborative Research,Revisiting the Pathophysiology of Immune Thrombocytopenic Purpura in the Era of Thrombopoietin Mimetics,"$152,932",$0,,,3 yrs 0 mth ,"Immune Thrombocytopenic Purpura, Thrombopoietin Mimetics",Circulatory and Respiratory Health,BLOOD,2010-04-01,2013-03-31,0
"Bizzotto, Dan",University of British Columbia,British Columbia,Collaborative Health Research Projects (NSERC partnered),201210CPG,Collaborative Health Research Projects - NSERC Partnered,Developing an electrochemical beacon detection method for pathogen nucleic acid speciation,"$211,250",$0,,,3 yrs 0 mth ,"electrochemical, beacon, nucleic acid",Infection and Immunity,INFECTIOUS AND PARASITIC; QUALITATIVE METHODS; HEALTH RESEARCH; BIOCHEMISTRY,2013-04-01,2016-03-31,0
"Sone, Eli D",University of Toronto,Ontario,Collaborative Health Research Projects (NSERC partnered),201310CPG,Collaborative Health Research Projects - NSERC Partnered,A novel mineralization-inducing membrane for promoting periodontal attachment,"$276,081",$0,,,3 yrs 0 mth ,"mineralization, membrane, periodontal",Musculoskeletal Health and Arthritis,"DENTAL DISEASE (INCL. ORAL BIOLOGY); MUSCULO SKELETAL; DENTAL SCIENCE - Oral Biology; MUSCLE, BONE, OR JOINT",2014-04-01,2017-03-31,0
"Bathe, Oliver F",University of Calgary,Alberta,Collaborative Health Research Projects (NSERC partnered),201711CPG,Collaborative Health Research Projects - NSERC Partnered,Development of a Blood Test for Colorectal Cancer based on Metabolomic Signature,"$389,215",$0,,,3 yrs 0 mth ,"Blood test, colorectal cancer, metabolomics",Cancer Research,GASTRO-INTESTINAL CANCER; HEALTH CARE DELIVERY; CANCER; HEALTH RESEARCH,2018-04-01,2021-03-31,1
"Diamandis, Eleftherios P",Sinai Health System (Toronto),Toronto,Operating Grant: Industry-partnered Collaborative Research,201303IPR,Industry Partnered Collaborative Research,Validation of two novel pancreatic cancer biomarkers: CUZD1 and LAMC2,"$519,630",$0,,,4 yrs 0 mth ,"pancreatic cancer, biomarkers, CUZD1",Cancer Research,GASTRO-INTESTINAL CANCER; NEOPLASMS; CANCER,2013-10-01,2018-05-01,0
"Santamaria, Pere",University of Calgary,Alberta,Collaborative Health Research Projects (NSERC partnered),201010CPG,Collaborative Health Research Projects - NSERC Partnered,"Immunoregulatory nanovaccines: Optimization of physical, chemical, pharmacokinetic and immunological properties for bench-to-bedside translation","$289,740",$0,,,3 yrs 0 mth ,"nanovaccines, immunoregulatory, pharmacokinetic",,,2011-04-01,2014-03-31,0
"Kamen, Amine",McGill University,Quebec,Collaborative Health Research Projects (NSERC partnered),201610CPG,Collaborative Health Research Projects - NSERC Partnered,Acceleration and Intensification of Cell Culture-Produced Influenza Vaccines for Rapid Response to Pandemic Situation,"$371,615",$0,,,3 yrs 0 mth ,"cell culture, influenza vaccines, pandemic",Infection and Immunity,INFECTIOUS AND PARASITIC; POPULATION HEALTH; BIOCHEMISTRY; VIROLOGY,2017-04-01,2020-03-31,2
"Leask, Andrew C",Western University (Ontario),Ontario,Collaborative Health Research Projects (NSERC partnered),201510CPG,Collaborative Health Research Projects - NSERC Partnered,CCN3: a novel antifibrotic treatment?,"$274,797",$0,,,3 yrs 0 mth ,"CCN3, antifibrotic",Musculoskeletal Health and Arthritis,"SKIN AND SUBCUTANEOUS TISSUS; MUSCULO SKELETAL; HEALTH RESEARCH; MUSCLE, BONE, OR JOINT",2016-04-01,2019-03-31,0
"Soulez, Gilles",Centre hospitalier de l'Universite de Montreal (CHUM),Quebec,Operating Grant: Industry-partnered Collaborative Research,201203IPR,Industry Partnered Collaborative Research,Endovascular repair of abdominal aortic aneurysm : Enhanced guidance by elastic registration between CT-Scanner and fluoroscopy,"$274,796",$0,,,3 yrs 0 mth ,"endovascular, aneurysm, elastic registration",Circulatory and Respiratory Health,ATHEROSCLEROSIS; MULTIDISCIPLINARY; CARDIOVASCULAR; IMAGING,2012-10-01,2015-09-30,0
"Giroux, Sylvain",Universite de Sherbrooke,Quebec,Collaborative Health Research Projects (NSERC partnered),201210CPG,Collaborative Health Research Projects - NSERC Partnered,Milieu d'hebergement intelligent pour la clientele ayant une deficience physique avec predominance cognitive : de l'implantation e l'evaluation,"$302,184",$0,,,3 yrs 0 mth ,"intelligent environment, physical disability, cognitive impairment","Neurosciences, Mental Health and Addiction",MENTAL AND BEHAVIOURAL DISEASES; MULTIDISCIPLINARY; MENTAL HEALTH; HEALTH SERVICES RESEARCH,2013-04-01,2016-03-31,0
"Bier, Nathalie",Universite de Montreal,Quebec,Collaborative Health Research Projects (NSERC partnered),201610CPG,Collaborative Health Research Projects - NSERC Partnered,Maintien e domicile des personnes egees vulnerables : co-conception et deploiement de solutions technologiques dans le cadre d'un laboratoire vivant,"$489,287",$0,,,3 yrs 0 mth ,"domicile, personnes egees, solutions technologiques",Aging,AGING; MULTIDISCIPLINARY; HEALTH RESEARCH,2017-04-01,2020-03-31,0
"Price, Morgan Thomas M",University of British Columbia,British Columbia,Catalyst Grant: eHealth Innovations - Aging,201310CEA,e-Health Innovation Partnership Program (eHIPP),"A mixed-method study to explore, assess, and explain the translation of a complex set of evidence-based rules into practice through electronic medical record based decision support: How can STOPP effectively be deployed in primary care?","$80,459",$0,,,1 yr 0 mth ,"decision support, electronic medical record, primary care",Health Services and Policy Research,HEALTH CARE DELIVERY; HEALTH SERVICES RESEARCH; DRUG RESEARCH; GERIATRICS,2014-03-01,2015-02-28,0
"Salcudean, Septimiu E",University of British Columbia,British Columbia,Collaborative Health Research Projects (NSERC partnered),200910CPG,Collaborative Health Research Projects - NSERC Partnered,Image guidance for radical prostatectomy,"$147,584",$0,,,3 yrs 0 mth ,"Image guidance, prostatectomy",Cancer Research,"PROSTATE AND BLADDER CANCER THERAPY; PROSTATE AND BLADDER CANCER; IMAGING; RENAL FUNCTION, NEPHROLOGY, UROLOGY",2015-07-01,2020-06-30,3
"Hansen, Carl L",University of British Columbia,British Columbia,Collaborative Health Research Projects (NSERC partnered),201410CPG,Collaborative Health Research Projects - NSERC Partnered,Microfluidic technology platform for selection of functional monoclonal antibodies with application to fibrosis,"$442,500",$0,,,3 yrs 0 mth ,"microfluidic, monoclonal antibodies, fibrosis",Musculoskeletal Health and Arthritis,MULTIDISCIPLINARY; NOT CLASSIFIED,2015-04-01,2018-03-31,3
"Lesage, Frederic",Polytechnique Montreal,Quebec,Collaborative Health Research Projects (NSERC partnered),201210CPG,Collaborative Health Research Projects - NSERC Partnered,EEG-fNIRS monitoring for critically ill patients,"$189,250",$0,,,3 yrs 0 mth ,"EEG,fNIRS,monitoring",Circulatory and Respiratory Health,"INJURY, REGENERATION; EPILEPSY; IMAGING; NERVOUS SYSTEM",2013-04-01,2016-03-31,0
"Cheyne, Douglas O",University of Toronto,Ontario,Collaborative Health Research Projects (NSERC partnered),200910CPG,Collaborative Health Research Projects - NSERC Partnered,Development of an MEG-compatible Articulography System for the Assessment of Brain Function and Oromotor Dynamics,"$205,592",$0,,,3 yrs 0 mth ,"MEG, Articulography, Brain",Unable to allocate,NONE OF THE ABOVE; NOT CLASSIFIED,2010-04-01,2013-03-31,0
"Hamilton, Douglas W",Western University (Ontario),Ontario,Collaborative Health Research Projects (NSERC partnered),201711CPG,Collaborative Health Research Projects - NSERC Partnered,Novel technologies for engineering closure of non-healing skin wounds,"$348,985",$0,,,3 yrs 0 mth ,"skin wounds, closure, engineering",Musculoskeletal Health and Arthritis,SKIN AND SUBCUTANEOUS TISSUS; AGING; CELL BIOLOGY,2018-04-01,2021-03-31,0
"Seda, Ondrej",Centre hospitalier de l'Universite de Montreal (CHUM),Quebec,Operating Grant: Industry-partnered Collaborative Research - Other Partner,201003ISO,Industry Partnered Collaborative Research,Telomere attrition rate as predictor of cardiovascular complications of type 2 diabetes,"$1,454,272",$0,,,3 yrs 0 mth ,"telomere, cardiovascular, diabetes",Circulatory and Respiratory Health,CARDIOLOGY; DIABETES MELLITUS; CARDIOVASCULAR; AGING,2010-10-01,2013-09-30,0
"Proulx, Stephanie",Universite Laval,Quebec,Collaborative Health Research Projects (NSERC partnered),201110CPG,Collaborative Health Research Projects - NSERC Partnered,Therapie tissulaire de la cornee: utilisation d'un elastomere thermoplastique pour la bioingenierie du stroma corneen,"$239,210",$0,,,3 yrs 0 mth ,"cornee, elastomere, bioingenierie",,,2012-04-01,2015-03-31,0
"Dos Santos, Claudia C",Unity Health Toronto,Toronto,Collaborative Health Research Projects (NSERC partnered),201910CPG,Collaborative Health Research Projects - NSERC Partnered,Epigenetic PowerBlade - DNA Precision Marks for Critical Illness,"$392,250","$24,000",,,3 yrs 0 mth ,"Epigenetic, DNA, Marks",Circulatory and Respiratory Health,INFECTIOUS AND PARASITIC; HEALTH CARE DELIVERY; MOLECULAR BIOLOGY; BIOCHEMISTRY,2020-04-01,2023-03-31,0
"Maurer, Daphne",McMaster University,Ontario,Collaborative Health Research Projects (NSERC partnered),201410CPG,Collaborative Health Research Projects - NSERC Partnered,Effective Vision Screening for Preschool Children,"$315,381",$0,,,3 yrs 0 mth ,"Vision, Screening, Children",Population and Public Health,HEALTH SERVICES RESEARCH; HEALTH ECONOMICS; POPULATION HEALTH; VISION,2015-04-01,2018-03-31,0
"Genov, Roman",University of Toronto,Ontario,Collaborative Health Research Projects (NSERC partnered),201110CPG,Collaborative Health Research Projects - NSERC Partnered,Fully implantable wireless multi-electrode ECoG monitoring system,"$210,000",$0,,,3 yrs 0 mth ,"implantable, wireless, ECoG",,,2012-04-01,2015-03-31,1
"Matheson, Flora I",University of Toronto,Ontario,Collaborative Health Research Projects (NSERC partnered),201810CPG,Collaborative Health Research Projects - NSERC Partnered,"Self-management in the age of complexity: An eHealth tool to support people experiencing problem gambling, poverty & homelessness","$450,000",$0,,,3 yrs 0 mth ,"eHealth, problem gambling, self-management",Gender and Health,POPULATION HEALTH; HEALTH SERVICES RESEARCH; PSYCHOSOCIAL/HEALTH BEHAVIOURAL RES.,2019-04-01,2022-03-31,0
"Waddell, Thomas K",University of Toronto,Ontario,Collaborative Health Research Projects (NSERC partnered),201010CPG,Collaborative Health Research Projects - NSERC Partnered,Advanced tissue engineering strategies for generating replacement tracheal tissues,"$160,876",$0,,,3 yrs 0 mth ,"tissue engineering, tracheal tissues, regeneration",,,2011-04-01,2014-03-31,1
"Tabrizian, Maryam",McGill University,Quebec,Collaborative Health Research Projects (NSERC partnered),201310CPG,Collaborative Health Research Projects - NSERC Partnered,"Rapidly-Gelling, Guanosine 5' Diphosphate-Crosslinked Injectable Chitosan Sponges to Promote Oligodendrocyte Progenitor Cells' Differentiation Post-Spinal Cord Injuries","$277,440",$0,,,3 yrs 0 mth ,"Guanosine, Chitosan, Sponges","Neurosciences, Mental Health and Addiction","SPINAL CORD DISEASE; INJURY, REGENERATION; NERVOUS SYSTEM; CELL BIOLOGY",2014-04-01,2017-03-31,1
"Takahata, Kenichi",University of British Columbia,British Columbia,Collaborative Health Research Projects (NSERC partnered),201310CPG,Collaborative Health Research Projects - NSERC Partnered,Active Stent Based Endohyperthermia System for Inhibition of In-Stent Restenosis,"$325,935",$0,,,3 yrs 0 mth ,"Stent, Endohyperthermia, Restenosis",Circulatory and Respiratory Health,CORONARY CIRCULATION (INCL. INSUFFICIENCY); ATHEROSCLEROSIS; CARDIOVASCULAR; NOT CLASSIFIED,2014-04-01,2017-03-31,0
"Lin, Francis",University of Manitoba,Manitoba,Collaborative Health Research Projects (NSERC partnered),201310CPG,Collaborative Health Research Projects - NSERC Partnered,Developing Novel Integrated Point-of-Care Systems for Chronic Kidney Disease Biomarkers Measurements,"$265,170",$0,,,3 yrs 0 mth ,"Point-of-Care, Biomarkers, Kidney Disease",Aging,"GENITO/URINARY SYSTEM; DIABETES MELLITUS; RENAL FUNCTION, NEPHROLOGY, UROLOGY; HEALTH RESEARCH",2014-04-01,2017-03-31,3
"Dumont, Guy A",University of British Columbia,British Columbia,Collaborative Health Research Projects (NSERC partnered),201210CPG,Collaborative Health Research Projects - NSERC Partnered,Closed-Loop Control of Anesthesia,"$309,194",$0,,,3 yrs 0 mth ,"Closed-Loop, Control, Anesthesia",Circulatory and Respiratory Health,MULTIDISCIPLINARY; NONE OF THE ABOVE; HEALTH RESEARCH; NOT CLASSIFIED,2013-04-01,2016-03-31,2
"Liu, Song",University of Manitoba,Manitoba,Collaborative Health Research Projects (NSERC partnered),201110CPG,Collaborative Health Research Projects - NSERC Partnered,"""""""Interpenetrating network of a well-defined PEG hydrogel and two biocides as advanced solutions for burn wound care""""""","$192,009",$0,,,3 yrs 0 mth ,"PEG, hydrogel, biocides",,,2012-04-01,2015-03-31,1
"Adamson, Robert B",Dalhousie University (Nova Scotia),Nova Scotia,Collaborative Health Research Projects (NSERC partnered),201110CPG,Collaborative Health Research Projects - NSERC Partnered,A high-efficiency ultrasonic power link for implantable medical devices,"$216,881",$0,,,3 yrs 0 mth ,"ultrasonic, power, implantable",,,2012-04-01,2015-03-31,6
"Moriarty, Tara J",University of Toronto,Ontario,Collaborative Health Research Projects (NSERC partnered),201210CPG,Collaborative Health Research Projects - NSERC Partnered,Screening technologies for identification of bacterial vascular dissemination inhibitors and testing of novel antibiotic-complementing therapeutic molecules,"$313,633",$0,,,3 yrs 0 mth ,"bacterial, vascular, inhibitors",Infection and Immunity,INFECTIOUS AND PARASITIC; MULTIDISCIPLINARY; BACTERIOLOGY; CARDIOVASCULAR,2013-04-01,2016-03-31,0
"Stinson, Jennifer N",Hospital for Sick Children (Toronto),Ontario,Catalyst Grant: eHealth Innovations,201210CEH,e-Health Innovation Partnership Program (eHIPP),My Team of Care-Adolescents and Young Adults with Cancer (myTOC-AYAC): Development and Usability Testing of an Online Communication Tool for Collaborative Care in AYAC,"$99,972",$0,,,1 yr 0 mth ,"Adolescents, Communication, Cancer",Cancer Research,HEALTH CARE DELIVERY; MULTIDISCIPLINARY; CANCER; HEALTH SERVICES RESEARCH,2013-03-01,2014-02-28,0
"Michalak, Erin",University of British Columbia,British Columbia,Catalyst Grant: eHealth Innovations,201210CEH,e-Health Innovation Partnership Program (eHIPP),Quality of life in bipolar disorder: e-health engagement to move evidence into action.,"$100,000",$0,,,1 yr 0 mth ,"bipolar disorder, e-health, engagement","Neurosciences, Mental Health and Addiction",DEPRESSION; PSYCHO-SOCIAL AND BEHAVIOURAL RESEARCH; MENTAL HEALTH; PSYCHOSOCIAL/HEALTH BEHAVIOURAL RES.,2013-03-01,2014-02-28,0
"Sivaloganathan, Sivabal",University of Waterloo (Ontario),Ontario,Collaborative Health Research Projects (NSERC partnered),201010CPG,Collaborative Health Research Projects - NSERC Partnered,Effective estimation of second cancer risks and resultant possible improvements of treatment protocols,"$234,409",$0,,,3 yrs 0 mth ,"cancer, risks, protocols",,,2011-04-01,2014-03-31,0
"Fichtinger, Gabor","Queen's University (Kingston, Ontario)",Ontario,Collaborative Health Research Projects (NSERC partnered),201610CPG,Collaborative Health Research Projects - NSERC Partnered,Real-time Breast Cancer Surgery Navigation,"$194,419",$0,,,3 yrs 0 mth ,"Breast Cancer, Surgery, Navigation",Cancer Research,BREAST CANCER THERAPY; IMAGING; CANCER,2017-04-01,2020-03-31,1
"Wang, Rizhi",University of British Columbia,British Columbia,Collaborative Health Research Projects (NSERC partnered),201510CPG,Collaborative Health Research Projects - NSERC Partnered,"Preventing Adverse Tissue Reactions in Total Hip Replacement, from Mechanisms to New Implant Designs","$511,511",$0,,,3 yrs 0 mth ,"hip replacement, tissue reactions, implant design",Musculoskeletal Health and Arthritis,"ARTHRITIS/OSTEOARTHRITIS; MULTIDISCIPLINARY; MUSCLE, BONE, OR JOINT; AGING",2016-04-01,2019-03-31,0
"Sun, Yu",University of Toronto,Ontario,Collaborative Health Research Projects (NSERC partnered),201410CPG,Collaborative Health Research Projects - NSERC Partnered,Automated assays of gap junction functions and screening of drugs for rescuing conduction in heart tissues,"$300,938",$0,,,3 yrs 0 mth ,"assays, gap junctions, heart tissues",Circulatory and Respiratory Health,ARRHYTHMIAS; DRUGS- PHARMACEUTICAL SCIENCE/CHEMISTRY & NON MEDICAL USE OF DRUGS; CARDIOVASCULAR; GENETICS,2015-04-01,2018-03-31,3
"Cramb, David T",University of Calgary,Alberta,Collaborative Health Research Projects (NSERC partnered),201110CPG,Collaborative Health Research Projects - NSERC Partnered,Rapid in vitro screening of nanomaterial distributions and toxicity,"$291,545",$0,,,3 yrs 0 mth ,"nanomaterial, toxicity, screening",,,2012-04-01,2015-03-31,0
"Nair, Parameswaran K",McMaster University,Ontario,Collaborative Health Research Projects (NSERC partnered),201210CPG,Collaborative Health Research Projects - NSERC Partnered,The development of an eosinophil-specific bioactive paper detection system,"$300,000",$0,,,3 yrs 0 mth ,"eosinophil, bioactive paper, detection",Circulatory and Respiratory Health,RESPIRATION; CHRONIC OBSTRUCTIVE LUNG DISEASE; BIOCHEMISTRY,2013-04-01,2016-03-31,0
"Lerouge, Sophie",ecole de technologie superieure (Montreal),Quebec,Collaborative Health Research Projects (NSERC partnered),201610CPG,Collaborative Health Research Projects - NSERC Partnered,Injectable bioactive hydrogel for the regeneration of intervertebral disc,"$298,387",$0,,,3 yrs 0 mth ,"bioactive, hydrogel, intervertebral disc",Musculoskeletal Health and Arthritis,"MUSCULO SKELETAL; INJURY, REGENERATION; MUSCLE, BONE, OR JOINT",2017-04-01,2020-03-31,0
"Adams, Kimberley D",University of Alberta,Alberta,Collaborative Health Research Projects (NSERC partnered),201310CPG,Collaborative Health Research Projects - NSERC Partnered,Robotic interface with Haptic Guidance and Artificial Intelligence for People with Disabilities,"$166,500",$0,,,3 yrs 0 mth ,"Robotic, Haptic, Artificial Intelligence","Human Development, Child and Youth Health",NONE OF THE ABOVE; NOT CLASSIFIED,2014-04-01,2017-03-31,0
"Leblond, Frederic",Polytechnique Montreal,Quebec,Collaborative Health Research Projects (NSERC partnered),201510CPG,Collaborative Health Research Projects - NSERC Partnered,Development and clinical translation of a Raman spectroscopy imaging technique to increase the extent of tumor resection in glioma surgery,"$264,929",$0,,,3 yrs 0 mth ,"Raman spectroscopy, imaging, glioma",Cancer Research,BRAIN TUMORS (INCL. RETINAL TUMORS); CANCER; IMAGING,2016-04-01,2019-03-31,2
"Sheardown, Heather D",McMaster University,Ontario,Collaborative Health Research Projects (NSERC partnered),200910CPG,Collaborative Health Research Projects - NSERC Partnered,Silicone hydrogel contact lens based delivery system for glaucoma treatment,"$102,000",$0,,,3 yrs 0 mth ,"Silicone hydrogel, contact lens, glaucoma",Unable to allocate,NONE OF THE ABOVE; NOT CLASSIFIED,2010-04-01,2013-03-31,0
"Biddiss, Elaine A",University of Toronto,Ontario,Collaborative Health Research Projects (NSERC partnered),201810CPG,Collaborative Health Research Projects - NSERC Partnered,The Virtual Music Teacher: Children of all abilities banding together in early childhood music education,"$511,851",$0,,,3 yrs 0 mth ,"Virtual, Music, Education","Human Development, Child and Youth Health",MULTIDISCIPLINARY; HEALTH RESEARCH; SOCIETAL & CULTURAL DIMENSIONS OF HEALTH,2019-04-01,2022-03-31,0
"Menon, Carlo","Simon Fraser University (Burnaby, B.C.)",British Columbia,Collaborative Health Research Projects (NSERC partnered),201510CPG,Collaborative Health Research Projects - NSERC Partnered,Bimanual wearable robotic orthoses to promote cortical function and recovery from stroke,"$225,500",$0,,,3 yrs 0 mth ,"wearable, robotic, orthoses","Neurosciences, Mental Health and Addiction","STROKE, HEART FAILURE; HEALTH RESEARCH",2016-04-01,2019-03-31,0
"Jardine, Andrew K",University of Toronto,Ontario,Collaborative Health Research Projects (NSERC partnered),201010CPG,Collaborative Health Research Projects - NSERC Partnered,Risk factors and optimization model for breast cancer screening,"$205,819",$0,,,3 yrs 0 mth ,"breast cancer, screening, risk factors",,,2011-04-01,2014-03-31,0
"St. Lawrence, Keith S",Western University (Ontario),Ontario,Collaborative Health Research Projects (NSERC partnered),201410CPG,Collaborative Health Research Projects - NSERC Partnered,The need for neuromonitoring during the golden hour to prevent preterm brain injury,"$185,373",$0,,,3 yrs 0 mth ,"neuromonitoring, preterm brain injury, golden hour","Human Development, Child and Youth Health",PREGNANCY/BIRTH; MULTIDISCIPLINARY,2015-04-01,2018-03-31,0
"Morshead, Cindi M",University of Toronto,Ontario,Operating Grant: Industry-partnered Collaborative Research,201309IPR,Industry Partnered Collaborative Research,Promoting neural regeneration with stem cell based therapies:  A novel source of autologous human neural stem cells for transplantation,"$1,250,000",$0,,,5 yrs 0 mth ,"neural regeneration, stem cells, transplantation","Neurosciences, Mental Health and Addiction","INJURY, REGENERATION; CELL BIOLOGY; NERVOUS SYSTEM",2014-04-01,2019-03-31,1
"Poon, Joyce",University of Toronto,Ontario,Collaborative Health Research Projects (NSERC partnered),201610CPG,Collaborative Health Research Projects - NSERC Partnered,Wireless neurophotonic probes for the interrogation of neurons in memory circuits,"$349,500",$0,,,3 yrs 0 mth ,"wireless, neurophotonic, neurons","Neurosciences, Mental Health and Addiction",MULTIDISCIPLINARY; MULTIPLE DISEASE RELEVANCE; NERVOUS SYSTEM; BIOPHYSICS,2017-04-01,2020-03-31,0
"Menon, Carlo","Simon Fraser University (Burnaby, B.C.)",British Columbia,Collaborative Health Research Projects (NSERC partnered),201310CPG,Collaborative Health Research Projects - NSERC Partnered,Scanning micro-cantilever based catheter for in vivo imaging,"$358,351",$0,,,3 yrs 0 mth ,"micro-cantilever, catheter, imaging",Cancer Research,LUNG CANCER; CANCER; IMAGING,2014-04-01,2017-03-31,0
"Simmons, Craig A",University of Toronto,Ontario,Collaborative Health Research Projects (NSERC partnered),201410CPG,Collaborative Health Research Projects - NSERC Partnered,Biomaterial substrates for xeno- and feeder layer-free culture of human pluripotent stem cells,"$316,195",$0,,,3 yrs 0 mth ,"biomaterial, stem cells, culture","Human Development, Child and Youth Health","INJURY, REGENERATION; MULTIDISCIPLINARY",2015-04-01,2018-03-31,2
"Exner, Derek V",University of Calgary,Alberta,Operating Grant: Industry-partnered Collaborative Research,201403IPR,Industry Partnered Collaborative Research,Risk Estimation Following Infarction Noninvasive Evaluation ICD efficacy (REFINE ICD) Trial.,"$1,248,736",$0,,,5 yrs 0 mth ,"Risk, Infarction, Evaluation",Circulatory and Respiratory Health,CARDIOLOGY; ARRHYTHMIAS; CARDIOVASCULAR; HEALTH RESEARCH,2014-10-01,2019-09-30,2
"Kizhakkedathu, Jayachandran N",University of British Columbia,British Columbia,Collaborative Health Research Projects (NSERC partnered),201510CPG,Collaborative Health Research Projects - NSERC Partnered,Universal Antibiofilm Coating Solutions for Ureteral Stents,"$393,404",$0,,,3 yrs 0 mth ,"Antibiofilm, Coating, Ureteral Stents",Infection and Immunity,"INFECTIOUS AND PARASITIC; GENITO/URINARY SYSTEM; RENAL FUNCTION, NEPHROLOGY, UROLOGY; BACTERIOLOGY",2016-04-01,2019-03-31,0
"Shoichet, Molly S",University of Toronto,Ontario,Collaborative Health Research Projects (NSERC partnered),201010CPG,Collaborative Health Research Projects - NSERC Partnered,Bioengineered cell delivery system,"$344,130",$0,,,3 yrs 0 mth ,"Bioengineered, cell, delivery",,,2011-04-01,2014-03-31,1
"Kelley, Shana O",University of Toronto,Ontario,Collaborative Health Research Projects (NSERC partnered),201711CPG,Collaborative Health Research Projects - NSERC Partnered,Development of integrated bioanalyte sensors for process monitoring in closed system bioreactors,"$419,100",$0,,,3 yrs 0 mth ,"bioanalyte, sensors, bioreactors",Cancer Research,,2018-04-01,2021-03-31,0
"Amsden, Brian G","Queen's University (Kingston, Ontario)",Ontario,Collaborative Health Research Projects (NSERC partnered),201310CPG,Collaborative Health Research Projects - NSERC Partnered,Articular Cartilage Reconstruction,"$168,002",$0,,,3 yrs 0 mth ,"Articular, Cartilage, Reconstruction",Musculoskeletal Health and Arthritis,MUSCULO SKELETAL; ARTHRITIS/OSTEOARTHRITIS,2014-04-01,2017-03-31,0
"Law, Edith",University of Waterloo (Ontario),Ontario,Collaborative Health Research Projects (NSERC partnered),201410CPG,Collaborative Health Research Projects - NSERC Partnered,A framework for hybrid machine and human computation for the accurate and scalable analysis of human clinical EEG recordings,"$218,374",$0,,,3 yrs 0 mth ,"machine, EEG, analysis","Neurosciences, Mental Health and Addiction",EPILEPSY; SLEEP DISORDERS; NERVOUS SYSTEM; HEALTH RESEARCH,2015-04-01,2018-03-31,0
"Ward, Brian J",Research Institute of the McGill University Health Centre,Quebec,Operating Grant: Industry-partnered Collaborative Research,201509IPR,Industry Partnered Collaborative Research,Repurposing an Attenuated Salmonella typhimurium as a Novel Vector for Mucosal Vaccine Delivery,"$200,000",$0,,,2 yrs 0 mth ,"Salmonella, vector, vaccine",Infection and Immunity,INFECTIOUS AND PARASITIC; PARASITIC; IMMUNOLOGY-TRANSPLANTATION; HEALTH RESEARCH,2016-04-01,2018-03-31,3
"Yudin, Andrei",University of Toronto,Ontario,Collaborative Health Research Projects (NSERC partnered),201010CPG,Collaborative Health Research Projects - NSERC Partnered,Specific and cell-permeable molecular probes of capital function,"$216,000",$0,,,3 yrs 0 mth ,"cell-permeable, molecular probes, capital function",,,2011-04-01,2014-03-31,0
"Bainbridge, Shannon A",University of Ottawa,Ontario,Collaborative Health Research Projects (NSERC partnered),201910CPG,Collaborative Health Research Projects - NSERC Partnered,Automated placenta screening to improve maternal lifetime cardiovascular health,"$238,045","$6,000",,,3 yrs 0 mth ,"placenta, screening, cardiovascular",Circulatory and Respiratory Health,MULTIDISCIPLINARY; PREGNANCY/BIRTH; CARDIOVASCULAR; REPRODUCTION/PREGNANCY,2020-04-01,2023-03-31,0
"Sevigny, Jean",Universite Laval,Quebec,Operating Grant: Industry-partnered Collaborative Research - Rx&D partner,200909IRO,Industry Partnered Collaborative Research,Modulation de la pression arterielle par la NTPDase1 et les nucleotides extracellulaires,"$42,500",$0,,,2 yrs 0 mth ,"pressure, NTPDase1, nucleotides",Circulatory and Respiratory Health,HYPERTENSION; CARDIOLOGY; CARDIOVASCULAR,2010-04-01,2012-03-31,0
"Brown, Claire M",McGill University,Quebec,Collaborative Health Research Projects (NSERC partnered),201510CPG,Collaborative Health Research Projects - NSERC Partnered,Biophysical Tools for the Characterization of Breast Cancer Cell Migration and Invasion,"$272,500",$0,,,3 yrs 0 mth ,"biophysical, breast cancer, cell migration",Cancer Research,BREAST CANCER; CANCER; CELL BIOLOGY,2016-04-01,2019-03-31,0
"Mequanint, Kibret",Western University (Ontario),Ontario,Collaborative Health Research Projects (NSERC partnered),201510CPG,Collaborative Health Research Projects - NSERC Partnered,Non-diffusing 3D gel dosimeters: A platform technology for dose verification and quality assurance in radiation therapy,"$213,650",$0,,,3 yrs 0 mth ,"3D gel dosimeters, dose verification, radiation therapy",Cancer Research,CANCER THERAPY GENERAL; CANCER,2016-04-01,2019-03-31,0
"Chung, Hyun-Joong",University of Alberta,Alberta,Collaborative Health Research Projects (NSERC partnered),201410CPG,Collaborative Health Research Projects - NSERC Partnered,Skin Adhesive Smart Patch to Monitor Hydration Status in Real-Time,"$298,552",$0,,,3 yrs 0 mth ,"Skin, Adhesive, Hydration",Cancer Research,MULTIDISCIPLINARY; CANCER THERAPY GENERAL; HEALTH RESEARCH; CANCER,2015-04-01,2018-03-31,1
"Daskalakis, Zafiris J",Centre for Addiction and Mental Health (Toronto),Ontario,Operating Grant: Industry-partnered Collaborative Research - Other Partner,201103ISO,Industry Partnered Collaborative Research,A Study of H-Coil Repetitive Transcranial Magnetic Stimulation for Late-Life Depression,"$107,757",$0,,,4 yrs 0 mth ,"H-Coil, Transcranial Magnetic Stimulation, Depression",Aging,DEPRESSION; GERIATRICS; MENTAL HEALTH; AGING,2011-10-01,2015-09-30,0
"Larche, Mark",McMaster University,Ontario,Operating Grant: Industry-partnered Collaborative Research,201503IPR,Industry Partnered Collaborative Research,Development of peptide immunotherapy for Rheumatoid Arthritis: Identification and validation of T cell epitopes from citrullinated auto-antigens.,"$295,386",$0,,,3 yrs 0 mth ,"peptide, immunotherapy, citrullinated",Musculoskeletal Health and Arthritis,"ARTHRITIS/OSTEOARTHRITIS; MUSCLE, BONE, OR JOINT; IMMUNOLOGY-TRANSPLANTATION",2015-10-01,2018-09-30,0
"Zemp, Roger J",University of Alberta,Alberta,Collaborative Health Research Projects (NSERC partnered),201310CPG,Collaborative Health Research Projects - NSERC Partnered,Modulation-Encoded Micromachined Transducer Arrays for Ultrasound and Photoacoustic Imaging of Prostate and Colorectal Cancer,"$274,000",$0,,,3 yrs 0 mth ,"Micromachined, Transducer, Imaging",Cancer Research,PROSTATE AND BLADDER CANCER; GASTRO-INTESTINAL CANCER; IMAGING; CANCER,2014-04-01,2017-03-31,9
"Benard, Francois",University of British Columbia,British Columbia,Collaborative Health Research Projects (NSERC partnered),201110CPG,Collaborative Health Research Projects - NSERC Partnered,Radiometals produced by liquid targets for molecular imaging of cancer,"$420,079",$0,,,3 yrs 0 mth ,"Radiometals, liquid targets, molecular imaging",,,2012-04-01,2015-03-31,9
"Phani, Srikantha A",University of British Columbia,British Columbia,Collaborative Health Research Projects (NSERC partnered),201210CPG,Collaborative Health Research Projects - NSERC Partnered,Universal Smart Guided-Catheter Systems Based on Novel Shape Memory Polymer Brush Actuators for Minimally Invasive Vascular Surgery,"$313,100",$0,,,3 yrs 0 mth ,"Smart, Catheter, Shape Memory Polymer",Circulatory and Respiratory Health,CARDIOLOGY; CARDIOVASCULAR,2013-04-01,2016-03-31,0
"Tabrizian, Maryam",McGill University,Quebec,Collaborative Health Research Projects (NSERC partnered),201810CPG,Collaborative Health Research Projects - NSERC Partnered,An Injectable Phosphate Releasing Bone Tissue Construct Encapsulating Adipose-Derived Stem Cells and Diphosphate Cleaving Enzymes to Promote Biomineralization in Critical Size Bone Defects,"$383,593",$0,,,3 yrs 0 mth ,"Bone, Stem Cells, Biomineralization",Musculoskeletal Health and Arthritis,"INJURY, REGENERATION; BREAST CANCER THERAPY; MUSCLE, BONE, OR JOINT; CELL BIOLOGY",2019-04-01,2022-03-31,0
"Ellis, Randy E","Queen's University (Kingston, Ontario)",Ontario,Collaborative Health Research Projects (NSERC partnered),200910CPG,Collaborative Health Research Projects - NSERC Partnered,Kinematics-Based Navigation for Reconstructive Hip Surgery,"$159,435",$0,,,3 yrs 0 mth ,"Kinematics, Navigation, Hip",Unable to allocate,NONE OF THE ABOVE; NOT CLASSIFIED,2010-04-01,2013-03-31,0
"Stoeber, Boris",University of British Columbia,British Columbia,Collaborative Health Research Projects (NSERC partnered),201711CPG,Collaborative Health Research Projects - NSERC Partnered,Platform technology for blood diagnostics integrating microneedle blood sampling and quantum-dot based multiplexed assays,"$356,025",$0,,,3 yrs 0 mth ,"blood, microneedle, quantum-dot",Circulatory and Respiratory Health,BLOOD,2018-04-01,2021-03-31,0
"Prisman, Eitan",University of British Columbia,British Columbia,Collaborative Health Research Projects (NSERC partnered),201810CPG,Collaborative Health Research Projects - NSERC Partnered,Intraoperative Surgical Tools for Advanced Reconstruction Workflow to Optimize Outcomes of Head and Neck Cancer Treatment,"$360,914","$33,363",,,3 yrs 0 mth ,"surgical tools, reconstruction, head and neck cancer",Cancer Research,DENTAL DISEASE (INCL. ORAL BIOLOGY); MUSCULO SKELETAL; DENTAL SCIENCE - Oral Biology; CANCER,2019-04-01,2022-03-31,0
"Chen, Pu",University of Waterloo (Ontario),Ontario,Collaborative Health Research Projects (NSERC partnered),200910CPG,Collaborative Health Research Projects - NSERC Partnered,Amino acid pairing peptide mediated delivery of short interfering RNAs (siRNAs),"$251,187",$0,,,3 yrs 0 mth ,"amino acid, peptide, siRNAs",Unable to allocate,NONE OF THE ABOVE; NOT CLASSIFIED,2010-04-01,2013-03-31,4
"Byers, David M",Dalhousie University (Nova Scotia),Nova Scotia,Collaborative Health Research Projects (NSERC partnered),201010CPG,Collaborative Health Research Projects - NSERC Partnered,Lead optimization of new antibacterials/antimalarials that target ACP synthase,"$76,760",$0,,,1 yr 0 mth ,"antibacterials, antimalarials, ACP synthase",,,2011-04-01,2012-03-31,0
"Shin, Jumi",University of Toronto,Ontario,Collaborative Health Research Projects (NSERC partnered),200910CPG,Collaborative Health Research Projects - NSERC Partnered,Minimalist Hybrid Proteins:  A Novel Platform for Cancer Drug Discovery,"$378,000",$0,,,3 yrs 0 mth ,"Hybrid proteins, cancer, drug discovery",Unable to allocate,NONE OF THE ABOVE; NOT CLASSIFIED,2010-04-01,2013-03-31,0
"Collins, Donald L",McGill University,Quebec,Collaborative Health Research Projects (NSERC partnered),200910CPG,Collaborative Health Research Projects - NSERC Partnered,Computational and statistical tools for image-guided neurosurgery of brain tumours,"$314,099",$0,,,3 yrs 0 mth ,"computational, image-guided, neurosurgery",Unable to allocate,NONE OF THE ABOVE; NOT CLASSIFIED,2010-04-01,2013-03-31,0
"Khan, Kamran",University of Toronto,Ontario,Collaborative Health Research Projects (NSERC partnered),201210CPG,Collaborative Health Research Projects - NSERC Partnered,"Protecting Canadian Health, Security, and Prosperity through the Novel Integration of Global Epidemic Surveillance and Risk Modelling Technologies","$161,227",$0,,,2 yrs 0 mth ,"Epidemic surveillance, Risk modelling, Health security",Infection and Immunity,INFECTIOUS AND PARASITIC; POPULATION HEALTH; HEALTH RESEARCH,2013-04-01,2015-03-31,0
"Dumont, Guy A",University of British Columbia,British Columbia,Collaborative Health Research Projects (NSERC partnered),201210CPG,Collaborative Health Research Projects - NSERC Partnered,Closed-Loop Control of Anesthesia,"$309,194",$0,,,3 yrs 0 mth ,"Closed-Loop, Control, Anesthesia",,,2008-10-01,2011-09-30,3
"Meunier, Michel",Polytechnique Montreal,Quebec,Collaborative Health Research Projects (NSERC partnered),201711CPG,Collaborative Health Research Projects - NSERC Partnered,Improving the reliability of cytology diagnosis with immunoplasmonic multiplex labeling.,"$301,500",$0,,,3 yrs 0 mth ,"cytology, immunoplasmonic, multiplex labeling",Cancer Research,MULTIDISCIPLINARY; CANCER; IMAGING,2018-04-01,2021-03-31,0
"Pillai Riddell, Rebecca Rita E","York University (Toronto, Ontario)",Ontario,Collaborative Health Research Projects (NSERC partnered),201810CPG,Collaborative Health Research Projects - NSERC Partnered,Rebooting Infant Pain Assessment: Using Machine Learning to Exponentially Improve Neonatal Intensive Care Unit Practice.,"$856,779","$85,000",,,3 yrs 0 mth ,"Machine Learning, Neonatal, Pain Assessment","Human Development, Child and Youth Health",NONE OF THE ABOVE; HEALTH RESEARCH,2019-04-01,2022-03-31,0
"Tang, Shuo",University of British Columbia,British Columbia,Collaborative Health Research Projects (NSERC partnered),201610CPG,Collaborative Health Research Projects - NSERC Partnered,Handheld Multiphoton Imaging Device for Detecting Oral Cancer,"$294,250",$0,,,3 yrs 0 mth ,"Multiphoton, Imaging, Oral Cancer",Cancer Research,MULTIDISCIPLINARY; DENTAL DISEASE (INCL. ORAL BIOLOGY); IMAGING; CANCER,2017-04-01,2020-03-31,0
"Klein, Doug",University of Alberta,Alberta,Catalyst Grant: eHealth Innovations - Aging,201310CEA,e-Health Innovation Partnership Program (eHIPP),Promoting Health of Older Adults through CHANGE technology,"$92,112",$0,,,1 yr 0 mth ,"Older adults, CHANGE, health",Aging,HEALTH CARE DELIVERY; AGING; METABOLISM/DIABETES,2014-03-01,2015-02-28,0
"Herzog, Walter",University of Calgary,Alberta,Collaborative Health Research Projects (NSERC partnered),201010CPG,Collaborative Health Research Projects - NSERC Partnered,Muscle rehabilitation of cerebral palsy patients recieving botulinum toxin type-A (Botox) treatments,"$281,362",$0,,,3 yrs 0 mth ,"muscle, cerebral palsy, botulinum toxin",,,2011-04-01,2014-03-31,0
"Brezden-Masley, Christine",Unity Health Toronto,Toronto,Operating Grant: Industry-partnered Collaborative Research - Rx&D partner,200903IRO,Industry Partnered Collaborative Research,Assessment of Cardiotoxicity by Cardiac MRI in Early Stage Breast Cancer Patients Receiving Adjuvant Trastuzumab: A Prospective Observational Pilot Study,"$37,500",$0,,,3 yrs 0 mth ,"Cardiac MRI, Cardiotoxicity, Breast Cancer",Cancer Research,"BREAST CANCER THERAPY; STROKE, HEART FAILURE; CANCER; CARDIOVASCULAR",2009-10-01,2012-09-30,0
"Philpott, Dana J",University of Toronto,Ontario,Collaborative Health Research Projects (NSERC partnered),201910CPG,Collaborative Health Research Projects - NSERC Partnered,Synthetic biology approaches to design living medicines to improve intestinal and metabolic health.,"$450,330",$0,,,3 yrs 0 mth ,"synthetic biology, living medicines, metabolic health","Nutrition, Metabolism and Diabetes",GASTRO-INTESTINAL DISEASE; METABOLISM AND NUTRITION; GASTROINTESTINAL (LIVER); HEALTH RESEARCH,2020-04-01,2023-03-31,1
"Ward, Brian J",Research Institute of the McGill University Health Centre,Quebec,Operating Grant: Industry-partnered Collaborative Research - Other Partner,200909ISO,Industry Partnered Collaborative Research,The next generation of vaccines: characterization of virus-like particle (VLP) vaccines made in plants.,"$300,000",$0,,,2 yrs 0 mth ,"virus-like particle, vaccines, plants",Infection and Immunity,INFECTIOUS AND PARASITIC; VIRAL; IMMUNOLOGY-TRANSPLANTATION; VIROLOGY,2010-04-01,2012-03-31,1
"Antel, Jack P",McGill University,Quebec,Operating Grant: Industry-partnered Collaborative Research - Rx&D partner,201009IRO,Industry Partnered Collaborative Research,Effects of S1P receptor directed pharmaceutical agents on central nervous system myelination,"$178,125",$0,,,3 yrs 0 mth ,"S1P receptor, myelination, pharmaceutical agents","Neurosciences, Mental Health and Addiction",MULTIPLE SCLEROSIS; NERVOUS SYSTEM; IMMUNOLOGY-TRANSPLANTATION,2011-04-01,2014-03-31,0
"Finlay, Warren H",University of Alberta,Alberta,Collaborative Health Research Projects (NSERC partnered),201110CPG,Collaborative Health Research Projects - NSERC Partnered,Realistic lung deposition models and measurements (REALiSM^2),"$272,274",$0,,,3 yrs 0 mth ,"lung, deposition, models",,,2012-04-01,2015-03-31,4
"Kingston, Dawn A",University of Alberta,Alberta,Catalyst Grant: eHealth Innovations,201210CEH,e-Health Innovation Partnership Program (eHIPP),Mental Health E-Screening in Pregnant and Postpartum Women,"$99,902",$0,,,1 yr 0 mth ,"Mental Health, E-Screening, Pregnant Women",Health Services and Policy Research,PERINATAL; HEALTH SERVICES RESEARCH; MENTAL HEALTH,2013-03-01,2014-02-28,0
"Schmidt, Tannin A",University of Calgary,Alberta,Collaborative Health Research Projects (NSERC partnered),201110CPG,Collaborative Health Research Projects - NSERC Partnered,Biointerface science:  proteoglycan 4 (PRG4) with and without hyaluronic acid as a novel ocular surface boundary lubricant & contact lens coating,"$184,000",$0,,,3 yrs 0 mth ,"proteoglycan, hyaluronic acid, ocular surface",,,2012-04-01,2015-03-31,9
"Mazer, Bruce D",Research Institute of the McGill University Health Centre,Quebec,Operating Grant: Industry-partnered Collaborative Research - Other Partner,201103ISO,Industry Partnered Collaborative Research,Molecular mechanism for immunoprotection and Treg induction by polyspecific immunoglobulins (IVIg),"$165,000",$0,,,3 yrs 0 mth ,"immunoprotection, Treg, immunoglobulins",Circulatory and Respiratory Health,ASTHMA; MULTIPLE DISEASE RELEVANCE; IMMUNOLOGY-TRANSPLANTATION; DRUG RESEARCH,2011-10-01,2014-09-30,0
"Nadeau, Jay Louise",McGill University,Quebec,Collaborative Health Research Projects (NSERC partnered),200910CPG,Collaborative Health Research Projects - NSERC Partnered,Self-illuminating nanoparticles for melanoma therapy,"$200,625",$0,,,3 yrs 0 mth ,"self-illuminating, nanoparticles, melanoma",Unable to allocate,NONE OF THE ABOVE; NOT CLASSIFIED,2010-04-01,2013-03-31,0
"Kermode, Allison R","Simon Fraser University (Burnaby, B.C.)",British Columbia,Collaborative Health Research Projects (NSERC partnered),200910CPG,Collaborative Health Research Projects - NSERC Partnered,Formulation and efficacy of a corn-derived phenylalanine ammonia-lyase for the treatment of phenylketonuria (PKU) and hyperphenylalaninemias,"$282,360",$0,,,3 yrs 0 mth ,"phenylalanine ammonia-lyase, phenylketonuria, hyperphenylalaninemias",Unable to allocate,NONE OF THE ABOVE; NOT CLASSIFIED,2010-04-01,2013-03-31,0
"Morshead, Cindi M",University of Toronto,Ontario,Collaborative Health Research Projects (NSERC partnered),201910CPG,Collaborative Health Research Projects - NSERC Partnered,Engineering healing: Combinatorial strategies to promote repair of the stroke injured brain,"$551,700",$0,,,3 yrs 0 mth ,"brain, repair, stroke","Neurosciences, Mental Health and Addiction","INJURY, REGENERATION; STROKE, HEART FAILURE; NERVOUS SYSTEM; CELL BIOLOGY",2020-04-01,2023-03-31,0
"Dutz, Jan P",University of British Columbia,British Columbia,Collaborative Health Research Projects (NSERC partnered),201210CPG,Collaborative Health Research Projects - NSERC Partnered,Transcutaneous microsphere vaccine technology,"$300,000",$0,,,3 yrs 0 mth ,"Transcutaneous, microsphere, vaccine",Musculoskeletal Health and Arthritis,MULTIPLE DISEASE RELEVANCE; INFECTIOUS AND PARASITIC; IMMUNOLOGY-TRANSPLANTATION; DRUG RESEARCH,2013-04-01,2016-03-31,0
"Kreindler, David","Sunnybrook Health Sciences Centre (Toronto, Ontario)",Toronto,Catalyst Grant: eHealth Innovations,201210CEH,e-Health Innovation Partnership Program (eHIPP),Mental Health Telemetry for Self-Management in Major Depression,"$96,207",$0,,,1 yr 0 mth ,"Mental Health, Telemetry, Depression","Neurosciences, Mental Health and Addiction",HEALTH PROMOTION; MENTAL HEALTH,2013-03-01,2014-02-28,0
"Juncker, David",McGill University,Quebec,Collaborative Health Research Projects (NSERC partnered),201210CPG,Collaborative Health Research Projects - NSERC Partnered,Multidimensional separation isolation and characterization of circulating tumour cells,"$343,124",$0,,,3 yrs 0 mth ,"multidimensional separation, circulating tumour cells, isolation",Cancer Research,BREAST CANCER; CANCER,2013-04-01,2016-03-31,1
"Bouvier, Michel",Universite de Montreal,Quebec,Operating Grant: Industry-partnered Collaborative Research,201403IPR,Industry Partnered Collaborative Research,Exploring GPCR functional selectivity for anti-inflammatory drugs,"$116,000",$0,,,2 yrs 0 mth ,"GPCR, selectivity, anti-inflammatory",Genetics,CHRONIC INFLAMMATORY BOWEL DISEASE; ARTHRITIS/OSTEOARTHRITIS; DRUG RESEARCH; CELL BIOLOGY,2014-10-01,2016-06-30,1
"Mousavi, Parvin","Queen's University (Kingston, Ontario)",Ontario,Collaborative Health Research Projects (NSERC partnered),201310CPG,Collaborative Health Research Projects - NSERC Partnered,RF Time Series Flashlight for Targeted Prostate Biopsy,"$126,440",$0,,,3 yrs 0 mth ,"RF, Time Series, Biopsy",Cancer Research,PROSTATE AND BLADDER CANCER; PROSTATE AND BLADDER CANCER THERAPY; CANCER; IMAGING,2014-04-01,2017-03-31,2
"Zehbe, Ingeborg","Lakehead University (Thunder Bay, Ontario)",Ontario,Collaborative Health Research Projects (NSERC partnered),201410CPG,Collaborative Health Research Projects - NSERC Partnered,High intensity focused ultrasound and newly engineered single domain antibodies for non-invasive treatment of human papillomavirus-related cervical cancer,"$226,870",$0,,,3 yrs 0 mth ,"ultrasound, antibodies, cervical cancer",Cancer Research,CANCER THERAPY GENERAL; GENITO/URINARY SYSTEM; CANCER; VIROLOGY,2015-04-01,2018-03-31,0
"Collins, Donald L",McGill University,Quebec,Collaborative Health Research Projects (NSERC partnered),201711CPG,Collaborative Health Research Projects - NSERC Partnered,Achieving precision in Image-guided Neurosurgery via an open source collaborative software environment,"$650,227",$0,,,3 yrs 0 mth ,"Image-guided, Neurosurgery, Software","Neurosciences, Mental Health and Addiction",MULTIPLE DISEASE RELEVANCE; BRAIN TUMORS (INCL. RETINAL TUMORS); IMAGING; NERVOUS SYSTEM,2018-04-01,2021-03-31,0
"Sefton, Michael V",University of Toronto,Ontario,Collaborative Health Research Projects (NSERC partnered),201510CPG,Collaborative Health Research Projects - NSERC Partnered,Vascularized regenerative biomaterials for medical devices and cell therapy,"$235,413",$0,,,3 yrs 0 mth ,"Vascularized, biomaterials, cell therapy",Infection and Immunity,DIABETES MELLITUS; IMMUNOLOGY-TRANSPLANTATION; METABOLISM/DIABETES,2016-04-01,2019-03-31,0
"Freed, Darren H",University of Alberta,Alberta,Collaborative Health Research Projects (NSERC partnered),201610CPG,Collaborative Health Research Projects - NSERC Partnered,Development of an ex vivo heart perfusion system for pre-transplant preservation and evaluation of donor hearts,"$315,794",$0,,,3 yrs 0 mth ,"heart perfusion, ex vivo, donor preservation",Circulatory and Respiratory Health,"CARDIOLOGY; STROKE, HEART FAILURE; CARDIOVASCULAR; IMMUNOLOGY-TRANSPLANTATION",2017-04-01,2020-03-31,5
"Sinton, David A",University of Victoria (British Columbia),British Columbia,Collaborative Health Research Projects (NSERC partnered),201010CPG,Collaborative Health Research Projects - NSERC Partnered,High-throughput sperm motility assay and automated selection for clinical in vitro fertilization,"$244,500",$0,,,3 yrs 0 mth ,"sperm motility, assay, in vitro fertilization",,,2011-04-01,2014-03-31,6
"Hatcher, Simon",University of Ottawa,Ontario,Catalyst Grant: eHealth Innovations,201310CEH,e-Health Innovation Partnership Program (eHIPP),Can e-therapies reduce waiting lists in secondary mental health care? A randomised controlled trial,"$89,988",$0,,,1 yr 0 mth ,"e-therapies, mental health, waiting lists",Health Services and Policy Research,DEPRESSION; HEALTH CARE DELIVERY; MENTAL HEALTH; PSYCHOSOCIAL/HEALTH BEHAVIOURAL RES.,2014-03-01,2015-02-28,0
"Yuen, Darren A",University of Toronto,Ontario,Collaborative Health Research Projects (NSERC partnered),201810CPG,Collaborative Health Research Projects - NSERC Partnered,"""Using """"enhanced ultrasound"""" to help select the best kidneys for transplantation""","$491,750",$0,,,3 yrs 0 mth ,"ultrasound, kidneys, transplantation","Nutrition, Metabolism and Diabetes","GENITO/URINARY SYSTEM; MULTIDISCIPLINARY; RENAL FUNCTION, NEPHROLOGY, UROLOGY; IMAGING",2019-04-01,2022-03-31,3
"Genov, Roman",University of Toronto,Ontario,Collaborative Health Research Projects (NSERC partnered),201510CPG,Collaborative Health Research Projects - NSERC Partnered,Patient-Specific Adaptive Closed-Loop Neurostimulation for Optimum Treatment of Intractable Epilepsy,"$232,200",$0,,,3 yrs 0 mth ,"Neurostimulation, Closed-Loop, Epilepsy","Neurosciences, Mental Health and Addiction",EPILEPSY; NERVOUS SYSTEM,2016-04-01,2019-03-31,4
"Li, Liang",University of Alberta,Alberta,Collaborative Health Research Projects (NSERC partnered),201110CPG,Collaborative Health Research Projects - NSERC Partnered,Discovery of biomarkers of alzheimer's disease using comprehensive and quantitative metabolomics,"$396,500",$0,,,3 yrs 0 mth ,"biomarkers, alzheimer's, metabolomics",,,2012-04-01,2015-03-31,0
"Mostafavi, Mir Abolfazl",Universite Laval,Quebec,Collaborative Health Research Projects (NSERC partnered),201210CPG,Collaborative Health Research Projects - NSERC Partnered,Development of a mobile multimodal assistive technology for the navigation of persons with disabilities in urban area,"$229,983",$0,,,3 yrs 0 mth ,"mobile, multimodal, assistive",Population and Public Health,MULTIDISCIPLINARY; ENVIRONMENTAL INFLUENCES ON HEALTH; HEALTH SERVICES RESEARCH,2013-04-01,2016-03-31,0
"Despres, Philippe",Universite de Montreal,Quebec,Collaborative Health Research Projects (NSERC partnered),200910CPG,Collaborative Health Research Projects - NSERC Partnered,Development of an automated blood counter for quantitative molecular imaging applications,"$122,550",$0,,,3 yrs 0 mth ,"blood, counter, molecular imaging",Unable to allocate,NONE OF THE ABOVE; NOT CLASSIFIED,2010-04-01,2014-03-31,1
"Yudin, Andrei",University of Toronto,Ontario,Collaborative Health Research Projects (NSERC partnered),201410CPG,Collaborative Health Research Projects - NSERC Partnered,Development of a lead boron-containing ClpP inhibitor for AML therapy,"$299,046",$0,,,3 yrs 0 mth ,"lead, boron, ClpP",Cancer Research,CANCER THERAPY GENERAL; DRUGS- PHARMACEUTICAL SCIENCE/CHEMISTRY & NON MEDICAL USE OF DRUGS; CANCER; DRUG RESEARCH,2015-04-01,2018-03-31,0
"Kennedy, Timothy E",McGill University,Quebec,Collaborative Health Research Projects (NSERC partnered),201510CPG,Collaborative Health Research Projects - NSERC Partnered,Bio-integrated fully implantable peripheral nerve electrode for functional upper limb prostheses,"$247,080",$0,,,3 yrs 0 mth ,"bio-integrated, nerve electrode, prostheses","Neurosciences, Mental Health and Addiction",CNS ORGANIC; NERVOUS SYSTEM,2016-04-01,2019-03-31,0
"Granville, David J",University of British Columbia,British Columbia,Operating Grant: Industry-partnered Collaborative Research,201203IPR,Industry Partnered Collaborative Research,Topical Granzyme B Inhibitor Research and Development,"$471,851",$0,,,3 yrs 0 mth ,"Granzyme B, Inhibitor",Musculoskeletal Health and Arthritis,SKIN AND SUBCUTANEOUS TISSUS; AGING; DRUG RESEARCH,2012-10-01,2015-06-30,9
"Chan, Warren C",University of Toronto,Ontario,Collaborative Health Research Projects (NSERC partnered),201711CPG,Collaborative Health Research Projects - NSERC Partnered,Engineering DNAzyme-gold nanoparticle diagnostic device,"$353,172","$15,000",,,3 yrs 0 mth ,"DNAzyme, gold nanoparticle, diagnostic",Infection and Immunity,INFECTIOUS AND PARASITIC; VIROLOGY,2018-04-01,2021-03-31,0
"Polyzois, Dimos",University of Manitoba,Manitoba,Collaborative Health Research Projects (NSERC partnered),201010CPG,Collaborative Health Research Projects - NSERC Partnered,Development of a protocol for the renewal of housing to improve the health of First Nations residents,"$237,525",$0,,,3 yrs 0 mth ,"housing, health, First Nations",,,2011-04-01,2014-03-31,0
"Holbrook, Anne M",McMaster University,Ontario,Catalyst Grant: eHealth Innovations,201210CEH,e-Health Innovation Partnership Program (eHIPP),Electronic Tools to Improve Anticoagulant Therapy for Individuals and Populations,"$98,776",$0,,,1 yr 0 mth ,"Electronic tools, anticoagulant, therapy",Health Services and Policy Research,HEALTH SERVICES RESEARCH; HEALTH CARE DELIVERY; HEALTH RESEARCH,2013-03-01,2014-02-28,0
"Pichora, David R","Queen's University (Kingston, Ontario)",Ontario,Collaborative Health Research Projects (NSERC partnered),201010CPG,Collaborative Health Research Projects - NSERC Partnered,"Advanced real-time 3D imaging, planning and navigation of fracture surgery","$185,985",$0,,,3 yrs 0 mth ,"3D imaging, fracture surgery, navigation",,,2011-04-01,2014-03-31,0
"Shoichet, Molly S",University of Toronto,Ontario,Collaborative Health Research Projects (NSERC partnered),201210CPG,Collaborative Health Research Projects - NSERC Partnered,Design of a high content personalized medicine screening tool for the treatment of cancer,"$479,799",$0,,,3 yrs 0 mth ,"personalized medicine, screening, cancer",Cancer Research,BREAST CANCER; BREAST CANCER THERAPY; CANCER; CELL BIOLOGY,2013-04-01,2016-03-31,5
"Hafeli, Urs O",University of British Columbia,British Columbia,Collaborative Health Research Projects (NSERC partnered),200910CPG,Collaborative Health Research Projects - NSERC Partnered,Microneedle-Based Painless Drug Monitoring System in Interstitial Fluid,"$187,007",$0,,,3 yrs 0 mth ,"Microneedle, Drug Monitoring, Interstitial Fluid",Unable to allocate,NONE OF THE ABOVE; NOT CLASSIFIED,2010-04-01,2013-03-31,0
"Maynes, Jason T",University of Toronto,Ontario,Collaborative Health Research Projects (NSERC partnered),201510CPG,Collaborative Health Research Projects - NSERC Partnered,Novel Methods to Evaluate the Cardiac Activity of Pharmaceuticals: Identifying New Therapies and Predicting Cardiac Toxicity,"$357,480",$0,,,3 yrs 0 mth ,"Cardiac activity, Pharmaceuticals, Toxicity",Circulatory and Respiratory Health,CARDIOLOGY; ARRHYTHMIAS; CARDIOVASCULAR; BIOPHYSICS,2016-04-01,2019-03-31,1
"Kolios, Michael C",Toronto Metropolitan University,Toronto,Collaborative Health Research Projects (NSERC partnered),201810CPG,Collaborative Health Research Projects - NSERC Partnered,Ultrasound Platform for A Priori Therapy Response Prediction,"$453,500",$0,,,3 yrs 0 mth ,"Ultrasound, Therapy Response, Prediction",Cancer Research,BREAST CANCER; CANCER THERAPY GENERAL; CANCER; BIOPHYSICS,2019-04-01,2022-03-31,2
"Noiseux, Nicolas",Centre hospitalier de l'Universite de Montreal (CHUM),Quebec,Operating Grant: Industry-partnered Collaborative Research,201503IPR,Industry Partnered Collaborative Research,Pharmacological intervention to reduce ischemic injury: Development of a novel infarct-sparing agent,"$79,872",$0,,,1 yr 0 mth ,"ischemic injury, infarct-sparing, pharmacological",Circulatory and Respiratory Health,MYOCARDIAL INFARCTION; DRUGS- PHARMACEUTICAL SCIENCE/CHEMISTRY & NON MEDICAL USE OF DRUGS; CARDIOVASCULAR; DRUG RESEARCH,2015-10-01,2016-09-30,0
"Barzda, Virginijus",University of Toronto,Ontario,Collaborative Health Research Projects (NSERC partnered),201110CPG,Collaborative Health Research Projects - NSERC Partnered,Non-linear multimodal mircoendoscopy for lung cancer pathology,"$265,500",$0,,,3 yrs 0 mth ,"non-linear, multimodal, microendoscopy",,,2012-04-01,2015-03-31,0
"Meunier, Michel",Polytechnique Montreal,Quebec,Collaborative Health Research Projects (NSERC partnered),201210CPG,Collaborative Health Research Projects - NSERC Partnered,Nanoplasmonics Enhanced Laser Gene Delivery for Retinal Degenerative Diseases,"$269,000",$0,,,3 yrs 0 mth ,"Nanoplasmonics, Laser, Gene delivery",Aging,DISEASES AFFECTING SPEECH/VISION/HEARING; AGING; VISION; BIOPHYSICS,2013-04-01,2016-03-31,0
"Rousseau, Guy",Universite de Montreal,Quebec,Collaborative Health Research Projects (NSERC partnered),200910CPG,Collaborative Health Research Projects - NSERC Partnered,Intervention innovatrice complementaire e l'angioplastie pour reduire la taille de l'infarctus du myocarde,"$247,250",$0,,,3 yrs 0 mth ,"angioplastie, infarctus, intervention",Unable to allocate,NONE OF THE ABOVE; NOT CLASSIFIED,2010-04-01,2013-03-31,1
"Archambault, Denis",Universite du Quebec e Montreal,Quebec,Collaborative Health Research Projects (NSERC partnered),201310CPG,Collaborative Health Research Projects - NSERC Partnered,La portion C-terminale de la proteine P97 de Mycoplasma hyopneumoniae: une nouvelle molecule adjuvante e des fins vaccinales,"$364,959",$0,,,3 yrs 0 mth ,"P97, Mycoplasma hyopneumoniae, adjuvant",Infection and Immunity,INFECTIOUS AND PARASITIC; MULTIPLE DISEASE RELEVANCE; HEALTH RESEARCH; IMMUNOLOGY-TRANSPLANTATION,2014-04-01,2017-03-31,0
"Stinson, Jennifer N",Hospital for Sick Children (Toronto),Ontario,Catalyst Grant: eHealth Innovations,201210CEH,e-Health Innovation Partnership Program (eHIPP),Virtual Peer-to-Peer (VP2P) Support Mentoring for Adolescents with Juvenile Idiopathic Arthritis: A Feasibility Pilot Randomized Controlled Trial,"$99,987",$0,,,1 yr 0 mth ,"Virtual, Peer-to-Peer, Juvenile Idiopathic Arthritis",Musculoskeletal Health and Arthritis,"ARTHRITIS/OSTEOARTHRITIS; PSYCHOSOCIAL AND HEALTH BEHAVIOURS; MUSCLE, BONE, OR JOINT; PSYCHOSOCIAL/HEALTH BEHAVIOURAL RES.",2013-03-01,2014-02-28,0
"Krylov, Sergey","York University (Toronto, Ontario)",Ontario,Collaborative Health Research Projects (NSERC partnered),201310CPG,Collaborative Health Research Projects - NSERC Partnered,Technology for Analysis of miRNA Signatures (TAmiRS): a Novel Tool for Personalized Cancer Medicine,"$451,599",$0,,,3 yrs 0 mth ,"miRNA, Signatures, Cancer",Cancer Research,PROSTATE AND BLADDER CANCER THERAPY; CANCER; HEALTH RESEARCH,2014-04-01,2017-03-31,0
"Falk, Bareket",Brock University (Ontario),Ontario,Collaborative Health Research Projects (NSERC partnered),201310CPG,Collaborative Health Research Projects - NSERC Partnered,"Pressure Sore Risk Management in Children with Cerebral Palsy: Local and Whole Body Thermoregulation Strategies, Material Interface and Care Protocols","$292,623",$0,,,3 yrs 0 mth ,"Pressure sore, thermoregulation, cerebral palsy",Musculoskeletal Health and Arthritis,"ENVIRONMENTAL INFLUENCES ON HEALTH; MULTIDISCIPLINARY; HEALTH RESEARCH; MUSCLE, BONE, OR JOINT",2014-04-01,2017-03-31,0
"Cloutier, Guy",Universite de Montreal,Quebec,Collaborative Health Research Projects (NSERC partnered),201310CPG,Collaborative Health Research Projects - NSERC Partnered,Non-invasive shear strain ultrasound elastography of carotid atherosclerotic plaques for stroke prevention,"$302,077",$0,,,3 yrs 0 mth ,"ultrasound, elastography, atherosclerosis",Circulatory and Respiratory Health,"ATHEROSCLEROSIS; STROKE, HEART FAILURE; IMAGING; CARDIOVASCULAR",2014-04-01,2017-03-31,1
"Schriemer, David C",University of Calgary,Alberta,Collaborative Health Research Projects (NSERC partnered),200910CPG,Collaborative Health Research Projects - NSERC Partnered,Next Generation Anti-mitotics for Treatment-Refractory Cancer,"$233,500",$0,,,3 yrs 0 mth ,"Anti-mitotics, Cancer, Refractory",Unable to allocate,NONE OF THE ABOVE; NOT CLASSIFIED,2010-04-01,2013-03-31,0
"Rivest, Serge",Universite Laval,Quebec,Operating Grant: Industry-partnered Collaborative Research - Rx&D partner,201103IRO,Industry Partnered Collaborative Research,Novel immunotherapies for treating Alzheimer's disease,"$571,200",$0,,,5 yrs 0 mth ,"immunotherapies, Alzheimer's","Neurosciences, Mental Health and Addiction",ALZHEIMER'S DISEASE; AGING; NERVOUS SYSTEM; IMMUNOLOGY-TRANSPLANTATION,2011-10-01,2015-06-30,0
"Hoare, Todd R",McMaster University,Ontario,Collaborative Health Research Projects (NSERC partnered),201810CPG,Collaborative Health Research Projects - NSERC Partnered,Designing Highly Porous Drug-Impregnated Polymer Scaffolds Using Pressurized Gas Expanded Liquids for the Treatment of Lung Fibrosis and Wound Infections,"$327,657","$7,500",,,3 yrs 0 mth ,"Polymer scaffolds, Gas expanded liquids, Lung fibrosis",Aging,RESPIRATION; INFECTIOUS AND PARASITIC; AGING,2019-04-01,2022-03-31,0
"Eng, Janice J",University of British Columbia,British Columbia,Collaborative Health Research Projects (NSERC partnered),201310CPG,Collaborative Health Research Projects - NSERC Partnered,Wearable sensors to promote arm and hand function after stroke,"$208,671",$0,,,3 yrs 0 mth ,"wearable sensors, arm function, hand function",Musculoskeletal Health and Arthritis,"AGING; STROKE, HEART FAILURE",2014-04-01,2017-03-31,0
"Lepage, Martin",CIUSSS de l'Ouest-de-l'Ile-de-Montreal-Douglas Hospital,Quebec,Operating Grant: Industry-partnered Collaborative Research,201503IPR,Industry Partnered Collaborative Research,"Aripiprazole Long Acting Injectable (ALAI), its potential enhancing effect on memory and associated neural structures: A longitudinal brain imaging study in first-episode psychosis","$568,337",$0,,,5 yrs 0 mth ,"Aripiprazole, Injectable, Brain imaging","Neurosciences, Mental Health and Addiction",SCHIZOPHRENIA; MENTAL HEALTH; IMAGING,2015-10-01,2021-09-30,0
"Zandstra, Peter W",University of Toronto,Ontario,Collaborative Health Research Projects (NSERC partnered),201110CPG,Collaborative Health Research Projects - NSERC Partnered,Stem cell counting: Development and application,"$489,804",$0,,,3 yrs 0 mth ,"stem cell, counting, application",,,2012-04-01,2015-03-31,9
"Kandel, Rita A",University of Toronto,Ontario,Collaborative Health Research Projects (NSERC partnered),201711CPG,Collaborative Health Research Projects - NSERC Partnered,Biological Finger Joint Replacement,"$299,503",$0,,,3 yrs 0 mth ,"biological, finger joint, replacement",Musculoskeletal Health and Arthritis,"ARTHRITIS/OSTEOARTHRITIS; MUSCLE, BONE, OR JOINT",2018-04-01,2021-03-31,0
"Razak, Fahad",University of Toronto,Ontario,Collaborative Health Research Projects (NSERC partnered),201810CPG,Collaborative Health Research Projects - NSERC Partnered,Using artificial intelligence to identify and predict delirium among hospitalized medical patients,"$426,104","$17,500",,,3 yrs 0 mth ,"artificial intelligence, delirium, hospitalized patients",Health Services and Policy Research,MENTAL AND BEHAVIOURAL DISEASES; GERIATRICS; HEALTH SERVICES RESEARCH,2019-04-01,2022-03-31,0
"Ghahary, Aziz",University of British Columbia,British Columbia,Collaborative Health Research Projects (NSERC partnered),201810CPG,Collaborative Health Research Projects - NSERC Partnered,Therapeutic Use of Micro-Sponge Embedded Nutritional Liquid Scaffold for Treatment of Non-Healing Wounds,"$381,244","$15,000",,,3 yrs 0 mth ,"Micro-Sponge, Nutritional Liquid, Wounds",Musculoskeletal Health and Arthritis,SKIN AND SUBCUTANEOUS TISSUS; SPINAL CORD DISEASE; HEALTH RESEARCH; AGING,2019-04-01,2022-03-31,0
"Fittipaldi, Nahuel V",University of Toronto,Ontario,Collaborative Health Research Projects (NSERC partnered),201810CPG,Collaborative Health Research Projects - NSERC Partnered,Refining processes to maximize the provision of donor human milk rich in nutrients and bioactive components: An integrated multidisciplinary approach at a human milk bank serving critically-ill neonates.,"$246,233","$10,900",,,3 yrs 0 mth ,"donor human milk, bioactive components, neonates","Human Development, Child and Youth Health",MULTIDISCIPLINARY; NUTRITION; BACTERIOLOGY,2019-04-01,2022-03-31,0
"Gates, Byron D","Simon Fraser University (Burnaby, B.C.)",British Columbia,Collaborative Health Research Projects (NSERC partnered),201310CPG,Collaborative Health Research Projects - NSERC Partnered,Simultaneous chemotherapy and radiation treatment in solid tumours: A new platform to promote synergy and therapeutic efficacy with radiation triggered drug release,"$283,503",$0,,,3 yrs 0 mth ,"chemotherapy, radiation, drug release",Cancer Research,CANCER THERAPY GENERAL; MULTIDISCIPLINARY; CANCER; HEALTH RESEARCH,2014-04-01,2017-03-31,0
"Dumont, Guy A",University of British Columbia,British Columbia,Collaborative Health Research Projects (NSERC partnered),201210CPG,Collaborative Health Research Projects - NSERC Partnered,Closed-Loop Control of Anesthesia,"$309,194",$0,,,3 yrs 0 mth ,"Closed-Loop, Control, Anesthesia",Circulatory and Respiratory Health,MULTIDISCIPLINARY; NONE OF THE ABOVE; HEALTH RESEARCH; NOT CLASSIFIED,2013-04-01,2016-03-31,2
"Markle-Reid, Maureen Frances",McMaster University,Ontario,Catalyst Grant: eHealth Innovations - Aging,201310CEA,e-Health Innovation Partnership Program (eHIPP),Strengthening Community-Based Stroke Care: A Mixed-Methods Study to Evaluate a Mobile Health Solution,"$92,241",$0,,,1 yr 0 mth ,"Stroke, Mobile Health, Community",Health Services and Policy Research,HEALTH SERVICES RESEARCH; AGING,2014-03-01,2015-02-28,0
"Haibe-Kains, Benjamin",University of Toronto,Ontario,Collaborative Health Research Projects (NSERC partnered),201510CPG,Collaborative Health Research Projects - NSERC Partnered,Precision medicine in breast cancer: from the computer to the clinic,"$375,350",$0,,,3 yrs 0 mth ,"precision medicine, breast cancer, computer",Cancer Research,"CANCER; GENOMICS, PROTEOMICS, AND BIOINFORMATICS",2016-04-01,2019-03-31,1
"Eng, Janice J",University of British Columbia,British Columbia,Collaborative Health Research Projects (NSERC partnered),201910CPG,Collaborative Health Research Projects - NSERC Partnered,Instrumented i-GRASP for the assessment and treatment of upper extremity function after neurological injury,"$268,658",$0,,,3 yrs 0 mth ,"i-GRASP, assessment, neurological injury","Neurosciences, Mental Health and Addiction","STROKE, HEART FAILURE; NERVOUS SYSTEM; AGING",2020-04-01,2023-03-31,0
"Adeli, Khosrow",Hospital for Sick Children (Toronto),Ontario,Operating Grant: Industry-partnered Collaborative Research - Rx&D partner,201103IRO,Industry Partnered Collaborative Research,CALIPER: A Canadian Initiative to Close the Critical Gaps in Pediatric Reference Intervals,"$66,667",$0,,,1 yr 0 mth ,"pediatric, reference intervals, gaps","Human Development, Child and Youth Health",HEALTH CARE DELIVERY; HEALTH SERVICES RESEARCH; HEALTH RESEARCH; POPULATION HEALTH,2011-10-01,2012-09-30,0
"Jolly, Sanjit S",McMaster University,Ontario,Operating Grant: Industry-partnered Collaborative Research,201109IPR,Industry Partnered Collaborative Research,A randomized trial of ThrOmbectomy vs. PCI Alone for STEMI (TOTAL trial),"$796,316",$0,,,3 yrs 6 mths ,"Thrombectomy, PCI, STEMI",Circulatory and Respiratory Health,CORONARY CIRCULATION (INCL. INSUFFICIENCY); CARDIOVASCULAR,2012-04-01,2015-09-30,0
"Meunier, Michel",Polytechnique Montreal,Quebec,Collaborative Health Research Projects (NSERC partnered),201711CPG,Collaborative Health Research Projects - NSERC Partnered,Selective laser-mediated gene therapy for ocular diseases,"$369,433","$4,750",,,3 yrs 0 mth ,"laser, gene, ocular","Neurosciences, Mental Health and Addiction",DISEASES AFFECTING SPEECH/VISION/HEARING; MULTIDISCIPLINARY; VISION; CELL BIOLOGY,2018-04-01,2021-03-31,1
"Wang, Yuzhuo",University of British Columbia,British Columbia,Operating Grant: Industry-partnered Collaborative Research,201509IPR,Industry Partnered Collaborative Research,Application of antibody internalization domain to improve the efficacy and safety of Antibody Drug Conjugates,"$625,000",$0,,,5 yrs 0 mth ,"antibody, internalization, conjugates",Cancer Research,PROSTATE AND BLADDER CANCER; CANCER,2016-04-01,2021-03-31,0
"Cete, Daniel",Universite Laval,Quebec,Collaborative Health Research Projects (NSERC partnered),201110CPG,Collaborative Health Research Projects - NSERC Partnered,Optical guidance during neurosurgery for deep brain stimulation electrode implantation in the treatment of Parkinson's disease,"$336,750",$0,,,3 yrs 0 mth ,"optical guidance, neurosurgery, deep brain stimulation",,,2012-11-01,2015-03-31,0
"Simmons, Craig A",University of Toronto,Ontario,Collaborative Health Research Projects (NSERC partnered),201610CPG,Collaborative Health Research Projects - NSERC Partnered,Engineering Pulmonary Valve Tissue for Pediatric Patients with Tetralogy of Fallot,"$386,873",$0,,,3 yrs 0 mth ,"Pulmonary Valve, Tissue Engineering, Pediatric",Circulatory and Respiratory Health,CARDIOLOGY; CARDIOVASCULAR; CELL BIOLOGY,2017-04-01,2020-03-31,0
"Lubell, William D",Universite de Montreal,Quebec,Collaborative Health Research Projects (NSERC partnered),201310CPG,Collaborative Health Research Projects - NSERC Partnered,Treatment of Age Related Macular Degeneration with CD36 Receptor Modulators,"$541,155",$0,,,3 yrs 0 mth ,"Macular Degeneration, CD36, Receptor",Aging,AGING; DISEASES AFFECTING SPEECH/VISION/HEARING; VISION,2014-04-01,2017-03-31,3
"Juncker, David",McGill University,Quebec,Collaborative Health Research Projects (NSERC partnered),201010CPG,Collaborative Health Research Projects - NSERC Partnered,Rapid detection of MRSA and identification of strain using an autonomous microfluidic chip with bacteriophages,"$173,500",$0,,,3 yrs 0 mth ,"MRSA, microfluidic, bacteriophages",,,2011-04-01,2014-03-31,1
"Mckeown, Martin J",University of British Columbia,British Columbia,Collaborative Health Research Projects (NSERC partnered),201810CPG,Collaborative Health Research Projects - NSERC Partnered,"Confidential Automatic Monitoring, Examination, and Recognition of disease Activity (CAMERA): Application to Parkinson and Alzheimer Diseases","$517,818","$61,140",,,3 yrs 0 mth ,"Automatic, Monitoring, Disease","Neurosciences, Mental Health and Addiction",PARKINSON'S DISEASE; ALZHEIMER'S DISEASE; NERVOUS SYSTEM; ETHICS,2019-04-01,2022-03-31,0
"Nguan, Christopher",University of British Columbia,British Columbia,Collaborative Health Research Projects (NSERC partnered),201310CPG,Collaborative Health Research Projects - NSERC Partnered,Development of an Ultrasound based Elastography System for Renal Transplantation,"$194,000",$0,,,3 yrs 0 mth ,"Ultrasound, Elastography, Renal",Infection and Immunity,"GENITO/URINARY SYSTEM; RENAL FUNCTION, NEPHROLOGY, UROLOGY; IMAGING",2014-04-01,2017-03-31,0
"Ellis, Christopher G",Western University (Ontario),Ontario,Collaborative Health Research Projects (NSERC partnered),201410CPG,Collaborative Health Research Projects - NSERC Partnered,Noninvasive Functional Biomarker for Early Detection and Continuous Monitoring of Microvascular Dysfunction,"$319,446",$0,,,3 yrs 0 mth ,"Biomarker, Microvascular, Monitoring",Circulatory and Respiratory Health,BLOOD; DIABETES MELLITUS; CARDIOVASCULAR; IMMUNOLOGY-TRANSPLANTATION,2015-04-01,2018-03-31,0
"Coffin, Carla S",University of Calgary,Alberta,Operating Grant: Industry-partnered Collaborative Research,201509IPR,Industry Partnered Collaborative Research,Pathogenesis of Hepatitis B Virus Infection in Non-Alcoholic Fatty Liver Disease,"$228,746",$0,,,3 yrs 0 mth ,"Hepatitis B, Virus Infection, Fatty Liver",Infection and Immunity,LIVER DISEASE; OBESITY; GASTROINTESTINAL (LIVER); HEALTH RESEARCH,2016-04-01,2019-03-31,0
"Fine, Alan",Dalhousie University (Nova Scotia),Nova Scotia,Collaborative Health Research Projects (NSERC partnered),201410CPG,Collaborative Health Research Projects - NSERC Partnered,Lensless microscopy for rapid portable hematology diagnostics at the point of care,"$431,955",$0,,,3 yrs 0 mth ,"lensless,microscopy,hematology",Cancer Research,BLOOD; LEUKAEMIAS; IMAGING,2015-04-01,2018-03-31,1
"Tangri, Navdeep",University of Manitoba,Manitoba,Catalyst Grant: eHealth Innovations,201310CEH,e-Health Innovation Partnership Program (eHIPP),A population based surveillance system for detection of high risk CKD,"$92,153",$0,,,1 yr 0 mth ,"surveillance, CKD, detection","Nutrition, Metabolism and Diabetes","HEALTH SERVICES RESEARCH; HEALTH CARE DELIVERY; RENAL FUNCTION, NEPHROLOGY, UROLOGY",2014-03-01,2015-02-28,5
"Boulanger, Pierre B",University of Alberta,Alberta,Collaborative Health Research Projects (NSERC partnered),201510CPG,Collaborative Health Research Projects - NSERC Partnered,Multiview Ultrasound Fusion for Cardiac and Non-cardiac Imaging,"$244,296",$0,,,3 yrs 0 mth ,"Ultrasound, Fusion, Imaging",Circulatory and Respiratory Health,"CARDIOLOGY; STROKE, HEART FAILURE; IMAGING; CARDIOVASCULAR",2016-04-01,2019-03-31,1
"Petel, Oren",Carleton University (Ottawa),Ontario,Collaborative Health Research Projects (NSERC partnered),201610CPG,Collaborative Health Research Projects - NSERC Partnered,The development of a next-generation polymeric headform surrogate for concussion and helmet evaluation,"$298,928",$0,,,3 yrs 0 mth ,"polymeric, headform, concussion","Neurosciences, Mental Health and Addiction","INJURY, REGENERATION; MULTIDISCIPLINARY; NERVOUS SYSTEM; MUSCLE, BONE, OR JOINT",2017-04-01,2020-03-31,1
"Allingham, John S","Queen's University (Kingston, Ontario)",Ontario,Collaborative Health Research Projects (NSERC partnered),201610CPG,Collaborative Health Research Projects - NSERC Partnered,Development of antibody-drug conjugates that use actin-targeting warheads,"$248,750",$0,,,3 yrs 0 mth ,"antibody, drug conjugates, actin",Cancer Research,CANCER THERAPY GENERAL; DRUGS- PHARMACEUTICAL SCIENCE/CHEMISTRY & NON MEDICAL USE OF DRUGS; DRUG RESEARCH; CANCER,2017-04-01,2020-03-31,1
"Lillicrap, David P","Queen's University (Kingston, Ontario)",Ontario,Operating Grant: Industry-partnered Collaborative Research - Rx&D partner,201103IRO,Industry Partnered Collaborative Research,Evaluation of innovative therapeutic strategies for hemophilia A in a unique hemophilic dog colony.,"$360,000",$0,,,3 yrs 0 mth ,"hemophilia A, therapeutic strategies, dog colony",Circulatory and Respiratory Health,BLOOD; CLOTTING DEFECTS/THROMBOSIS; GENETICS,2014-10-01,2017-06-30,0
"Nguyen, Dang K",Universite de Montreal,Quebec,Collaborative Health Research Projects (NSERC partnered),201810CPG,Collaborative Health Research Projects - NSERC Partnered,A multimodal seizure detection artificial intelligence-based smart wear,"$435,407","$45,186",,,3 yrs 0 mth ,"seizure detection, artificial intelligence, smart wear","Neurosciences, Mental Health and Addiction",,2019-04-01,2022-03-31,0
"Hatzopoulou, Marianne",McGill University,Quebec,Collaborative Health Research Projects (NSERC partnered),201410CPG,Collaborative Health Research Projects - NSERC Partnered,Exploring the Development of Biologically-Weighted Multi-Pollutant Exposure Surfaces for the Evaluation of Air Pollution Health Effects,"$301,589",$0,,,3 yrs 0 mth ,"Biologically-Weighted, Multi-Pollutant, Exposure",Population and Public Health,ENVIRONMENTAL INFLUENCES ON HEALTH; EPIDEMIOLOGY; CARDIOVASCULAR,2015-07-01,2018-06-30,0
"Sinton, David A",University of Toronto,Ontario,Collaborative Health Research Projects (NSERC partnered),201610CPG,Collaborative Health Research Projects - NSERC Partnered,"Sperm Olympics: Selecting 1 in 100,000 for Intracytoplasmic Sperm Injection","$272,390",$0,,,3 yrs 0 mth ,"Sperm, Intracytoplasmic, Injection","Human Development, Child and Youth Health","INFERTILITY MALE; PREGNANCY/BIRTH; REPRODUCTION/PREGNANCY; RENAL FUNCTION, NEPHROLOGY, UROLOGY",2017-04-01,2020-03-31,1
"Mandelis, Andreas",University of Toronto,Ontario,Collaborative Health Research Projects (NSERC partnered),201610CPG,Collaborative Health Research Projects - NSERC Partnered,Development of a high-resolution photothermal coherence tomography clinical device for detection and 3-D mapping of early dental caries,"$358,647",$0,,,3 yrs 0 mth ,"photothermal, coherence tomography, dental caries",Musculoskeletal Health and Arthritis,DENTAL DISEASE (INCL. ORAL BIOLOGY); MULTIDISCIPLINARY; DENTAL SCIENCE - Oral Biology; IMAGING,2017-04-01,2020-03-31,1
"Waldman, Stephen D","Queen's University (Kingston, Ontario)",Ontario,Collaborative Health Research Projects (NSERC partnered),201110CPG,Collaborative Health Research Projects - NSERC Partnered,Patient-specific cartilage implants: development and surgical implantation,"$239,229",$0,,,3 yrs 0 mth ,"cartilage, implants, surgical",,,2012-04-01,2015-03-31,0
"Hafeli, Urs O",University of British Columbia,British Columbia,Collaborative Health Research Projects (NSERC partnered),201110CPG,Collaborative Health Research Projects - NSERC Partnered,Second generation liver tumour radioembolization with biodegradable monosized Re-188 micrspheres,"$284,364",$0,,,3 yrs 0 mth ,"liver, radioembolization, Re-188 microspheres",,,2012-04-01,2015-03-31,0
"Frampton, John P",Dalhousie University (Nova Scotia),Nova Scotia,Collaborative Health Research Projects (NSERC partnered),201910CPG,Collaborative Health Research Projects - NSERC Partnered,Development of a near-care diagnostic test for Lyme disease,"$460,441","$31,265",,,3 yrs 0 mth ,"diagnostic test, Lyme disease",Infection and Immunity,"INFECTIOUS AND PARASITIC; MULTIPLE DISEASE RELEVANCE; GENOMICS, PROTEOMICS, AND BIOINFORMATICS; NOT CLASSIFIED",2020-04-01,2023-03-31,0
"Wald, Ron",Unity Health Toronto,Toronto,Operating Grant: Industry-partnered Collaborative Research,201409IPR,Industry Partnered Collaborative Research,STandard versus Accelerated initiation of Renal Replacement Therapy in Acute Kidney Injury (STARRT-AKI),"$220,995",$0,,,4 yrs 0 mth ,"Renal Replacement Therapy, Acute Kidney Injury, STARRT-AKI","Nutrition, Metabolism and Diabetes","MULTIDISCIPLINARY; RENAL FUNCTION, NEPHROLOGY, UROLOGY",2015-04-01,2019-03-31,0
"Schreiner, L. John","Queen's University (Kingston, Ontario)",Ontario,Collaborative Health Research Projects (NSERC partnered),201610CPG,Collaborative Health Research Projects - NSERC Partnered,Gel dosimetry for brachytherapy dose delivery validation,"$157,870",$0,,,3 yrs 0 mth ,"Gel dosimetry, brachytherapy, dose validation",Cancer Research,CANCER THERAPY GENERAL; NONE OF THE ABOVE; CANCER; IMAGING,2017-04-01,2020-03-31,0
"Johnsrude, Ingrid S","Queen's University (Kingston, Ontario)",Ontario,Collaborative Health Research Projects (NSERC partnered),201310CPG,Collaborative Health Research Projects - NSERC Partnered,Quantitative functional magnetic resonance imaging for the management of brain injuries,"$400,007",$0,,,3 yrs 0 mth ,"functional magnetic resonance imaging, brain injuries","Neurosciences, Mental Health and Addiction",CNS ORGANIC; ILL-DEFINED CONDITIONS; IMAGING; HEALTH SERVICES RESEARCH,2014-04-01,2017-03-31,0
"Parshuram, Christopher S",Hospital for Sick Children (Toronto),Ontario,Catalyst Grant: eHealth Innovations,201310CEH,e-Health Innovation Partnership Program (eHIPP),RESPECT: a tool to improve patient care quality and safety & facilitate team learning,"$90,821","$1,384",,,1 yr 0 mth ,"patient care, safety, team learning",Health Services and Policy Research,HEALTH SERVICES RESEARCH; POPULATION HEALTH,2014-03-01,2015-02-28,0
"Stradiotto, Mark",Dalhousie University (Nova Scotia),Nova Scotia,Collaborative Health Research Projects (NSERC partnered),201110CPG,Collaborative Health Research Projects - NSERC Partnered,An interdisciplinary approach towards the development of a disease-stabilizing treatment for Alzheimer's disease,"$242,000",$0,,,3 yrs 0 mth ,"Alzheimer's, disease, stabilization",,,2012-04-01,2015-03-31,0
"Tsang, Teresa S",University of British Columbia,British Columbia,Collaborative Health Research Projects (NSERC partnered),201510CPG,Collaborative Health Research Projects - NSERC Partnered,INformation FUSion for Echocardiography (INFUSE): A Novel Platform for Automatic Analysis of Echocardiography Data at Any Point-Of-Care,"$327,819",$0,,,3 yrs 0 mth ,"Information, Fusion, Echocardiography",Circulatory and Respiratory Health,CARDIOLOGY; HEALTH SERVICES RESEARCH; CARDIOVASCULAR; IMAGING,2016-04-01,2019-03-31,0
"Barzda, Virginijus",University of Toronto,Ontario,Collaborative Health Research Projects (NSERC partnered),201310CPG,Collaborative Health Research Projects - NSERC Partnered,Nonlinear Optical Imaging for Digital Pathology,"$508,406",$0,,,3 yrs 0 mth ,"Nonlinear Optical, Imaging, Pathology",Cancer Research,MULTIDISCIPLINARY; QUALITATIVE METHODS; IMAGING; CANCER,2014-04-01,2017-03-31,1
"Cummins, Carolyn L",University of Toronto,Ontario,Operating Grant: Industry-partnered Collaborative Research,201309IPR,Industry Partnered Collaborative Research,Defining the structural basis for LXR beta antagonism,"$126,664",$0,,,2 yrs 0 mth ,"LXR, beta, antagonism","Nutrition, Metabolism and Diabetes",DRUGS- PHARMACEUTICAL SCIENCE/CHEMISTRY & NON MEDICAL USE OF DRUGS; DIABETES MELLITUS; DRUG RESEARCH; ENDOCRINOLOGY,2014-04-01,2016-03-31,0
"Brunette, Isabelle",Universite de Montreal,Quebec,Collaborative Health Research Projects (NSERC partnered),201610CPG,Collaborative Health Research Projects - NSERC Partnered,Biosynthetic alternatives to human donor corneal transplantation,"$321,657",$0,,,3 yrs 0 mth ,"biosynthetic, corneal, transplantation","Neurosciences, Mental Health and Addiction",AGING; VISION,2017-04-01,2020-03-31,1
"Leblond, Frederic",Polytechnique Montreal,Quebec,Collaborative Health Research Projects (NSERC partnered),201310CPG,Collaborative Health Research Projects - NSERC Partnered,Optical guidance for safe and effective brain tumor biopsy,"$211,407",$0,,,3 yrs 0 mth ,"Optical guidance, brain tumor, biopsy",Cancer Research,BRAIN TUMORS (INCL. RETINAL TUMORS); IMAGING; CANCER,2014-04-01,2017-03-31,4
"Hansen, Carl L",University of British Columbia,British Columbia,Collaborative Health Research Projects (NSERC partnered),201110CPG,Collaborative Health Research Projects - NSERC Partnered,The development of single cell microfluidic technologies for analysis of microRNA expression and epigenetic state with application to hematopoietic stem cells,"$758,367",$0,,,3 yrs 0 mth ,"microfluidic, microRNA, epigenetic",,,2013-04-01,2015-01-01,1
"Adamson, Robert B",Dalhousie University (Nova Scotia),Nova Scotia,Collaborative Health Research Projects (NSERC partnered),201610CPG,Collaborative Health Research Projects - NSERC Partnered,Optical coherence tomography of the middle ear,"$337,717",$0,,,3 yrs 0 mth ,"Optical coherence tomography, middle ear",Aging,DEAFNESS; MULTIPLE DISEASE RELEVANCE; IMAGING; HEARING,2017-04-01,2020-03-31,4
"Buschmann, Michael D",Polytechnique Montreal,Quebec,Collaborative Health Research Projects (NSERC partnered),201210CPG,Collaborative Health Research Projects - NSERC Partnered,Chitosan-siRNA nanoparticles for gene silencing in Atherosclerosis and Cancer,"$339,912",$0,,,3 yrs 0 mth ,"Chitosan, siRNA, nanoparticles",Cancer Research,BREAST CANCER THERAPY; ATHEROSCLEROSIS; CANCER; CARDIOVASCULAR,2013-04-01,2016-03-31,4
"Fichtinger, Gabor","Queen's University (Kingston, Ontario)",Ontario,Collaborative Health Research Projects (NSERC partnered),201210CPG,Collaborative Health Research Projects - NSERC Partnered,Perk Tutor: Ultrasound-guided Needle Placement Training Platform,"$336,940",$0,,,3 yrs 0 mth ,"ultrasound, needle, training",Musculoskeletal Health and Arthritis,MUSCULO SKELETAL; HEALTH RESEARCH; IMAGING,2013-04-01,2016-03-31,9
"Boddy, Christopher N",University of Ottawa,Ontario,Collaborative Health Research Projects (NSERC partnered),201110CPG,Collaborative Health Research Projects - NSERC Partnered,Development of small molecule viral sensitizers to boost vaccine manufacturing,"$394,580",$0,,,3 yrs 0 mth ,"small molecule, viral, vaccine",,,2012-04-01,2015-03-31,1
"Grandbois, Michel",Universite de Sherbrooke,Quebec,Collaborative Health Research Projects (NSERC partnered),200910CPG,Collaborative Health Research Projects - NSERC Partnered,Label-free Monitoring of Cellular Signals by Surface Plasmon Resonance,"$202,090",$0,,,3 yrs 0 mth ,"Surface Plasmon Resonance, Cellular Signals, Label-free",Unable to allocate,NONE OF THE ABOVE; NOT CLASSIFIED,2010-04-01,2013-03-31,0
"Bolduc, Franeois",University of Alberta,Alberta,Collaborative Health Research Projects (NSERC partnered),201810CPG,Collaborative Health Research Projects - NSERC Partnered,Development of an Artificial Intelligence Chatbot supporting coaching and optimal service for individuals with Neurodevelopmental disabilities and their families,"$967,734",$0,,,3 yrs 0 mth ,"Artificial Intelligence, Chatbot, Neurodevelopmental","Human Development, Child and Youth Health",AUTISM; MENTAL DISABILITY; MENTAL HEALTH; PSYCHOSOCIAL/HEALTH BEHAVIOURAL RES.,2019-04-01,2022-03-31,0
"Anglin, Carolyn",University of Calgary,Alberta,Collaborative Health Research Projects (NSERC partnered),201310CPG,Collaborative Health Research Projects - NSERC Partnered,Development and Clinical Efficacies of an Innovative Quantitative Intraoperative C-arm System,"$234,775",$0,,,3 yrs 0 mth ,"C-arm, Intraoperative, Quantitative",Musculoskeletal Health and Arthritis,"MUSCULO SKELETAL; MULTIDISCIPLINARY; IMAGING; MUSCLE, BONE, OR JOINT",2014-04-01,2017-03-31,0
"Lesage, Frederic",Polytechnique Montreal,Quebec,Collaborative Health Research Projects (NSERC partnered),201711CPG,Collaborative Health Research Projects - NSERC Partnered,Integrated time-domain micro-optode to facilitate long-term clinical fNIRS,"$249,000",$0,,,3 yrs 0 mth ,"micro-optode, fNIRS, time-domain","Neurosciences, Mental Health and Addiction",EPILEPSY; HEALTH CARE DELIVERY; IMAGING; NERVOUS SYSTEM,2018-04-01,2021-03-31,0
"Pare, Guillaume",McMaster University,Ontario,Operating Grant: Industry-partnered Collaborative Research,201209IPR,Industry Partnered Collaborative Research,"Integration of clinical, biomarker, and genetic data for prediction of adverse outcomes in diabetes.","$999,330",$0,,,4 yrs 0 mth ,"clinical, biomarker, genetics","Nutrition, Metabolism and Diabetes",DIABETES MELLITUS; METABOLISM/DIABETES; GENETICS,2013-04-01,2017-03-31,3
"Towler, Mark R",Toronto Metropolitan University,Toronto,Collaborative Health Research Projects (NSERC partnered),201510CPG,Collaborative Health Research Projects - NSERC Partnered,Synthesis of Bioactive Augments for use in Revision Knee Joint Replacement,"$250,861",$0,,,3 yrs 0 mth ,"Bioactive, Knee Joint, Replacement",Musculoskeletal Health and Arthritis,"MUSCULO SKELETAL; OSTEOPOROSIS; MUSCLE, BONE, OR JOINT",2016-04-01,2019-03-31,1
"Shoichet, Molly S",University of Toronto,Ontario,Collaborative Health Research Projects (NSERC partnered),201410CPG,Collaborative Health Research Projects - NSERC Partnered,Brain Cancer Treatment: innovations in delivery of stable siRNAs and chemotherapeutics,"$504,350",$0,,,3 yrs 0 mth ,"siRNAs, chemotherapeutics, brain cancer",Cancer Research,BRAIN TUMORS (INCL. RETINAL TUMORS); BRAIN TUMORS THERAPY; CANCER; NERVOUS SYSTEM,2015-04-01,2018-03-31,0
"Biddiss, Elaine A",University of Toronto,Ontario,Collaborative Health Research Projects (NSERC partnered),201410CPG,Collaborative Health Research Projects - NSERC Partnered,Design and evaluation of an interactive computer play platform to motivate participation in home-based therapies for young people with cerebral palsy: Let's Play!,"$248,885",$0,,,3 yrs 0 mth ,"interactive, computer, therapies","Human Development, Child and Youth Health",MULTIDISCIPLINARY; MULTIPLE DISEASE RELEVANCE; HEALTH RESEARCH,2015-04-01,2018-03-31,0
"Laussen, Peter C",University of Toronto,Ontario,Collaborative Health Research Projects (NSERC partnered),201810CPG,Collaborative Health Research Projects - NSERC Partnered,Utilizing high resolution physiological data and artificial intelligence to develop a pediatric cardiac arrest prediction tool for integration into bedside clinical practice,"$596,830","$28,120",,,3 yrs 0 mth ,"physiological data, artificial intelligence, cardiac arrest",Population and Public Health,HEALTH CARE DELIVERY; HEALTH SERVICES RESEARCH; BIOPHYSICS; HEALTH RESEARCH,2019-04-01,2022-03-31,0
"Jain, Arsh K",London Health Sciences Centre Res. Inc. (Ont.),Ontario,Operating Grant: Industry-partnered Collaborative Research - Other Partner,201103ISO,Industry Partnered Collaborative Research,Randomized Controlled Trial of Bimodal Solution for Peritoneal Dialysis: 24-Hour Ultra-Filtration Efficiency Using Bimodal PD Solutions During the Long Dwell,"$24,591","$1,303",,,1 yr 0 mth ,"Peritoneal Dialysis, Ultra-Filtration, Bimodal Solutions","Nutrition, Metabolism and Diabetes","DRUGS- PHARMACEUTICAL SCIENCE/CHEMISTRY & NON MEDICAL USE OF DRUGS; GENITO/URINARY SYSTEM; HEALTH RESEARCH; RENAL FUNCTION, NEPHROLOGY, UROLOGY",2011-10-01,2012-09-30,0
"De Koninck, Yves",Universite Laval,Quebec,Collaborative Health Research Projects (NSERC partnered),201410CPG,Collaborative Health Research Projects - NSERC Partnered,"Large-scale, high-resolution light-sheet microscope for whole brain connectomics","$326,994",$0,,,3 yrs 0 mth ,"light-sheet,microscope,connectomics","Neurosciences, Mental Health and Addiction",MULTIPLE DISEASE RELEVANCE; MENTAL AND BEHAVIOURAL DISEASES,2015-04-01,2018-03-31,0
"Dumont, Guy A",University of British Columbia,British Columbia,Collaborative Health Research Projects (NSERC partnered),201210CPG,Collaborative Health Research Projects - NSERC Partnered,Closed-Loop Control of Anesthesia,"$309,194",$0,,,3 yrs 0 mth ,"Closed-Loop, Control, Anesthesia",,,2008-10-01,2011-09-30,3
"Hatzopoulou, Marianne",McGill University,Quebec,Collaborative Health Research Projects (NSERC partnered),201110CPG,Collaborative Health Research Projects - NSERC Partnered,Reconciling the promotion of active transportation and personal exposure to traffic-related air pollution in Canadian urban areas,"$225,623",$0,,,3 yrs 0 mth ,"active transportation, air pollution, traffic",,,2012-04-01,2015-03-31,0
"Harvey, Edward J",McGill University,Quebec,Collaborative Health Research Projects (NSERC partnered),201310CPG,Collaborative Health Research Projects - NSERC Partnered,IMPLANTABLE MICRO-DEVICE to MONITOR MUSCLE COMPARTMENT PRESSURE in TRAUMA VICTIMS,"$180,569",$0,,,3 yrs 0 mth ,"implantable, micro-device, pressure",Musculoskeletal Health and Arthritis,"HEALTH CARE DELIVERY; MUSCULO SKELETAL; HEALTH RESEARCH; MUSCLE, BONE, OR JOINT",2014-04-01,2017-03-31,2
"Campbell, Melanie Crombie W",University of Waterloo (Ontario),Ontario,Collaborative Health Research Projects (NSERC partnered),201510CPG,Collaborative Health Research Projects - NSERC Partnered,Novel non-invasive imaging of amyloid in the retina of the eye as a predictor of amyloid in the brain in Alzheimer's disease,"$406,292",$0,,,3 yrs 0 mth ,"imaging, amyloid, retina","Neurosciences, Mental Health and Addiction",ALZHEIMER'S DISEASE; DISEASES AFFECTING SPEECH/VISION/HEARING; IMAGING; BIOPHYSICS,2016-04-01,2019-03-31,1
"Li, Ren-Ke",University of Toronto,Ontario,Collaborative Health Research Projects (NSERC partnered),201711CPG,Collaborative Health Research Projects - NSERC Partnered,Rescue Electrical Conduction of Heart Scar Tissue to Diminish Cardiac Arrhythmia,"$271,119",$0,,,3 yrs 0 mth ,"Electrical conduction, heart scar tissue, arrhythmia",Circulatory and Respiratory Health,CARDIOLOGY; MYOCARDIAL INFARCTION; CARDIOVASCULAR; HEALTH RESEARCH,2018-04-01,2021-03-31,3
"Yuen, Darren A",University of Toronto,Ontario,Collaborative Health Research Projects (NSERC partnered),201410CPG,Collaborative Health Research Projects - NSERC Partnered,Using magnetic resonance imaging to non-invasively image and quantify kidney fibrosis,"$388,551",$0,,,3 yrs 0 mth ,"magnetic resonance imaging, kidney fibrosis, imaging","Nutrition, Metabolism and Diabetes","GENITO/URINARY SYSTEM; MULTIPLE DISEASE RELEVANCE; RENAL FUNCTION, NEPHROLOGY, UROLOGY; IMAGING",2015-04-01,2018-03-31,3
"Van Veggel, Frank C",University of Victoria (British Columbia),British Columbia,Collaborative Health Research Projects (NSERC partnered),201010CPG,Collaborative Health Research Projects - NSERC Partnered,Antibody-nanoparticle conjugates as molecular imaging agents for solid brain tumour (glioma),"$192,279",$0,,,3 yrs 0 mth ,"antibody, nanoparticle, glioma",,,2011-04-01,2014-03-31,0
"Whyne, Cari M",University of Toronto,Ontario,Collaborative Health Research Projects (NSERC partnered),201810CPG,Collaborative Health Research Projects - NSERC Partnered,Shifting the Paradigm in Home Physiotherapy: Implementation and Implications of Adherence Monitoring with Artificial Intelligence,"$322,322","$25,000",,,3 yrs 0 mth ,"Physiotherapy, Adherence Monitoring, Artificial Intelligence",Musculoskeletal Health and Arthritis,"MUSCULO SKELETAL; ETHICS; MUSCLE, BONE, OR JOINT",2019-04-01,2022-03-31,0
"Cashman, Neil R",University of British Columbia,British Columbia,Operating Grant: Industry-partnered Collaborative Research,201503IPR,Industry Partnered Collaborative Research,A Defined Abeta Oligomer Epitope: Theranostic Applications,"$419,232",$0,,,3 yrs 0 mth ,"Abeta, Oligomer, Epitope",Aging,ALZHEIMER'S DISEASE; AGING; DRUG RESEARCH; NERVOUS SYSTEM,2015-10-01,2018-09-30,15
"Takahata, Kenichi",University of British Columbia,British Columbia,Collaborative Health Research Projects (NSERC partnered),201711CPG,Collaborative Health Research Projects - NSERC Partnered,Intelligent Ureteral Stent System for Prevention of Renal Damage,"$326,860","$3,750",,,3 yrs 0 mth ,"Ureteral stent, Renal damage, Prevention",Infection and Immunity,"GENITO/URINARY SYSTEM; CANCER THERAPY GENERAL; RENAL FUNCTION, NEPHROLOGY, UROLOGY",2018-04-01,2021-03-31,0
"Ladak, Hanif M",Western University (Ontario),Ontario,Collaborative Health Research Projects (NSERC partnered),201610CPG,Collaborative Health Research Projects - NSERC Partnered,Mastoidectomy Simulator for Surgical Training and Rehearsal,"$186,200",$0,,,3 yrs 0 mth ,"Mastoidectomy, Simulator, Surgical","Neurosciences, Mental Health and Addiction",HEALTH CARE DELIVERY; DEAFNESS; IMAGING; HEARING,2017-04-01,2020-03-31,0
"Cete, Daniel",Universite Laval,Quebec,Collaborative Health Research Projects (NSERC partnered),201310CPG,Collaborative Health Research Projects - NSERC Partnered,Sensing and modulating neuronal activity from the spinal epidural space with optical fibers,"$357,982",$0,,,3 yrs 0 mth ,"neuronal activity, optical fibers, epidural space","Neurosciences, Mental Health and Addiction",SPINAL CORD DISEASE; MUSCULO SKELETAL; NERVOUS SYSTEM,2014-04-01,2017-03-31,0
"Purdie, Thomas G",University of Toronto,Ontario,Collaborative Health Research Projects (NSERC partnered),201610CPG,Collaborative Health Research Projects - NSERC Partnered,Advancing Personalized Cancer Care with an Automated Radiomics-Based Radiation Therapy Method,"$276,283",$0,,,3 yrs 0 mth ,"Radiomics, Radiation Therapy, Cancer",Cancer Research,CANCER THERAPY GENERAL; CANCER; BIOPHYSICS,2017-04-01,2020-03-31,1
"Johnson, James A",Western University (Ontario),Ontario,Collaborative Health Research Projects (NSERC partnered),201310CPG,Collaborative Health Research Projects - NSERC Partnered,Development of a Virtual Training Simulator to Model Shoulder Replacement Surgery,"$253,000",$0,,,3 yrs 0 mth ,"Virtual, Simulator, Shoulder",Musculoskeletal Health and Arthritis,MUSCULO SKELETAL,2014-04-01,2017-03-31,0
"Abbasi Nejad Enger, Shirin",McGill University,Quebec,Collaborative Health Research Projects (NSERC partnered),201910CPG,Collaborative Health Research Projects - NSERC Partnered,Development of a non-invasive positron detector to measure the arterial input function for pharmacokinetic modelling in dynamic positron emission tomography imaging,"$1,214,556","$89,250",,,3 yrs 0 mth ,"positron, detector, imaging",Cancer Research,MULTIDISCIPLINARY; CANCER THERAPY GENERAL; IMAGING; CANCER,2020-04-01,2023-03-31,0
"Raha, Sandeep",McMaster University,Ontario,Collaborative Health Research Projects (NSERC partnered),201711CPG,Collaborative Health Research Projects - NSERC Partnered,Placenta on a chip: A humanized platform for testing of pharmaceuticals and environmental chemicals,"$281,306","$12,500",,,3 yrs 0 mth ,"placenta, chip, pharmaceuticals","Human Development, Child and Youth Health",ENVIRONMENTAL INFLUENCES ON HEALTH; PREGNANCY/BIRTH; REPRODUCTION/PREGNANCY,2018-04-01,2021-03-31,0
"Miller, Donald W",University of Manitoba,Manitoba,Collaborative Health Research Projects (NSERC partnered),201810CPG,Collaborative Health Research Projects - NSERC Partnered,Development and clinical assessment of novel biomarker drugs targeting SSAT1 for detection and therapeutic monitoring of glioblastoma,"$405,529","$5,232",,,3 yrs 0 mth ,"biomarker, SSAT1, glioblastoma",Cancer Research,BRAIN TUMORS (INCL. RETINAL TUMORS); BRAIN TUMORS THERAPY; CANCER; NERVOUS SYSTEM,2019-04-01,2022-03-31,1
"El-Geneidy, Ahmed",McGill University,Quebec,Collaborative Health Research Projects (NSERC partnered),201910CPG,Collaborative Health Research Projects - NSERC Partnered,"Impacts of the new Reseau Express Metropolitain (REM) on mobility, health and equity: A pre-post intervention study","$650,504","$22,000",,,3 yrs 0 mth ,"Reseau Express Metropolitain, mobility, health",Population and Public Health,ENVIRONMENTAL INFLUENCES ON HEALTH; DETERMINANTS OF HEALTH; HEALTH RESEARCH,2020-04-01,2023-03-31,0
"Rohling, Robert N",University of British Columbia,British Columbia,Collaborative Health Research Projects (NSERC partnered),201510CPG,Collaborative Health Research Projects - NSERC Partnered,Quantitative ultrasound for detecting abnormalities of the placenta,"$240,861",$0,,,3 yrs 0 mth ,"ultrasound, placenta, abnormalities","Human Development, Child and Youth Health",PREGNANCY/BIRTH; IMAGING; REPRODUCTION/PREGNANCY,2016-04-01,2019-03-31,0
"Reisner, Walter W",McGill University,Quebec,Collaborative Health Research Projects (NSERC partnered),201410CPG,Collaborative Health Research Projects - NSERC Partnered,Nanofluidic Wet-Cell for Genomic Analysis of Single Circulating Tumor Cells via Electron Microscopy,"$358,467",$0,,,3 yrs 0 mth ,"Nanofluidic, Genomic Analysis, Tumor Cells",Cancer Research,MULTIPLE DISEASE RELEVANCE; MULTIDISCIPLINARY; GENETICS; BIOPHYSICS,2015-04-01,2018-03-31,1
"Gaillet, Bruno",Universite Laval,Quebec,Collaborative Health Research Projects (NSERC partnered),201310CPG,Collaborative Health Research Projects - NSERC Partnered,elaboration d'un procede de production de cellules therapeutiques autologues destine au traitement de la Dystrophie musculaire de Duchenne,"$225,592",$0,,,3 yrs 0 mth ,"cellules, autologues, dystrophie",Musculoskeletal Health and Arthritis,"MULTIDISCIPLINARY; MUSCULAR DYSTROPHY; MUSCLE, BONE, OR JOINT; HEALTH RESEARCH",2014-04-01,2017-03-31,0
"Capretta, Alfredo A",McMaster University,Ontario,Collaborative Health Research Projects (NSERC partnered),201210CPG,Collaborative Health Research Projects - NSERC Partnered,Overcoming Antibiotic Resistance Through the Inhibition of Aminoglycoside Phosphotransferases (APH).,"$338,199",$0,,,3 yrs 0 mth ,"Antibiotic resistance, Aminoglycoside, Phosphotransferases",Infection and Immunity,INFECTIOUS AND PARASITIC; DRUG RESEARCH; BIOCHEMISTRY,2013-04-01,2016-03-31,0
"Shin, Jumi",University of Toronto,Ontario,Collaborative Health Research Projects (NSERC partnered),201310CPG,Collaborative Health Research Projects - NSERC Partnered,Nanoparticle-based anti-Myc cancer therapeutics,"$448,040",$0,,,3 yrs 0 mth ,"Nanoparticle, cancer, therapeutics",Cancer Research,CANCER THERAPY GENERAL; MULTIDISCIPLINARY; DRUG RESEARCH; CANCER,2014-04-01,2017-03-31,0
"Jakeman, David L",Dalhousie University (Nova Scotia),Nova Scotia,Collaborative Health Research Projects (NSERC partnered),200910CPG,Collaborative Health Research Projects - NSERC Partnered,"Structural, enzymatic and cellular mechanism of action studies on new jadomycins","$241,600",$0,,,3 yrs 0 mth ,"structural, enzymatic, cellular",Unable to allocate,NONE OF THE ABOVE; NOT CLASSIFIED,2010-04-01,2013-03-31,0
"Macaulay, Calum E",University of British Columbia,British Columbia,Collaborative Health Research Projects (NSERC partnered),201310CPG,Collaborative Health Research Projects - NSERC Partnered,Real-Time In Vivo Oral Pathology for Clinical Decision Making,"$289,499",$0,,,3 yrs 0 mth ,"Real-Time, In Vivo, Oral Pathology",Cancer Research,IMAGING; CANCER,2014-04-01,2017-03-31,2
"Cullis, Pieter R",University of British Columbia,British Columbia,Operating Grant: Industry-partnered Collaborative Research,201203IPR,Industry Partnered Collaborative Research,Design of Lipid Nanoparticle Systems for the Systemic Delivery of siRNA,"$700,000",$0,,,5 yrs 0 mth ,"Lipid Nanoparticle, siRNA, Delivery",Cancer Research,CANCER THERAPY GENERAL; DRUG RESEARCH; BIOCHEMISTRY,2012-10-01,2013-01-31,17
"Klein, Raymond M",Dalhousie University (Nova Scotia),Nova Scotia,Collaborative Health Research Projects (NSERC partnered),201010CPG,Collaborative Health Research Projects - NSERC Partnered,Novel technologies for cognitive repair,"$212,735",$0,,,3 yrs 0 mth ,cognitive repair,,,2011-04-01,2014-03-31,0
"Abolmaesumi, Purang",University of British Columbia,British Columbia,Collaborative Health Research Projects (NSERC partnered),201910CPG,Collaborative Health Research Projects - NSERC Partnered,Next Generation Micro-ultrasound Technology for Detection and Monitoring of Prostate Cancer,"$279,550",$0,,,3 yrs 0 mth ,"Micro-ultrasound, Prostate Cancer, Detection",Cancer Research,PROSTATE AND BLADDER CANCER; CANCER; IMAGING,2020-04-01,2023-03-31,1
"Lesage, Frederic",Polytechnique Montreal,Quebec,Collaborative Health Research Projects (NSERC partnered),201711CPG,Collaborative Health Research Projects - NSERC Partnered,Improving the identification of retinal biomarkers of Alzheimer disease in vivo,"$237,423","$22,613",,,3 yrs 0 mth ,"retinal biomarkers, Alzheimer, in vivo",Aging,ALZHEIMER'S DISEASE; AGING; IMAGING,2018-04-01,2021-03-31,0
"Ma, Hongshen",University of British Columbia,British Columbia,Collaborative Health Research Projects (NSERC partnered),201010CPG,Collaborative Health Research Projects - NSERC Partnered,Microfluidic enrichment of circulating tumor cells,"$253,983",$0,,,3 yrs 0 mth ,"microfluidic, circulating tumor cells, enrichment",,,2011-04-01,2014-03-31,2
"Macaulay, Calum E",University of British Columbia,British Columbia,Collaborative Health Research Projects (NSERC partnered),201010CPG,Collaborative Health Research Projects - NSERC Partnered,Co-Registered Autofluorescence and OCT Imaging of the Airways,"$197,637",$0,,,3 yrs 0 mth ,"Autofluorescence, OCT, Airways",,,2011-04-01,2014-03-31,2
"Karsan, Aly",University of British Columbia,British Columbia,Collaborative Health Research Projects (NSERC partnered),201510CPG,Collaborative Health Research Projects - NSERC Partnered,Development of an automated end-to-end next generation sequencing assay to detect all classes of genetic variant in a single diagnostic test,"$453,152",$0,,,3 yrs 0 mth ,"automated, sequencing, genetic variant",Cancer Research,"NEOPLASMS; HEALTH CARE DELIVERY; CANCER; GENOMICS, PROTEOMICS, AND BIOINFORMATICS",2016-04-01,2019-03-31,0
"Dellaire, Graham P",Dalhousie University (Nova Scotia),Nova Scotia,Collaborative Health Research Projects (NSERC partnered),201110CPG,Collaborative Health Research Projects - NSERC Partnered,Using the zebrafish as a pre-clinical animal tumour model for drug discovery and the evaluation of anti-leukemia agents,"$400,001",$0,,,3 yrs 0 mth ,"zebrafish, tumour model, anti-leukemia",,,2012-04-01,2015-03-31,0
"Musselman, Kristin E",University of Toronto,Ontario,Collaborative Health Research Projects (NSERC partnered),201910CPG,Collaborative Health Research Projects - NSERC Partnered,"Development and validation of a clinically feasible, novel therapy for improving standing balance and reducing falls","$297,385","$4,064",,,3 yrs 0 mth ,"standing balance, fall prevention, clinical validation","Neurosciences, Mental Health and Addiction","SPINAL CORD DISEASE; STROKE, HEART FAILURE; HEALTH RESEARCH; NERVOUS SYSTEM",2020-04-01,2023-03-31,0
"Lubell, William D",Universite de Montreal,Quebec,Collaborative Health Research Projects (NSERC partnered),201510CPG,Collaborative Health Research Projects - NSERC Partnered,Targeting the interleukin-1 receptor for treating ischemic eye diseases,"$375,507",$0,,,3 yrs 0 mth ,"interleukin-1 receptor, ischemic eye",Aging,DISEASES AFFECTING SPEECH/VISION/HEARING; DRUGS- PHARMACEUTICAL SCIENCE/CHEMISTRY & NON MEDICAL USE OF DRUGS; AGING; DRUG RESEARCH,2016-04-01,2019-03-31,1
"Graham, Thomas C","Queen's University (Kingston, Ontario)",Ontario,Collaborative Health Research Projects (NSERC partnered),201110CPG,Collaborative Health Research Projects - NSERC Partnered,CP Cycle to Fun,"$292,989",$0,,,3 yrs 0 mth ,"CP, Cycle, Fun",,,2012-04-01,2015-03-31,0
"Liu, Peter P",Ottawa Heart Institute Research Corporation (Ontario),Ontario,Operating Grant: Industry-partnered Collaborative Research,201509IPR,Industry Partnered Collaborative Research,Developing Novel Therapeutic Targets for Heart Failure,"$525,000",$0,,,5 yrs 0 mth ,"Therapeutic targets, Heart failure",Circulatory and Respiratory Health,"STROKE, HEART FAILURE; CARDIOLOGY; CARDIOVASCULAR; AGING",2016-04-01,2021-03-31,13
"Miller, Donald W",University of Manitoba,Manitoba,Collaborative Health Research Projects (NSERC partnered),201210CPG,Collaborative Health Research Projects - NSERC Partnered,Development of Magnetic Nanoparticles to Breakthrough the Blood-Brain Barrier,"$440,666",$0,,,3 yrs 0 mth ,"Magnetic Nanoparticles, Blood-Brain Barrier","Neurosciences, Mental Health and Addiction",DRUGS- PHARMACEUTICAL SCIENCE/CHEMISTRY & NON MEDICAL USE OF DRUGS; BRAIN TUMORS THERAPY; DRUG RESEARCH; NERVOUS SYSTEM,2013-04-01,2016-03-31,2
"McCulloch, Christopher A",University of Toronto,Ontario,Collaborative Health Research Projects (NSERC partnered),201410CPG,Collaborative Health Research Projects - NSERC Partnered,Screening Assay for Inhibition of Cancer Cell Invasion,"$354,383",$0,,,3 yrs 0 mth ,"Cancer, Cell Invasion, Assay",Cancer Research,CANCER THERAPY GENERAL; DRUGS- PHARMACEUTICAL SCIENCE/CHEMISTRY & NON MEDICAL USE OF DRUGS; CELL BIOLOGY; CANCER,2015-04-01,2018-03-31,0
"Harrigan, Richard P",University of British Columbia,British Columbia,Operating Grant: Industry-partnered Collaborative Research - Rx&D partner,200903IRO,Industry Partnered Collaborative Research,HIV Drug Resistance: Transitioning to New Sequencing Technologies,"$63,000",$0,,,1 yr 6 mths ,"HIV, sequencing, resistance",Infection and Immunity,"AIDS; EPIDEMIOLOGY; VIROLOGY; GENOMICS, PROTEOMICS, AND BIOINFORMATICS",2009-10-01,2011-03-31,1
"Lubell, William D",Universite de Montreal,Quebec,Collaborative Health Research Projects (NSERC partnered),201810CPG,Collaborative Health Research Projects - NSERC Partnered,Azacyclopeptide Modulators of Immuno-metabolism to Treat Age-Related Macular Degeneration,"$403,623","$48,053",,,3 yrs 0 mth ,"Azacyclopeptide, Immuno-metabolism, Macular Degeneration",Aging,AGING; NONE OF THE ABOVE; DRUG RESEARCH,2019-04-01,2022-03-31,0
"Jones, Glenville","Queen's University (Kingston, Ontario)",Ontario,Operating Grant: Industry-partnered Collaborative Research - Other Partner,200903ISO,Industry Partnered Collaborative Research,Mechanistic basis for the metabolic differences between vitamin D2 and vitamin D3,"$84,359","$5,000",,,1 yr 0 mth ,"metabolic, vitamin D, D2, D3","Nutrition, Metabolism and Diabetes",ENDOCRINOLOGY; METABOLISM AND NUTRITION; BIOCHEMISTRY,2009-10-01,2010-09-30,0
"Lubell, William D",Universite de Montreal,Quebec,Collaborative Health Research Projects (NSERC partnered),201410CPG,Collaborative Health Research Projects - NSERC Partnered,Treatment of Preterm Birth with ProstaglandinF2alpha Receptor Modulators,"$429,975",$0,,,3 yrs 0 mth ,"Preterm Birth, ProstaglandinF2alpha, Receptor Modulators",Aging,PREGNANCY/BIRTH; AGING; REPRODUCTION/PREGNANCY,2015-04-01,2018-03-31,1
"Sirois, Caroline",Universite Laval,Quebec,Collaborative Health Research Projects (NSERC partnered),201910CPG,Collaborative Health Research Projects - NSERC Partnered,Determiner la qualite de la polypharmacie chez les aenes : une approche basee sur l'intelligence artificielle,"$578,606","$25,200",,,3 yrs 0 mth ,"polypharmacie, intelligence artificielle, qualite",Aging,AGING; POPULATION HEALTH; HEALTH RESEARCH,2020-04-01,2023-03-31,0
