Name,Institution_Paid,Provinces,Program_Name,Competition_CD,PRC_Name,Project_Title,CIHR_Contribution,CIHR_Equipment,External_Funding,External_Funding_Partner,Term_Years_Months,Primary_Institute,Research_Categories,Funding_Start,Funding_End,Patents,outcome_data,last_updated,title_keywords
"Ailles, Laurie E",University Health Network (Toronto),Ontario,Operating Grant,201209MOP,Cancer Progression & Therapeutics 2,Tumour-Initiating Cells in Oral Cancer Patients: Predictors of Outcome and Identification of Candidate Therapeutic Targets,"$523,091",$0,,,4 yrs 0 mth ,Cancer Research,NEOPLASMS; CANCER; HEALTH RESEARCH,2013-04-01,2017-03-31,0,,,"Tumour-Initiating Cells, Oral Cancer, Therapeutic Targets"
"Alain, Tommy",Children's Hospital of Eastern Ontario Research Institute Inc,Ontario,Project Grant - PA: Breast Cancer Research,202209PLL,Cancer Biology & Therapeutics,Viralyzing transgenes to improve oncolytic immunotherapy,"$100,000",$0,,,1 yr 0 mth ,Cancer Research,"Biomedical Engineering-Biomaterials, Nanotechnology and Biomechanics; Genetics-Genomics, Transcriptomics and Proteomics; Immunology and Infection-Virology",2023-03-01,2024-02-29,0,,,"Viralyzing, transgenes, immunotherapy"
"Alaoui-Jamali, Moulay A",CIUSSS de Centre-Ouest-de-l'Ile-de-Montreal-Jewish General,Quebec,Operating Grant - Priority Announcement: Breast Cancer,201003COP,Cancer Progression & Therapeutics 2,Investigation of the Filamin Signaling Network's Function in Cancer Progression,"$740,235",$0,,,5 yrs 0 mth ,Cancer Research,CANCER THERAPY GENERAL; NEOPLASMS; CANCER; CELL BIOLOGY,2010-10-01,2015-09-30,0,,,"Filamin, Signaling, Cancer"
"Alaoui-Jamali, Moulay A",CIUSSS de Centre-Ouest-de-l'Ile-de-Montreal-Jewish General,Quebec,Operating Grant - PA: Institute of Cancer Research (bridge funding),200909IC3,Cancer Progression & Therapeutics,Molecular and Translational Studies of Filamin Signaling Network in Invasive Cancer,"$100,000",$0,,,1 yr 0 mth ,Cancer Research,CANCER THERAPY GENERAL; NEOPLASMS; CANCER; CELL BIOLOGY,2010-03-01,2011-02-28,0,,,"Filamin, Signaling, Cancer"
"Algar, Walter R",University of British Columbia,British Columbia,Project Grant,202010PJT,Biomedical Engineering,Materials and Technologies for Highly Sensitive Biomarker Analysis of Extracellular Vesicles Toward Cancer Diagnostics,"$367,200",$0,,,3 yrs 0 mth ,Cancer Research,"Biomedical Engineering-Biomaterials, Nanotechnology and Biomechanics; Methods Development and Modelling-Quantitative Methods Development for Health Research",2021-04-01,2024-03-31,0,,,"Biomarker, Extracellular Vesicles, Cancer"
"Aoudjit, Fawzi",Universite Laval,Quebec,Operating Grant,201403MOP,Cancer Biology & Therapeutics,Elucidating the role of alpha2beta1 integrin in the chemoresistance of acute lymphoblastic leukemia.,"$567,520",$0,,,5 yrs 0 mth ,Cancer Research,LEUKAEMIAS; CANCER THERAPY GENERAL; CANCER,2014-07-01,2019-06-30,0,,,"alpha2beta1 integrin, chemoresistance, leukemia"
"Aoudjit, Fawzi",Universite Laval,Quebec,Project Grant - Priority Announcement: Pediatric Cancer Research,202209PDI,Cancer Biology & Therapeutics,Understanding the role of beta1 integrins in chemoresistance of acute lymphoblastic leukemia and therapeutic implications,"$100,000",$0,,,1 yr 0 mth ,Cancer Research,Cancer-Mechanisms of Carcinogenesis; Cancer-Pediatric Cancer,2023-03-01,2024-02-29,0,,,"beta1 integrins, chemoresistance, leukemia"
"Aparicio, Samuel J",University of British Columbia,British Columbia,Project Grant,202303PJT,Cancer Progression & Therapeutics,Mechanisms and targeting of repair deficient cancers with G-quadruplex small molecule ligands,"$1,048,050",$0,,,5 yrs 0 mth ,Cancer Research,Cancer-Cancer Progression and Metastasis,2023-10-01,2028-09-30,0,,,"G-quadruplex, small molecule, cancers"
"Aparicio, Samuel J",University of British Columbia,British Columbia,Operating Grant,201109MOP,Cancer Progression & Therapeutics,PP2a protein serine/threonine phosphatase mutations in cancer: functional consequences and clinical relevance,"$588,895",$0,,,4 yrs 0 mth ,Cancer Research,BREAST CANCER; GENITO/URINARY SYSTEM,2012-04-01,2016-03-31,0,,,"PP2a, phosphatase, cancer"
"Arcand, JoAnne",Ontario Tech University,Ontario,Catalyst Grant: Personalized Health Catalyst Grants,201706PCG,Personalized Health - novel e-health applications,Improving heart failure outcomes through apps that support self-management and adherence,"$146,368",$0,,,2 yrs 0 mth ,"Nutrition, Metabolism and Diabetes","STROKE, HEART FAILURE; HEALTH PROMOTION; CARDIOVASCULAR; NUTRITION",2017-09-01,2019-08-31,0,,,"heart failure, self-management, adherence"
"Archambault, Denis",Universite du Quebec e Montreal,Quebec,Operating Grant: COVID-19 Rapid Research Funding Opportunity - Vaccines,202005VR1,COVID-19 Rapid Research - Vaccines,SARS-CoV-2 immunization strategies to enhance protective immunity with reduced risk of antibody-dependent enhancement (ADE),"$622,782",$0,,,1 yr 0 mth ,Infection and Immunity,VIRAL; PNEUMONIA; VIROLOGY; HEALTH RESEARCH,2020-06-01,2021-05-31,2,,,"SARS-CoV-2, immunization, antibody-dependent enhancement"
"Arnold, Donald M",McMaster University,Ontario,Operating Grant: COVID-19 Rapid Research Funding Opportunity - Therapeutics,202005VR3,COVID-19 Rapid Research - Therapeutics,A Randomized Open-Label Trial of CONvalescent Plasma for Hospitalized Adults With Acute COVID-19 Respiratory Illness (CONCOR-1),"$2,972,273",$0,,,1 yr 0 mth ,Circulatory and Respiratory Health,BLOOD; VIRAL; IMMUNOLOGY-TRANSPLANTATION,2020-06-01,2021-05-31,0,,,"Convalescent Plasma, COVID-19, Respiratory Illness"
"Arnold, Douglas L",McGill University,Quebec,Operating Grant,201303MOP,Medical Physics & Imaging,Magnetic Resonance Imaging of Multiple Sclerosis,"$698,337",$0,,,5 yrs 0 mth ,"Neurosciences, Mental Health and Addiction",MULTIPLE SCLEROSIS; IMAGING; NERVOUS SYSTEM,2013-10-01,2018-09-30,0,,,"Magnetic Resonance, Imaging, Multiple Sclerosis"
"Arrandale, Victoria H",University of Toronto,Ontario,Op Gr: Spark Grants in Novel Technologies in Cancer Prevention & Early Detection,202010SGN,Special Cases,"Combining contact lens sensors, metabolomics and artificial intelligence to characterize exposure and breast cancer biomarkers","$149,720",$0,,,1 yr 0 mth ,Cancer Research,BREAST CANCER; ENVIRONMENTAL INFLUENCES ON HEALTH; CANCER,2021-01-01,2021-12-31,0,,,"contact lens sensors, metabolomics, artificial intelligence"
"Ashkar, Ali A",McMaster University,Ontario,Project Grant,201803PJT,Cancer Biology & Therapeutics,Utilizing chimeric antigen receptors to direct autologous NK cell cytotoxicity to breast cancer,"$937,740",$0,,,5 yrs 0 mth ,Cancer Research,"Cancer-Cancer Drug Development and Therapeutics; Immunology and Infection-Transplantation, Immune Tolerance and Tumor Immunology",2018-10-01,2023-09-30,0,,,"chimeric antigen receptors, NK cell, breast cancer"
"Auer, Rebecca Ann C",Ottawa Hospital Research Institute,Ontario,Project Grant,201903PJT,Cancer Biology & Therapeutics,Perioperative Targeting of Myeloid Derived Suppressor Cells to Alleviate Postoperative Immunosuppression and Metastases,"$860,626",$0,,,5 yrs 0 mth ,Cancer Research,"Cancer-Cancer Drug Development and Therapeutics; Cancer-Cancer Progression and Metastasis; Immunology and Infection-Transplantation, Immune Tolerance and Tumor Immunology; Pharmacological sciences - drug design and development",2019-10-01,2024-09-30,1,,,"Myeloid Derived Suppressor Cells, Immunosuppression, Metastases"
"Awadalla, Philip","Ontario Institute for Cancer Research (Toronto, Ontario)",Ontario,Project Grant,202203PJT,Cancer Biology & Therapeutics 2,Preparing for the Recovery from the Effects of the PAndemic on cancer control using Real-world Evidence in Canada (PREPARE-Canada),"$1,147,500",$0,,,5 yrs 0 mth ,Cancer Research,Cancer-Mechanisms of Carcinogenesis; Population and Health-Health Promotion and Disease Prevention,2022-10-01,2027-09-30,0,,,"cancer, real-world evidence, pandemic"
"Azad, Taha",Universite de Sherbrooke,Quebec,Project Grant,202303PJT,Cancer Biology & Therapeutics,Bioengineering viruses to create safer and more effective oncolytic viruses,"$986,850",$0,,,5 yrs 0 mth ,Cancer Research,Cancer-Cancer Drug Development and Therapeutics,2023-10-01,2028-09-30,0,,,"bioengineering, viruses, oncolytic"
"Babu, Mohan",University of Regina (Saskatchewan),Saskatchewan,Operating Grant: COVID-19 Rapid Research Funding Opportunity - Diagnostics,202005VR2,COVID-19 Rapid Research - Diagnostics,Development of SARS-CoV-2 Peptide Therapeutics and Point-of-Care Salivary Diagnostics for Rapid Viral Detection,"$937,950",$0,,,1 yr 0 mth ,Genetics,VIRAL; DRUGS- PHARMACEUTICAL SCIENCE/CHEMISTRY & NON MEDICAL USE OF DRUGS; DRUG RESEARCH; VIROLOGY,2020-06-01,2021-05-31,0,,,"SARS-CoV-2, Peptide, Diagnostics"
"Bach, Horacio",University of British Columbia,British Columbia,Operating Grant: COVID-19 - Therapeutics,202002OV3,Canadian 2019 Novel Coronavirus (2019-nCoV) Rapid Research,Neutralizing human-derived single-chain antibodies against SARS-CoV-2,"$395,600",$0,,,2 yrs 0 mth ,Infection and Immunity,VIRAL; VIROLOGY,2020-04-01,2022-03-31,0,,,"single-chain antibodies, SARS-CoV-2, neutralization"
"Bahlis, Nizar J",University of Calgary,Alberta,Operating Grant - PA: Alberta Cancer Foundation - Research (bridge funding),201109OAC,Cancer Progression & Therapeutics,Bortezomib mediated BRCAness in Myeloma cells: novel therapeutic approach combining PARP1-2 and 26S proteasome inhibitors.,$0,$0,"$100,000",Alberta Cancer Foundation,1 yr 0 mth ,Cancer Research,CANCER THERAPY GENERAL; NEOPLASMS; CANCER; BLOOD,2013-04-01,2017-03-31,0,,,"Bortezomib, BRCAness, PARP1-2"
"Bahlis, Nizar J",University of Calgary,Alberta,Operating Grant,201209MOP,Cancer Progression & Therapeutics,Bortezomib mediated BRCAness in Myeloma cells: novel therapeutic approach combining PARP1-2 and 26S proteasome inhibitors.,"$522,880",$0,,,4 yrs 0 mth ,Cancer Research,CANCER THERAPY GENERAL; NEOPLASMS; CANCER; BLOOD,2013-04-01,2017-03-31,0,,,"Bortezomib, BRCAness, PARP1-2"
"Bailey, Swneke D",Research Institute of the McGill University Health Centre,Quebec,Project Grant,201909PJT,Cancer Progression & Therapeutics,Investigating the Molecular Determinants of Peritoneal Metastasis from Gastro-Esophageal Adenocarcinomas,"$753,525",$0,,,5 yrs 0 mth ,Cancer Research,Cancer-Cancer Progression and Metastasis,2020-04-01,2025-03-31,0,,,"Peritoneal metastasis, Molecular determinants, Gastro-Esophageal adenocarcinomas"
"Baker, Kristi",University of Alberta,Alberta,Project Grant,201809PJT,Cancer Biology & Therapeutics,Chemokine-mediated control of anti-tumor immunity in DNA-repair deficient colorectal cancer,"$765,000",$0,,,5 yrs 0 mth ,Cancer Research,"Cancer-Cancer Progression and Metastasis; Immunology and Infection-Transplantation, Immune Tolerance and Tumor Immunology",2019-04-01,2024-03-31,1,,,"Chemokine, DNA-repair, colorectal cancer"
"Baker, Kristi",University of Alberta,Alberta,Project Grant,202209PJT,Cancer Biology & Therapeutics,Harnessing dendritic cells to regulate antitumor immunity in colorectal cancer,"$956,250",$0,,,5 yrs 0 mth ,Cancer Research,"Cancer-Mechanisms of Carcinogenesis; Immunology and Infection-Transplantation, Immune Tolerance and Tumor Immunology; Cancer-Cancer Progression and Metastasis",2023-04-01,2028-03-31,0,,,"dendritic cells, antitumor immunity, colorectal cancer"
"Bally, Marcel B",University of British Columbia,British Columbia,Operating Grant,201003MOP,Cancer Progression & Therapeutics 2,Identifying Cytoprotective Responses Triggered Following Initial Exposure to Targeted Therapy: Defining Improved Treatment Strategies for Patients with HER-2 Positive Breast Cancer.,"$774,156",$0,,,5 yrs 0 mth ,Cancer Research,BREAST CANCER THERAPY; DRUGS- PHARMACEUTICAL SCIENCE/CHEMISTRY & NON MEDICAL USE OF DRUGS; DRUG RESEARCH; CANCER,2010-10-01,2015-09-30,0,,,"Cytoprotective responses, HER-2, breast cancer"
"Barabe, Frederic",Universite Laval,Quebec,Project Grant,201903PJT,Cancer Biology & Therapeutics 2,Biology of S100A8 and S100A9 proteins in Human Acute Myeloid Leukemia,"$761,176",$0,,,5 yrs 0 mth ,Cancer Research,Cancer-Cancer Drug Development and Therapeutics,2019-10-01,2024-09-30,0,,,"S100A8, S100A9, Leukemia"
"Barabe, Frederic",Universite Laval,Quebec,Project Grant,202209PJT,Cancer Progression & Therapeutics 2,Role of the RAS Pathway Activation on the Biology and Drug Response of Acute Myeloid Leukemias,"$891,225",$0,,,5 yrs 0 mth ,Cancer Research,Cancer-Cancer Progression and Metastasis; Cancer-Cancer Drug Development and Therapeutics; Cancer-Pediatric Cancer,2023-04-01,2028-03-31,0,,,"RAS, Leukemias, Pathway"
"Baracos, Vickie E",University of Alberta,Alberta,Operating Grant,201109MOP,Cancer Biology & Therapeutics,"Sarcopenia: a predictor of cancer treatment response, treatment toxicity & drug metabolism","$135,206",$0,,,2 yrs 0 mth ,Cancer Research,LUNG CANCER THERAPY; CANCER THERAPY GENERAL; CANCER,2012-04-01,2014-03-31,0,,,"Sarcopenia, cancer, metabolism"
"Barakat, Khaled H",University of Alberta,Alberta,Project Grant,202104PJT,Cancer Biology & Therapeutics,Investigating the cell-based activity of a new class of cytotoxic T-lymphocyte antigen-4 (CTLA-4) small molecule inhibitors,"$508,726",$0,,,5 yrs 0 mth ,Cancer Research,Immunology and Infection-Immunology and Autoimmune Diseases (including rheumatology),2021-10-01,2026-09-30,0,,,"cytotoxic T-lymphocyte, CTLA-4, small molecule"
"Bardakjian, Berj L",University of Toronto,Ontario,Operating Grant,201209MOP,Biomedical Engineering,Classification and control of the electrical activities in the brain's neural networks under epileptic seizure conditions,"$418,000",$0,,,5 yrs 0 mth ,"Neurosciences, Mental Health and Addiction",EPILEPSY; MENTAL DISABILITY; BIOPHYSICS; NERVOUS SYSTEM,2013-04-01,2018-03-31,4,,,"brain, neural networks, epilepsy"
"Bardakjian, Berj L",University of Toronto,Ontario,Operating Grant,200903MOP,Biomedical Engineering,Prediction and control of seizure onset,"$293,444",$0,,,3 yrs 0 mth ,"Neurosciences, Mental Health and Addiction",EPILEPSY; MENTAL DISABILITY; BIOPHYSICS; NERVOUS SYSTEM,2006-04-01,2009-03-31,3,,,"seizure, prediction, control"
"Baron, Corey A",Western University (Ontario),Ontario,Project Grant,202109PJT,Medical Physics & Imaging,Microstructural MRI in Temporal Lobe Epilepsy,"$581,400",$0,,,5 yrs 0 mth ,"Neurosciences, Mental Health and Addiction",Biomedical Engineering-Biomedical Imaging; Neurosciences-Neurological disorders,2022-04-01,2027-03-31,0,,,"Microstructural MRI, Temporal Lobe Epilepsy"
"Barr, Stephen D",Western University (Ontario),Ontario,Operating Grant: COVID-19 - Vaccines,202002OV5,Canadian 2019 Novel Coronavirus (2019-nCoV) Rapid Research,Shutting down emerging Coronaviruses in humans now and in the future,"$998,840",$0,,,2 yrs 0 mth ,Infection and Immunity,VIRAL; INFECTIOUS AND PARASITIC; VIROLOGY; MOLECULAR BIOLOGY,2020-04-01,2022-03-31,0,,,"Coronaviruses, humans, shutting"
"Barralet, Jake E",Research Institute of the McGill University Health Centre,Quebec,Project Grant,201809PJT,Biomedical Engineering,Autosynthetics: Cranial Regeneration,"$631,124",$0,,,4 yrs 0 mth ,Musculoskeletal Health and Arthritis,"Musculoskeletal Health-Bone, Skin and Cartilage Sciences",2019-04-01,2023-03-31,0,,,"Autosynthetics, Cranial, Regeneration"
"Barsyte-Lovejoy, Dalia",University of Toronto,Ontario,Project Grant,202309PJT,Cancer Progression & Therapeutics 2,Targeting protein arginine methylation in the 9p21.3 loss tumor microenvironment,"$902,700",$0,,,5 yrs 0 mth ,Cancer Research,,2024-03-01,2025-02-28,0,,,"protein, arginine methylation, tumor microenvironment"
"Barsyte-Lovejoy, Dalia",University of Toronto,Ontario,Project Grant,202210PJT,Cancer Biology & Therapeutics,Targeting protein arginine methylation in tumor-associated macrophages,"$100,000",$0,,,1 yr 0 mth ,Cancer Research,Cancer-Cancer Drug Development and Therapeutics,2023-04-01,2024-03-31,0,,,"protein, arginine, methylation"
"Bartha, Robert",Western University (Ontario),Ontario,Operating Grant,200910MOP,Medical Physics & Imaging,Magnetic Resonance PARACEST Imaging of In-vivo Protease Activity,"$96,414",$0,,,1 yr 0 mth ,Aging,ALZHEIMER'S DISEASE; AGING; IMAGING; BIOPHYSICS,2010-10-01,2014-09-30,0,,,"Magnetic Resonance, PARACEST, Protease"
"Bartha, Robert",Western University (Ontario),Ontario,Operating Grant,201003MOP,Medical Physics & Imaging,Magnetic Resonance PARACEST Imaging of In-vivo Protease Activity,"$449,243",$0,,,4 yrs 0 mth ,Aging,ALZHEIMER'S DISEASE; AGING; IMAGING; BIOPHYSICS,2010-10-01,2014-09-30,0,,,"Magnetic Resonance, PARACEST, Protease"
"Bashashati, Ali",University of British Columbia,British Columbia,Project Grant,202010PJT,Medical Physics & Imaging,Prostate cancer risk stratification for active surveillance using computer-aided analysis of histopathology and transcriptomics,"$906,525",$0,,,5 yrs 0 mth ,Cancer Research,"Cancer-Clinical Oncology; Artificial Intelligence-Machine Learning; Genetics-Genomics, Transcriptomics and Proteomics",2021-04-01,2026-03-31,0,,,"prostate cancer, histopathology, transcriptomics"
"Bashashati, Ali",University of British Columbia,British Columbia,Project Grant,202403PJT,Medical Physics & Imaging,aRtificial intelligence-driven computational pathology platform for blAdder Cancer subTyping (REACT),"$845,326",$0,,,5 yrs 0 mth ,Cancer Research,Artificial Intelligence-Machine Learning; Biomedical Engineering-Biomedical Imaging; Cancer-Cancer Drug Development and Therapeutics,2024-10-01,2029-09-30,0,,,"artificial intelligence, computational pathology, bladder cancer"
"Basik, Mark",CIUSSS de Centre-Ouest-de-l'Ile-de-Montreal-Jewish General,Quebec,Project Grant - PA: Breast Cancer Research,202309PLL,Cancer Biology & Therapeutics 2,Altering the gut microbiome in Triple- negative breast cancer: a pilot study,"$100,000",$0,,,1 yr 0 mth ,Cancer Research,Cancer-Cancer Drug Development and Therapeutics,2024-03-01,2025-02-28,0,,,"gut microbiome, breast cancer, triple-negative"
"Basik, Mark",CIUSSS de Centre-Ouest-de-l'Ile-de-Montreal-Jewish General,Quebec,Project Grant,202403PJT,Cancer Progression & Therapeutics 2,Altering the gut microbiome in Triple- negative breast cancer: a pilot study,"$1,510,875",$0,,,4 yrs 0 mth ,Cancer Research,Cancer-Cancer Drug Development and Therapeutics,2024-03-01,2025-02-28,0,,,"gut microbiome, breast cancer, triple-negative"
"Basik, Mark",CIUSSS de Centre-Ouest-de-l'Ile-de-Montreal-Jewish General,Quebec,Project Grant,202109PJT,Cancer Progression & Therapeutics 2,Targeting lipid metabolism in chemoresistant breast cancer,"$1,009,800",$0,,,5 yrs 0 mth ,Cancer Research,Cancer-Cancer Drug Development and Therapeutics,2022-04-01,2027-03-31,0,,,"lipid metabolism, chemoresistant, breast cancer"
"Batist, Gerald",CIUSSS de Centre-Ouest-de-l'Ile-de-Montreal-Jewish General,Quebec,Operating Grant,201209MOP,Cancer Progression & Therapeutics,Novel strategy to selectively target tumor cell growth and chemosensitivity,"$767,780",$0,,,5 yrs 0 mth ,Cancer Research,CANCER THERAPY GENERAL; NONE OF THE ABOVE; CANCER; MOLECULAR BIOLOGY,2013-04-01,2018-03-31,0,,,"tumor, cell growth, chemosensitivity"
"Baxter, Nancy N",Unity Health Toronto,Ontario,Catalyst Grant: Personalized Health Catalyst Grants,201706PCG,Personalized Health - novel e-health applications,"BEFORE (Begin Exploring Fertility Options, Risks and Expectations): a novel Canadian e-health app to facilitate shared decision-making for people at risk of cancer treatment related infertility.","$199,965",$0,,,2 yrs 0 mth ,Health Services and Policy Research,HEALTH SERVICES RESEARCH; INFERTILITY FEMALE; CANCER,2017-09-01,2019-08-31,0,,,"fertility, e-health, shared decision-making"
"Bazett-Jones, David P",Hospital for Sick Children (Toronto),Ontario,"Catalyst Grant: Invention and High-Risk, High-Benefit Research",200903NHG,"Inventions, Technologies, or High Risk Grants",Nanomanipulation and high resolution in situ gene mapping,"$300,000",$0,,,3 yrs 0 mth ,Genetics,LEUKAEMIAS; MULTIPLE DISEASE RELEVANCE; CELL BIOLOGY; CANCER,2009-10-01,2012-09-30,0,,,"Nanomanipulation, gene mapping, in situ"
"Beauchemin, Nicole",McGill University,Quebec,Operating Grant,201109MOP,Cancer Progression & Therapeutics 2,CEACAM1 in colon cancer progression and metastasis,"$834,100",$0,,,5 yrs 0 mth ,Cancer Research,GASTRO-INTESTINAL CANCER; GASTRO-INTESTINAL CANCER THERAPY; CANCER; CELL BIOLOGY,2012-04-01,2017-03-31,0,,,"CEACAM1, colon cancer, metastasis"
"Beaulieu, Christian",University of Alberta,Alberta,Operating Grant,201403MOP,Medical Physics & Imaging,Development of Novel Diffusion Magnetic Resonance Methods for the Brain: Initial Applications to Stroke,"$777,172",$0,,,5 yrs 0 mth ,Circulatory and Respiratory Health,"STROKE, HEART FAILURE; MULTIDISCIPLINARY; IMAGING; NERVOUS SYSTEM",2014-07-01,2016-06-30,0,,,"Diffusion, Magnetic Resonance, Stroke"
"Beaulieu, Christian",University of Alberta,Alberta,Operating Grant,200809MOP,Medical Physics & Imaging,Quantitative Magnetic Resonance Imaging of Neurodevelopment,"$733,595",$0,,,5 yrs 0 mth ,"Neurosciences, Mental Health and Addiction",CNS ORGANIC; MENTAL AND BEHAVIOURAL DISEASES; IMAGING; NERVOUS SYSTEM,2009-04-01,2014-03-31,0,,,"Magnetic Resonance, Imaging, Neurodevelopment"
"Beaulieu, Jean-Franeois",Universite de Sherbrooke,Quebec,Project Grant,202003PJT,Cancer Progression & Therapeutics 2,Set-up of a mass spectrometry-based stool test for colorectal cancer screening,"$719,101",$0,,,4 yrs 0 mth ,Cancer Research,Cancer-Clinical Oncology,2020-10-01,2024-09-30,0,,,"mass spectrometry, stool test, colorectal cancer"
"Beaulieu, Luc",Universite Laval,Quebec,Operating Grant,201003MOP,Medical Physics & Imaging,An Integrated Real-Time 3D Ultrasound Guidance System for Multi-catheters Breast Brachytherapy,"$275,233",$0,,,3 yrs 0 mth ,Cancer Research,BREAST CANCER; BREAST CANCER THERAPY; CANCER; IMAGING,2010-10-01,2013-09-30,0,,,"Ultrasound, Brachytherapy, Guidance"
"Beaulieu, Luc",Universite Laval,Quebec,Project Grant,202003PJT,Medical Physics & Imaging,The impact of Monte Carlo dose calculations on prostate and breast low-dose rate brachytherapy dose-outcome relationships and radiobiological modeling.,"$715,276",$0,,,5 yrs 0 mth ,Cancer Research,Cancer-Clinical Oncology,2020-10-01,2025-09-30,0,,,"Monte Carlo, brachytherapy, radiobiological"
"Beauregard, Jean-Mathieu",Universite Laval,Quebec,Project Grant,202109PJT,Medical Physics & Imaging,Towards Personalized Dosimetry-Based Radioligand Therapy of Prostate Cancer as a New Standard of Practice,"$960,075",$0,,,5 yrs 0 mth ,Cancer Research,Biomedical Engineering-Biomedical Imaging; Cancer-Cancer Drug Development and Therapeutics; Artificial Intelligence-Machine Learning,2022-04-01,2027-03-31,0,,,"Dosimetry, Radioligand, Prostate Cancer"
"Bell, Brendan B",Universite de Sherbrooke,Quebec,Catalyst Grant: Innovation in HIV Vaccine and HIV Cure Research,201211CHR,HIV Vaccine and Cure Research,Core promoter-binding complexes as novel targets to cure HIV/AIDS,"$100,000",$0,,,1 yr 0 mth ,Infection and Immunity,AIDS; VIRAL; VIROLOGY; MOLECULAR BIOLOGY,2013-03-01,2014-02-28,0,,,"core promoter, binding complexes, HIV/AIDS"
"Bell, John C",Ottawa Hospital Research Institute,Ontario,Operating Grant: COVID-19 Rapid Research Funding Opportunity - Vaccines,202005VR1,COVID-19 Rapid Research - Vaccines,Development of Vaccines to Prevent SARS-CoV-2 Infection of High Risk Individuals,"$1,936,150",$0,,,1 yr 0 mth ,Infection and Immunity,DRUGS- PHARMACEUTICAL SCIENCE/CHEMISTRY & NON MEDICAL USE OF DRUGS; DRUG RESEARCH,2020-06-01,2021-05-31,1,,,"Vaccines,SARS-CoV-2,Infection"
"Bell, John C",Ottawa Hospital Research Institute,Ontario,Project Grant,202304PJT,Cancer Biology & Therapeutics,Overcoming barriers to effective cancer immunotherapy with an engineered virus based therapeutic,"$100,000",$0,,,1 yr 0 mth ,Cancer Research,Cancer-Cancer Drug Development and Therapeutics,2023-10-01,2024-09-30,2,,,"cancer, immunotherapy, virus"
"Ben-David, Yaacov","Sunnybrook Health Sciences Centre (Toronto, Ontario)",Ontario,Operating Grant,201009MOP,Cancer Progression & Therapeutics 2,Interaction of cancer initiating cells with the tumor microenvironment during leukemogenesis,"$696,385",$0,,,5 yrs 0 mth ,Cancer Research,LEUKAEMIAS; BLOOD; CANCER,2011-04-01,2016-03-31,0,,,"cancer cells, tumor microenvironment, leukemogenesis"
"Benard, Francois",University of British Columbia,British Columbia,Alternative Radiopharmaceuticals for Medical Imaging,200909MIS,Strategic Initiative: Medical Isotope committee,Cyclotron-based production of technetium radioisotopes,"$78,800","$51,640",,,2 yrs 0 mth ,Cancer Research,MULTIPLE DISEASE RELEVANCE; NEOPLASMS; IMAGING; DRUG RESEARCH,2009-11-01,2011-10-31,2,,,"Cyclotron, technetium, radioisotopes"
"Bennewith, Kevin L",University of British Columbia,British Columbia,Project Grant,201803PJT,Cancer Biology & Therapeutics,Hypoxia in tumour-draining lymph nodes as an indication of immune activation and immunotherapy response,"$956,250",$0,,,5 yrs 0 mth ,Cancer Research,Cancer-Cancer Progression and Metastasis; Cancer-Cancer Drug Development and Therapeutics,2018-10-01,2023-09-30,0,,,"hypoxia, lymph nodes, immunotherapy"
"Bennewith, Kevin L",University of British Columbia,British Columbia,Operating Grant - Priority Announcement: Breast Cancer,201109COP,Cancer Biology & Therapeutics,Promotion of breast cancer metastasis by tumour hypoxia and myeloid cells.,"$100,000",$0,,,1 yr 0 mth ,Cancer Research,BREAST CANCER; CANCER THERAPY GENERAL; CANCER; GENETICS,2013-04-01,2018-03-31,0,,,"breast cancer, metastasis, hypoxia"
"Bennewith, Kevin L",University of British Columbia,British Columbia,Operating Grant,201209MOP,Cancer Biology & Therapeutics,Promotion of breast cancer metastasis by tumour hypoxia and myeloid cells.,"$699,413",$0,,,5 yrs 0 mth ,Cancer Research,BREAST CANCER; CANCER THERAPY GENERAL; CANCER; GENETICS,2013-04-01,2018-03-31,0,,,"breast cancer, metastasis, hypoxia"
"Bennewith, Kevin L",University of British Columbia,British Columbia,Project Grant,202104PJT,Cancer Biology & Therapeutics 2,Targeting cancer-associated fibroblasts and tumour hypoxia with angiotensin II receptor blockers,"$979,200",$0,,,5 yrs 0 mth ,Cancer Research,Cancer-Cancer Progression and Metastasis,2021-10-01,2026-09-30,0,,,"cancer-associated fibroblasts, tumour hypoxia, angiotensin II receptor blockers"
"Benoit, Yannick D",University of Ottawa,Ontario,Project Grant,202309PJT,Cancer Biology & Therapeutics 2,Defining the role of dopamine transporter in the hierarchical organization of colorectal tumors,"$1,086,300",$0,,,5 yrs 0 mth ,Cancer Research,Cancer-Cancer Drug Development and Therapeutics; Cancer-Mechanisms of Carcinogenesis,2024-04-01,2029-03-31,0,,,"dopamine transporter, colorectal tumors"
"Berman, Jason N",Children's Hospital of Eastern Ontario Research Institute Inc,Ontario,Project Grant,202209PJT,Cancer Progression & Therapeutics,Identifying novel strategies for leukemia prevention using zebrafish models of dnajc21-mutant Shwachman Diamond syndrome,"$910,350",$0,,,5 yrs 0 mth ,Cancer Research,Cancer-Pediatric Cancer,2023-04-01,2028-03-31,0,,,"leukemia, zebrafish, dnajc21"
"Berman, Jason N",IWK Health Centre (Halifax),Nova Scotia,Operating Grant - PA: Regional Partnership Program - Nova Scotia,201103RNS,Cancer Progression & Therapeutics,Molecular interrogation and a small molecule screen of NUP98-HOXA9 induced AML in the zebrafish,"$168,452",$0,,,3 yrs 0 mth ,Cancer Research,LEUKAEMIAS; CANCER; BLOOD,2011-10-01,2014-09-30,0,,,"NUP98-HOXA9, small molecule, AML"
"Berman, Jason N",IWK Health Centre (Halifax),Nova Scotia,Operating Grant,201209MOP,Cancer Progression & Therapeutics,New insights into mast cell development and contribution to malignant progression - further exploitation of the zebrafish model,"$565,415",$0,,,4 yrs 0 mth ,Cancer Research,LEUKAEMIAS; CANCER; IMMUNOLOGY-TRANSPLANTATION,2013-04-01,2017-03-31,0,,,"mast cell, zebrafish, malignant progression"
"Berman, Jason N",IWK Health Centre (Halifax),Nova Scotia,Project Grant,201903PJT,Cancer Progression & Therapeutics,Using the zebrafish as a model for chemoprevention for TP53 mutation carriers,"$845,326",$0,,,5 yrs 0 mth ,Cancer Research,"Genetics-Molecular and Functional Genetics and Epigenetics; Cancer-Pediatric Cancer; Pharmacological, Toxicological and Pharmaceutical Sciences-Translational and Clinical Pharmacology",2019-10-01,2024-09-30,0,,,"zebrafish, chemoprevention, TP53"
"Berman, Jason N",IWK Health Centre (Halifax),Nova Scotia,Operating Grant,200909MOP,Cancer Biology & Therapeutics,Zebrafish as an in vivo model of vertebrate mast cell development and systemic mastocytosis,"$295,157",$0,,,3 yrs 0 mth ,Cancer Research,BLOOD; LEUKAEMIAS; CANCER,2010-04-01,2013-03-31,0,,,"zebrafish, mast cell, systemic mastocytosis"
"Bernard, Nicole F",Research Institute of the McGill University Health Centre,Quebec,Catalyst Grant: Innovation in HIV Vaccine and HIV Cure Research,201211CHR,HIV Vaccine and Cure Research,Determinants of the functional cure profile observed in HIV infected Elite Controllers.,"$100,000",$0,,,1 yr 0 mth ,Infection and Immunity,AIDS; VIRAL; IMMUNOLOGY-TRANSPLANTATION; VIROLOGY,2013-03-01,2014-02-28,0,,,"HIV, Elite Controllers, functional cure"
"Bernard, Nicole F",Research Institute of the McGill University Health Centre,Quebec,Operating Grant - Priority Announcement: Canadian HIV Vaccine Initiative,200809HVI,Virology & Viral Pathogenesis,The functional profile of NK cells in HIV exposed uninfected subjects: Association with carriage of NK receptor-HLA ligand genotypes.,"$440,604",$0,,,3 yrs 0 mth ,Infection and Immunity,AIDS; VIRAL; IMMUNOLOGY-TRANSPLANTATION; VIROLOGY,2009-04-01,2012-03-31,0,,,"NK cells, HLA ligand, genotypes"
"Bernasconi, Andrea",McGill University,Quebec,Operating Grant,201003MOP,Medical Physics & Imaging,Magnetic resonance imaging of epilepsy,"$704,014",$0,,,5 yrs 0 mth ,"Neurosciences, Mental Health and Addiction",EPILEPSY; IMAGING; NERVOUS SYSTEM,2010-10-01,2015-09-30,0,,,"Magnetic resonance imaging, epilepsy"
"Berthod, Franeois",Universite Laval,Quebec,Operating Grant,201003MOP,Biomedical Engineering,Peau reconstruite par genie tissulaire: etude de l'influence de l'innervation cutanee sur la guerison des plaies,"$447,139",$0,,,3 yrs 0 mth ,Musculoskeletal Health and Arthritis,"SKIN AND SUBCUTANEOUS TISSUS; INJURY, REGENERATION; CELL BIOLOGY; BIOCHEMISTRY",2010-10-01,2013-09-30,0,,,"tissulaire, innervation, plaies"
"Berthod, Franeois",Universite Laval,Quebec,Project Grant,202010PJT,Biomedical Engineering,Reparation des lesions des nerfs peripheriques par genie tissulaire,"$1,143,675",$0,,,5 yrs 0 mth ,"Neurosciences, Mental Health and Addiction",Biomedical Engineering-Regenerative Medicine and Tissue Engineering,2021-04-01,2026-03-31,0,,,"nerfs, tissulaire, lesions"
"Berthod, Franeois",Universite Laval,Quebec,Operating Grant - PA: INMHA (bridge funding),201503INO,Biomedical Engineering,Strategies de reparation des transsections des nerfs peripheriques par genie tissulaire,"$100,000",$0,,,1 yr 0 mth ,"Neurosciences, Mental Health and Addiction","INJURY, REGENERATION; NONE OF THE ABOVE; CELL BIOLOGY; NERVOUS SYSTEM",2016-07-01,2021-06-30,0,,,"nerfs, tissulaire, reparation"
"Bertrand, Richard",Centre hospitalier de l'Universite de Montreal (CHUM),Quebec,Operating Grant,200903MOP,Cancer Biology & Therapeutics,Bcl-xL regulation and function during G2 and mitotic spindle assembly checkpoints,"$612,420",$0,,,5 yrs 0 mth ,Cancer Research,NEOPLASMS; CANCER THERAPY GENERAL; CANCER; MOLECULAR BIOLOGY,2009-10-01,2014-09-30,0,,,"Bcl-xL, mitotic spindle, checkpoints"
"Beug, Shawn T",Children's Hospital of Eastern Ontario Research Institute Inc,Ontario,Project Grant,201909PJT,Cancer Progression & Therapeutics 2,Targeted immunotherapy for the treatment of brain cancer,"$772,650",$0,,,5 yrs 0 mth ,Cancer Research,Cancer-Cancer Drug Development and Therapeutics,2020-04-01,2025-03-31,1,,,"immunotherapy, brain cancer"
"Bhattacharjee, Rabindra",London Health Sciences Centre Res. Inc. (Ont.),Ontario,Project Grant,202209PJT,Biomedical Engineering 2,Drug repositioning in a simulated ischemia-reperfusion injury model for the preservation of donor kidneys at room temperature,"$344,250",$0,,,3 yrs 0 mth ,Circulatory and Respiratory Health,Methods Development and Modelling-Quantitative Methods Development for Health Research,2023-04-01,2026-03-31,0,,,"drug repositioning, ischemia-reperfusion injury, kidney preservation"
"Bizheva, Kostadinka K",University of Waterloo (Ontario),Ontario,Project Grant,202309PJT,Medical Physics & Imaging,"Non-contact, high-resolution optical approach to assessing retinal neurovascular coupling in the healthy and glaucomatous retina","$715,275",$0,,,5 yrs 0 mth ,Aging,"Biomedical Engineering-Biomedical Imaging; Neurosciences-Sensory Systems (including visual, auditory and pain); Neurosciences-Neurodegeneration; Aging - related to neurodegeneration of the visual system",2024-04-01,2029-03-31,0,,,"retinal, neurovascular, optical"
"Bizheva, Kostadinka K",University of Waterloo (Ontario),Ontario,Project Grant,202104PJT,Medical Physics & Imaging,Optical system for in-vivo imaging and label-free identification of stem cells in the human corneo-scleral limbus for treatment of corneal blindness,"$592,876",$0,,,5 yrs 0 mth ,"Neurosciences, Mental Health and Addiction","Biomedical Engineering-Biomedical Imaging; Neurosciences-Sensory Systems (including visual, auditory and pain)",2021-10-01,2026-09-30,0,,,"optical, imaging, stem cells"
"Blades, Michael W",University of British Columbia,British Columbia,"Catalyst Grant: Invention and High-Risk, High-Benefit Research",201003NHG,"Inventions, Technologies, or High Risk Grants",A New Tool for the Comprehensive Analysis of Peptides and Proteins in Biological and Biomedical Research,"$300,000",$0,,,3 yrs 0 mth ,Genetics,"MULTIPLE DISEASE RELEVANCE; QUALITATIVE METHODS; GENOMICS, PROTEOMICS, AND BIOINFORMATICS; BIOPHYSICS",2010-10-01,2013-09-30,0,,,"peptides, proteins, analysis"
"Blakney, Anna",University of British Columbia,British Columbia,Project Grant,202303PJT,Biomedical Engineering 2,Engineering next-generation self-amplifying RNA therapeutics encoding bispecific T cell engager (BiTE) antibodies for treatment of ovarian cancer,"$795,600",$0,,,5 yrs 0 mth ,Infection and Immunity,"Biomedical Engineering-Biomaterials, Nanotechnology and Biomechanics; Cancer-Cancer Drug Development and Therapeutics",2023-10-01,2028-09-30,0,,,"RNA, bispecific T cell engager, ovarian cancer"
"Blank, Volker",CIUSSS de Centre-Ouest-de-l'Ile-de-Montreal-Jewish General,Quebec,Operating Grant,201203MOP,Cancer Biology & Therapeutics,Regulation and function of NFE2L3: linking transcription factor activity to carcinogenesis.,"$683,860",$0,,,5 yrs 0 mth ,Cancer Research,NEOPLASMS; CARCINOGENS (INCL ENVIRONMENTAL); CANCER; MOLECULAR BIOLOGY,2012-10-01,2018-03-31,0,,,"NFE2L3, transcription factor, carcinogenesis"
"Blank, Volker",CIUSSS de Centre-Ouest-de-l'Ile-de-Montreal-Jewish General,Quebec,Project Grant,202203PJT,Cancer Biology & Therapeutics 2,Regulation and function of NFE2L3: linking transcription factor activity to colorectal cancer,"$906,526",$0,,,5 yrs 0 mth ,Cancer Research,"Cancer-Mechanisms of Carcinogenesis; Molecular, Cellular and Systems Biology-Molecular Biology",2022-10-01,2027-09-30,0,,,"NFE2L3, transcription factor, colorectal cancer"
"Bobyn, John D",Research Institute of the McGill University Health Centre,Quebec,Operating Grant,200809MOP,Biomedical Engineering,Characterization and efficacy of bisphosphonate eluting orthopaedic implants,"$321,624",$0,,,3 yrs 0 mth ,Musculoskeletal Health and Arthritis,"MUSCULO SKELETAL; ARTHRITIS/OSTEOARTHRITIS; MUSCLE, BONE, OR JOINT; DRUG RESEARCH",2009-04-01,2012-03-31,1,,,"bisphosphonate, orthopaedic implants, eluting"
"Boffa, Michael B",Western University (Ontario),Ontario,Project Grant,202010PJT,Cancer Progression & Therapeutics,"Development of a Novel Therapy to Prevent Breast Cancer Metastasis: Modulation of TAFI, a Master Regulator of Extracellular Proteolysis","$722,925",$0,,,5 yrs 0 mth ,Cancer Research,"Cancer-Cancer Progression and Metastasis; Molecular, Cellular and Systems Biology-Biochemistry; Cancer - Cancer Drug Development and Therapeutics",2021-04-01,2026-03-31,0,,,"Breast cancer, metastasis, TAFI"
"Boisvert, Francois-Michel",Universite de Sherbrooke,Quebec,Operating Grant,201203MOP,Cancer Biology & Therapeutics,Subcellular Redistribution of Proteins Following DNA Damage: A Role for the MCM Complex in DNA Repair.,"$394,992",$0,,,3 yrs 0 mth ,Cancer Research,"CANCER THERAPY GENERAL; ENVIRONMENTAL INFLUENCES ON HEALTH; GENOMICS, PROTEOMICS, AND BIOINFORMATICS; CELL BIOLOGY",2012-10-01,2015-09-30,0,,,"Proteins, DNA repair, MCM complex"
"Boisvert, Francois-Michel",Universite de Sherbrooke,Quebec,Operating Grant - PA: Cancer Research (bridge funding),201109IC1,Cancer Biology & Therapeutics,Subcellular Redistribution of Proteins Following DNA Damage: A Role for the MCM-ASF1 Complex in DNA Repair.,"$100,000",$0,,,1 yr 0 mth ,Cancer Research,"CANCER THERAPY GENERAL; ENVIRONMENTAL INFLUENCES ON HEALTH; GENOMICS, PROTEOMICS, AND BIOINFORMATICS; CELL BIOLOGY",2012-03-01,2013-02-28,0,,,"Proteins,DNA Repair,MCM-ASF1"
"Boivin, Guy",Universite Laval,Quebec,Operating Grant: COVID-19 - Therapeutics,202002OV3,Canadian 2019 Novel Coronavirus (2019-nCoV) Rapid Research,Innovative therapeutic approaches for the 2019-novel coronavirus,"$894,910",$0,,,2 yrs 0 mth ,Infection and Immunity,VIRAL; PNEUMONIA; VIROLOGY; DRUG RESEARCH,2020-04-01,2022-03-31,2,,,"therapeutic, coronavirus, 2019-novel"
"Bolduc, Stephane",Universite Laval,Quebec,Operating Grant,200809MOP,Biomedical Engineering,La methode d'auto-assemblage pour l'elaboration de tissus urologiques autologues reconstruits par genie tissulaire.,"$388,428",$0,,,3 yrs 0 mth ,Musculoskeletal Health and Arthritis,"GENITO/URINARY SYSTEM; INJURY, REGENERATION; RENAL FUNCTION, NEPHROLOGY, UROLOGY",2009-04-01,2012-03-31,0,,,"auto-assemblage, tissus, génie tissulaire"
"Bolduc, Stephane",Universite Laval,Quebec,Operating Grant,201109MOP,Biomedical Engineering,Reconstruction de tissus urologiques par genie tissulaire.,"$727,135",$0,,,5 yrs 0 mth ,Musculoskeletal Health and Arthritis,"GENITO/URINARY SYSTEM; INJURY, REGENERATION; RENAL FUNCTION, NEPHROLOGY, UROLOGY; CELL BIOLOGY",2012-04-01,2017-03-31,0,,,"tissus, génie tissulaire, reconstruction"
"Bolduc, Stephane",Universite Laval,Quebec,Project Grant,201709PJT,Biomedical Engineering,Tissue Engineering of a functional Urethra for Autologous Reconstruction.,"$562,276",$0,,,4 yrs 0 mth ,Musculoskeletal Health and Arthritis,"Biomedical Engineering-Regenerative Medicine and Tissue Engineering; Digestive, Endocrine and Excretory Systems-Nephrology and Urology; Molecular, Cellular and Systems Biology-Cell Biology and Physiology",2018-04-01,2022-03-31,0,,,"Tissue Engineering, Urethra, Autologous"
"Bolduc, Stephane",Universite Laval,Quebec,Project Grant - PA: Sex and Gender in Health Research (Bridge funding),202010PJX,Biomedical Engineering,"Tissue-engineered solutions for uro-genital reconstruction, and replacing banned synthetic meshes.","$100,000",$0,,,1 yr 0 mth ,Gender and Health,"Biomedical Engineering-Regenerative Medicine and Tissue Engineering; Reproduction and Development-Developmental Biology and Organogenesis; Molecular, Cellular and Systems Biology-Cell Biology and Physiology",2021-10-01,2026-09-30,0,,,"tissue-engineered, uro-genital, synthetic meshes"
"Bolduc, Stephane",Universite Laval,Quebec,Project Grant,202104PJT,Biomedical Engineering,"Tissue-engineered solutions for uro-genital reconstruction, and replacing banned synthetic meshes.","$868,276",$0,,,5 yrs 0 mth ,Gender and Health,"Biomedical Engineering-Regenerative Medicine and Tissue Engineering; Reproduction and Development-Developmental Biology and Organogenesis; Molecular, Cellular and Systems Biology-Cell Biology and Physiology",2021-10-01,2026-09-30,0,,,"tissue-engineered, uro-genital, synthetic meshes"
"Bolduc, Stephane",Universite Laval,Quebec,Project Grant - PA: Sex and Gender in Health Research (Bridge funding),202403PJX,Biomedical Engineering 2,"Urethral reconstruction using tissue engineering, final steps towards clinical translation","$100,000",$0,,,1 yr 0 mth ,Gender and Health,"Biomedical Engineering-Regenerative Medicine and Tissue Engineering; Digestive, Endocrine and Excretory Systems-Nephrology and Urology; Reproduction and Development-Developmental Biology and Organogenesis",2024-10-01,2025-09-30,0,,,"urethral, tissue engineering, clinical"
"Bolduc, Stephane",Universite Laval,Quebec,Project Grant,202409PJT,Biomedical Engineering 2,"Urethral reconstruction using tissue engineering, final steps towards clinical translation","$1,373,175",$0,,,5 yrs 0 mth ,Gender and Health,"Biomedical Engineering-Regenerative Medicine and Tissue Engineering; Digestive, Endocrine and Excretory Systems-Nephrology and Urology; Reproduction and Development-Developmental Biology and Organogenesis",2024-10-01,2025-09-30,0,,,"urethral, tissue engineering, clinical"
"Bordeleau, Franeois",Universite Laval,Quebec,Project Grant - Priority Announcement: Early Detection/Cancer Prevention,202209DCP,Cancer Progression & Therapeutics,Hepatic stellate cells as a driver of the pre-metastatic niche in uveal melanoma,"$100,000",$0,,,1 yr 0 mth ,Cancer Research,"Biomedical Engineering-Regenerative Medicine and Tissue Engineering; Cancer-Cancer Progression and Metastasis; Molecular, Cellular and Systems Biology-Cell Biology and Physiology",2023-03-01,2024-02-29,0,,,"hepatic stellate cells, pre-metastatic niche, uveal melanoma"
"Bouchard, Maxime L",McGill University,Quebec,Operating Grant,201303MOP,Cancer Biology & Therapeutics,Role of Gata3 in prostate stem cells and cancer,"$767,453",$0,,,5 yrs 0 mth ,Cancer Research,PROSTATE AND BLADDER CANCER; GENITO/URINARY SYSTEM; CANCER; GENETICS,2013-10-01,2018-09-30,0,,,"Gata3, prostate, stem cells"
"Boucher, Marie-Josee",Universite de Sherbrooke,Quebec,Operating Grant - PA: Cancer Research (bridge funding),200909IC1,Cancer Progression & Therapeutics,Cooperation between the Notch and the kRas signaling pathways in pancreatic cancer progression.,"$100,000",$0,,,1 yr 0 mth ,Cancer Research,GASTRO-INTESTINAL CANCER; GASTRO-INTESTINAL CANCER THERAPY; CANCER; GASTROINTESTINAL (LIVER),2010-10-01,2015-09-30,0,,,"Notch, kRas, pancreatic cancer"
"Boudreau, Denis",Universite Laval,Quebec,Operating Grant: COVID-19 - Diagnostics,202002OV1,Canadian 2019 Novel Coronavirus (2019-nCoV) Rapid Research,Development of a portable point-of-care device for rapid testing of SARS-CoV-2,"$1,000,000",$0,,,2 yrs 0 mth ,Infection and Immunity,,2020-04-01,2022-03-31,0,,,"portable, point-of-care, SARS-CoV-2"
"Bouffet, Eric",Hospital for Sick Children (Toronto),Ontario,Project Grant,201909PJT,Cancer Progression & Therapeutics,Combined MEK inhibition and metronomic chemotherapy for recurrent/refractory paediatric low grade gliomas,"$1,526,175",$0,,,5 yrs 0 mth ,Cancer Research,Cancer-Pediatric Cancer,2020-04-01,2025-03-31,0,,,"MEK inhibition, chemotherapy, gliomas"
"Bouffet, Eric",Hospital for Sick Children (Toronto),Ontario,Project Grant,202209PJT,Cancer Progression & Therapeutics,"Upfront Adaptive Immunotherapy Approach for Hypermutant Glioblastoma in Children, Adolescents and Young Adults","$1,377,000",$0,,,5 yrs 0 mth ,Cancer Research,Cancer-Cancer Drug Development and Therapeutics; Cancer-Clinical Oncology,2023-04-01,2028-03-31,0,,,"Adaptive Immunotherapy, Glioblastoma, Hypermutant"
"Bourgeois-Daigneault, Marie-Claude",Centre hospitalier de l'Universite de Montreal (CHUM),Quebec,Project Grant,202010PJT,Cancer Biology & Therapeutics,"To uncover, understand and exploit the estrogen-oncolytic virus crosstalk to improve therapy","$768,825",$0,,,5 yrs 0 mth ,Cancer Research,Cancer-Cancer Drug Development and Therapeutics,2021-04-01,2026-03-31,0,,,"estrogen, oncolytic virus, crosstalk"
"Boutopoulos, Christos",CIUSSS Est-de-l'Ile-de- Montreal-Maisonneuve Rosemont,Quebec,Project Grant,202109PJT,Medical Physics & Imaging,An OCT-controlled system for precise and reproducible subretinal drug injection in mice,"$179,775",$0,,,2 yrs 6 mths ,Genetics,"Biomedical Engineering-Biophysics, Medical Technologies and Instrumentation; Biomedical Engineering-Biomedical Imaging",2022-04-01,2024-09-30,0,,,"OCT, subretinal injection, mice"
"Boutros, Paul C","Ontario Institute for Cancer Research (Toronto, Ontario)",Ontario,Project Grant,201709PJT,Cancer Progression & Therapeutics,The evolution of prostate cancer,"$1,147,500",$0,,,5 yrs 0 mth ,Cancer Research,Cancer-Cancer Progression and Metastasis,2018-04-01,2023-03-31,6,,,prostate cancer
"Boycott, Kym M",Children's Hospital of Eastern Ontario Research Institute Inc,Ontario,Advancing Technology Innovation Through Discovery,201010ATE,Special Cases,Finding of Rare Disease Genes in Canada (FORGE CANADA),"$1,225,000",$0,,,1 yr 0 mth ,,,2010-12-01,2012-05-31,0,,,"Rare disease, Genes, Canada"
"Boyd, Steven K",University of Calgary,Alberta,Operating Grant,201003MOP,Biomedical Engineering,A biomedical engineering approach to investigating bone quality across the lifespan,"$629,550",$0,,,5 yrs 0 mth ,Musculoskeletal Health and Arthritis,"OSTEOPOROSIS; MUSCULO SKELETAL; MUSCLE, BONE, OR JOINT; HEALTH RESEARCH",2010-10-01,2015-09-30,0,,,"biomedical engineering, bone quality, lifespan"
"Boyd, Steven K",University of Calgary,Alberta,Project Grant,201809PJT,Medical Physics & Imaging,Advanced multi-modal imaging to monitor progressive joint adaptation in the knee following an acute ligament injury,"$925,650",$0,,,5 yrs 0 mth ,Musculoskeletal Health and Arthritis,"Biomedical Engineering-Biomedical Imaging; Musculoskeletal Health-Bone, Skin and Cartilage Sciences",2019-04-01,2024-03-31,0,,,"multi-modal imaging, joint adaptation, ligament injury"
"Boyd, Steven K",University of Calgary,Alberta,Project Grant,202104PJT,Medical Physics & Imaging,Predicting fragility fractures by non-invasive high-resolution imaging and advanced morphometrics,"$963,900",$0,,,5 yrs 0 mth ,Musculoskeletal Health and Arthritis,Biomedical Engineering-Biomedical Imaging,2021-10-01,2026-09-30,0,,,"fragility fractures, high-resolution imaging, morphometrics"
"Brambilla, Davide",Universite de Montreal,Quebec,Project Grant,202303PJT,Biomedical Engineering 2,Long-lasting recovery of lysosomal acid lipase deficiency using non-viral delivery of non-integrating episomal DNA constructs.,"$661,725",$0,,,4 yrs 0 mth ,"Nutrition, Metabolism and Diabetes","Biomedical Engineering-Biomaterials, Nanotechnology and Biomechanics; Pharmacological, Toxicological and Pharmaceutical Sciences-Drug Discovery, Design and Delivery",2023-10-01,2027-09-30,0,,,"lysosomal acid lipase, non-viral delivery, episomal DNA"
"Bramson, Jonathan L",McMaster University,Ontario,Operating Grant,201009MOP,Cancer Biology & Therapeutics,CAR-engineered CD4+ T cells for tumor immunotherapy,"$406,695",$0,,,3 yrs 0 mth ,Cancer Research,CANCER THERAPY GENERAL; BREAST CANCER THERAPY; CANCER; IMMUNOLOGY-TRANSPLANTATION,2011-04-01,2014-03-31,9,,,"CAR, CD4+, T cells"
"Bratman, Scott V",University Health Network (Toronto),Ontario,Project Grant,201809PJT,Cancer Progression & Therapeutics 2,Genomics-based radiosensitization for HPV-negative squamous cell carcinoma of the aerodigestive tract,"$757,352",$0,,,4 yrs 0 mth ,Cancer Research,"Cancer-Cancer Drug Development and Therapeutics; Pharmacological, Toxicological and Pharmaceutical Sciences-Translational and Clinical Pharmacology",2019-04-01,2023-03-31,0,,,"Genomics, radiosensitization, carcinoma"
"Bratman, Scott V",University Health Network (Toronto),Ontario,Project Grant,201903PJT,Cancer Progression & Therapeutics 2,Lung cancer early detection and classification using methylome analysis of plasma cell free DNA,"$995,264",$0,,,4 yrs 0 mth ,Cancer Research,Cancer-Clinical Oncology,2019-10-01,2023-09-30,6,,,"lung cancer, methylome, plasma cell free DNA"
"Bremner, Rod",Sinai Health System (Toronto),Ontario,Project Grant,202203PJT,Cancer Biology & Therapeutics 2,Role of YAP and TAZ in Acute Myeloid Leukemia,"$902,700",$0,,,5 yrs 0 mth ,Genetics,Genetics-Molecular and Functional Genetics and Epigenetics; Cancer-Cancer Drug Development and Therapeutics,2022-10-01,2027-09-30,0,,,"YAP, TAZ, Leukemia"
"Brindley, David N",University of Alberta,Alberta,Project Grant,201909PJT,Cancer Progression & Therapeutics,Targeting lysophosphatidate (LPA) signaling to improve therapeutic outcomes  for breast cancer patients,"$937,125",$0,,,5 yrs 0 mth ,Cancer Research,Cancer-Cancer Drug Development and Therapeutics,2020-04-01,2025-03-31,0,,,"lysophosphatidate, signaling, breast cancer"
"Brinkman, Ryan",University of British Columbia,British Columbia,Operating Grant: Priority Announcement (IHSPR),200809IHP,Cancer Progression & Therapeutics,Statistical analysis of clinical lymphoma data for automated quality assurance of diagnosis and biomarker identification,"$68,228",$0,,,1 yr 0 mth ,Cancer Research,CANCER THERAPY GENERAL; HEALTH SERVICES RESEARCH; CANCER,2009-01-01,2009-12-31,0,,,"statistical analysis, lymphoma, biomarker"
"Brock, Kristy K",University Health Network (Toronto),Ontario,Operating Grant - PA: Cancer Research (bridge funding),201109IC1,Medical Physics & Imaging,A Finite Element Model Approach to Modeling Changes of the Head and Neck,"$100,000",$0,,,1 yr 0 mth ,Cancer Research,CANCER THERAPY GENERAL; CANCER; IMAGING,2012-03-01,2013-02-28,0,,,"Finite Element, Head, Neck"
"Brodt, Pnina",Research Institute of the McGill University Health Centre,Quebec,Project Grant,201909PJT,Cancer Progression & Therapeutics,Regulatory circuits controlling the immune microenvironment of liver metastases,"$807,075",$0,,,5 yrs 0 mth ,Cancer Research,"Cancer-Cancer Progression and Metastasis; Molecular, Cellular and Systems Biology-Cell Signaling",2020-04-01,2025-03-31,0,,,"regulatory circuits, immune microenvironment, liver metastases"
"Brodt, Pnina",McGill University,Quebec,Operating Grant,200909MOP,Cancer Progression & Therapeutics,Role of the microenvironment in liver metastasis,"$622,074",$0,,,5 yrs 0 mth ,Cancer Research,NEOPLASMS; GASTRO-INTESTINAL CANCER; CANCER; MOLECULAR BIOLOGY,2010-04-01,2015-03-31,1,,,"microenvironment, liver, metastasis"
"Brown, Jeremy A",Dalhousie University (Nova Scotia),Nova Scotia,Project Grant,202203PJT,Biomedical Engineering 2,Precision Image-Guided Ultrasound Ablation of Brain Tumors: A Longitudinal Pre-Clinical Study using a Newly Developed Platform,"$596,700",$0,,,5 yrs 0 mth ,Cancer Research,"Biomedical Engineering-Biomedical Imaging; Cancer-Cancer Drug Development and Therapeutics; Biomedical Engineering-Biophysics, Medical Technologies and Instrumentation",2022-10-01,2027-09-30,2,,,"Image-Guided, Ultrasound, Ablation"
"Brunette, Donald M",University of British Columbia,British Columbia,Operating Grant,200909MOP,Biomedical Engineering,Regulation of cell behaviour on implants by surface topography,"$685,810",$0,,,5 yrs 0 mth ,Musculoskeletal Health and Arthritis,"DENTAL DISEASE (INCL. ORAL BIOLOGY); DENTAL SCIENCE - Oral Biology; MUSCLE, BONE, OR JOINT",2010-04-01,2015-03-31,0,,,"cell, surface, topography"
"Buckstein, Rena J","Sunnybrook Health Sciences Centre (Toronto, Ontario)",Ontario,Operating Grant - PA: Cancer Research (bridge funding),201103IC1,Cancer Biology & Therapeutics,"Myelodysplastic Syndromes (MDS) in Canada:  A national prospective study of the epidemiology, quality of life and impact of co-morbidity/frailty on disease outcome","$100,000",$0,,,1 yr 0 mth ,Cancer Research,BLOOD; EPIDEMIOLOGY; CANCER; HEALTH RESEARCH,2011-10-01,2012-09-30,0,,,"Myelodysplastic Syndromes, epidemiology, co-morbidity"
"Burnier, Julia",Research Institute of the McGill University Health Centre,Quebec,Project Grant,202303PJT,Cancer Progression & Therapeutics,Modelling cancer cell-derived extracellular vesicles using synthetic nanoparticles,"$960,076",$0,,,5 yrs 0 mth ,Cancer Research,"Cancer-Cancer Progression and Metastasis; Biomedical Engineering-Biomaterials, Nanotechnology and Biomechanics",2023-10-01,2028-09-30,0,,,"cancer, extracellular vesicles, nanoparticles"
"Burns, Peter N","Sunnybrook Health Sciences Centre (Toronto, Ontario)",Ontario,Operating Grant,201109MOP,Medical Physics & Imaging,Acoustically activated submicron droplets of liquid perfluorocarbon as a new contrast agent for ultrasound imaging,"$360,706",$0,,,4 yrs 0 mth ,Cancer Research,NEOPLASMS; BREAST CANCER; IMAGING; BIOPHYSICS,2012-04-01,2016-03-31,0,,,"acoustically activated, submicron droplets, ultrasound imaging"
"Burns, Peter N","Sunnybrook Health Sciences Centre (Toronto, Ontario)",Ontario,Operating Grant,201209MOP,Medical Physics & Imaging,Ultrasound Imaging Investigation of Resistance and Adaptation to Targeted Anti-cancer Therapeutics,"$579,409",$0,,,5 yrs 0 mth ,Cancer Research,CANCER THERAPY GENERAL; IMAGING; BIOPHYSICS,2013-04-01,2016-06-30,1,,,"Ultrasound, Imaging, Anti-cancer"
"Buschmann, Michael D",Polytechnique Montreal,Quebec,"Operating Grant - PA: Inst of Nutrition, Metabolism and Diabetes -Bridge Funding",200903NMD,Biomedical Engineering,Chitosan/Plasmid-DNA Polyelectrolyte Complexes for Delivery of Glucagon-Like Peptide-1 (GLP-1) in Diabetes Type 2 Models,"$100,000",$0,,,1 yr 0 mth ,"Nutrition, Metabolism and Diabetes",DIABETES MELLITUS; OBESITY; METABOLISM/DIABETES; BIOPHYSICS,2009-10-01,2010-09-30,3,,,"Chitosan, Plasmid-DNA, GLP-1"
"Buschmann, Michael D",Polytechnique Montreal,Quebec,"Operating Grant - PA: Musculoskeletal Health, Arthritis, Skin and Oral Health",201009IMH,Biomedical Engineering,Mechanisms and optimisation of marrow stimulated cartilage repair,"$100,000",$0,,,1 yr 0 mth ,Musculoskeletal Health and Arthritis,"ARTHRITIS/OSTEOARTHRITIS; INJURY, REGENERATION; MUSCLE, BONE, OR JOINT",2011-10-01,2016-09-30,5,,,"marrow, cartilage, repair"
"Buschmann, Michael D",Polytechnique Montreal,Quebec,Operating Grant,201103MOP,Biomedical Engineering,Mechanisms and optimisation of marrow stimulated cartilage repair,"$558,505",$0,,,5 yrs 0 mth ,Musculoskeletal Health and Arthritis,"ARTHRITIS/OSTEOARTHRITIS; INJURY, REGENERATION; MUSCLE, BONE, OR JOINT",2011-10-01,2016-09-30,5,,,"marrow, cartilage, repair"
"Buschmann, Michael D",Polytechnique Montreal,Quebec,Operating Grant,201109MOP,Biomedical Engineering,Polymer-based Gene Delivery for Rheumatoid Arthritis,"$361,539",$0,,,3 yrs 0 mth ,Musculoskeletal Health and Arthritis,"ARTHRITIS/OSTEOARTHRITIS; MUSCLE, BONE, OR JOINT",2012-04-01,2015-03-31,3,,,"Polymer, Gene Delivery, Rheumatoid Arthritis"
"Busque, Lambert",CIUSSS Est-de-l'Ile-de- Montreal-Maisonneuve Rosemont,Quebec,Operating Grant,201403MOP,Cancer Progression & Therapeutics 2,Relationship between clonal architecture of aging hematopoiesis and the risk of developing age-associated myeloid cancers.,"$845,460",$0,,,5 yrs 0 mth ,Cancer Research,LEUKAEMIAS; AGING; BLOOD; GENETICS,2014-07-01,2019-06-30,0,,,"clonal architecture, hematopoiesis, myeloid cancers"
"Buttyan, Ralph",University of British Columbia,British Columbia,Project Grant,201709PJT,Cancer Progression & Therapeutics 2,Interference with Gli to Control Castration Resistant Prostate Cancer,"$344,250",$0,,,3 yrs 0 mth ,Cancer Research,"Cancer-Cancer Drug Development and Therapeutics; Sex-and-Gender Health-Sex Differences in Cells, Tissues and Animals",2018-04-01,2021-03-31,0,,,"Gli, prostate cancer, interference"
"Buttyan, Ralph",University of British Columbia,British Columbia,Operating Grant,201109MOP,Cancer Progression & Therapeutics,Paracrine Hedgehog as a Mediator of Castration Resistant Prostate Cancer,"$567,625",$0,,,5 yrs 0 mth ,Cancer Research,PROSTATE AND BLADDER CANCER; ENDOCRINOLOGY; CANCER,2012-04-01,2017-03-31,0,,,"Hedgehog, Paracrine, Prostate Cancer"
"Caldwell, Curtis B","Sunnybrook Health Sciences Centre (Toronto, Ontario)",Ontario,Operating Grant,201503MOP,Medical Physics & Imaging,Personalizing Radionuclide Therapy of Neuroendocrine Tumours,"$433,320",$0,,,4 yrs 0 mth ,Cancer Research,CANCER THERAPY GENERAL; MULTIDISCIPLINARY; CANCER; IMAGING,2015-07-01,2019-06-30,0,,,"Radionuclide, Neuroendocrine, Tumours"
"Campbell, Robert E",University of Alberta,Alberta,"Catalyst Grant: Invention and High-Risk, High-Benefit Research",200902NHG,"Inventions, Technologies, or High Risk Grants",Intracellular biosensors based on engineered fluorescent proteins: new tools and techniques for imaging the spatiotemporal dynamics of correlated biochemical events in single cells,"$90,600",$0,,,1 yr 0 mth ,Genetics,CANCER THERAPY GENERAL; BREAST CANCER; BIOCHEMISTRY; IMAGING,2009-02-01,2009-09-30,5,,,"biosensors, fluorescent proteins, imaging"
"Campbell, Robert E",University of Alberta,Alberta,"Catalyst Grant: Invention and High-Risk, High-Benefit Research",200903NHG,"Inventions, Technologies, or High Risk Grants","New tools for real-time imaging of multiple signaling events in single cells: design, construction, and biological applications of genetically encoded biosensors","$259,225",$0,,,3 yrs 0 mth ,Genetics,DIABETES MELLITUS; CANCER THERAPY GENERAL; IMAGING; BIOCHEMISTRY,2009-10-01,2012-09-30,5,,,"imaging, biosensors, signaling"
"Carreau, Madeleine",Universite Laval,Quebec,Project Grant,201803PJT,Cancer Progression & Therapeutics,Understanding Head and Neck Squamous Cell Carcinoma onset in young adults,"$680,850",$0,,,5 yrs 0 mth ,Cancer Research,"Cancer-Mechanisms of Carcinogenesis; Molecular, Cellular and Systems Biology-Molecular Biology",2018-10-01,2023-09-30,0,,,"Head, Neck, Carcinoma"
"Carrier, Marc",Ottawa Hospital Research Institute,Ontario,Operating Grant,201003MOP,Cancer Progression & Therapeutics,The Use of Extended Peri-operative Low Molecular Weight Heparin to Improve Cancer Specific Survival Following Surgical Resection of Colon Cancer: A Randomized Controlled Trial,"$816,176",$0,,,4 yrs 0 mth ,Cancer Research,GASTRO-INTESTINAL CANCER; CLOTTING DEFECTS/THROMBOSIS; CANCER; HEALTH RESEARCH,2010-10-01,2014-09-30,0,,,"Heparin, Cancer, Surgery"
"Carson, Jeffrey J",London Health Sciences Centre Res. Inc. (Ont.),Ontario,Operating Grant,201003MOP,Medical Physics & Imaging,Development of a photoacoustic imaging system for lesion characterization during breast cancer diagnostics,"$557,990",$0,,,5 yrs 0 mth ,Cancer Research,BREAST CANCER; IMAGING; CANCER,2010-10-01,2015-09-30,0,,,"photoacoustic, imaging, breast cancer"
"Catelas, Isabelle",University of Ottawa,Ontario,Operating Grant,201309MOP,Biomedical Engineering,Identification and modulation of molecular mechanisms involved in the biological response to wear and corrosion of hip implants,"$524,631",$0,,,4 yrs 0 mth ,Musculoskeletal Health and Arthritis,"MUSCULO SKELETAL; MULTIDISCIPLINARY; MUSCLE, BONE, OR JOINT; CELL BIOLOGY",2014-04-01,2018-03-31,1,,,"molecular mechanisms, biological response, hip implants"
"Catelas, Isabelle",University of Ottawa,Ontario,"Project Grant - PA: MSK, Skin and Oral Health: Clinical Research - MSK Health",201803PJ5,Biomedical Engineering,Identification of molecular mechanisms involved in the biological response to implant wear and corrosion,"$100,000",$0,,,1 yr 0 mth ,Musculoskeletal Health and Arthritis,"Biomedical Engineering-Biomaterials, Nanotechnology and Biomechanics; Musculoskeletal Health-Bone, Skin and Cartilage Sciences",2020-04-01,2025-03-31,0,,,"molecular mechanisms, implant wear, corrosion"
"Catelas, Isabelle",University of Ottawa,Ontario,Project Grant,201909PJT,Biomedical Engineering,Identification of molecular mechanisms involved in the biological response to implant wear and corrosion,"$826,200",$0,,,5 yrs 0 mth ,Musculoskeletal Health and Arthritis,"Biomedical Engineering-Biomaterials, Nanotechnology and Biomechanics; Musculoskeletal Health-Bone, Skin and Cartilage Sciences",2020-04-01,2025-03-31,0,,,"molecular mechanisms, implant wear, corrosion"
"Cattral, Mark S",University Health Network (Toronto),Ontario,Operating Grant,201303MOP,Cancer Biology & Therapeutics,Investigation of Dendritic Cell De-differentiation in Cancer,"$673,346",$0,,,5 yrs 0 mth ,Cancer Research,CANCER THERAPY GENERAL; NEOPLASMS; CANCER,2013-10-01,2018-09-30,0,,,"Dendritic cell, De-differentiation, Cancer"
"Cattral, Mark S",University Health Network (Toronto),Ontario,Project Grant,201903PJT,Cancer Biology & Therapeutics,Transformation of the Tumor Microenvironment with Genetically-modifed Dendritic Cells for T cell-mediated Immunotherapy,"$921,826",$0,,,5 yrs 0 mth ,Cancer Research,Cancer-Cancer Drug Development and Therapeutics,2019-10-01,2024-09-30,0,,,"Tumor, Dendritic Cells, Immunotherapy"
"Cellot, Sonia","Centre hospitalier universitaire Sainte-Justine (Montreal, Quebec)",Quebec,Project Grant,202104PJT,Cancer Biology & Therapeutics 2,Exploiting induction of mitochondrial apoptosis as a therapeutic vulnerability in high fatality pediatric leukemia,"$944,776",$0,,,5 yrs 0 mth ,Cancer Research,Cancer-Pediatric Cancer,2021-10-01,2026-09-30,0,,,"mitochondrial apoptosis, pediatric leukemia, therapeutic vulnerability"
"Cen, Shan",CIUSSS de Centre-Ouest-de-l'Ile-de-Montreal-Jewish General,Quebec,Operating Grant - Priority Announcement: Canadian HIV Vaccine Initiative,200809HVI,Virology & Viral Pathogenesis,The potential of APOBEC3G in the development of a novel anti-HIV-1 therapeutic.,"$327,993",$0,,,3 yrs 0 mth ,Infection and Immunity,AIDS; VIRAL; VIROLOGY; MOLECULAR BIOLOGY,2009-07-01,2010-06-30,3,,,"APOBEC3G, HIV-1, therapeutic"
"Cescon, David W",University Health Network (Toronto),Ontario,Project Grant,202010PJT,Cancer Biology & Therapeutics 2,Discovery and validation of vulnerabilities and therapeutic strategies for cyclin-dependent kinase 4/6 inhibitor-resistant hormone receptor positive breast cancer,"$895,050",$0,,,5 yrs 0 mth ,Cancer Research,Cancer-Cancer Drug Development and Therapeutics,2021-04-01,2026-03-31,0,,,"cyclin-dependent kinase, inhibitor, breast cancer"
"Cete, Marceline",University of Ottawa,Ontario,Operating Grant: COVID-19 - Therapeutics,202002OV3,Canadian 2019 Novel Coronavirus (2019-nCoV) Rapid Research,Drug repurposing for the rapid development and evaluation of SARS-CoV-2 antivirals,"$415,686",$0,,,2 yrs 0 mth ,Infection and Immunity,VIRAL; VIROLOGY,2020-04-01,2022-03-31,0,,,"drug repurposing, SARS-CoV-2, antivirals"
"Chakravarty, Megha M",CIUSSS de l'Ouest-de-l'Ile-de-Montreal-Douglas Hospital,Quebec,Project Grant,201903PJT,Medical Physics & Imaging,Studying prenatal exposure to maternal immune activation as risk factor for neurodevelopmental disorders: from the fetus to adulthood,"$803,250",$0,,,5 yrs 0 mth ,"Neurosciences, Mental Health and Addiction",Mental Health and Behavioural Conditions-Psychology and Psychiatry; Biomedical Engineering-Biomedical Imaging; Methods Development and Modelling-Computational Biology,2019-10-01,2024-09-30,0,,,"prenatal exposure, maternal immune activation, neurodevelopmental disorders"
"Champagne, Pierre-Olivier",Universite Laval,Quebec,Project Grant,202303PJT,Biomedical Engineering 2,Organogenese de muqueuse nasale autologue pour la reconstruction endoscopique endonasale en chirurgie de la base du crene,"$669,376",$0,,,5 yrs 0 mth ,Cancer Research,"Biomedical Engineering-Biomaterials, Nanotechnology and Biomechanics",2023-10-01,2028-09-30,0,,,"organogenese, muqueuse nasale, reconstruction"
"Chan, Jennifer A",University of Calgary,Alberta,Operating Grant,201309MOP,Cancer Progression & Therapeutics 2,The role of CIC in oligodendroglioma,"$656,900",$0,,,5 yrs 0 mth ,Cancer Research,BRAIN TUMORS (INCL. RETINAL TUMORS); CANCER; NERVOUS SYSTEM,2014-04-01,2019-03-31,0,,,"CIC, oligodendroglioma"
"Chan, Steven M",University Health Network (Toronto),Ontario,Project Grant,201803PJT,Cancer Biology & Therapeutics 2,PINK1 Inhibition as a Novel Therapeutic Strategy to Target Acute Myeloid Leukemia Stem Cells,"$348,074",$0,,,3 yrs 0 mth ,Cancer Research,Cancer-Cancer Drug Development and Therapeutics,2018-10-01,2021-09-30,0,,,"PINK1, Inhibition, Leukemia"
"Chan, Steven M",University Health Network (Toronto),Ontario,Project Grant,202010PJT,Cancer Progression & Therapeutics,Repurposing Metformin to Target TET2 Mutation Driven Clonal Hematopoiesis and Malignant Transformation,"$573,752",$0,,,4 yrs 0 mth ,Cancer Research,Cancer-Cancer Drug Development and Therapeutics,2021-04-01,2025-03-31,0,,,"Metformin, TET2, Hematopoiesis"
"Chan, Steven M",University Health Network (Toronto),Ontario,Project Grant - Priority Announcement: Early Detection/Cancer Prevention,202209DCP,Cancer Progression & Therapeutics,Role of Thrombopoietin Receptor (TPO-R) Signaling in TET2 Mutation-Driven Clonal Hematopoiesis,"$100,000",$0,,,1 yr 0 mth ,Cancer Research,Cancer-Cancer Progression and Metastasis; Cancer-Mechanisms of Carcinogenesis; Cancer-Cancer Drug Development and Therapeutics,2023-03-01,2024-02-29,0,,,"Thrombopoietin, Receptor, TET2"
"Chan, Warren C",University of Toronto,Ontario,Operating Grant,200809MOP,Biomedical Engineering,Assessing the Size Dependent Cancer Targeting of Herceptin-coated Nanoparticles,"$419,013",$0,,,4 yrs 0 mth ,Cancer Research,BREAST CANCER; BIOPHYSICS; CANCER,2009-04-01,2013-03-31,0,,,"Herceptin, nanoparticles, cancer"
"Charron, Frederic",Institut de recherches cliniques de Montreal,Quebec,Operating Grant,201203MOP,Cancer Progression & Therapeutics,Hedgehog signaling and medulloblastoma tumorigenesis,"$713,954",$0,,,5 yrs 0 mth ,Cancer Research,BRAIN TUMORS (INCL. RETINAL TUMORS); NEOPLASMS; CANCER; GENETICS,2012-10-01,2015-06-30,0,,,"Hedgehog signaling, medulloblastoma, tumorigenesis"
"Charron, Frederic",Institut de recherches cliniques de Montreal,Quebec,Project Grant,202109PJT,Cancer Progression & Therapeutics 2,Investigation of a novel tumor suppressor mechanism in medulloblastoma,"$990,675",$0,,,5 yrs 0 mth ,Genetics,Cancer-Pediatric Cancer,2022-04-01,2027-03-31,0,,,"tumor suppressor, medulloblastoma"
"Chaurand, Pierre",Universite de Montreal,Quebec,Op Gr: Spark Grants in Novel Technologies in Cancer Prevention & Early Detection,202010SGN,Special Cases,Cancer steroidomics by tag-enhanced imaging mass spectrometry,"$150,000",$0,,,1 yr 0 mth ,Cancer Research,BREAST CANCER; PROSTATE AND BLADDER CANCER; CANCER; IMAGING,2021-01-01,2021-12-31,0,,,"cancer, steroidomics, imaging mass spectrometry"
"Chen, Guojun",McGill University,Quebec,Project Grant - PA: Breast Cancer Research,202109PLL,Biomedical Engineering,Engineering injectable cold atmospheric plasma-preserved hydrogel to treat breast cancer,"$100,000",$0,,,1 yr 0 mth ,Cancer Research,"Biomedical Engineering-Biomaterials, Nanotechnology and Biomechanics",2022-10-01,2027-09-30,0,,,"injectable, plasma, hydrogel"
"Chen, Guojun",McGill University,Quebec,Project Grant,202203PJT,Biomedical Engineering 2,Engineering injectable cold atmospheric plasma-preserved hydrogel to treat breast cancer,"$787,950",$0,,,5 yrs 0 mth ,Cancer Research,"Biomedical Engineering-Biomaterials, Nanotechnology and Biomechanics",2022-10-01,2027-09-30,0,,,"injectable, plasma, hydrogel"
"Chen, Jing J",Baycrest Centre for Geriatric Care (Toronto),Ontario,"Project Grant - PA: Neurosciences, Mental Health and Addiction",201909PJ8,Medical Physics & Imaging,Mapping cellular and extracellular white-matter changes in aging using MRI: Towards clinical translation,"$77,500",$0,,,1 yr 0 mth ,Aging,Biomedical Engineering-Biomedical Imaging; Aging-Aging Process and Biological Determinants of Aging,2020-03-01,2021-02-28,1,,,"white-matter, MRI, aging"
"Chen, Jing J",Baycrest Centre for Geriatric Care (Toronto),Ontario,Operating Grant,201209MOP,Medical Physics & Imaging,Physiology Basis of Resting-State Functional MRI,"$398,027",$0,,,4 yrs 0 mth ,Aging,"AGING; STROKE, HEART FAILURE",2013-04-01,2016-06-30,1,,,"Resting-State, Functional MRI, Physiology"
"Chen, Junjian Z",Research Institute of the McGill University Health Centre,Quebec,"Catalyst Grant: Invention and High-Risk, High-Benefit Research",200903NHG,"Inventions, Technologies, or High Risk Grants",A high throughput platform for discovery and noninvasive detection of tumor-specific fusion genes in human cancer,"$297,750",$0,,,3 yrs 0 mth ,Genetics,PROSTATE AND BLADDER CANCER; NEOPLASMS; CANCER; GENETICS,2009-10-01,2012-09-30,0,,,"high throughput, fusion genes, cancer"
"Cheng, Hai-Ling M",University of Toronto,Ontario,Project Grant,202403PJT,Biomedical Engineering,A Novel Targeted MRI Probe for Safe and Early Detection of Fibrosis,"$875,926",$0,,,5 yrs 0 mth ,Circulatory and Respiratory Health,"Biomedical Engineering-Biomedical Imaging; Biomedical Engineering-Biophysics, Medical Technologies and Instrumentation",2024-10-01,2029-09-30,0,,,"MRI, Probe, Fibrosis"
"Cheriet, Farida",Polytechnique Montreal,Quebec,Project Grant,201709PJT,Biomedical Engineering,Multimodal Image-based Simulation Tool to Support Decision-Making in Scoliosis Surgery,"$420,750",$0,,,3 yrs 0 mth ,Musculoskeletal Health and Arthritis,Biomedical Engineering-Biomedical Imaging,2018-04-01,2021-03-31,0,,,"Multimodal, Image-based, Scoliosis"
"Cheriet, Farida",Polytechnique Montreal,Quebec,Project Grant,202209PJT,Biomedical Engineering,Non-Invasive Assessment of Scoliotic Trunk Mobility for an Effective Management of Patients,"$470,476",$0,,,4 yrs 0 mth ,Musculoskeletal Health and Arthritis,Biomedical Engineering-Biomedical Imaging,2023-04-01,2027-03-31,0,,,"Non-Invasive, Scoliotic, Mobility"
"Cherkasov, Artem",University of British Columbia,British Columbia,Operating Grant: COVID-19 - Therapeutics,202002OV3,Canadian 2019 Novel Coronavirus (2019-nCoV) Rapid Research,Augmented Discovery of Potential Inhibitors of SARS-CoV-2 3CL Protease,"$999,000",$0,,,2 yrs 0 mth ,Infection and Immunity,DRUGS- PHARMACEUTICAL SCIENCE/CHEMISTRY & NON MEDICAL USE OF DRUGS; INFECTIOUS AND PARASITIC; DRUG RESEARCH; INTERNATIONAL HEALTH,2020-04-01,2022-03-31,0,,,"Augmented Discovery, Inhibitors, SARS-CoV-2 3CL Protease"
"Cherkasov, Artem",University of British Columbia,British Columbia,Operating Grant: COVID-19 Rapid Research Funding Opportunity - Therapeutics,202005VR3,COVID-19 Rapid Research - Therapeutics,Computer-aided discovery of synergistic drug combinations with Remdevisir for COVID-19 through mechanism-based drug repurposing and combinatorial organoid screening.,"$2,109,120",$0,,,1 yr 0 mth ,Infection and Immunity,DRUGS- PHARMACEUTICAL SCIENCE/CHEMISTRY & NON MEDICAL USE OF DRUGS; INFECTIOUS AND PARASITIC; DRUG RESEARCH; INTERNATIONAL HEALTH,2020-06-01,2021-05-31,0,,,"drug combinations, COVID-19, organoid screening"
"Cherkasov, Artem",University of British Columbia,British Columbia,Project Grant,201709PJT,Cancer Biology & Therapeutics 2,Design and evaluation of small molecules that target the dimerization interface of full-length and splice-variant forms of the androgen receptor as a potential treatment for advanced prostate cancer,"$459,000",$0,,,3 yrs 0 mth ,Cancer Research,Cancer-Cancer Drug Development and Therapeutics,2018-04-01,2021-03-31,2,,,"small molecules, androgen receptor, prostate cancer"
"Chevrette, Mario",Research Institute of the McGill University Health Centre,Quebec,Operating Grant,200809MOP,Cancer Progression & Therapeutics,CD9 and its partners: their role in induction of mitotic catastrophe and in irradiation and microtubule-targeted drug sensitivity.,"$313,083",$0,,,3 yrs 0 mth ,Cancer Research,PROSTATE AND BLADDER CANCER; PROSTATE AND BLADDER CANCER THERAPY; CANCER; CELL BIOLOGY,2009-04-01,2012-03-31,0,,,"CD9, mitotic catastrophe, microtubules"
"Cheyne, Douglas O",Hospital for Sick Children (Toronto),Ontario,Project Grant,201709PJT,Medical Physics & Imaging 2,Non-invasive imaging of sensorimotor plasticity following cranial nerve repair,"$673,200",$0,,,5 yrs 0 mth ,"Neurosciences, Mental Health and Addiction",Biomedical Engineering-Biomedical Imaging; Neurosciences-Motor Systems; Neurosciences-Neurodevelopment,2018-04-01,2023-03-31,0,,,"imaging, sensorimotor, cranial nerve"
"Chiew, Mark","Sunnybrook Health Sciences Centre (Toronto, Ontario)",Ontario,Project Grant - Priority Announcement: Early Detection/Cancer Prevention,202309DCP,Medical Physics & Imaging,Rapid Diagnostic Imaging of Brain Metastases using Computational MRI,"$100,000",$0,,,1 yr 0 mth ,Cancer Research,Biomedical Engineering-Biomedical Imaging; Artificial Intelligence-Machine Learning; Cancer-Cancer Progression and Metastasis,2024-03-01,2025-02-28,0,,,"Diagnostic, Imaging, MRI"
"Chithrani, Devika B",University of Victoria (British Columbia),British Columbia,Project Grant,202309PJT,Biomedical Engineering,Exploiting the full potential of cancer radiotherapy using a novel combined treatment approach to treat locally advanced tumors,"$612,000",$0,,,5 yrs 0 mth ,Cancer Research,"Biomedical Engineering-Biomaterials, Nanotechnology and Biomechanics",2024-04-01,2029-03-31,0,,,"cancer, radiotherapy, tumors"
"Chou, Leo",University of Toronto,Ontario,Project Grant,202309PJT,Biomedical Engineering 2,Lymph node targeting of DNA nanostructured vaccines,"$650,250",$0,,,5 yrs 0 mth ,Cancer Research,"Biomedical Engineering-Biomaterials, Nanotechnology and Biomechanics",2024-04-01,2029-03-31,0,,,"Lymph node, DNA nanostructures, vaccines"
"Clemente Casares, Javier",University of Alberta,Alberta,Project Grant,202203PJT,Cancer Biology & Therapeutics,The Role of CSF2RB1 Ligands in Cancer-Associated Cachexia,"$918,000",$0,,,5 yrs 0 mth ,Cancer Research,Cancer-Cancer Progression and Metastasis; Musculoskeletal Health-Skeletal Muscle Biology and Physiology; Immunology and Infection-Immunology and Autoimmune Diseases (including rheumatology),2022-10-01,2027-09-30,0,,,"CSF2RB1, Ligands, Cancer-Associated Cachexia"
"Cloutier, Guy",Centre hospitalier de l'Universite de Montreal (CHUM),Quebec,Project Grant,202303PJT,Medical Physics & Imaging,"Inflammatory phenotype, senescence, and viscoelasticity imaging of macrophages in HIV","$726,750",$0,,,5 yrs 0 mth ,Aging,"Biomedical Engineering-Biomedical Imaging; Biomedical Engineering-Biophysics, Medical Technologies and Instrumentation",2023-10-01,2028-09-30,0,,,"inflammatory, senescence, macrophages"
"Cloutier, Guy",Centre hospitalier de l'Universite de Montreal (CHUM),Quebec,Operating Grant,201203MOP,Medical Physics & Imaging,Plane-wave quantitative ultrasound imaging of blood mechanical properties,"$760,348",$0,,,5 yrs 0 mth ,Circulatory and Respiratory Health,BLOOD; MULTIDISCIPLINARY; IMAGING; CARDIOVASCULAR,2012-10-01,2018-03-31,2,,,"plane-wave, ultrasound, blood"
"Cloutier, Guy",Centre hospitalier de l'Universite de Montreal (CHUM),Quebec,Project Grant,201803PJT,Medical Physics & Imaging,Premature carotid atherosclerosis evolution and plaque vulnerability assessed by quantitative ultrasound biomarkers in HIV-infected individuals,"$569,926",$0,,,5 yrs 0 mth ,Circulatory and Respiratory Health,Biomedical Engineering-Biomedical Imaging,2018-10-01,2023-09-30,0,,,"carotid atherosclerosis, ultrasound biomarkers, plaque vulnerability"
"Cobb, Jennifer A",University of Calgary,Alberta,Operating Grant,201403MOP,Cancer Biology & Therapeutics,Nej1 and Lif1 form structural filaments that bridge the ends of DNA at a DSB,"$628,466",$0,,,5 yrs 0 mth ,Genetics,CANCER THERAPY GENERAL; GENETICS; CANCER,2014-07-01,2019-06-30,0,,,"Nej1, Lif1, DNA"
"Collins, Colin C",University of British Columbia,British Columbia,Project Grant,202010PJT,Cancer Biology & Therapeutics 2,Uncovering early mediators of lineage plasticity and validation of a metabolic vulnerability in neuroendocrine prostate cancer,"$1,147,500",$0,,,5 yrs 0 mth ,Cancer Research,"Cancer-Cancer Progression and Metastasis; Molecular, Cellular and Systems Biology-Molecular Biology",2021-04-01,2026-03-31,0,,,"lineage plasticity, metabolic vulnerability, neuroendocrine prostate cancer"
"Collins, Donald L",McGill University,Quebec,Operating Grant,201009MOP,Medical Physics & Imaging,Development and validation of MRI biomarkers for diagnosis and prognosis of prodromal Alzheimer's disease,"$383,741",$0,,,3 yrs 0 mth ,"Neurosciences, Mental Health and Addiction",ALZHEIMER'S DISEASE; MULTIDISCIPLINARY; AGING; IMAGING,2011-04-01,2015-03-31,1,,,"MRI, biomarkers, Alzheimer's"
"Collins, Donald L",McGill University,Quebec,Operating Grant: Fall 2008 Priority Announcement (IMHA),200809MUS,Biomedical Engineering,Image guided neurosurgery,"$100,000",$0,,,1 yr 0 mth ,"Neurosciences, Mental Health and Addiction",MUSCULO SKELETAL; SPINAL CORD DISEASE; NERVOUS SYSTEM; IMAGING,2005-04-01,2009-03-31,0,,,"Image, neurosurgery"
"Collins, Donald L",McGill University,Quebec,Operating Grant,200903MOP,Biomedical Engineering,Image guided neurosurgery: Improving guidance during spinal surgery.,"$503,702",$0,,,3 yrs 0 mth ,Musculoskeletal Health and Arthritis,MUSCULO SKELETAL; SPINAL CORD DISEASE; NERVOUS SYSTEM; IMAGING,2009-10-01,2012-09-30,0,,,"Image, neurosurgery, guidance"
"Collins, Donald L",McGill University,Quebec,Project Grant,202303PJT,Medical Physics & Imaging,Radiation-free neuronavigation system for spinal tumor surgery: an intraoperative augmented reality guided surgery platform,"$1,200,286",$0,,,5 yrs 0 mth ,Cancer Research,Biomedical Engineering-Biomedical Imaging,2023-10-01,2028-09-30,0,,,"neuronavigation, augmented reality, spinal tumor"
"Coombs, Kevin M",University of Manitoba,Manitoba,Operating Grant: COVID-19 Rapid Research Funding Opportunity - Therapeutics,202005VR3,COVID-19 Rapid Research - Therapeutics,Integrated multi-omic delineation of SARS-CoV-2-dysregulated cellular processes,"$790,162",$0,,,1 yr 0 mth ,Infection and Immunity,VIRAL; INFECTIOUS AND PARASITIC; VIROLOGY; CELL BIOLOGY,2020-06-01,2021-05-31,0,,,"multi-omic, SARS-CoV-2, cellular processes"
"Costantino, Santiago",CIUSSS Est-de-l'Ile-de- Montreal-Maisonneuve Rosemont,Quebec,Operating Grant,201309MOP,Medical Physics & Imaging,Development of novel OCT-based clinical measurements of ocular elasticity and retinal deformation as risk factors in glaucoma.,"$511,724",$0,,,5 yrs 0 mth ,Aging,GLAUCOMA; MULTIDISCIPLINARY; IMAGING; VISION,2014-04-01,2019-03-31,1,,,"OCT, ocular elasticity, retinal deformation"
"Costantino, Santiago",CIUSSS Est-de-l'Ile-de- Montreal-Maisonneuve Rosemont,Quebec,Project Grant,202104PJT,Medical Physics & Imaging,Local and global biomechanical properties of the eye as new glaucoma risk factors,"$692,326",$0,,,5 yrs 0 mth ,"Neurosciences, Mental Health and Addiction",Biomedical Engineering-Biomedical Imaging,2021-10-01,2026-09-30,0,,,"biomechanical properties, eye, glaucoma"
"Cottrell, Tricia","Queen's University (Kingston, Ontario)",Ontario,Project Grant,202010PJT,Cancer Biology & Therapeutics,Immunophenotyping Malignant Pleural Mesothelioma: Identifying Predictive and Prognostic Biomarkers for Combinatorial Immunotherapy,"$872,865",$0,,,5 yrs 0 mth ,Cancer Research,Cancer-Clinical Oncology,2021-04-01,2026-03-31,0,,,"Immunophenotyping, Mesothelioma, Biomarkers"
"Craig, Andrew W","Queen's University (Kingston, Ontario)",Ontario,Operating Grant,201109MOP,Cancer Progression & Therapeutics,Roles of F-BAR proteins in lung cancer progression and metastases,"$706,058",$0,,,5 yrs 0 mth ,Cancer Research,LUNG CANCER; CANCER THERAPY GENERAL; CANCER; CELL BIOLOGY,2012-04-01,2017-03-31,4,,,"F-BAR, lung cancer, metastases"
"Craig, Andrew W","Queen's University (Kingston, Ontario)",Ontario,Project Grant,202003PJT,Cancer Biology & Therapeutics 2,Targeting TGF-beta signaling to achieve durable therapy responses in preclinical ovarian cancer models,"$765,000",$0,,,5 yrs 0 mth ,Cancer Research,Cancer-Cancer Drug Development and Therapeutics; Cancer-Cancer Progression and Metastasis,2020-10-01,2025-09-30,1,,,"TGF-beta, signaling, ovarian cancer"
"Craig, Andrew W","Queen's University (Kingston, Ontario)",Ontario,Project Grant,202104PJT,Cancer Progression & Therapeutics 2,Translating synthetic lethality with common driver events into targeted therapies for high fatality cancers,"$911,116",$0,,,5 yrs 0 mth ,Cancer Research,Cancer-Cancer Drug Development and Therapeutics,2021-10-01,2026-09-30,1,,,"synthetic lethality, driver events, targeted therapies"
"Cripton, Peter A",University of British Columbia,British Columbia,Operating Grant,201503MOP,Biomedical Engineering,Kinematics and Muscle Activation of the Cervical Spine During Impending Head First Impacts in Motor Vehicle Rollovers,"$355,773",$0,,,5 yrs 0 mth ,Musculoskeletal Health and Arthritis,"MUSCULO SKELETAL; INJURY, REGENERATION; MUSCLE, BONE, OR JOINT; BIOPHYSICS",2015-07-01,2020-06-30,0,,,"Kinematics, Muscle Activation, Cervical Spine"
"Cripton, Peter A",University of British Columbia,British Columbia,Project Grant,202209PJT,Biomedical Engineering,Neck Muscle and Head-Neck Dynamics in Rollover Crashes,"$539,324",$0,,,4 yrs 0 mth ,Musculoskeletal Health and Arthritis,"Biomedical Engineering-Biomaterials, Nanotechnology and Biomechanics; Musculoskeletal Health-Skeletal Muscle Biology and Physiology; Neurosciences-Sensory Systems (including visual, auditory and pain)",2023-04-01,2027-03-31,0,,,"neck, muscle, rollover"
"Cripton, Peter A",University of British Columbia,British Columbia,Operating Grant,201203MOP,Biomedical Engineering,Towards a Cervical Spine Injury Tolerance Criterion that incorporates Lateral Bending Loading,"$420,848",$0,,,4 yrs 0 mth ,Musculoskeletal Health and Arthritis,"MUSCULO SKELETAL; INJURY, REGENERATION; MUSCLE, BONE, OR JOINT; NERVOUS SYSTEM",2012-10-01,2016-09-30,0,,,"Cervical Spine, Injury Tolerance, Lateral Bending"
"Crome, Sarah A",University Health Network (Toronto),Ontario,Project Grant,201909PJT,Cancer Biology & Therapeutics,Harnessing innate lymphoid cells to improve hematopoietic stem cell transplant outcomes,"$944,775",$0,,,5 yrs 0 mth ,Infection and Immunity,"Cancer-Cancer Drug Development and Therapeutics; Immunology and Infection-Transplantation, Immune Tolerance and Tumor Immunology; Immunology and Infection-Immunology and Autoimmune Diseases (including rheumatology)",2020-04-01,2025-03-31,2,,,"innate lymphoid cells, hematopoietic stem cell, transplant"
"Croxen, Matthew A",University of Alberta,Alberta,Operating Grant: COVID-19 - Diagnostics,202002OV1,Canadian 2019 Novel Coronavirus (2019-nCoV) Rapid Research,Rapid RNA sequencing of coronavirus for public health surveillance and transmission,"$630,432",$0,,,2 yrs 0 mth ,Population and Public Health,"VIRAL; GENOMICS, PROTEOMICS, AND BIOINFORMATICS; VIROLOGY",2020-04-01,2022-03-31,0,,,"RNA sequencing, coronavirus, public health"
"Cullis, Pieter R",University of British Columbia,British Columbia,Project Grant,202203PJT,Cancer Biology & Therapeutics 2,Development of LNP/mRNA systems for direct transfection and generation of functional Chimeric Antigen Receptor (CAR) T-cells in-vivo for treatment of blood and other cancer cell types,"$856,800",$0,,,5 yrs 0 mth ,Cancer Research,"Biomedical Engineering-Biomaterials, Nanotechnology and Biomechanics; Cancer-Cancer Drug Development and Therapeutics; Molecular, Cellular and Systems Biology-Biochemistry",2023-07-01,2028-06-30,1,,,"LNP, mRNA, CAR T-cells"
"Cullis, Pieter R",University of British Columbia,British Columbia,Operating Grant,200810MOP,Cancer Biology & Therapeutics,Investigations of nanoparticulate formulations of lipophilic prodrugs,"$100,000",$0,,,1 yr 0 mth ,Cancer Research,CANCER THERAPY GENERAL; DRUGS- PHARMACEUTICAL SCIENCE/CHEMISTRY & NON MEDICAL USE OF DRUGS; CANCER; BIOPHYSICS,2009-03-01,2010-02-28,8,,,"nanoparticulate, lipophilic, prodrugs"
"Cullis, Pieter R",University of British Columbia,British Columbia,Operating Grant: COVID-19 Rapid Research Funding Opportunity - Therapeutics,202005VR3,COVID-19 Rapid Research - Therapeutics,Liver as a bioreactor for robust production of SARS-CoV-2 neutralizing antibodies,"$237,445",$0,,,1 yr 0 mth ,Infection and Immunity,DRUGS- PHARMACEUTICAL SCIENCE/CHEMISTRY & NON MEDICAL USE OF DRUGS; VIRAL; DRUG RESEARCH; HEALTH RESEARCH,2020-06-01,2021-05-31,0,,,"liver, bioreactor, antibodies"
"Cullis, Pieter R",University of British Columbia,British Columbia,Project Grant,202209PJT,Biomedical Engineering 2,Newly Optimized LNP Systems for Genetic drugs and Gene therapy in Neurological diseases,"$1,057,421",$0,,,5 yrs 0 mth ,Genetics,"Biomedical Engineering-Biomaterials, Nanotechnology and Biomechanics",2023-04-01,2028-03-31,3,,,"LNP, gene therapy, neurological diseases"
"Cullis, Pieter R",University of British Columbia,British Columbia,Project Grant,202303PJT,Biomedical Engineering 2,Rational Design of Lipid Nanoparticle Systems for mRNA Delivery,"$1,082,476",$0,,,5 yrs 0 mth ,Infection and Immunity,"Biomedical Engineering-Biomaterials, Nanotechnology and Biomechanics; Pharmacological, Toxicological and Pharmaceutical Sciences-Drug Discovery, Design and Delivery",2023-10-01,2028-09-30,4,,,"Lipid Nanoparticle, mRNA, Delivery"
"Cunningham, Charles H","Sunnybrook Health Sciences Centre (Toronto, Ontario)",Ontario,Operating Grant,201309MOP,Medical Physics & Imaging,Characterization and Validation of Hyperpolarized Carbon-13 Signals Associated with Heart Failure,"$344,523",$0,,,3 yrs 0 mth ,Circulatory and Respiratory Health,CARDIOLOGY; MYOCARDIAL INFARCTION; IMAGING; CARDIOVASCULAR,2014-04-01,2017-03-31,2,,,"Hyperpolarized, Carbon-13, Heart Failure"
"Cunningham, Charles H","Sunnybrook Health Sciences Centre (Toronto, Ontario)",Ontario,Project Grant,202303PJT,Medical Physics & Imaging,Imaging Lactate Production and Consumption in the Human Brain,"$875,925",$0,,,4 yrs 0 mth ,Cancer Research,Biomedical Engineering-Biomedical Imaging; Cancer-Cancer Progression and Metastasis; Neurosciences-Neurodegeneration,2023-10-01,2027-09-30,0,,,"Imaging, Lactate, Brain"
"Cunningham, Ian A",Western University (Ontario),Ontario,Operating Grant,201103MOP,Medical Physics & Imaging,Energy-Subtraction Cardiac Angiography: A New Approach in X-Ray Imaging,"$329,049",$0,,,3 yrs 0 mth ,Circulatory and Respiratory Health,CARDIOLOGY; IMAGING; CARDIOVASCULAR,2011-10-01,2014-09-30,1,,,"Energy-Subtraction, Cardiac Angiography, X-Ray Imaging"
"Cunningham, Ian A",Western University (Ontario),Ontario,Operating Grant,201309MOP,Medical Physics & Imaging,High-Performance X-Ray Detectors that Maximize Image Quality and Reduce Patient Exposures,"$419,099",$0,,,3 yrs 0 mth ,Cancer Research,BREAST CANCER; IMAGING; CANCER,2014-04-01,2017-03-31,2,,,"X-Ray, Detectors, Image Quality"
"Cypel, Marcelo",University Health Network (Toronto),Ontario,Project Grant,202010PJT,Biomedical Engineering,Establishing strategies to preserve donor lungs for multiple days: Cyclic Normothermic Ex vivo Lung Perfusion and Mitochondrial Transplantation .,"$803,252",$0,,,4 yrs 0 mth ,Circulatory and Respiratory Health,"Molecular, Cellular and Systems Biology-Molecular Biology; Cardiovascular, Respiratory and Circulatory Systems-Respiratory System Pathologies and Clinical Interventions",2021-04-01,2025-03-31,1,,,"lung perfusion, normothermic, mitochondrial"
"Czarnota, Gregory J","Sunnybrook Health Sciences Centre (Toronto, Ontario)",Ontario,Operating Grant,201303MOP,Medical Physics & Imaging,Novel Ultrasound-Activated Microbubble Enhancement of Radiation Response: Optimization of Response,"$706,608",$0,,,5 yrs 0 mth ,Cancer Research,CANCER THERAPY GENERAL; BREAST CANCER THERAPY; CANCER; BIOPHYSICS,2013-10-01,2018-09-30,0,,,"Ultrasound, Microbubble, Radiation"
"Czarnota, Gregory J","Sunnybrook Health Sciences Centre (Toronto, Ontario)",Ontario,Project Grant,201809PJT,Medical Physics & Imaging,Quantitative Ultrasound for A Priori Breast Cancer Chemoerthapy Response Prediction,"$598,995",$0,,,3 yrs 0 mth ,Cancer Research,Biomedical Engineering-Biomedical Imaging,2019-04-01,2022-03-31,3,,,"Ultrasound, Breast Cancer, Chemotherapy"
"Czarnota, Gregory J","Sunnybrook Health Sciences Centre (Toronto, Ontario)",Ontario,Project Grant,201710PJT,Medical Physics & Imaging,Quantitative Ultrasound for A Priori Breast Cancer Chemotherapy Response Prediction,"$100,000",$0,,,1 yr 0 mth ,Cancer Research,Biomedical Engineering-Biomedical Imaging; Cancer-Cancer Drug Development and Therapeutics,2018-04-01,2019-03-31,3,,,"Ultrasound, Breast Cancer, Chemotherapy"
"Czarnota, Gregory J","Sunnybrook Health Sciences Centre (Toronto, Ontario)",Ontario,Project Grant,201803PJT,Medical Physics & Imaging,Ultrasound-Stimulated Microbubble Enhancement of Tumour Radiation Response,"$795,600",$0,,,3 yrs 0 mth ,Cancer Research,"Biomedical Engineering-Biophysics, Medical Technologies and Instrumentation; Cancer-Cancer Drug Development and Therapeutics",2018-10-01,2021-09-30,0,,,"Ultrasound, Microbubble, Radiation"
"Dacosta, Ralph S",University Health Network (Toronto),Ontario,Operating Grant,201203MOP,Cancer Biology & Therapeutics,"Developing Preclinical Optical Imaging Tools for Studying Vasculature, Microenvironment, and Radiation Response of Solid Tumours In Vivo.","$447,823",$0,,,4 yrs 0 mth ,Cancer Research,CANCER THERAPY GENERAL,2012-10-01,2016-09-30,16,,,"Optical imaging, Vasculature, Tumours"
"Dacosta, Ralph S",University Health Network (Toronto),Ontario,Operating Grant,201403MOP,Medical Physics & Imaging,Portable Intraoperative Fluorescence Imaging for Real-time Margin Assessment and Guidance During Breast Cancer Surgery,"$333,390",$0,,,3 yrs 0 mth ,Cancer Research,BREAST CANCER; BREAST CANCER THERAPY; IMAGING; CANCER,2014-07-01,2018-03-31,10,,,"Intraoperative, Fluorescence Imaging, Breast Cancer"
"Dacosta, Ralph S",University Health Network (Toronto),Ontario,Operating Grant,200809MOP,Cancer Biology & Therapeutics,Probing the Temporal Dynamics of Tumor Cell Kill and Vascular Damage in Radiation Therapy using Optical Molecular Imaging Techniques,"$347,478",$0,,,3 yrs 0 mth ,Cancer Research,CANCER THERAPY GENERAL; CANCER; IMAGING,2009-04-01,2012-03-31,15,,,"Tumor, Radiation, Imaging"
"Dacosta, Ralph S",University Health Network (Toronto),Ontario,Project Grant,202003PJT,Cancer Progression & Therapeutics 2,Understanding the Interaction of Acute Myeloid Leukemia with the Bone Marrow Microenvironment: Elucidating New Therapeutic Targets Through In Vivo Imaging,"$612,000",$0,,,4 yrs 0 mth ,Cancer Research,"Cancer-Cancer Drug Development and Therapeutics; Cancer-Cancer Progression and Metastasis; Molecular, Cellular and Systems Biology-Cell Biology and Physiology",2020-10-01,2024-09-30,1,,,"Acute Myeloid Leukemia, Bone Marrow, In Vivo Imaging"
"Dagnino, Lina",Western University (Ontario),Ontario,Operating Grant,201009MOP,Cancer Biology & Therapeutics,Integrin-linked kinase in epidermal stem cells,"$703,280",$0,,,5 yrs 0 mth ,Musculoskeletal Health and Arthritis,SKIN AND SUBCUTANEOUS TISSUS; MULTIPLE DISEASE RELEVANCE; CELL BIOLOGY,2011-04-01,2016-03-31,0,,,"Integrin, kinase, epidermal stem cells"
"Daniel, Juliet M",McMaster University,Ontario,Project Grant,202003PJT,Cancer Progression & Therapeutics,"Kaiso, Triple Negative Breast Cancer and Women of African Ancestry.","$807,076",$0,,,5 yrs 0 mth ,Cancer Research,"Molecular, Cellular and Systems Biology-Cell Signaling; Cancer-Cancer Progression and Metastasis; Genetics-Genomics, Transcriptomics and Proteomics",2020-10-01,2025-09-30,0,,,"Kaiso, Breast Cancer, African Ancestry"
"Das, Sunit",Unity Health Toronto,Ontario,Operating Grant,201503MOP,Cancer Progression & Therapeutics 2,Targeting bevacizumb resistance via LIVE-mediated vascular mimicry in glioblastoma.,"$545,268",$0,,,4 yrs 0 mth ,Cancer Research,BRAIN TUMORS (INCL. RETINAL TUMORS); BRAIN TUMORS THERAPY; CELL BIOLOGY; CANCER,2015-07-01,2019-06-30,0,,,"bevacizumab, vascular mimicry, glioblastoma"
"Davenport Huyer, Locke S",Dalhousie University (Nova Scotia),Nova Scotia,Project Grant,202309PJT,Biomedical Engineering,Metabolite-based Immunoregulatory Polymer Surgical Meshes for Pelvic Floor Reconstructive Surgery,"$918,000",$0,,,5 yrs 0 mth ,Infection and Immunity,"Biomedical Engineering-Biomaterials, Nanotechnology and Biomechanics",2024-04-01,2029-03-31,1,,,"Metabolite, Immunoregulatory, Polymer"
"Davie, James R",University of Manitoba,Manitoba,CIHR/Regional Partnership Program/Operating Grants,200903ROP,Cancer Biology & Therapeutics,Nucleosomal response and immediate early gene expression,"$100,000",$0,,,2 yrs 0 mth ,Cancer Research,NEOPLASMS; CARCINOGENS (INCL ENVIRONMENTAL); CANCER; CELL BIOLOGY,2009-10-01,2010-06-30,0,,,"Nucleosomal, gene expression, immediate early"
"De Carvalho, Daniel",University Health Network (Toronto),Ontario,Project Grant,202403PJT,Cancer Biology & Therapeutics,Disruption of the SPT-ADA-GCN5-ACETYLTRANSFERASE (SAGA) complex in adoptive cell therapies to enhance killing capacity and long-term immune cells effector function,"$860,626",$0,,,5 yrs 0 mth ,Cancer Research,"Genetics-Genomics, Transcriptomics and Proteomics; Cancer-Cancer Drug Development and Therapeutics",2024-10-01,2029-09-30,0,,,"SAGA, cell therapies, immune cells"
"De Carvalho, Daniel",University Health Network (Toronto),Ontario,Project Grant,201903PJT,Cancer Biology & Therapeutics,Viral mimicry tolerance as a mechanism of early tumor immune evasion,"$868,276",$0,,,5 yrs 0 mth ,Cancer Research,"Cancer-Mechanisms of Carcinogenesis; Cancer-Cancer Progression and Metastasis; Immunology and Infection-Transplantation, Immune Tolerance and Tumor Immunology",2019-10-01,2024-09-30,7,,,"viral, mimicry, immune"
"De Ribaupierre, Sandrine",Western University (Ontario),Ontario,Operating Grant,201403MOP,Medical Physics & Imaging,Development and validation of new technologies to monitor hydrocephalus,"$367,156",$0,,,4 yrs 0 mth ,"Human Development, Child and Youth Health",PERINATAL; MULTIDISCIPLINARY; IMAGING; NERVOUS SYSTEM,2014-07-01,2018-06-30,0,,,"hydrocephalus, monitoring, validation"
"Deblois, Genevieve",Universite de Montreal,Quebec,Project Grant - PA: Epigenetics/epigenomics in human health or disease,202003PJG,Cancer Biology & Therapeutics 2,Investigating the metabolic determinants of triple-negative breast cancer progression through chromatin dependencies,"$100,000",$0,,,1 yr 0 mth ,Cancer Research,"Cancer-Cancer Progression and Metastasis; Cancer-Mechanisms of Carcinogenesis; Molecular, Cellular and Systems Biology-Systems Biology; Cancer - Treatment Genetics - Molecular and Functional Genetics and Epigenetics",2022-04-01,2027-03-31,0,,,"metabolic, breast cancer, chromatin"
"Deblois, Genevieve",Universite de Montreal,Quebec,Project Grant - PA: Epigenetics/epigenomics in human health or disease,202104PJG,Cancer Progression & Therapeutics,Investigating the metabolic determinants of triple-negative breast cancer progression through chromatin dependencies,"$100,000",$0,,,1 yr 0 mth ,Cancer Research,"Cancer-Cancer Progression and Metastasis; Cancer-Mechanisms of Carcinogenesis; Molecular, Cellular and Systems Biology-Systems Biology; Cancer - Treatment Genetics - Molecular and Functional Genetics and Epigenetics",2022-04-01,2027-03-31,0,,,"metabolic, breast cancer, chromatin"
"Deblois, Genevieve",Universite de Montreal,Quebec,Project Grant,202109PJT,Cancer Progression & Therapeutics,Investigating the metabolic determinants of triple-negative breast cancer progression through chromatin dependencies,"$619,650",$0,,,5 yrs 0 mth ,Cancer Research,"Cancer-Cancer Progression and Metastasis; Cancer-Mechanisms of Carcinogenesis; Molecular, Cellular and Systems Biology-Systems Biology; Cancer - Treatment Genetics - Molecular and Functional Genetics and Epigenetics",2022-04-01,2027-03-31,0,,,"metabolic, breast cancer, chromatin"
"Dedhar, Shoukat R",University of British Columbia,British Columbia,Operating Grant,201309MOP,Cancer Progression & Therapeutics,Development of therapeutic antibodies targeting carbonic anhydrase IX (CAIX),"$609,976",$0,,,4 yrs 0 mth ,Cancer Research,CANCER THERAPY GENERAL; BREAST CANCER,2014-04-01,2015-06-30,1,,,"therapeutic antibodies, carbonic anhydrase IX, CAIX"
"Dedhar, Shoukat R",University of British Columbia,British Columbia,Project Grant,202209PJT,Cancer Progression & Therapeutics 2,Investigation of Neutrophil Extracellular Trap DNA ( NET-DNA) induced signaling in the progression of Pancreatic Ductal Adenocarcinoma,"$956,250",$0,,,5 yrs 0 mth ,Cancer Research,Cancer-Cancer Progression and Metastasis,2023-04-01,2028-03-31,0,,,"Neutrophil, NET-DNA, Adenocarcinoma"
"Dedhar, Shoukat R",University of British Columbia,British Columbia,Operating Grant - Priority Announcement: Breast Cancer,201303COP,Cancer Biology & Therapeutics,"Role of ILK/Rictor complex in the TGF-b and Hippo signaling pathway mediated EMT, cancer stem cell function and tumor progression","$100,000",$0,,,1 yr 0 mth ,Cancer Research,BREAST CANCER; CANCER THERAPY GENERAL; CANCER; CELL BIOLOGY,2013-10-01,2014-09-30,0,,,"ILK, Rictor, TGF-b"
"Dedhar, Shoukat R",University of British Columbia,British Columbia,Operating Grant,200909MOP,Cancer Biology & Therapeutics,Targeting Carbonic Anhydrase IX and Hypoxia for the diagnosis and treatment of aggresive breast cancers,"$926,186",$0,,,5 yrs 0 mth ,Cancer Research,BREAST CANCER; BREAST CANCER THERAPY; CANCER; DRUG RESEARCH,2010-04-01,2015-03-31,4,,,"Carbonic Anhydrase, Hypoxia, Breast Cancers"
"Del Rincon, Sonia V",CIUSSS de Centre-Ouest-de-l'Ile-de-Montreal-Jewish General,Quebec,Project Grant,201809PJT,Cancer Progression & Therapeutics,"Inhibiting the MNK1/2-eIF4E axis, to favor anti-tumor immunity in melanoma.","$761,175",$0,,,5 yrs 0 mth ,Cancer Research,"Cancer-Cancer Progression and Metastasis; Immunology and Infection-Transplantation, Immune Tolerance and Tumor Immunology",2019-04-01,2024-03-31,0,,,"MNK1, eIF4E, melanoma"
"Del Rincon, Sonia V",CIUSSS de Centre-Ouest-de-l'Ile-de-Montreal-Jewish General,Quebec,Project Grant,202104PJT,Cancer Progression & Therapeutics,Targeting mRNA translation to effectively treat uveal melanoma.,"$715,276",$0,,,5 yrs 0 mth ,Cancer Research,Cancer-Cancer Progression and Metastasis,2021-10-01,2026-09-30,0,,,"mRNA, translation, melanoma"
"Dellaire, Graham P",Dalhousie University (Nova Scotia),Nova Scotia,Project Grant,201709PJT,Cancer Biology & Therapeutics,Characterization of HR-Killer1 and identification of small molecules for cancer therapy and enhanced gene editing using CRISPR/Cas9-based DNA repair strategies,"$1,063,350",$0,,,5 yrs 0 mth ,Cancer Research,"Cancer-Cancer Drug Development and Therapeutics; Molecular, Cellular and Systems Biology-Molecular Biology; Molecular Biology - DNA Repair Genetics - Gene therapy",2018-04-01,2023-03-31,0,,,"HR-Killer1, small molecules, CRISPR"
"Dellaire, Graham P",Dalhousie University (Nova Scotia),Nova Scotia,Operating Grant,201103MOP,Cancer Biology & Therapeutics,The promyelocytic leukemia protein and nuclear domain function in DNA damage signalling and tumour suppression,"$756,990",$0,,,5 yrs 0 mth ,Cancer Research,NEOPLASMS; MULTIPLE DISEASE RELEVANCE; CANCER; CELL BIOLOGY,2011-10-01,2016-09-30,0,,,"promyelocytic leukemia, DNA damage, tumour suppression"
"Demore, Christine E","Sunnybrook Health Sciences Centre (Toronto, Ontario)",Ontario,Project Grant,202010PJT,Medical Physics & Imaging,Functional micro-ultrasound imaging of the neurovascular response to focal ischemia,"$757,350",$0,,,5 yrs 0 mth ,"Neurosciences, Mental Health and Addiction",Biomedical Engineering-Biomedical Imaging; Neurosciences-Neurological disorders,2021-04-01,2026-03-31,0,,,"micro-ultrasound, neurovascular, ischemia"
"Denault, Jean-Bernard",Universite de Sherbrooke,Quebec,Project Grant,201809PJT,Cancer Biology & Therapeutics 2,Non-canonical role of initiator caspases in colorectal cancer,"$669,375",$0,,,5 yrs 0 mth ,Cancer Research,Cancer-Cancer Progression and Metastasis; Cancer-Mechanisms of Carcinogenesis,2019-04-01,2024-03-31,0,,,"caspases, colorectal cancer, initiator"
"Dennis, James W",Sinai Health System (Toronto),Ontario,Operating Grant,201403MOP,Cancer Progression & Therapeutics 2,Metabolic reprogramming in cancer cells and the hexosamine biosynthesis pathway,"$664,934",$0,,,5 yrs 0 mth ,Cancer Research,CANCER THERAPY GENERAL; METABOLISM AND NUTRITION; CANCER; METABOLISM/DIABETES,2014-07-01,2019-06-30,0,,,"metabolic reprogramming, cancer cells, hexosamine biosynthesis"
"Derda, Ratmir",University of Alberta,Alberta,Project Grant,202109PJT,Cancer Biology & Therapeutics,"""Probing the Role of Glycans in Immunooncology using Genetically Encoded """"Liquid Glycan Arrays""""""","$944,775",$0,,,5 yrs 0 mth ,Cancer Research,Cancer-Cancer Drug Development and Therapeutics,2022-04-01,2027-03-31,0,,,"Glycans, Immunooncology, Arrays"
"Derry, William B",Hospital for Sick Children (Toronto),Ontario,Operating Grant - E-Rare-2: Innovative Therapeutic Approaches,201405ERL,Special Cases,Pharmacological suppression of cerebral cavernous malformations,"$430,808",$0,,,3 yrs 0 mth ,Circulatory and Respiratory Health,CNS ORGANIC; BRAIN TUMORS THERAPY; CARDIOVASCULAR; DRUG RESEARCH,2015-04-01,2018-03-31,0,,,"cerebral cavernous malformations, pharmacological"
"Devereaux, Philip J",McMaster University,Ontario,Operating Grant,200903MOP,Medical Physics & Imaging,CT Angiography Prediction of Vascular events In noncardiac Surgery patients cOhort evaluatioN (CTA-VISION),"$467,247",$0,,,3 yrs 0 mth ,Circulatory and Respiratory Health,CARDIOLOGY; CORONARY CIRCULATION (INCL. INSUFFICIENCY); HEALTH RESEARCH; IMAGING,2009-10-01,2012-09-30,0,,,"CT, Angiography, Vascular"
"Di Martino, Elena S",University of Calgary,Alberta,Project Grant,202104PJT,Biomedical Engineering,Precision assessment of the abdominal aortic aneurysm: role of heterogeneity at the macro and micro scales,"$661,725",$0,,,4 yrs 0 mth ,Circulatory and Respiratory Health,"Biomedical Engineering-Biomedical Imaging; Biomedical Engineering-Biomaterials, Nanotechnology and Biomechanics; Artificial Intelligence-Machine Learning",2021-10-01,2025-09-30,3,,,"abdominal aortic aneurysm, heterogeneity, assessment"
"Di Noia, Javier M",Institut de recherches cliniques de Montreal,Quebec,Operating Grant,201303MOP,Cancer Biology & Therapeutics,"Coordinating DNA deamination, double strand break and repair to prevent genomic instability during antibody gene diversification.","$528,516",$0,,,4 yrs 0 mth ,Cancer Research,MULTIPLE DISEASE RELEVANCE; MOLECULAR BIOLOGY; CANCER,2013-10-01,2018-03-31,1,,,"DNA, deamination, repair"
"Diallo, Jean-Simon",Ottawa Hospital Research Institute,Ontario,Project Grant,201709PJT,Cancer Biology & Therapeutics,Development of Viral Sensitizing Antibody Drug Conjugate and Oncolytic virus Combination Regimens for the Treatment of Breast Cancer,"$776,475",$0,,,5 yrs 0 mth ,Cancer Research,Cancer-Cancer Drug Development and Therapeutics,2018-04-01,2023-03-31,2,,,"Viral, Antibody, Oncolytic"
"Diamandis, Eleftherios P",Sinai Health System (Toronto),Ontario,Operating Grant,200810MOP,Cancer Progression & Therapeutics,"Genetic, Epigenetic and Proteomic Analysis of the Kallikrein Family in Search for Novel Diagnostic Prognostic and Risk Susceptibility Algorithms for Prostate Cancer","$100,000",$0,,,1 yr 0 mth ,Cancer Research,"PROSTATE AND BLADDER CANCER; GENITO/URINARY SYSTEM; GENOMICS, PROTEOMICS, AND BIOINFORMATICS; CANCER",2009-03-01,2010-02-28,0,,,"Genetic, Epigenetic, Proteomic"
"Diamandis, Eleftherios P",Sinai Health System (Toronto),Ontario,Operating Grant,200903MOP,Cancer Progression & Therapeutics,"Genetic, Epigenetic and Proteomic Analysis of the Kallikrein Family in Search for Novel Diagnostic Prognostic and Risk Susceptibility Algorithms for Prostate Cancer","$599,728",$0,,,3 yrs 0 mth ,Cancer Research,"PROSTATE AND BLADDER CANCER; GENITO/URINARY SYSTEM; GENOMICS, PROTEOMICS, AND BIOINFORMATICS; CANCER",2009-03-01,2010-02-28,0,,,"Genetic, Epigenetic, Proteomic"
"Diamandis, Eleftherios P",Sinai Health System (Toronto),Ontario,Operating Grant,201209MOP,Cancer Progression & Therapeutics,Integrated Approach to Discover Prostate Cancer Biomarkers in Seminal Plasma,"$417,240",$0,,,3 yrs 0 mth ,Cancer Research,"PROSTATE AND BLADDER CANCER; CANCER; GENOMICS, PROTEOMICS, AND BIOINFORMATICS",2013-04-01,2016-03-31,1,,,"Prostate, Biomarkers, Seminal Plasma"
"Diamandis, Phedias",University Health Network (Toronto),Ontario,Project Grant,202104PJT,Medical Physics & Imaging,Automated computational pathology workflows for resolving patterns of heterogeneity in cancer,"$680,851",$0,,,4 yrs 0 mth ,Cancer Research,Cancer-Cancer Progression and Metastasis; Artificial Intelligence-Artificial Intelligence; Methods Development and Modelling-Quantitative Methods Development for Health Research,2021-10-01,2025-09-30,0,,,"computational pathology, heterogeneity, cancer"
"Diamandis, Phedias",University Health Network (Toronto),Ontario,Project Grant,202309PJT,Cancer Progression & Therapeutics 2,Deciphering communication networks across glioblastoma cell states,"$761,176",$0,,,4 yrs 0 mth ,Cancer Research,"Molecular, Cellular and Systems Biology-Molecular Biology",2024-04-01,2028-03-31,0,,,"communication, networks, glioblastoma"
"Diamandis, Phedias",University Health Network (Toronto),Ontario,Project Grant,202003PJT,Cancer Progression & Therapeutics,Mapping and targeting the niche-specific proteomes of glioblastoma,"$830,024",$0,,,4 yrs 0 mth ,Cancer Research,Cancer-Cancer Progression and Metastasis,2020-10-01,2024-09-30,0,,,"glioblastoma, proteomes, mapping"
"Dick, Frederick A",Western University (Ontario),Ontario,Operating Grant,201103MOP,Cancer Biology & Therapeutics,Differential control of E2F transcription factors by pRB in  normal and cancer cells,"$434,192",$0,,,3 yrs 0 mth ,Cancer Research,NEOPLASMS; CANCER THERAPY GENERAL; CANCER; GENETICS,2011-10-01,2014-09-30,0,,,"E2F, pRB, transcription factors"
"Dick, John E",University Health Network (Toronto),Ontario,Project Grant,202403PJT,Cancer Progression & Therapeutics,Discovery of epigenetic determinants regulating stemness to target the eradication of human pre-leukemic and leukemic stem cells,"$1,419,942",$0,,,5 yrs 0 mth ,Cancer Research,"Cancer-Cancer Progression and Metastasis; Molecular, Cellular and Systems Biology-Molecular Biology",2024-10-01,2029-09-30,0,,,"epigenetic, stem cells, leukemia"
"Dick, John E",University Health Network (Toronto),Ontario,Project Grant,202309PJT,Cancer Progression & Therapeutics 2,Phenotypic and Functional Characterization of Relapse-Fated Cells Present at Diagnosis in AML leading to improved therapeutic targeting and monitoring,"$1,051,875",$0,,,5 yrs 0 mth ,Cancer Research,"Cancer-Cancer Progression and Metastasis; Molecular, Cellular and Systems Biology-Cell Biology and Physiology",2024-07-01,2029-06-30,1,,,"Phenotypic, Functional, AML"
"Dimitroulakos, Jim",Ottawa Hospital Research Institute,Ontario,Operating Grant,201309MOP,Cancer Biology & Therapeutics,Targeting the mevalonate pathway in novel combination based therapeutic approaches,"$349,842",$0,,,3 yrs 0 mth ,Cancer Research,CANCER THERAPY GENERAL; NEOPLASMS; CANCER; BIOCHEMISTRY,2014-04-01,2017-03-31,0,,,"mevalonate pathway, combination therapy"
"Dimitroulakos, Jim",Ottawa Hospital Research Institute,Ontario,Operating Grant - PA: Cancer Research (bridge funding),201203IC1,Cancer Progression & Therapeutics 2,The cellular stress response regulator ATF3 is a novel mediator of platin induced tumour cell cytotoxicity and resistance,"$100,000",$0,,,1 yr 0 mth ,Cancer Research,CANCER THERAPY GENERAL; NEOPLASMS; CANCER; DRUG RESEARCH,2012-10-01,2013-09-30,0,,,"ATF3, platin, cytotoxicity"
"Dirks, Peter B",Hospital for Sick Children (Toronto),Ontario,Project Grant,202109PJT,Cancer Biology & Therapeutics,Determining the cellular mechanisms of initiation and evolution of hypermutant glioma,"$1,147,500",$0,,,5 yrs 0 mth ,Cancer Research,"Cancer-Mechanisms of Carcinogenesis; Neurosciences-Neurogenesis, Neurodifferentiation and Plasticity",2022-04-01,2027-03-31,0,,,"cellular, glioma, hypermutant"
"Dirks, Peter B",Hospital for Sick Children (Toronto),Ontario,Project Grant - Priority Announcement: Pediatric Cancer Research,202303PDI,Cancer Biology & Therapeutics,Injury Reprogramming at the Root of Glioblastoma Initiation and Progression,"$100,000",$0,,,1 yr 0 mth ,Cancer Research,Cancer-Mechanisms of Carcinogenesis; Cancer-Pediatric Cancer,2023-10-01,2028-09-30,0,,,"injury, reprogramming, glioblastoma"
"Dirks, Peter B",Hospital for Sick Children (Toronto),Ontario,Project Grant,201909PJT,Cancer Biology & Therapeutics 2,Modeling brain cancer in a regionally defined human neural stem cell system,"$956,250",$0,,,5 yrs 0 mth ,Cancer Research,"Cancer-Mechanisms of Carcinogenesis; Cancer-Pediatric Cancer; Neurosciences-Neurodevelopment; cancer progression, pediatric cancer",2020-04-01,2025-03-31,1,,,"brain cancer, neural stem cells, modeling"
"Dirks, Peter B",Hospital for Sick Children (Toronto),Ontario,Project Grant,202104PJT,Cancer Biology & Therapeutics 2,Tracing the Cellular and Molecular Origins of Mouse and Human Medulloblastoma,"$956,250",$0,,,5 yrs 0 mth ,Cancer Research,Cancer-Pediatric Cancer; Cancer-Mechanisms of Carcinogenesis; Neurosciences-Neurodevelopment,2021-10-01,2026-09-30,0,,,"cellular, molecular, medulloblastoma"
"Done, Susan J",University Health Network (Toronto),Ontario,Project Grant,201809PJT,Cancer Progression & Therapeutics 2,Circulating tumour cells and breast cancer heterogeneity,"$1,021,275",$0,,,5 yrs 0 mth ,Cancer Research,Cancer-Cancer Progression and Metastasis,2019-04-01,2024-03-31,0,,,"circulating tumour cells, breast cancer, heterogeneity"
"Done, Susan J",University Health Network (Toronto),Ontario,Operating Grant,201109MOP,Cancer Progression & Therapeutics 2,Towards a Better Understanding of Breast Cancer Intratumoural Heterogeneity,"$403,829",$0,,,3 yrs 0 mth ,Cancer Research,BREAST CANCER; NEOPLASMS; CANCER; GENETICS,2012-04-01,2015-03-31,0,,,"breast cancer, intratumoural heterogeneity"
"Done, Susan J",University Health Network (Toronto),Ontario,Project Grant,202203PJT,Cancer Progression & Therapeutics,Triple negative breast cancer intratumour heterogeneity and disease progression,"$1,086,300",$0,,,5 yrs 0 mth ,Cancer Research,Cancer-Cancer Progression and Metastasis,2022-10-01,2027-09-30,0,,,"breast cancer, intratumour heterogeneity, disease progression"
"Dong, Xuesen",University of British Columbia,British Columbia,Project Grant,202104PJT,Cancer Biology & Therapeutics,Design a Double-Bolt Lock to Control Cancer Cell Growth,"$910,350",$0,,,5 yrs 0 mth ,Cancer Research,Cancer-Cancer Drug Development and Therapeutics,2021-10-01,2026-09-30,0,,,"Double-Bolt Lock, Cancer Cell, Control"
"Dong, Xuesen",University of British Columbia,British Columbia,Project Grant,202403PJT,Cancer Progression & Therapeutics,Lin28b as a therapeutic target for prostate cancer progression,"$967,726",$0,,,5 yrs 0 mth ,Cancer Research,Cancer-Cancer Progression and Metastasis,2024-10-01,2029-09-30,0,,,"Lin28b, prostate cancer, progression"
"Drabovich, Andrei P",University of Alberta,Alberta,Operating Grant: COVID-19 Rapid Research Funding Opportunity - Diagnostics,202005VR2,COVID-19 Rapid Research - Diagnostics,Rational design and standardization of serology diagnostics using immunoaffinity-targeted proteomics assays,$0,$0,"$215,500",Public Health Agency of Canada,1 yr 0 mth ,Infection and Immunity,"VIRAL; BLOOD; GENOMICS, PROTEOMICS, AND BIOINFORMATICS",2020-09-01,2021-08-31,0,,,"serology, immunoaffinity, proteomics"
"Drake, James M",Hospital for Sick Children (Toronto),Ontario,Project Grant,202209PJT,Medical Physics & Imaging,An MRI-compatible focused ultrasound platform for non-invasive treatment of intraventricular hemorrhage of prematurity,"$612,000",$0,,,4 yrs 0 mth ,"Human Development, Child and Youth Health","Biomedical Engineering-Biophysics, Medical Technologies and Instrumentation; Biomedical Engineering-Biomedical Imaging; Reproduction and Development-Clinical Embryology, Neonatology and Pediatrics",2023-04-01,2027-03-31,0,,,"MRI, ultrasound, hemorrhage"
"Drake, James M",Hospital for Sick Children (Toronto),Ontario,Project Grant,202104PJT,Biomedical Engineering,Application of Magnetically Actuated Robotic System for Minimally Invasive Epilepsy Surgery,"$405,450",$0,,,3 yrs 0 mth ,"Human Development, Child and Youth Health","Biomedical Engineering-Biophysics, Medical Technologies and Instrumentation",2021-10-01,2024-09-30,1,,,"Magnetically Actuated, Robotic System, Epilepsy"
"Drake, James M",Hospital for Sick Children (Toronto),Ontario,Project Grant,201903PJT,Medical Physics & Imaging,Magnetic Resonance-guided Focused Ultrasound for Incisionless Musculotendinous Contracture Release,"$424,576",$0,,,3 yrs 0 mth ,Musculoskeletal Health and Arthritis,"Musculoskeletal Health-Skeletal Muscle Biology and Physiology; Biomedical Engineering-Biophysics, Medical Technologies and Instrumentation",2019-10-01,2022-09-30,0,,,"Magnetic Resonance, Focused Ultrasound, Musculotendinous"
"Drake, James M",Hospital for Sick Children (Toronto),Ontario,Project Grant,202209PJT,Biomedical Engineering,Minimally Invasive Robotic Surgical Tools for In-utero Repair of Open Spina Bifida,"$397,800",$0,,,4 yrs 0 mth ,"Human Development, Child and Youth Health","Biomedical Engineering-Biophysics, Medical Technologies and Instrumentation",2023-04-01,2027-03-31,0,,,"Robotic, Surgical, Spina Bifida"
"Drangova, Maria",Western University (Ontario),Ontario,Operating Grant,201103MOP,Medical Physics & Imaging,Advanced techniques for image assisted cardiac interventions,"$822,596",$0,,,5 yrs 0 mth ,Circulatory and Respiratory Health,ARRHYTHMIAS; CARDIOLOGY; IMAGING; CARDIOVASCULAR,2011-10-01,2016-09-30,3,,,"image, cardiac, interventions"
"Drangova, Maria",Western University (Ontario),Ontario,Project Grant,201803PJT,Medical Physics & Imaging,Characterizing cerebral thrombus composition with Phase-based MRI,"$881,664",$0,,,5 yrs 0 mth ,Circulatory and Respiratory Health,Biomedical Engineering-Biomedical Imaging,2018-10-01,2023-09-30,0,,,"cerebral thrombus, MRI, phase-based"
"Drews, Steven J",University of Alberta,Alberta,Operating Grant: COVID-19 Rapid Research Funding Opportunity - Diagnostics,202005VR2,COVID-19 Rapid Research - Diagnostics,"Population-based seroprevalence of prior infection with COVID-19 in Canada: implications for testing, economic revitalization and population health.","$955,694",$0,,,1 yr 0 mth ,Infection and Immunity,INFECTIOUS AND PARASITIC; EPIDEMIOLOGY; VIROLOGY; IMMUNOLOGY-TRANSPLANTATION,2020-06-01,2021-05-31,0,,,"seroprevalence, COVID-19, infection"
"Drobetsky, Elliot A",CIUSSS Est-de-l'Ile-de- Montreal-Maisonneuve Rosemont,Quebec,Operating Grant,201309MOP,Cancer Biology & Therapeutics,Regulation of UV Damage Repair by the ATR-mediated DNA Damage Checkpoint in Malignant Melanoma,"$364,536",$0,,,3 yrs 0 mth ,Cancer Research,CARCINOGENS (INCL ENVIRONMENTAL); ENVIRONMENTAL INFLUENCES ON HEALTH; CANCER; MOLECULAR BIOLOGY,2014-04-01,2017-03-31,0,,,"UV damage, DNA repair, melanoma"
"Drobetsky, Elliot A",CIUSSS Est-de-l'Ile-de- Montreal-Maisonneuve Rosemont,Quebec,Project Grant,202109PJT,Cancer Biology & Therapeutics,Replicative stress as a primary determinant of chemotherapeutic outcome in ovarian cancer,"$929,475",$0,,,5 yrs 0 mth ,Cancer Research,"Cancer-Cancer Drug Development and Therapeutics; Genetics-Genomics, Transcriptomics and Proteomics",2022-04-01,2027-03-31,0,,,"replicative stress, chemotherapeutic, ovarian cancer"
"Ducharme, Francine M","Centre hospitalier universitaire Sainte-Justine (Montreal, Quebec)",Quebec,Operating Grant: COVID-19 Rapid Research Funding Opportunity - Therapeutics,202005VR3,COVID-19 Rapid Research - Therapeutics,PRevention of COVID-19 with high dose Oral Vitamin D supplemental Therapy in Essential healthCare Teams (PROTECT),"$4,224,996",$0,,,1 yr 0 mth ,"Nutrition, Metabolism and Diabetes",INFECTIOUS AND PARASITIC; METABOLISM AND NUTRITION; DRUG RESEARCH; HEALTH RESEARCH,2020-06-01,2021-05-31,0,,,"COVID-19, Vitamin D, supplementation"
"Dudley, Roy W",Research Institute of the McGill University Health Centre,Quebec,Project Grant,202209PJT,Medical Physics & Imaging,Development of intraoperative label-free Raman Spectroscopy techniques to delineate Focal Cortical Dysplasia borders in Epilepsy surgery and detect cells carrying somatic variants,"$1,147,500",$0,,,5 yrs 0 mth ,"Human Development, Child and Youth Health","Biomedical Engineering-Biophysics, Medical Technologies and Instrumentation; Neurosciences-Neurological disorders",2023-04-01,2028-03-31,0,,,"Raman Spectroscopy, Focal Cortical Dysplasia, Epilepsy"
"Dunn, Jeff F",University of Calgary,Alberta,Project Grant,202003PJT,Medical Physics & Imaging,"Does inflammation in brain cause hypoxia, which then exacerbates inflammation: a multimodal study using the EAE inflammation model of multiple sclerosis.","$856,800",$0,,,5 yrs 0 mth ,"Neurosciences, Mental Health and Addiction",Biomedical Engineering-Biomedical Imaging; Neurosciences-Neuroinflammation,2020-10-01,2025-09-30,0,,,"inflammation, hypoxia, multiple sclerosis"
"Dunn, Jeff F",University of Calgary,Alberta,Project Grant,201709PJT,Medical Physics & Imaging 2,Functional near-infrared spectroscopic measures of coherence as a new bio-marker of injury in mTBI patients,"$669,375",$0,,,5 yrs 0 mth ,"Neurosciences, Mental Health and Addiction",Mental Health and Behavioural Conditions-Mental Health and Addiction; Biomedical Engineering-Biomedical Imaging,2018-04-01,2023-03-31,0,,,"near-infrared, spectroscopic, mTBI"
"Dunn, Jeff F",University of Calgary,Alberta,Project Grant,202403PJT,Medical Physics & Imaging,Non-invasive near-infrared spectroscopic measures of brain oxygenation and function--a potential biomarker of disease severity and progression in Multiple Sclerosis,"$979,200",$0,,,5 yrs 0 mth ,"Neurosciences, Mental Health and Addiction",Biomedical Engineering-Biomedical Imaging; Neurosciences-Neurological disorders,2024-10-01,2029-09-30,0,,,"near-infrared, spectroscopy, brain oxygenation"
"Dunn, Sandra E",University of British Columbia,British Columbia,Operating Grant,200809MOP,Cancer Progression & Therapeutics,Pioneering novel approaches to manage cancer recurrence  through the use of YB-1 inhibitors and off-patent drugs.,"$433,402",$0,,,3 yrs 0 mth ,Cancer Research,BREAST CANCER; CANCER THERAPY GENERAL; CANCER; DRUG RESEARCH,2009-04-01,2012-03-31,2,,,"YB-1 inhibitors, cancer recurrence, off-patent drugs"
"Dunn, Sandra E",University of British Columbia,British Columbia,Operating Grant,201103MOP,Cancer Progression & Therapeutics,Targeting the YB-1 pathway to overcome breast cancer recurrence,"$686,778",$0,,,5 yrs 0 mth ,Cancer Research,BREAST CANCER THERAPY; BREAST CANCER; MOLECULAR BIOLOGY; CANCER,2011-10-01,2015-04-30,3,,,"YB-1, breast cancer, pathway"
"Durocher, Daniel",Sinai Health System (Toronto),Ontario,Operating Grant,201003MOP,Cancer Biology & Therapeutics,Functional genomics of the response to DNA double-strand breaks,"$858,940",$0,,,5 yrs 0 mth ,Genetics,CANCER THERAPY GENERAL; CARCINOGENS (INCL ENVIRONMENTAL); CANCER; GENETICS,2010-10-01,2015-06-30,6,,,"genomics, DNA breaks, double-strand"
"Durocher, Daniel",Sinai Health System (Toronto),Ontario,Operating Grant,201309MOP,Cancer Biology & Therapeutics,Understanding DNA repair pathway choice control.,"$978,785",$0,,,5 yrs 0 mth ,Cancer Research,CANCER THERAPY GENERAL; CARCINOGENS (INCL ENVIRONMENTAL); MOLECULAR BIOLOGY; CANCER,2014-04-01,2015-06-30,6,,,"DNA, repair, pathway"
"Durocher, Daniel",Sinai Health System (Toronto),Ontario,Project Grant,202104PJT,Cancer Biology & Therapeutics,Understanding and exploiting the CIP2A-BRCA synthetic lethality,"$882,046",$0,,,5 yrs 0 mth ,Cancer Research,"Cancer-Cancer Drug Development and Therapeutics; Genetics-Molecular and Functional Genetics and Epigenetics; Molecular, Cellular and Systems Biology-Molecular Biology",2022-07-01,2027-06-30,1,,,"CIP2A, BRCA, synthetic lethality"
"Durocher, Francine",Universite Laval,Quebec,Project Grant - PA: Breast Cancer Research,202209PLL,Cancer Progression & Therapeutics,TBC1D9: therapeutic target of the aggressiveness of triple negative breast cancer,"$100,000",$0,,,1 yr 0 mth ,Cancer Research,Cancer-Cancer Progression and Metastasis,2023-03-01,2024-02-29,0,,,"TBC1D9, breast cancer, triple negative"
"Duronio, Vincent",University of British Columbia,British Columbia,Operating Grant - PA: Institute of Cancer Research (bridge funding),200909IC3,Cancer Biology & Therapeutics,MCL-1: Functions in the nucleus regulating cell cycle and DNA damage response,"$100,000",$0,,,1 yr 0 mth ,Cancer Research,MULTIPLE DISEASE RELEVANCE; CANCER THERAPY GENERAL; CANCER; CELL BIOLOGY,2010-10-01,2015-09-30,0,,,"MCL-1, cell cycle, DNA damage"
"Duronio, Vincent",University of British Columbia,British Columbia,Operating Grant,201003MOP,Cancer Biology & Therapeutics,MCL-1: Functions in the nucleus regulating cell cycle and DNA damage response,"$665,920",$0,,,5 yrs 0 mth ,Cancer Research,MULTIPLE DISEASE RELEVANCE; CANCER THERAPY GENERAL; CANCER; CELL BIOLOGY,2010-10-01,2015-09-30,0,,,"MCL-1, cell cycle, DNA damage"
"Dutta, Tilak",University Health Network (Toronto),Ontario,Project Grant,202309PJT,Biomedical Engineering,Improving Repositioning Adherence in Home Care: Supporting Pressure Injury Care and Prevention,"$623,476",$0,,,4 yrs 0 mth ,Aging,"Biomedical Engineering-Biophysics, Medical Technologies and Instrumentation",2024-04-01,2028-03-31,0,,,"Repositioning, Pressure Injury, Home Care"
"Dutz, Jan P",University of British Columbia,British Columbia,Vaccines of the 21st Century,200903CVC,Catalyst Grant: Vaccines of the 21st Century,Novel transdermal vaccine delivery,"$94,600",$0,,,1 yr 0 mth ,Infection and Immunity,SKIN AND SUBCUTANEOUS TISSUS; INFECTIOUS AND PARASITIC; IMMUNOLOGY-TRANSPLANTATION,2009-10-01,2010-09-30,0,,,"transdermal, vaccine, delivery"
"Duval, Michel","Centre hospitalier universitaire Sainte-Justine (Montreal, Quebec)",Quebec,Project Grant,201903PJT,Cancer Progression & Therapeutics,Adoptive transfers of in vitro differentiated plasmacytoid dendritic cells to prevent acute lymphoblastic leukemia relapse: mechanisms and biomarkers of sensitivity,"$673,200",$0,,,4 yrs 0 mth ,Cancer Research,"Cancer-Cancer Drug Development and Therapeutics; Cancer-Pediatric Cancer; Immunology and Infection-Transplantation, Immune Tolerance and Tumor Immunology",2019-10-01,2023-09-30,0,,,"dendritic cells, leukemia, biomarkers"
"Duval, Michel","Centre hospitalier universitaire Sainte-Justine (Montreal, Quebec)",Quebec,Project Grant - Priority Announcement: Pediatric Cancer Research,202303PDI,Cancer Biology & Therapeutics,Phase I first-in-human trial for ThINKK adoptive immunotherapy in children with high-risk cancers,"$100,000",$0,,,1 yr 0 mth ,Cancer Research,"Cancer-Pediatric Cancer; Cancer-Cancer Drug Development and Therapeutics; Youth Health-Prevention, Treatment and Support",2023-10-01,2024-09-30,0,,,"immunotherapy, adoptive, cancers"
"Duval, Michel","Centre hospitalier universitaire Sainte-Justine (Montreal, Quebec)",Quebec,Project Grant - Priority Announcement: Pediatric Cancer Research,202209PDI,Cancer Biology & Therapeutics,Phase I first-in-human trial of ThINKK adoptive immunotherapy in children with high-risk cancers,"$100,000",$0,,,1 yr 0 mth ,Cancer Research,"Cancer-Pediatric Cancer; Cancer-Cancer Drug Development and Therapeutics; Youth Health-Prevention, Treatment and Support",2023-03-01,2024-02-29,0,,,"immunotherapy, adoptive, cancers"
"Duval, Michel","Centre hospitalier universitaire Sainte-Justine (Montreal, Quebec)",Quebec,Operating Grant,201303MOP,Cancer Biology & Therapeutics,Preclinical models of natural killer cell-based immunotherapy to cure refractory childhood acute lymphoblastic leukemia,"$331,970",$0,,,3 yrs 0 mth ,Cancer Research,CANCER THERAPY GENERAL; LEUKAEMIAS; CANCER; BLOOD,2013-10-01,2016-09-30,0,,,"natural killer, immunotherapy, leukemia"
"Duval, Michel","Centre hospitalier universitaire Sainte-Justine (Montreal, Quebec)",Quebec,Operating Grant,201503MOP,Cancer Biology & Therapeutics,Toward the cure of neuroblastoma: innovative immunotherapeutic approaches,"$996,969",$0,,,5 yrs 0 mth ,Cancer Research,CANCER THERAPY GENERAL; CANCER,2015-07-01,2020-06-30,0,,,"neuroblastoma, immunotherapy, approaches"
"Dzavik, Vladimir",University Health Network (Toronto),Ontario,Operating Grant: COVID-19 Rapid Research Funding Opportunity - Therapeutics,202005VR3,COVID-19 Rapid Research - Therapeutics,Semaglutide to reduce Myocardial injury in PATIents with COVID-19 (SEMPATICO): An exploratory randomized controlled clinical trial,"$664,145",$0,,,1 yr 0 mth ,Circulatory and Respiratory Health,CARDIOLOGY; MULTIPLE DISEASE RELEVANCE; CARDIOVASCULAR,2020-06-01,2021-05-31,0,,,"Semaglutide, Myocardial injury, COVID-19"
"Easson, Alexandra",University Health Network (Toronto),Ontario,Op Gr: Spark Grants in Novel Technologies in Cancer Prevention & Early Detection,202010SGN,Special Cases,Multispectral Needle Endoscopy: improving the patient breast cancer diagnostic experience,"$147,762",$0,,,1 yr 0 mth ,Cancer Research,BREAST CANCER; CANCER,2021-01-01,2021-12-31,0,,,"Multispectral, Needle, Endoscopy"
"Edwards, W. Brent",University of Calgary,Alberta,Project Grant,202303PJT,Biomedical Engineering,"Quantifying the relationship between intracortical remodeling, microdamage, and bone quality in a novel in vivo loading model","$650,250",$0,,,5 yrs 0 mth ,Musculoskeletal Health and Arthritis,"Biomedical Engineering-Biomaterials, Nanotechnology and Biomechanics; Biomedical Engineering-Biomedical Imaging",2023-10-01,2028-09-30,0,,,"intracortical remodeling, microdamage, bone quality"
"Egan, Sean E",Hospital for Sick Children (Toronto),Ontario,Project Grant,201909PJT,Cancer Progression & Therapeutics 2,Targeting the immune landscape at presentation and relapse of Immune-Related Lobular Breast Cancer,"$956,250",$0,,,5 yrs 0 mth ,Cancer Research,"Cancer-Cancer Drug Development and Therapeutics; Cancer-Cancer Progression and Metastasis; Immunology and Infection-Transplantation, Immune Tolerance and Tumor Immunology",2020-04-01,2025-03-31,0,,,"immune, lobular breast cancer, relapse"
"Eikelboom, John W",McMaster University,Ontario,Operating Grant: COVID-19 Rapid Research Funding Opportunity - Therapeutics,202005VR3,COVID-19 Rapid Research - Therapeutics,Anti-Coronavirus Therapy (ACT) to prevent COVID-19 disease progression: a clinical trial platform,"$2,937,119",$0,,,1 yr 0 mth ,Infection and Immunity,VIRAL; NOT CLASSIFIED,2020-06-01,2021-05-31,0,,,"Anti-Coronavirus, COVID-19, clinical trial"
"El Naqa, Issam M",Research Institute of the McGill University Health Centre,Quebec,Operating Grant,201403MOP,Medical Physics & Imaging,Hybrid Image Analysis for Radiotherapy,"$394,720",$0,,,4 yrs 0 mth ,Cancer Research,CANCER THERAPY GENERAL; MULTIDISCIPLINARY; BIOPHYSICS; CANCER,2014-07-01,2018-06-30,4,,,"Image analysis, radiotherapy"
"El Naqa, Issam M",Research Institute of the McGill University Health Centre,Quebec,Operating Grant,201103MOP,Medical Physics & Imaging,Modelling of Radiotherapy Induced Damage in Locally Advanced Lung Cancer by a Novel System Radiobiology Approach,"$678,951",$0,,,5 yrs 0 mth ,Cancer Research,LUNG CANCER THERAPY; LUNG CANCER; CANCER,2012-07-01,2015-04-30,1,,,"Radiotherapy, Lung Cancer, Radiobiology"
"Elahi, Shokrollah",University of Alberta,Alberta,Project Grant - PA: Breast Cancer Research,202109PLL,Cancer Biology & Therapeutics 2,Erythroid progenitors and precursors impair tumor immunogenicity and promote tumour progression in breast cancer,"$100,000",$0,,,1 yr 0 mth ,Cancer Research,Cancer-Cancer Progression and Metastasis,2022-03-01,2023-02-28,0,,,"erythroid progenitors, tumor immunogenicity, breast cancer"
"Elahi, Shokrollah",University of Alberta,Alberta,Project Grant - PA: Breast Cancer Research,202303PLL,Cancer Progression & Therapeutics,Erythroid progenitors and precursors impair tumor immunogenicity and promote tumour progression in breast cancer,"$100,000",$0,,,1 yr 0 mth ,Cancer Research,Cancer-Cancer Progression and Metastasis,2022-03-01,2023-02-28,0,,,"erythroid progenitors, tumor immunogenicity, breast cancer"
"Elahi, Shokrollah",University of Alberta,Alberta,Project Grant,202309PJT,Cancer Progression & Therapeutics,Erythroid progenitors and precursors impair tumor immunogenicity and promote tumour progression in breast cancer,"$749,700",$0,,,5 yrs 0 mth ,Cancer Research,Cancer-Cancer Progression and Metastasis,2022-03-01,2023-02-28,0,,,"erythroid progenitors, tumor immunogenicity, breast cancer"
"Elliott, Bruce E","Queen's University (Kingston, Ontario)",Ontario,Operating Grant,200909MOP,Cancer Progression & Therapeutics,A novel Src/ezrin signalling network as a potential marker for breast cancer metastasis,"$487,301",$0,,,4 yrs 0 mth ,Cancer Research,BREAST CANCER; BREAST CANCER THERAPY; CANCER; CELL BIOLOGY,2010-04-01,2014-03-31,0,,,"Src, ezrin, metastasis"
"Elliott, Janet A",University of Alberta,Alberta,Project Grant,201903PJT,Biomedical Engineering,Cryobiology and Cryopreservation of Corneal Endothelial Monolayers,"$703,800",$0,,,5 yrs 0 mth ,"Neurosciences, Mental Health and Addiction",Biomedical Engineering-Regenerative Medicine and Tissue Engineering,2019-10-01,2024-09-30,0,,,"Cryobiology, Cryopreservation, Corneal Endothelial"
"Elliott, Janet A",University of Alberta,Alberta,Operating Grant,201110MOP,Biomedical Engineering,Cryobiology and Preservation of Cells and Tissues,"$100,000",$0,,,1 yr 0 mth ,"Neurosciences, Mental Health and Addiction",MULTIDISCIPLINARY; MULTIPLE DISEASE RELEVANCE; NOT CLASSIFIED; BIOPHYSICS,2014-04-01,2019-03-31,2,,,"Cryobiology, Preservation, Cells"
"Elliott, Janet A",University of Alberta,Alberta,Operating Grant - PA: INMHA (bridge funding),201209INO,Biomedical Engineering,Cryobiology and Preservation of Cells and Tissues,"$100,000",$0,,,1 yr 0 mth ,"Neurosciences, Mental Health and Addiction",MULTIDISCIPLINARY; MULTIPLE DISEASE RELEVANCE; NOT CLASSIFIED; BIOPHYSICS,2014-04-01,2019-03-31,2,,,"Cryobiology, Preservation, Cells"
"Elliott, Janet A",University of Alberta,Alberta,Operating Grant - PA: INMHA (bridge funding),201303INO,Biomedical Engineering,Cryobiology and Preservation of Cells and Tissues,"$100,000",$0,,,1 yr 0 mth ,"Neurosciences, Mental Health and Addiction",MULTIDISCIPLINARY; MULTIPLE DISEASE RELEVANCE; NOT CLASSIFIED; BIOPHYSICS,2014-04-01,2019-03-31,2,,,"Cryobiology, Preservation, Cells"
"Elliott, Janet A",University of Alberta,Alberta,Operating Grant,201309MOP,Biomedical Engineering,Cryobiology and Preservation of Cells and Tissues,"$604,466",$0,,,5 yrs 0 mth ,"Neurosciences, Mental Health and Addiction",MULTIDISCIPLINARY; MULTIPLE DISEASE RELEVANCE; NOT CLASSIFIED; BIOPHYSICS,2014-04-01,2019-03-31,2,,,"Cryobiology, Preservation, Cells"
"Elliott, Janet A",University of Alberta,Alberta,Project Grant,201803PJT,Biomedical Engineering,Cryobiology of Cardiomyocytes and Engineered Living Cardiac Tissue,"$711,450",$0,,,5 yrs 0 mth ,Circulatory and Respiratory Health,"Biomedical Engineering-Regenerative Medicine and Tissue Engineering; Cardiovascular, Respiratory and Circulatory Systems-Cardiovascular and Circulatory Sciences",2018-10-01,2023-09-30,1,,,"Cryobiology, Cardiomyocytes, Cardiac tissue"
"Ellis, Christopher G",Western University (Ontario),Ontario,Operating Grant,200909MOP,Medical Physics & Imaging,A Systems Approach to Sepsis: Pathological versus Adaptive Microvascular Responses,"$642,828",$0,,,5 yrs 0 mth ,Circulatory and Respiratory Health,MULTIPLE DISEASE RELEVANCE; BLOOD; CARDIOVASCULAR; IMAGING,2010-04-01,2015-03-31,0,,,"Sepsis, Microvascular, Responses"
"Eppert, Kolja",Research Institute of the McGill University Health Centre,Quebec,Project Grant,202203PJT,Cancer Biology & Therapeutics,Identification of the mechanisms underlying the early stages of leukemogenesis in human hematopoietic stem cells.,"$898,876",$0,,,5 yrs 0 mth ,Cancer Research,"Cancer-Cancer Progression and Metastasis; Cancer-Mechanisms of Carcinogenesis; Molecular, Cellular and Systems Biology-Cell Biology and Physiology",2022-10-01,2027-09-30,0,,,"leukemogenesis, hematopoietic stem cells, mechanisms"
"Eppert, Kolja",Research Institute of the McGill University Health Centre,Quebec,Project Grant,201709PJT,Cancer Progression & Therapeutics,Novel targeted therapeutics against leukemia stem cells,"$665,550",$0,,,5 yrs 0 mth ,Cancer Research,Cancer-Cancer Drug Development and Therapeutics,2018-04-01,2023-03-31,0,,,"targeted therapeutics, leukemia, stem cells"
"Evans, David H",University of Alberta,Alberta,Operating Grant,201303MOP,Cancer Progression & Therapeutics 2,The development of safer oncolytic poxviruses dependent on cellular dNTP synthesis,"$748,558",$0,,,5 yrs 0 mth ,Cancer Research,CANCER THERAPY GENERAL; VIRAL; CANCER; VIROLOGY,2013-10-01,2018-09-30,1,,,"oncolytic poxviruses, dNTP synthesis"
"Evgin, Laura E",University of British Columbia,British Columbia,Project Grant,202203PJT,Cancer Biology & Therapeutics,Leveraging TCR reactivity to improve CAR T therapy,"$745,876",$0,,,5 yrs 0 mth ,Cancer Research,"Cancer-Cancer Drug Development and Therapeutics; Immunology and Infection-Transplantation, Immune Tolerance and Tumor Immunology; Genetics-Molecular and Functional Genetics and Epigenetics",2022-10-01,2027-09-30,1,,,"TCR, CAR T, reactivity"
"Falzarano, Darryl",University of Saskatchewan,Saskatchewan,Operating Grant: COVID-19 - Vaccines,202002OV5,Canadian 2019 Novel Coronavirus (2019-nCoV) Rapid Research,Animal models for SARS-CoV-2: vaccines and immune enhancement,"$999,793",$0,,,2 yrs 0 mth ,Infection and Immunity,VIRAL; PNEUMONIA; VIROLOGY; IMMUNOLOGY-TRANSPLANTATION,2020-02-01,2022-01-31,1,,,"animal models, SARS-CoV-2, vaccines"
"Falzarano, Darryl",University of Saskatchewan,Saskatchewan,Operating Grant: COVID-19 Rapid Research Funding Opportunity - Vaccines,202005VR1,COVID-19 Rapid Research - Vaccines,"Vaccine efficacy in nonhuman primates against SARS-CoV-2: protection, cross-protection and immune enhancement","$1,459,325",$0,,,1 yr 0 mth ,Infection and Immunity,VIRAL; PNEUMONIA; VIROLOGY; IMMUNOLOGY-TRANSPLANTATION,2020-06-01,2021-05-31,0,,,"Vaccine, SARS-CoV-2, primates"
"Fenster, Aaron",Western University (Ontario),Ontario,Operating Grant,200809MOP,Medical Physics & Imaging,3D ultrasound-guided trans-perineal focal prostate therapy platform,"$631,813",$0,,,5 yrs 0 mth ,Cancer Research,"PROSTATE AND BLADDER CANCER; IMAGING; RENAL FUNCTION, NEPHROLOGY, UROLOGY",2009-04-01,2014-03-31,7,,,"ultrasound, prostate, therapy"
"Fenster, Aaron",Western University (Ontario),Ontario,Operating Grant,201503MOP,Medical Physics & Imaging,MR-Guided Focal Laser Thermal Ablation for Prostate Cancer therapy,"$419,820",$0,,,3 yrs 0 mth ,Cancer Research,PROSTATE AND BLADDER CANCER THERAPY; IMAGING; CANCER,2015-07-01,2017-06-30,0,,,"MR-guided, laser ablation, prostate cancer"
"Fenster, Aaron",Western University (Ontario),Ontario,Operating Grant,201405MOP,Medical Physics & Imaging,MR-Guided Focal Laser Thermal Ablation of Prostate Cancer therapy,"$100,000",$0,,,1 yr 0 mth ,Cancer Research,PROSTATE AND BLADDER CANCER THERAPY; IMAGING; CANCER,2014-10-01,2015-09-30,0,,,"MR, Laser, Prostate"
"Ferbeyre, Gerardo",Universite de Montreal,Quebec,Operating Grant,201009MOP,Cancer Biology & Therapeutics,Mechanisms of the tumor suppression activity of the ERK pathway,"$791,460",$0,,,5 yrs 0 mth ,Cancer Research,NEOPLASMS; AGING; CANCER; CELL BIOLOGY,2011-04-01,2016-03-31,0,,,"tumor suppression, ERK pathway"
"Ferbeyre, Gerardo",Centre hospitalier de l'Universite de Montreal (CHUM),Quebec,Project Grant,202203PJT,Cancer Biology & Therapeutics 2,Targeting ribosomal RNA biogenesis to restore the senescence tumor suppression mechanism,"$879,750",$0,,,5 yrs 0 mth ,Cancer Research,"Cancer-Mechanisms of Carcinogenesis; Cancer-Cancer Drug Development and Therapeutics; Molecular, Cellular and Systems Biology-Cell Biology and Physiology",2022-10-01,2027-09-30,0,,,"ribosomal RNA, biogenesis, tumor suppression"
"Ferri, Lorenzo",McGill University,Quebec,Operating Grant,201103MOP,Cancer Progression & Therapeutics 2,Acute bacterial infection promotes cancer metastasis through toll like receptor signal transduction,"$497,573",$0,,,4 yrs 0 mth ,Cancer Research,LUNG CANCER; PNEUMONIA; CANCER,2011-10-01,2015-09-30,0,,,"bacterial infection, toll like receptor, metastasis"
"Ferri, Lorenzo",Research Institute of the McGill University Health Centre,Quebec,Operating Grant,201309MOP,Cancer Progression & Therapeutics 2,Investigating the Role of Neutrophil Extracellular Traps In Cancer Metastasis,"$707,578",$0,,,5 yrs 0 mth ,Cancer Research,LUNG CANCER; GASTRO-INTESTINAL CANCER; CANCER; CELL BIOLOGY,2014-04-01,2019-03-31,0,,,"Neutrophil, Extracellular Traps, Cancer"
"Ferri, Lorenzo",McGill University,Quebec,Operating Grant,200810MOP,Cancer Progression & Therapeutics,The Role of Systemic Inflammation in Esophageal Cancer Metastasis: Exploring Neutrophil Dependent and Independent Mechanisms,"$94,265",$0,,,1 yr 0 mth ,Cancer Research,GASTRO-INTESTINAL CANCER; NEOPLASMS; CANCER; CELL BIOLOGY,2009-03-01,2010-02-28,0,,,"Systemic Inflammation, Esophageal Cancer, Metastasis"
"Finzi, Andres",Centre hospitalier de l'Universite de Montreal (CHUM),Quebec,Catalyst Grant: Innovation in HIV Vaccine and HIV Cure Research,201211CHR,HIV Vaccine and Cure Research,Identification of Naturally-Occurring anti-HIV-1 Neutralizing Molecules from a Cohort of Highly-HIV-1-Exposed Seronegative Individuals,"$100,000",$0,,,1 yr 0 mth ,Infection and Immunity,AIDS; VIRAL; VISION; MOLECULAR BIOLOGY,2013-03-01,2014-02-28,1,,,"anti-HIV, neutralizing molecules, seronegative"
"Fitzpatrick, Lindsay","Queen's University (Kingston, Ontario)",Ontario,Project Grant,201809PJT,Biomedical Engineering,MyD88-dependent modulation of host response to insulin infusion cannulas,"$443,700",$0,,,4 yrs 0 mth ,Infection and Immunity,"Biomedical Engineering-Biomaterials, Nanotechnology and Biomechanics; Immunology and Infection-Immunology and Autoimmune Diseases (including rheumatology); Molecular, Cellular and Systems Biology-Cell Signaling",2019-04-01,2023-03-31,0,,,"MyD88, insulin infusion, host response"
"Flamand, Louis",Universite Laval,Quebec,Operating Grant: COVID-19 Rapid Research Funding Opportunity - Therapeutics,202005VR3,COVID-19 Rapid Research - Therapeutics,"COVID-19 trilogy: ARDS, inflammation and coagulopathy.","$226,625",$0,,,1 yr 0 mth ,Infection and Immunity,VIRAL; VIROLOGY,2020-06-01,2021-05-31,0,,,"COVID-19, ARDS, coagulopathy"
"Flanagan, John G",University Health Network (Toronto),Ontario,Operating Grant,201203MOP,Biomedical Engineering,Ocular Biomechanics and Glaucoma:  Finite Element Modeling of the Optic Nerve's Response to Biomechanical Insult and it's Role in Astrocyte Activation,"$692,821",$0,,,5 yrs 0 mth ,"Neurosciences, Mental Health and Addiction",GLAUCOMA; DISEASES AFFECTING SPEECH/VISION/HEARING; VISION; BIOPHYSICS,2012-10-01,2018-03-31,1,,,"ocular, biomechanics, glaucoma"
"Flynn, Lauren E","Queen's University (Kingston, Ontario)",Ontario,"Operating Grant - PA: Musculoskeletal Health, Arthritis, Skin and Oral Health",201009IMH,Biomedical Engineering,Engineering Adipogenesis for Soft Tissue Regeneration,"$99,346",$0,,,1 yr 0 mth ,Musculoskeletal Health and Arthritis,"SKIN AND SUBCUTANEOUS TISSUS; INJURY, REGENERATION; CELL BIOLOGY; MOLECULAR BIOLOGY",2015-07-01,2021-06-30,0,,,"Adipogenesis, Soft Tissue, Regeneration"
"Flynn, Lauren E","Queen's University (Kingston, Ontario)",Ontario,Operating Grant,201109MOP,Biomedical Engineering,Engineering Adipogenesis for Soft Tissue Regeneration,"$423,928",$0,,,4 yrs 0 mth ,Musculoskeletal Health and Arthritis,"SKIN AND SUBCUTANEOUS TISSUS; INJURY, REGENERATION; CELL BIOLOGY; MOLECULAR BIOLOGY",2015-07-01,2021-06-30,0,,,"Adipogenesis, Soft Tissue, Regeneration"
"Flynn, Lauren E",Western University (Ontario),Ontario,Operating Grant,201503MOP,Biomedical Engineering,Engineering Adipogenesis for Soft Tissue Regeneration,"$682,393",$0,,,5 yrs 0 mth ,Musculoskeletal Health and Arthritis,"SKIN AND SUBCUTANEOUS TISSUS; INJURY, REGENERATION; CELL BIOLOGY; MOLECULAR BIOLOGY",2015-07-01,2021-06-30,0,,,"Adipogenesis, Soft Tissue, Regeneration"
"Forkert, Nils Daniel",University of Calgary,Alberta,Project Grant,202104PJT,Biomedical Engineering,Distributed Machine Learning for Diagnosis and Treatment Decision Support of Pediatric Brain Tumors,"$634,950",$0,,,5 yrs 0 mth ,Cancer Research,Cancer-Pediatric Cancer; Artificial Intelligence-Machine Learning,2021-10-01,2026-09-30,0,,,"Distributed, Machine Learning, Diagnosis"
"Fortin, Marc-Andre",Universite Laval,Quebec,Project Grant,202003PJT,Biomedical Engineering,Anatomically relevant brachytherapy implants by a 3D printing and radiosensitizing approach,"$765,000",$0,,,5 yrs 0 mth ,Cancer Research,"Biomedical Engineering-Biomaterials, Nanotechnology and Biomechanics; 3D-printing, additive manufacturing, new processes for biomaterials and devices",2020-10-01,2025-09-30,0,,,"brachytherapy, 3D printing, radiosensitizing"
"Fortin, Sebastien",Universite Laval,Quebec,Project Grant,202104PJT,Cancer Progression & Therapeutics,"L'AIMZ-938, un nouveau promedicament anticancereux pour le traitement des cancers du sein humain refractaires aux traitements actuels et exprimant le cytochrome P450 1A1","$891,226",$0,,,5 yrs 0 mth ,Cancer Research,"Pharmacological, Toxicological and Pharmaceutical Sciences-Drug Discovery, Design and Delivery; Cancer-Cancer Drug Development and Therapeutics",2021-10-01,2026-09-30,0,,,"anticancer, breast cancer, cytochrome P450"
"Foster, F. Stuart","Sunnybrook Health Sciences Centre (Toronto, Ontario)",Ontario,Operating Grant,201403MOP,Medical Physics & Imaging,Development of biogenic gas nanostructures as a new class of molecular reporters for ultrasound,"$731,378",$0,,,5 yrs 0 mth ,Cancer Research,CANCER THERAPY GENERAL; IMAGING; CANCER,2014-07-01,2016-06-30,0,,,"biogenic gas, nanostructures, ultrasound"
"Foster, F. Stuart","Sunnybrook Health Sciences Centre (Toronto, Ontario)",Ontario,Operating Grant,201209MOP,Medical Physics & Imaging,Multifrequency Ultrasound: Technology and Applications,"$414,316",$0,,,3 yrs 0 mth ,Cancer Research,CANCER THERAPY GENERAL; IMAGING; CANCER,2013-04-01,2016-03-31,0,,,"Ultrasound, Multifrequency"
"Foster, Paula J",Western University (Ontario),Ontario,Project Grant,202104PJT,Medical Physics & Imaging,Development of Magnetic Particle Imaging for In Vivo Cell Tracking,"$535,500",$0,,,5 yrs 0 mth ,Cancer Research,Biomedical Engineering-Biomedical Imaging; cell therapy,2021-10-01,2026-09-30,0,,,"Magnetic Particle Imaging, In Vivo, Cell Tracking"
"Foster, Paula J",Western University (Ontario),Ontario,Operating Grant,201303MOP,Cancer Progression & Therapeutics,In Vivo Investigation of Mechanisms of Brain Metastasis and Metastatic Recurrence,"$381,453",$0,,,3 yrs 0 mth ,Cancer Research,BREAST CANCER; BRAIN TUMORS (INCL. RETINAL TUMORS); CANCER; IMAGING,2013-10-01,2016-09-30,0,,,"brain, metastasis, recurrence"
"Fowke, Keith R",University of Manitoba,Manitoba,Operating Grant - Priority Announcement: Canadian HIV Vaccine Initiative,200903HVI,Virology & Viral Pathogenesis,The effect of the CD4 pathogenicity island on HIV susceptibility and disease progression,"$663,050",$0,,,5 yrs 0 mth ,Infection and Immunity,AIDS; VIRAL; VIROLOGY; GENETICS,2009-10-01,2014-09-30,0,,,"CD4, HIV, pathogenicity"
"Fradet, Yves",Universite Laval,Quebec,Operating Grant,200809MOP,Cancer Biology & Therapeutics,Optimization of immunotherapy of bladder cancer: response to various non-specific immunomodulators,"$322,690",$0,,,3 yrs 0 mth ,Cancer Research,PROSTATE AND BLADDER CANCER; PROSTATE AND BLADDER CANCER THERAPY; CANCER; IMMUNOLOGY-TRANSPLANTATION,2009-04-01,2012-03-31,1,,,"immunotherapy, bladder cancer, immunomodulators"
"Fradet-Turcotte, Amelie",Universite Laval,Quebec,Project Grant,202109PJT,Cancer Biology & Therapeutics 2,Unraveling the molecular mechanisms that promote replication stress and resistance to chemoradiation in oropharyngeal cancer caused by human papillomavirus,"$891,225",$0,,,5 yrs 0 mth ,Cancer Research,"Cancer-Cancer Progression and Metastasis; Immunology and Infection-Virology; Molecular, Cellular and Systems Biology-Cell Signaling",2022-04-01,2027-03-31,0,,,"replication stress, chemoradiation, oropharyngeal cancer"
"Fradette, Julie",Universite Laval,Quebec,Project Grant,202109PJT,Biomedical Engineering,Engineering bioactive dressings from mesenchymal cells to enhance healing of irradiated skin wounds,"$837,675",$0,,,5 yrs 0 mth ,Musculoskeletal Health and Arthritis,"Biomedical Engineering-Regenerative Medicine and Tissue Engineering; Musculoskeletal Health-Bone, Skin and Cartilage Sciences; Molecular, Cellular and Systems Biology-Cell Biology and Physiology",2022-04-01,2027-03-31,0,,,"bioactive, dressings, skin"
"Fradette, Julie",Universite Laval,Quebec,Operating Grant,201009MOP,Biomedical Engineering,Tissu adipeux humain reconstruit par genie tissulaire: substituts endothelialises et compatibles avec la clinique,"$692,633",$0,,,5 yrs 0 mth ,Musculoskeletal Health and Arthritis,"INJURY, REGENERATION; SKIN AND SUBCUTANEOUS TISSUS; CELL BIOLOGY; MOLECULAR BIOLOGY",2011-04-01,2016-03-31,0,,,"tissu adipeux, génie tissulaire, substituts endothelialisés"
"Frampton, John P",Dalhousie University (Nova Scotia),Nova Scotia,Project Grant,202203PJT,Biomedical Engineering 2,Collagen Fiber Scaffolds for Emergency Treatment of Corneal Injury,"$952,426",$0,,,5 yrs 0 mth ,"Neurosciences, Mental Health and Addiction","Biomedical Engineering-Biomaterials, Nanotechnology and Biomechanics; Biomedical Engineering-Regenerative Medicine and Tissue Engineering",2022-10-01,2027-09-30,0,,,"Collagen, Fiber, Corneal"
"Franklin, Daniel",University of Toronto,Ontario,Project Grant,202403PJT,Biomedical Engineering,Advancing Pulse Oximetry Accuracy and Equity through Wearable Spectroscopy Devices,"$879,750",$0,,,5 yrs 0 mth ,Circulatory and Respiratory Health,"Biomedical Engineering-Biophysics, Medical Technologies and Instrumentation",2024-10-01,2029-09-30,0,,,"Pulse Oximetry, Spectroscopy, Wearable"
"Frayne, Richard",University of Calgary,Alberta,Operating Grant,201003MOP,Medical Physics & Imaging,Imaging of Small Vessel Disease in Dementia,"$815,081",$0,,,5 yrs 0 mth ,Circulatory and Respiratory Health,"STROKE, HEART FAILURE; ALZHEIMER'S DISEASE; CARDIOVASCULAR; AGING",2010-10-01,2015-06-30,0,,,"Imaging, Small Vessel Disease, Dementia"
"Freywald, Andrew",University of Saskatchewan,Saskatchewan,Project Grant - PA: Breast Cancer Research,202309PLL,Cancer Progression & Therapeutics 2,Targeting the EGFR/EphA2 crosstalk in triple negative breast cancer,"$100,000",$0,,,1 yr 0 mth ,Cancer Research,"Cancer-Cancer Drug Development and Therapeutics; Molecular, Cellular and Systems Biology-Systems Biology",2024-03-01,2025-02-28,0,,,"EGFR, EphA2, breast cancer"
"Freywald, Andrew",University of Saskatchewan,Saskatchewan,Project Grant,201709PJT,Cancer Progression & Therapeutics,Targeting the EphA2 receptor in triple-negative breast cancer,"$558,452",$0,,,4 yrs 0 mth ,Cancer Research,Cancer-Cancer Drug Development and Therapeutics,2018-04-01,2022-03-31,0,,,"EphA2, receptor, breast cancer"
"Funnell, W. Robert J.",McGill University,Quebec,Project Grant,202303PJT,Biomedical Engineering,Modelling and machine learning for newborn hearing screening,"$876,690",$0,,,5 yrs 0 mth ,"Human Development, Child and Youth Health","Neurosciences-Sensory Systems (including visual, auditory and pain); Methods Development and Modelling-Computational Biology; Biomedical Engineering-Biomaterials, Nanotechnology and Biomechanics; Computational biology is here taken to include, for example, mathematical modelling of biomechanics",2023-10-01,2028-09-30,0,,,"modelling, machine learning, hearing screening"
"Gagnon, Marie-Pierre",Universite Laval,Quebec,Catalyst Grant: Personalized Health Catalyst Grants,201706PCG,Personalized Health - novel e-health applications,"Personnaliser CONCERTO: L'experience patient optimisee pour des soins integres, coordonnes et efficients","$199,329",$0,,,2 yrs 0 mth ,Health Services and Policy Research,HEALTH CARE DELIVERY; HEALTH SERVICES RESEARCH; POPULATION HEALTH,2017-09-01,2019-08-31,0,,,"PERSONNALISATION, SOINS, COORDINATION"
"Gaiti, Federico",University Health Network (Toronto),Ontario,Project Grant,202209PJT,Cancer Biology & Therapeutics,Dissecting the determinants and dynamics of cellular states promoting glioma evolution,"$1,040,400",$0,,,5 yrs 0 mth ,Cancer Research,BRAIN TUMORS (INCL. RETINAL TUMORS); CANCER THERAPY GENERAL; CANCER; MOLECULAR BIOLOGY,2024-05-01,2027-04-30,0,,,"glioma, cellular states, evolution"
"Galipeau, Jacques",CIUSSS de Centre-Ouest-de-l'Ile-de-Montreal-Jewish General,Quebec,Operating Grant,200903MOP,Cancer Progression & Therapeutics,A study of novel anti-cancer immunomodulatory fusion proteins and transgenic cell therapy,"$1,147,574",$0,,,5 yrs 0 mth ,Cancer Research,CANCER THERAPY GENERAL; CANCER; DRUG RESEARCH,2009-10-01,2016-09-30,8,,,"anti-cancer, immunomodulatory, fusion proteins"
"Gallinger, Steven","Ontario Institute for Cancer Research (Toronto, Ontario)",Ontario,Project Grant,202109PJT,Cancer Progression & Therapeutics,Patient derived organoids as a platform for inferring treatment response in pancreatic cancer patients,"$975,375",$0,,,5 yrs 0 mth ,Cancer Research,Cancer-Cancer Progression and Metastasis,2022-04-01,2027-03-31,0,,,"organoids, pancreatic cancer, treatment response"
"Gallo, Marco",University of Calgary,Alberta,Project Grant - Priority Announcement: Pediatric Cancer Research,202203PDI,Cancer Progression & Therapeutics 2,Recurrent 3D genome features in PFA ependymoma,"$390,000",$0,,,1 yr 5 mths ,Cancer Research,Cancer-Pediatric Cancer; Cancer-Cancer Progression and Metastasis; Cancer-Mechanisms of Carcinogenesis,2022-10-01,2024-03-31,0,,,"3D genome, PFA ependymoma, recurrent"
"Gamper, Armin",University of Alberta,Alberta,Project Grant,201803PJT,Cancer Biology & Therapeutics,Cancer Therapy exploiting Conditional Synthetic Lethality based on Genotoxic Stress levels,"$918,000",$0,,,5 yrs 0 mth ,Cancer Research,Cancer-Cancer Drug Development and Therapeutics; Cancer-Mechanisms of Carcinogenesis,2018-10-01,2023-09-30,0,,,"Cancer, Synthetic Lethality, Genotoxic Stress"
"Gangloff, Anne",Universite Laval,Quebec,Project Grant,201903PJT,Cancer Progression & Therapeutics 2,Multi-pathway cholesterol depletion on top of FOLFIRINOX in newly diagnosed metastatic pancreatic adenocarcinoma: a feasibility and proof-of-concept study,"$153,000",$0,,,2 yrs 0 mth ,Cancer Research,"Digestive, Endocrine and Excretory Systems-Gastroenterology and Hepatology",2019-10-01,2021-09-30,0,,,"cholesterol depletion, FOLFIRINOX, pancreatic adenocarcinoma"
"Garcia, Damien",Centre hospitalier de l'Universite de Montreal (CHUM),Quebec,Operating Grant,201003MOP,Medical Physics & Imaging,Echocardiographic assessment of global and regional left ventricular function using an original modality of coupled wall-fluid dynamics mapping.,"$358,987",$0,,,5 yrs 0 mth ,Circulatory and Respiratory Health,CARDIOLOGY; IMAGING; CARDIOVASCULAR,2010-10-01,2015-09-30,0,,,"echocardiographic, ventricular, wall-fluid"
"Gariepy, Jean",University Health Network (Toronto),Ontario,Operating Grant - PA: Cancer Research (bridge funding),200903IC1,Cancer Biology & Therapeutics,Targeted imaging and therapy of breast cancers using Tn antigen-specific DNA aptamers,"$100,000",$0,,,1 yr 0 mth ,Cancer Research,BREAST CANCER; DRUGS- PHARMACEUTICAL SCIENCE/CHEMISTRY & NON MEDICAL USE OF DRUGS; CANCER; DRUG RESEARCH,2009-10-01,2010-09-30,1,,,"imaging, DNA aptamers, breast cancers"
"Garnis, Cathie",University of British Columbia,British Columbia,Operating Grant,201003MOP,Cancer Progression & Therapeutics,Deciphering and reconstituting genetic events in oral cancer progression,"$484,436",$0,,,4 yrs 0 mth ,Cancer Research,NEOPLASMS; MOLECULAR BIOLOGY; CANCER,2010-10-01,2014-09-30,0,,,"genetic, oral cancer, reconstitution"
"Garnis, Cathie",University of British Columbia,British Columbia,Operating Grant,201309MOP,Cancer Progression & Therapeutics,Evaluation of circulating small RNA markers as simple blood test biomarkers for detecting and predicting outcomes in oral cancer,"$491,649",$0,,,3 yrs 0 mth ,Cancer Research,DENTAL DISEASE (INCL. ORAL BIOLOGY); CANCER; MOLECULAR BIOLOGY,2014-04-01,2017-03-31,0,,,"small RNA, biomarkers, oral cancer"
"Garzia, Livia",Research Institute of the McGill University Health Centre,Quebec,Project Grant - Priority Announcement: Pediatric Cancer Research,202209PDI,Cancer Progression & Therapeutics,Epigenetic mechanisms of osteosarcoma pathogenesis and progression.,"$100,000",$0,,,1 yr 0 mth ,Cancer Research,Cancer-Cancer Progression and Metastasis; Cancer-Pediatric Cancer,2023-03-01,2024-02-29,0,,,"epigenetic, osteosarcoma, mechanisms"
"Garzia, Livia",Research Institute of the McGill University Health Centre,Quebec,Project Grant,201809PJT,Cancer Progression & Therapeutics,Genetic drivers of medulloblastoma metastasis,"$665,550",$0,,,5 yrs 0 mth ,Cancer Research,Cancer-Pediatric Cancer; Cancer-Cancer Progression and Metastasis,2019-04-01,2024-03-31,0,,,"genetic, medulloblastoma, metastasis"
"Gascoyne, Randy D",University of British Columbia,British Columbia,Operating Grant,201009MOP,Cancer Progression & Therapeutics 2,Genetic mechanisms underlying immune escape in malignant lymphomas,"$368,667",$0,,,3 yrs 0 mth ,Cancer Research,NEOPLASMS; BLOOD; CANCER; HEALTH RESEARCH,2011-04-01,2014-03-31,1,,,"genetic, immune escape, lymphomas"
"Gatignol, Anne",CIUSSS de Centre-Ouest-de-l'Ile-de-Montreal-Jewish General,Quebec,Operating Grant: COVID-19 Rapid Research Funding Opportunity - Therapeutics,202005VR3,COVID-19 Rapid Research - Therapeutics,Development of small interfering RNAs (siRNAs) for the treatment of Severe Acute Respiratory Syndrome-Coronavirus-2 (SARS-CoV-2),"$360,377",$0,,,1 yr 0 mth ,Infection and Immunity,INFECTIOUS AND PARASITIC; VIRAL; VIROLOGY; DRUG RESEARCH,2020-06-01,2021-05-31,0,,,"siRNAs, RNA, SARS-CoV-2"
"Gendron, Fernand-Pierre",Universite de Sherbrooke,Quebec,Operating Grant,201209MOP,Cancer Progression & Therapeutics 2,Regulation and role of P2Y6 nucleotide receptor in colorectal cancer,"$647,299",$0,,,5 yrs 0 mth ,"Nutrition, Metabolism and Diabetes",GASTRO-INTESTINAL DISEASE; GASTRO-INTESTINAL CANCER; CELL BIOLOGY; MOLECULAR BIOLOGY,2013-04-01,2018-03-31,0,,,"P2Y6, nucleotide receptor, colorectal cancer"
"Germain, Lucie",Universite Laval,Quebec,Operating Grant,200909MOP,Biomedical Engineering,Cornee reconstruite in vitro par genie tissulaire pour des applications experimentales et cliniques,"$860,972",$0,,,5 yrs 0 mth ,"Neurosciences, Mental Health and Addiction","DISEASES AFFECTING SPEECH/VISION/HEARING; INJURY, REGENERATION; CELL BIOLOGY; MOLECULAR BIOLOGY",2010-04-01,2015-03-31,0,,,"cornee, reconstruction, genies tissulaires"
"Gette, Matthias",University of Alberta,Alberta,Operating Grant: COVID-19 - Therapeutics,202002OV3,Canadian 2019 Novel Coronavirus (2019-nCoV) Rapid Research,Development and Evaluation of SARS-CoV-2 RNA Polymerase Inhibitors,"$675,000",$0,,,2 yrs 0 mth ,Infection and Immunity,VIRAL; VIROLOGY; BIOCHEMISTRY,2020-02-01,2022-01-31,0,,,"SARS-CoV-2, RNA Polymerase, Inhibitors"
"Gevry, Nicolas",Universite de Sherbrooke,Quebec,Project Grant,201803PJT,Cancer Biology & Therapeutics 2,Deciphering the role of the nuclear receptor LRH-1 in the establishment of a specific transcriptional program in triple negative breast cancer.,"$868,276",$0,,,5 yrs 0 mth ,Cancer Research,"Molecular, Cellular and Systems Biology-Molecular Biology; Cancer-Mechanisms of Carcinogenesis; Genetics-Genomics, Transcriptomics and Proteomics",2018-10-01,2023-09-30,0,,,"nuclear receptor, LRH-1, breast cancer"
"Geyer, Clarence R",University of Saskatchewan,Saskatchewan,Operating Grant,201003MOP,Cancer Biology & Therapeutics,The Role of Natural Antisense Transcripts in Silencing Transforming Growth Factor Beta Regulated Genes in Acute Myeloid Leukemia,"$444,907",$0,,,4 yrs 0 mth ,Cancer Research,LEUKAEMIAS; CANCER THERAPY GENERAL; CANCER; MOLECULAR BIOLOGY,2010-10-01,2014-09-30,0,,,"Antisense transcripts, Gene regulation, Leukemia"
"Ghahary, Aziz",University of British Columbia,British Columbia,Project Grant - PA: MSK/Skin/Oral Health: Clinical Research - Skin Health,201903PJ6,Biomedical Engineering,Development and application of a Multifunctional Nutrient-rich Composite Scaffold for Treatment of Complex Wounds,"$100,000",$0,,,1 yr 0 mth ,Musculoskeletal Health and Arthritis,Biomedical Engineering-Regenerative Medicine and Tissue Engineering,2019-10-01,2021-09-30,0,,,"Nutrient-rich, Composite Scaffold, Wounds"
"Ghert, Michelle A",McMaster University,Ontario,Operating Grant,201403MOP,Cancer Biology & Therapeutics,Prophylactic Antibiotic Regimens in Tumor Surgery (PARITY): A Multi-Center Randomized Controlled Trial,"$913,568",$0,,,5 yrs 0 mth ,Cancer Research,"BONE CANCER THERAPY; BONE CANCER; CANCER; MUSCLE, BONE, OR JOINT",2014-07-01,2019-06-30,0,,,"Antibiotic, Tumor, Surgery"
"Gilbert, Lucy",Research Institute of the McGill University Health Centre,Quebec,Operating Grant,201203MOP,Cancer Progression & Therapeutics 2,Diagnosing Ovarian Cancer Early (DOvE)by targeting symptomatic women,"$1,404,691",$0,,,3 yrs 0 mth ,Cancer Research,NEOPLASMS; GENITO/URINARY SYSTEM; CANCER; HEALTH SERVICES RESEARCH,2012-10-01,2015-09-30,2,,,"Ovarian cancer, diagnosis, symptomatic women"
"Gilbert, Penney M",University of Toronto,Ontario,Project Grant,202309PJT,Biomedical Engineering,Evaluating the nerve-muscle connection as a Duchenne muscular dystrophy therapeutic target,"$925,650",$0,,,5 yrs 0 mth ,Musculoskeletal Health and Arthritis,Biomedical Engineering-Regenerative Medicine and Tissue Engineering; Musculoskeletal Health-Skeletal Muscle Biology and Physiology,2024-04-01,2029-03-31,0,,,"nerve-muscle, Duchenne muscular dystrophy, therapeutic"
"Gilbert, Penney M",University of Toronto,Ontario,Operating Grant - PA: IMHA - New Invest.- Musculoskeletal Health Bridge Funding,201403ONM,Biomedical Engineering,Matrix biomechanics and satellite cell aging,"$100,000",$0,,,1 yr 0 mth ,Musculoskeletal Health and Arthritis,"AGING; MUSCULO SKELETAL; MUSCLE, BONE, OR JOINT",2014-10-01,2015-09-30,0,,,"matrix, biomechanics, satellite cell"
"Giles, Joshua W",University of Victoria (British Columbia),British Columbia,Project Grant,202003PJT,Biomedical Engineering,Developing a Patient-Specific Surgical Decision-Assistance Tool to Improve Reverse Shoulder Replacement Outcomes,"$378,676",$0,,,5 yrs 0 mth ,Musculoskeletal Health and Arthritis,"Biomedical Engineering-Biomaterials, Nanotechnology and Biomechanics; Artificial Intelligence-Machine Learning",2020-10-01,2025-09-30,0,,,"Patient-specific, Surgical, Reverse shoulder"
"Gilks, Cyril B",University of British Columbia,British Columbia,Project Grant,201903PJT,Medical Physics & Imaging,"Omics, Histopathology and AI: An Integrative Approach for Biomarker Discovery in Ovarian Cancer","$822,376",$0,,,3 yrs 0 mth ,Cancer Research,"Biomedical Engineering-Biomedical Imaging; Genetics-Genomics, Transcriptomics and Proteomics; Methods Development and Modelling-Quantitative Methods Development for Health Research",2019-10-01,2022-09-30,0,,,"Omics, Histopathology, AI"
"Gladdy, Rebecca A",Sinai Health System (Toronto),Ontario,Project Grant,201903PJT,Cancer Progression & Therapeutics,Whole Genome Sequencing Defines Leiomyosarcoma Evolution and Identifies Therapeutic Opportunities in the DNA Damage Pathway,"$948,600",$0,,,5 yrs 0 mth ,Cancer Research,"Cancer-Cancer Progression and Metastasis; Genetics-Genomics, Transcriptomics and Proteomics; Molecular, Cellular and Systems Biology-Molecular Biology",2019-10-01,2024-09-30,0,,,"Genome, Sequencing, Leiomyosarcoma"
"Gleave, Martin E",University of British Columbia,British Columbia,Project Grant,202003PJT,Cancer Biology & Therapeutics 2,Identification of HOXB13 inhibitors to treat castrate-resistant prostate cancer,"$413,100",$0,,,3 yrs 0 mth ,Cancer Research,Cancer-Cancer Drug Development and Therapeutics; Cancer-Mechanisms of Carcinogenesis,2020-10-01,2023-09-30,0,,,"HOXB13, inhibitors, prostate cancer"
"Gobeil, Stephane",Universite Laval,Quebec,Operating Grant,201009MOP,Cancer Progression & Therapeutics 2,Understanding the function and regulation of the new metastasis suppressor gene Growth Arrest Specific 1 (GAS1),"$452,248",$0,,,4 yrs 0 mth ,Cancer Research,SKIN AND SUBCUTANEOUS TISSUS; NEOPLASMS; CANCER; MOLECULAR BIOLOGY,2011-04-01,2015-03-31,0,,,"metastasis, suppressor gene, GAS1"
"Godbout, Roseline",University of Alberta,Alberta,Operating Grant - PA: Alberta Cancer Foundation - Research (bridge funding),201203OAC,Cancer Progression & Therapeutics,Role of Brain Fatty Acid-binding Protein in Malignant Glioma Progression,$0,$0,"$100,000",Alberta Cancer Foundation,1 yr 0 mth ,Cancer Research,BRAIN TUMORS (INCL. RETINAL TUMORS); NEOPLASMS; CANCER; MOLECULAR BIOLOGY,2013-10-01,2018-09-30,0,,,"Brain, Fatty Acid-binding Protein, Glioma"
"Godbout, Roseline",University of Alberta,Alberta,Operating Grant,201303MOP,Cancer Progression & Therapeutics,Role of Brain Fatty Acid-binding Protein in Malignant Glioma Progression,"$723,341",$0,,,5 yrs 0 mth ,Cancer Research,BRAIN TUMORS (INCL. RETINAL TUMORS); NEOPLASMS; CANCER; MOLECULAR BIOLOGY,2013-10-01,2018-09-30,0,,,"Brain, Fatty Acid-binding Protein, Glioma"
"Goertz, David E","Sunnybrook Health Sciences Centre (Toronto, Ontario)",Ontario,Project Grant,201709PJT,Medical Physics & Imaging,Enhancing immunotherapy with ultrasound stimulated bubbles,"$776,475",$0,,,5 yrs 0 mth ,Cancer Research,"Biomedical Engineering-Biophysics, Medical Technologies and Instrumentation; Cancer-Cancer Drug Development and Therapeutics",2018-04-01,2023-03-31,0,,,"immunotherapy, ultrasound, bubbles"
"Goertz, David E","Sunnybrook Health Sciences Centre (Toronto, Ontario)",Ontario,Project Grant,201903PJT,Medical Physics & Imaging,Novel Catheter Based Therapeutic Ultrasound Approach for the Treatment of Coronary Artery Occlusions,"$374,851",$0,,,4 yrs 0 mth ,Circulatory and Respiratory Health,"Biomedical Engineering-Biophysics, Medical Technologies and Instrumentation; Cardiovascular, Respiratory and Circulatory Systems-Cardiovascular and Circulatory Sciences",2019-10-01,2023-09-30,1,,,"Catheter, Ultrasound, Coronary Artery"
"Goodarzi, Aaron",University of Calgary,Alberta,Operating Grant,201109MOP,Cancer Biology & Therapeutics,Chromatin remodeling dynamics during human DNA double strand break repair,"$758,975",$0,,,5 yrs 0 mth ,Cancer Research,CANCER THERAPY GENERAL; AGING; CELL BIOLOGY; MOLECULAR BIOLOGY,2012-04-01,2017-03-31,0,,,"chromatin remodeling, DNA repair, double strand break"
"Goodarzi, Aaron",University of Calgary,Alberta,Project Grant,202003PJT,Cancer Biology & Therapeutics,"High-Throughput Analysis of Low Dose, Repetitive Alpha Particle Irradiation as a source of Radon-Induced Lung Cancer","$940,950",$0,,,5 yrs 0 mth ,Cancer Research,Cancer-Mechanisms of Carcinogenesis,2020-10-01,2025-09-30,0,,,"Alpha particle, irradiation, lung cancer"
"Goodyer, Paul R",Research Institute of the McGill University Health Centre,Quebec,Operating Grant - E-Rare-2: Innovative Therapeutic Approaches,201405ERL,Special Cases,Novel Therapies for Cystinosis,"$224,998",$0,,,3 yrs 0 mth ,"Nutrition, Metabolism and Diabetes",METABOLISM AND NUTRITION; DRUGS- PHARMACEUTICAL SCIENCE/CHEMISTRY & NON MEDICAL USE OF DRUGS; GENETICS; METABOLISM/DIABETES,2015-04-01,2018-03-31,0,,,Cystinosis
"Gorczynski, Reginald M",University Health Network (Toronto),Ontario,Operating Grant,201003MOP,Cancer Progression & Therapeutics 2,Characterization of importance of sCD200 levels for prognosis in CLL patients,"$599,397",$0,,,5 yrs 0 mth ,Cancer Research,LEUKAEMIAS; CANCER THERAPY GENERAL; CANCER; BLOOD,2010-10-01,2015-09-30,1,,,"sCD200, prognosis, CLL"
"Gorski, Sharon M","Simon Fraser University (Burnaby, B.C.)",British Columbia,Operating Grant - Priority Announcement: Breast Cancer Research (AVON),201209OBC,Cancer Progression & Therapeutics,Autophagy inhibition for the treatment of chemotherapy-refractory triple-negative breast cancer,$0,$0,"$750,000",Avon Foundation for Women - Canada,5 yrs 0 mth ,Cancer Research,BREAST CANCER; BREAST CANCER THERAPY; CANCER; CELL BIOLOGY,2013-04-01,2018-03-31,1,,,"Autophagy, chemotherapy, breast cancer"
"Gorski, Sharon M","Simon Fraser University (Burnaby, B.C.)",British Columbia,Project Grant - Priority Announcement: Cancer Research,202309PJS,Cancer Progression & Therapeutics 2,Targeting adaptive autophagy to enhance treatment response in pancreatic cancer,"$100,000",$0,,,1 yr 0 mth ,Cancer Research,Cancer-Cancer Drug Development and Therapeutics,2024-03-01,2025-02-28,1,,,"autophagy, pancreatic cancer, treatment response"
"Gorski, Sharon M","Simon Fraser University (Burnaby, B.C.)",British Columbia,Project Grant,202403PJT,Cancer Progression & Therapeutics,Targeting adaptive autophagy to enhance treatment response in pancreatic cancer,"$994,500",$0,,,5 yrs 0 mth ,Cancer Research,Cancer-Cancer Drug Development and Therapeutics,2024-03-01,2025-02-28,1,,,"autophagy, pancreatic cancer, treatment response"
"Gotman, Jean",McGill University,Quebec,Operating Grant,201303MOP,Medical Physics & Imaging,Electrical and metobolic analysis of human epileptogenic lesions,"$808,834",$0,,,5 yrs 0 mth ,"Neurosciences, Mental Health and Addiction",EPILEPSY; NERVOUS SYSTEM; IMAGING,2013-10-01,2015-06-30,0,,,"Electrical, metabolic, epileptogenic"
"Graham, Charles H","Queen's University (Kingston, Ontario)",Ontario,Operating Grant,201109MOP,Cancer Progression & Therapeutics,Mechanisms of hypoxia-induced immune escape in cancer and their regulation by nitric oxide,"$443,733",$0,,,3 yrs 0 mth ,Cancer Research,CANCER THERAPY GENERAL; NONE OF THE ABOVE; CANCER; CELL BIOLOGY,2012-04-01,2015-03-31,0,,,"hypoxia, immune escape, nitric oxide"
"Graham, Charles H","Queen's University (Kingston, Ontario)",Ontario,Operating Grant,200809MOP,Cancer Progression & Therapeutics,Nitric oxide-mediated inhibition of hypoxia-induced immune escape in cancer,"$529,669",$0,,,3 yrs 0 mth ,Cancer Research,CANCER THERAPY GENERAL; NONE OF THE ABOVE; CELL BIOLOGY; CANCER,2009-04-01,2012-03-31,0,,,"Nitric oxide, hypoxia, immune escape"
"Graham, Charles H","Queen's University (Kingston, Ontario)",Ontario,Project Grant,202003PJT,Cancer Biology & Therapeutics,Role of trained immunity in the response to BCG immunotherapy of bladder cancer,"$1,086,300",$0,,,5 yrs 0 mth ,Cancer Research,"Immunology and Infection-Transplantation, Immune Tolerance and Tumor Immunology",2020-10-01,2025-09-30,0,,,"trained immunity, BCG, bladder cancer"
"Graham, Janice E",Dalhousie University (Nova Scotia),Nova Scotia,Vaccines of the 21st Century,200903CVC,Catalyst Grant: Vaccines of the 21st Century,"Regulatory challenges to the development of new vaccines: Mapping   emergent relations between science, evidence and policy.","$98,980",$0,,,1 yr 0 mth ,Health Services and Policy Research,SOCIETAL & CULTURAL DIMENSIONS OF HEALTH; QUALITATIVE METHODS; HEALTH RESEARCH,2009-10-01,2010-09-30,0,,,"vaccines, science, policy"
"Graham, Simon J","Sunnybrook Health Sciences Centre (Toronto, Ontario)",Ontario,Project Grant,202209PJT,Medical Physics & Imaging,"Modernizing Classic Tests of Cognition using Computerized Tablets, Eye-tracking and Functional Neuroimaging","$1,328,230",$0,,,5 yrs 0 mth ,"Neurosciences, Mental Health and Addiction","Neurosciences-Cognition, Communication and Behaviour (including sleep and memory)",2023-04-01,2028-03-31,0,,,"Cognition, Eye-tracking, Neuroimaging"
"Graham, Simon J","Sunnybrook Health Sciences Centre (Toronto, Ontario)",Ontario,Project Grant,201809PJT,Medical Physics & Imaging,Parallel Radiofrequency Transmission MRI Applied to Deep Brain Stimulation,"$841,500",$0,,,5 yrs 0 mth ,"Neurosciences, Mental Health and Addiction",Neurosciences-Neurological disorders,2019-04-01,2024-03-31,0,,,"Radiofrequency, MRI, Brain Stimulation"
"Grandvaux, Nathalie",Centre hospitalier de l'Universite de Montreal (CHUM),Quebec,Operating Grant,200909MOP,Cancer Biology & Therapeutics,Oncogenic signaling pathways in breast cancer: regulation and function of the IKKepsilon kinase.,"$346,936",$0,,,3 yrs 0 mth ,Cancer Research,BREAST CANCER; CANCER; CELL BIOLOGY,2010-04-01,2013-03-31,0,,,"oncogenic, signaling pathways, IKKepsilon kinase"
"Grant, Michael D",Memorial University of Newfoundland,Newfoundland and Labrador,Operating Grant: COVID-19 Rapid Research Funding Opportunity - Vaccines,202005VR1,COVID-19 Rapid Research - Vaccines,Characterization of Cellular and Humoral Immunity Against SARS-CoV-2,$0,$0,"$497,175",Public Health Agency of Canada,1 yr 0 mth ,Infection and Immunity,VIRAL; HEALTH PROMOTION; IMMUNOLOGY-TRANSPLANTATION; VIROLOGY,2020-09-01,2021-08-31,0,,,"Cellular immunity, Humoral immunity, SARS-CoV-2"
"Grant, Michael D",Memorial University of Newfoundland,Newfoundland and Labrador,Catalyst Grant: HIV/AIDS Vaccine Discovery Research (Can HIV Vaccine Initiative),200811CHV,HIV Vaccine Discovery,Heteroclitic Peptides to Increase Human Immunodeficiency Virus-specific CD8+ T cell Interleukin-2 Production,"$100,000",$0,,,1 yr 0 mth ,Infection and Immunity,AIDS; VIRAL; IMMUNOLOGY-TRANSPLANTATION; VIROLOGY,2009-03-01,2010-02-28,0,,,"Heteroclitic Peptides, Immunodeficiency Virus, CD8+ T cells"
"Greer, Peter A","Queen's University (Kingston, Ontario)",Ontario,Project Grant,201804PJT,Cancer Progression & Therapeutics 2,Calpain as a novel therapeutic target in breast cancer,"$100,000",$0,,,1 yr 0 mth ,Cancer Research,Cancer-Cancer Progression and Metastasis,2018-10-01,2019-09-30,0,,,"Calpain, breast cancer, therapeutic target"
"Greer, Peter A","Queen's University (Kingston, Ontario)",Ontario,Operating Grant,201003MOP,Cancer Biology & Therapeutics,Genetic and cell biological analysis of calpain: a potential therapeutic target in breast cancer,"$734,701",$0,,,5 yrs 0 mth ,Cancer Research,CANCER THERAPY GENERAL; BREAST CANCER; CANCER; MOLECULAR BIOLOGY,2010-10-01,2015-09-30,0,,,"calpain, genetic, breast cancer"
"Greer, Peter A","Queen's University (Kingston, Ontario)",Ontario,Project Grant,201903PJT,Cancer Progression & Therapeutics 2,Targeting the calpain protease in breast cancer,"$918,000",$0,,,5 yrs 0 mth ,Cancer Research,Cancer-Cancer Drug Development and Therapeutics; Cancer-Cancer Progression and Metastasis,2019-10-01,2024-09-30,0,,,"calpain, protease, breast cancer"
"Gregorieff, Alex",Research Institute of the McGill University Health Centre,Quebec,Project Grant,201709PJT,Cancer Biology & Therapeutics 2,Role of Hippo signaling in myofibroblasts during gut regeneration and tumorigenesis.,"$650,250",$0,,,5 yrs 0 mth ,Cancer Research,"Digestive, Endocrine and Excretory Systems-Gastroenterology and Hepatology; Cancer-Cancer Progression and Metastasis; Molecular, Cellular and Systems Biology-Cell Signaling",2018-04-01,2023-03-31,0,,,"Hippo signaling, myofibroblasts, gut regeneration"
"Griffith, May C",Universite de Montreal,Quebec,Project Grant,201709PJT,Biomedical Engineering,Pro-regeneration biomimetic corneal implants with anti-microbial and anti-inflammatory activity,"$749,700",$0,,,5 yrs 0 mth ,Musculoskeletal Health and Arthritis,"Biomedical Engineering-Regenerative Medicine and Tissue Engineering; Biomedical Engineering-Biomaterials, Nanotechnology and Biomechanics; Neurosciences-Sensory Systems (including visual, auditory and pain)",2018-04-01,2023-03-31,1,,,"biomimetic, corneal, implants"
"Gros-Louis, Francois",Universite Laval,Quebec,Project Grant,202303PJT,Biomedical Engineering,Depicting disease heterogeneity in neurofibromatosis type 1 and the role of dermal fibroblasts in the establishment of microenvironment favouring NF1-associated skin tumor formation using personalized tissue-engineered 3D models,"$1,113,076",$0,,,5 yrs 0 mth ,Musculoskeletal Health and Arthritis,Biomedical Engineering-Regenerative Medicine and Tissue Engineering,2023-10-01,2028-09-30,0,,,"neurofibromatosis, dermal fibroblasts, tissue-engineered"
"Gros-Louis, Francois",Universite Laval,Quebec,Pro. Gr. - PA: Inst. of Musculoskeletal Health and Arthritis: IMHA Mandate Areas,202209MHM,Biomedical Engineering,Depicting disease heterogeneity in neurofibromatosis type 1 and the role of microenvironment in NF1-associated skin tumor formation through personalized tissue-engineered 3D models,"$100,000",$0,,,1 yr 0 mth ,Musculoskeletal Health and Arthritis,Biomedical Engineering-Regenerative Medicine and Tissue Engineering,2023-03-01,2024-02-29,0,,,"neurofibromatosis, microenvironment, tissue-engineered"
"Grova, Christophe","Concordia University (Montreal, Quebec)",Quebec,Project Grant,202403PJT,Medical Physics & Imaging,How is neurovascular coupling impacted by the occurrence of epileptic activity during sleep: a whole night personalized EEG/fNIRS investigation,"$799,426",$0,,,5 yrs 0 mth ,"Neurosciences, Mental Health and Addiction",Biomedical Engineering-Biomedical Imaging; Neurosciences-Neurological disorders; Neurosciences-Neural Circuits and Systems,2024-10-01,2029-09-30,0,,,"neurovascular, epileptic activity, EEG/fNIRS"
"Grova, Christophe",McGill University,Quebec,Operating Grant,201309MOP,Medical Physics & Imaging,Multimodal identification of the neurovascular coupling within the epileptogenic network,"$486,582",$0,,,4 yrs 0 mth ,"Neurosciences, Mental Health and Addiction",EPILEPSY; IMAGING; NERVOUS SYSTEM,2014-04-01,2018-03-31,0,,,"neurovascular, coupling, epileptogenic"
"Grova, Christophe","Concordia University (Montreal, Quebec)",Quebec,Project Grant,201803PJT,Medical Physics & Imaging,The importance of connector hubs in focal epilepsy: a multimodal investigation,"$742,050",$0,,,5 yrs 0 mth ,"Neurosciences, Mental Health and Addiction",Biomedical Engineering-Biomedical Imaging; Neurosciences-Neurological disorders; Neurosciences-Neural Circuits and Systems,2018-10-01,2023-09-30,0,,,"connector hubs, focal epilepsy, multimodal"
"Guerin, Brigitte",Universite de Sherbrooke,Quebec,Operating Grant,201109MOP,Cancer Biology & Therapeutics,Radiolabelled peptides to improve cancer diagnosis by positron emission tomography / Peptides radiomarques pour ameliorer le diagnostic du cancer par tomographie e emission de positron,"$710,710",$0,,,5 yrs 0 mth ,Cancer Research,BREAST CANCER; PROSTATE AND BLADDER CANCER; CANCER; IMAGING,2012-04-01,2017-03-31,2,,,"radiolabelled peptides, cancer diagnosis, positron emission tomography"
"Guerin, Sylvain L",Universite Laval,Quebec,Project Grant,202309PJT,Biomedical Engineering,A human tissue-engineered three-layer cornea (hTEC) supplemented with macrophages as a biomaterial for in vitro studies,"$864,450",$0,,,5 yrs 0 mth ,"Neurosciences, Mental Health and Addiction","Biomedical Engineering-Regenerative Medicine and Tissue Engineering; Biomedical Engineering-Biomaterials, Nanotechnology and Biomechanics; Molecular, Cellular and Systems Biology-Cell Signaling",2024-04-01,2029-03-31,0,,,"tissue-engineered, cornea, macrophages"
"Gueziri, Houssem-Eddine",Universite TeLUQ (Quebec),Quebec,Project Grant,202403PJT,Biomedical Engineering,Advancing Neurosurgery Training: A Realistic Simulation Platform with Sensorless Force Feedback Tutoring,"$493,426",$0,,,5 yrs 0 mth ,"Neurosciences, Mental Health and Addiction",Biomedical Engineering-Biomedical Imaging; Methods Development and Modelling-Quantitative Methods Development for Health Research,2024-10-01,2029-09-30,0,,,"Neurosurgery, Simulation, Force Feedback"
"Guha, Abhijit",Hospital for Sick Children (Toronto),Ontario,Operating Grant,200909MOP,Cancer Biology & Therapeutics,GATA4 and GATA6 Transcription Factors in Gliomagenesis,"$808,632",$0,,,5 yrs 0 mth ,Cancer Research,BRAIN TUMORS (INCL. RETINAL TUMORS); BRAIN TUMORS THERAPY; CANCER; NERVOUS SYSTEM,2010-04-01,2015-03-31,0,,,"GATA4, GATA6, Gliomagenesis"
"Guidolin, Leila M",Carleton University (Ottawa),Ontario,Project Grant,202309PJT,Medical Physics & Imaging,Mapping ECM Remodelling in Asthma Using Multimodal Imaging and Physiologically-Relevant Tissue Models,"$673,200",$0,,,5 yrs 0 mth ,Circulatory and Respiratory Health,"Biomedical Engineering-Biomedical Imaging; Cardiovascular, Respiratory and Circulatory Systems-Respiratory Sciences",2024-04-01,2029-03-31,0,,,"ECM, Imaging, Asthma"
"Gujar, Shashi A",Dalhousie University (Nova Scotia),Nova Scotia,Project Grant,202003PJT,Cancer Biology & Therapeutics,Biotherapeutic implications for oncolytic virus-induced MHC class I ligandomes,"$1,063,350",$0,,,5 yrs 0 mth ,Cancer Research,Cancer-Cancer Drug Development and Therapeutics,2020-10-01,2025-09-30,0,,,"oncolytic virus, MHC class I, ligandomes"
"Gupta, Samir",Unity Health Toronto,Ontario,Catalyst Grant: Personalized Health Catalyst Grants,201706PCG,Personalized Health - novel e-health applications,"A Novel Asthma eHealth Application for Self-Management, Improved Health Literacy, and Shared-Decision Making","$197,559",$0,,,2 yrs 0 mth ,Health Services and Policy Research,HEALTH CARE DELIVERY; ASTHMA; HEALTH SERVICES RESEARCH; RESPIRATION,2017-09-01,2019-08-31,0,,,"Asthma, eHealth, Self-Management"
"Haas, Kurt",University of British Columbia,British Columbia,Operating Grant: COVID-19 Rapid Research Funding Opportunity - Therapeutics,202005VR3,COVID-19 Rapid Research - Therapeutics,"Contribution of genetic variation of ACE2, the receptor for SARS-CoV-2, to COVID-19 disease expression and development of therapeutics","$172,414",$0,,,1 yr 0 mth ,Genetics,INFECTIOUS AND PARASITIC; MOLECULAR BIOLOGY,2020-06-01,2021-05-31,0,,,"ACE2, SARS-CoV-2, genetics"
"Haddad, Elie","Centre hospitalier universitaire Sainte-Justine (Montreal, Quebec)",Quebec,Project Grant,201709PJT,Cancer Biology & Therapeutics,Alternatives to current Chimeric-Antigen Receptor (CAR)-T cell therapy in acute lymphoblastic leukemia,"$688,500",$0,,,5 yrs 0 mth ,Cancer Research,"Cancer-Cancer Drug Development and Therapeutics; Cancer-Pediatric Cancer; Immunology and Infection-Transplantation, Immune Tolerance and Tumor Immunology",2018-04-01,2023-03-31,1,,,"Chimeric-Antigen Receptor, CAR-T, leukemia"
"Haddad, Elie","Centre hospitalier universitaire Sainte-Justine (Montreal, Quebec)",Quebec,Project Grant - Priority Announcement: Pediatric Cancer,202109PAE,Cancer Biology & Therapeutics,New Modalities of Chimeric Antigen Receptor (CAR) Therapies in Pediatric Rhabdomyosarcoma,"$460,000",$0,,,2 yrs 0 mth ,Cancer Research,"Cancer-Cancer Drug Development and Therapeutics; Immunology and Infection-Transplantation, Immune Tolerance and Tumor Immunology; Cancer-Pediatric Cancer",2022-04-01,2024-03-31,0,,,"Chimeric Antigen Receptor, CAR, Rhabdomyosarcoma"
"Hafeli, Urs O",University of British Columbia,British Columbia,Alternative Radiopharmaceuticals for Medical Imaging,200909MIS,Strategic Initiative: Medical Isotope committee,Replacement of 99mTc-Macroaggregated Albumin with Biodegradable 68Ga-Labelled Microspheres for Lung Perfusion Imaging,"$208,673","$5,624",,,2 yrs 0 mth ,Circulatory and Respiratory Health,RESPIRATION; IMAGING,2009-11-01,2011-10-31,0,,,"99mTc, Microspheres, Lung"
"Hafeli, Urs O",University of British Columbia,British Columbia,Alternative Radiopharmaceuticals for Medical Imaging,200909MIS,Strategic Initiative: Medical Isotope committee,Substitution of 99mTc-labelled Red Blood Cells with a 68Ga-Labelled Polyglycerol for Cardiac Blood Pool Imaging,"$217,094","$5,624",,,2 yrs 0 mth ,Circulatory and Respiratory Health,CARDIOLOGY; CARDIOVASCULAR; IMAGING,2009-11-01,2011-10-31,0,,,"99mTc, 68Ga, Red Blood Cells"
"Haglund, Lisbet A",Research Institute of the McGill University Health Centre,Quebec,Project Grant,202203PJT,Biomedical Engineering,"Curve progression, tissue remodelling and disease-modifying drugs in idiopathic scoliosis.","$784,126",$0,,,5 yrs 0 mth ,Musculoskeletal Health and Arthritis,"Musculoskeletal Health-Bone, Skin and Cartilage Sciences; Youth Health-Prevention, Treatment and Support",2022-10-01,2027-09-30,0,,,"curve, tissue remodelling, scoliosis"
"Haibe-Kains, Benjamin",University Health Network (Toronto),Ontario,Project Grant,201909PJT,Cancer Progression & Therapeutics,Development and comparison of radiomics models for prognosis and monitoring,"$608,175",$0,,,3 yrs 0 mth ,Cancer Research,Cancer-Clinical Oncology,2020-04-01,2023-03-31,0,,,"radiomics, prognosis, monitoring"
"Haigh, Jody J",University of Manitoba,Manitoba,Project Grant,202403PJT,Cancer Progression & Therapeutics,Deciphering the Role of ZEB2 transcription factor in B cell Ontogeny and Transformation.,"$1,071,000",$0,,,5 yrs 0 mth ,Cancer Research,"Cancer-Pediatric Cancer; Genetics-Genomics, Transcriptomics and Proteomics; Cancer-Cancer Drug Development and Therapeutics",2024-10-01,2029-09-30,0,,,"ZEB2, transcription factor, B cell"
"Haigh, Jody J",University of Manitoba,Manitoba,Project Grant,201903PJT,Cancer Biology & Therapeutics 2,EMT Transcription factor corruption of epigenetic regulators in Acute Myeloid Leukemia,"$990,676",$0,,,5 yrs 0 mth ,Cancer Research,Cancer-Cancer Drug Development and Therapeutics; Genetics-Molecular and Functional Genetics and Epigenetics; Cancer-Cancer Progression and Metastasis,2019-10-01,2024-09-30,0,,,"EMT, epigenetic, leukemia"
"Haji Reza, Parsin",University of Waterloo (Ontario),Ontario,Project Grant,202403PJT,Biomedical Engineering,Accurate Retinal Oximetry for the Pre-Symptomatic Diagnosis of Major Blinding Diseases,"$757,350",$0,,,5 yrs 0 mth ,"Nutrition, Metabolism and Diabetes","Molecular, Cellular and Systems Biology-Molecular Biology; Biomedical Engineering-Biophysics, Medical Technologies and Instrumentation",2024-10-01,2029-09-30,0,,,"Retinal oximetry, diagnosis, blinding diseases"
"Haji Reza, Parsin",University of Waterloo (Ontario),Ontario,Project Grant,202209PJT,Medical Physics & Imaging,Next Generation Surgical Microscopes for Rapid Virtual Histopathology,"$654,076",$0,,,4 yrs 0 mth ,Cancer Research,Biomedical Engineering-Biomedical Imaging; Cancer-Clinical Oncology; Artificial Intelligence-Artificial Intelligence,2023-04-01,2027-03-31,3,,,"Surgical Microscopes, Virtual Histopathology"
"Hakem, Razqallah",University Health Network (Toronto),Ontario,Project Grant,202203PJT,Cancer Progression & Therapeutics,Novel contrasting functions of RNF168 and RNF169 in breast cancer and therapeutic implications.,"$956,250",$0,,,5 yrs 0 mth ,Cancer Research,Cancer-Mechanisms of Carcinogenesis; Cancer-Cancer Progression and Metastasis,2022-10-01,2027-09-30,0,,,"RNF168, RNF169, breast cancer"
"Hakem, Razqallah",University Health Network (Toronto),Ontario,Project Grant,202209PJT,Cancer Progression & Therapeutics,Targeting transcription-replication conflicts as vulnerabilities in BRCA1 mutant and homologous recombination-deficient breast and ovarian cancers,"$956,250",$0,,,5 yrs 0 mth ,Cancer Research,Cancer-Mechanisms of Carcinogenesis,2023-04-01,2028-03-31,0,,,"transcription-replication conflicts, BRCA1, homologous recombination"
"Hamilton, Douglas W",Western University (Ontario),Ontario,Operating Grant,201403MOP,Biomedical Engineering,Development of Matricellular Protein-Containing Granulation Tissue Biomimetic Scaffolds to Enhance Skin Regeneration,"$723,542",$0,,,5 yrs 0 mth ,Musculoskeletal Health and Arthritis,SKIN AND SUBCUTANEOUS TISSUS; CELL BIOLOGY; MOLECULAR BIOLOGY,2014-10-01,2019-09-30,1,,,"Matricellular protein, Granulation tissue, Skin regeneration"
"Hamilton, Douglas W",Western University (Ontario),Ontario,Operating Grant,201103MOP,Biomedical Engineering,Matricellular Protein Biomimetic Scaffolds to Enhance Skin Regeneration,"$335,902",$0,,,3 yrs 0 mth ,Musculoskeletal Health and Arthritis,SKIN AND SUBCUTANEOUS TISSUS; CELL BIOLOGY; MOLECULAR BIOLOGY,2011-10-01,2014-09-30,0,,,"Matricellular, Biomimetic, Scaffolds"
"Hamilton, Douglas W",Western University (Ontario),Ontario,Project Grant,201803PJT,Biomedical Engineering,Novel Biomaterials-Based Strategies to Stimulate Periodontal Tissue Regeneration,"$703,800",$0,,,5 yrs 0 mth ,Musculoskeletal Health and Arthritis,"Musculoskeletal Health-Oral Health; Biomedical Engineering-Regenerative Medicine and Tissue Engineering; Biomedical Engineering-Biomaterials, Nanotechnology and Biomechanics",2018-10-01,2023-09-30,0,,,"Biomaterials, Periodontal, Regeneration"
"Hamoui, Anas",McGill University,Quebec,Operating Grant,200903MOP,Biomedical Engineering,Neural Encoding in the Visual Cortex: Engineering Principles for Advanced Neural Prosthetics,"$370,776",$0,,,4 yrs 0 mth ,"Neurosciences, Mental Health and Addiction",MULTIDISCIPLINARY; CNS ORGANIC; NERVOUS SYSTEM; VISION,2009-10-01,2013-09-30,0,,,"Neural encoding, visual cortex, neural prosthetics"
"Han, Kathy",University Health Network (Toronto),Ontario,Project Grant,202010PJT,Cancer Biology & Therapeutics 2,Tailored adjuvant therapy in POLE-mutated and p53-wildtype early stage endometrial cancer (TAPER),"$1,082,474",$0,,,6 yrs 0 mth ,Cancer Research,Cancer-Clinical Oncology; Health Services and Systems-Personalized Medicine,2021-04-01,2027-03-31,0,,,"adjuvant therapy, POLE-mutated, endometrial cancer"
"Hancock, Robert Ernest W",University of British Columbia,British Columbia,Operating Grant: COVID-19 Rapid Research Funding Opportunity - Diagnostics,202005VR2,COVID-19 Rapid Research - Diagnostics,Diagnosing the onset of severe Covid-19 disease,"$422,084",$0,,,1 yr 0 mth ,Infection and Immunity,"INFECTIOUS AND PARASITIC; GENOMICS, PROTEOMICS, AND BIOINFORMATICS; HEALTH RESEARCH",2020-06-01,2021-05-31,0,,,"Covid-19, diagnosis, disease"
"Harding, Shane M",University Health Network (Toronto),Ontario,Project Grant,201903PJT,Cancer Biology & Therapeutics,Radiotherapy-driven remodelling of the tumour microenvironment dictates response to immune checkpoint blockade,"$1,105,426",$0,,,5 yrs 0 mth ,Cancer Research,Cancer-Cancer Drug Development and Therapeutics,2019-10-01,2024-09-30,0,,,"Radiotherapy, tumor microenvironment, immune checkpoint"
"Hardisty, Michael R","Sunnybrook Health Sciences Centre (Toronto, Ontario)",Ontario,Project Grant,202109PJT,Biomedical Engineering,Quantifying Osteosarcopenia Progression with Imaging Biomarkers in Prostate Cancer,"$636,180",$0,,,5 yrs 0 mth ,Musculoskeletal Health and Arthritis,Biomedical Engineering-Biomedical Imaging; Musculoskeletal Health-Skeletal Muscle Biology and Physiology; Cancer-Cancer Progression and Metastasis,2022-04-01,2027-03-31,0,,,"Osteosarcopenia, Imaging, Biomarkers"
"Hardy, Pierre","Centre hospitalier universitaire Sainte-Justine (Montreal, Quebec)",Quebec,Project Grant,201909PJT,Cancer Biology & Therapeutics 2,Investigation of the antineoplastic effect of miRNA-181a and development a novel pharmaceutical approaches for treating advanced retinoblastoma,"$642,600",$0,,,5 yrs 0 mth ,Cancer Research,"Cancer-Pediatric Cancer; Pharmacological, Toxicological and Pharmaceutical Sciences-Drug Discovery, Design and Delivery; Molecular, Cellular and Systems Biology-Cell Signaling",2020-04-01,2025-03-31,0,,,"miRNA-181a, retinoblastoma, antineoplastic"
"Harvey, Edward J",Research Institute of the McGill University Health Centre,Quebec,Project Grant,201804PJT,Biomedical Engineering,Advanced sensors for acute and chronic brain injury,"$100,000",$0,,,1 yr 0 mth ,"Neurosciences, Mental Health and Addiction","Biomedical Engineering-Biophysics, Medical Technologies and Instrumentation",2018-10-01,2019-09-30,0,,,"sensors, brain injury"
"Hassell, John A",McMaster University,Ontario,Operating Grant - Priority Announcement: Breast Cancer,201403COP,Cancer Progression & Therapeutics,Identification and characterization of drugs affecting serotonin signalling that may be repurposed to treat breast cancer,"$100,000",$0,,,1 yr 0 mth ,Cancer Research,BREAST CANCER; CANCER THERAPY GENERAL; CANCER; MOLECULAR BIOLOGY,2014-10-01,2015-09-30,0,,,"serotonin, drugs, breast cancer"
"Hassell, John A",McMaster University,Ontario,Operating Grant,201503MOP,Cancer Progression & Therapeutics,Mechanism of action of drugs affecting serotonin signalling in breast cancer stem cells,"$664,508",$0,,,4 yrs 0 mth ,Cancer Research,BREAST CANCER; CANCER THERAPY GENERAL; CANCER; MOLECULAR BIOLOGY,2015-07-01,2019-06-30,0,,,"serotonin, breast cancer, stem cells"
"Hawkins, Cynthia E",Hospital for Sick Children (Toronto),Ontario,Project Grant,201709PJT,Cancer Progression & Therapeutics,Defining the role of the histone 3 (H3.3G34R) mutation in the pathogenesis of pediatric high grade astrocytoma,"$956,250",$0,,,5 yrs 0 mth ,Cancer Research,Cancer-Cancer Drug Development and Therapeutics; Genetics-Molecular and Functional Genetics and Epigenetics,2018-04-01,2023-03-31,0,,,"histone, mutation, astrocytoma"
"Hawkins, Cynthia E",Hospital for Sick Children (Toronto),Ontario,Project Grant,202104PJT,Cancer Progression & Therapeutics 2,Investigating diffuse midline glioma evolution and treatment resistance,"$1,051,876",$0,,,5 yrs 0 mth ,Cancer Research,Cancer-Pediatric Cancer,2021-10-01,2026-09-30,0,,,"glioma, evolution, resistance"
"Hawkins, Cynthia E",Hospital for Sick Children (Toronto),Ontario,Project Grant,201803PJT,Cancer Progression & Therapeutics 2,Molecular based approach for discovery and improved outcome for children and young adults with low grade glioma,"$940,950",$0,,,5 yrs 0 mth ,Cancer Research,Cancer-Pediatric Cancer,2018-10-01,2023-09-30,0,,,"molecular, glioma, children"
"Hawkins, Cynthia E",Hospital for Sick Children (Toronto),Ontario,Project Grant,202203PJT,Cancer Progression & Therapeutics 2,Next generation precision oncology for pediatric-type AYA gliomas,"$1,342,576",$0,,,5 yrs 0 mth ,Cancer Research,Cancer-Cancer Drug Development and Therapeutics; Cancer-Pediatric Cancer,2022-10-01,2027-09-30,0,,,"precision, oncology, gliomas"
"Hawkins, Cynthia E",Hospital for Sick Children (Toronto),Ontario,Operating Grant,201103MOP,Cancer Progression & Therapeutics,Targeting Paediatric Brainstem Glioma Using Integrated Whole Genome Analysis,"$581,429",$0,,,4 yrs 0 mth ,Cancer Research,"BRAIN TUMORS (INCL. RETINAL TUMORS); BRAIN TUMORS THERAPY; CANCER; GENOMICS, PROTEOMICS, AND BIOINFORMATICS",2011-10-01,2015-09-30,0,,,"Paediatric, Brainstem Glioma, Whole Genome"
"Hay, Annette","Queen's University (Kingston, Ontario)",Ontario,Project Grant,202303PJT,Cancer Biology & Therapeutics,"The TACtful Trial: A first-in-human multi-centre trial of BCMA specific T-cell antigen coupler infusion, generated from cryopreserved G-CSF-mobilized peripheral blood, in patients with relapsed and refractory multiple myeloma.","$3,056,176",$0,,,5 yrs 0 mth ,Cancer Research,Cancer-Clinical Oncology,2023-10-01,2028-09-30,0,,,"BCMA, T-cell, multiple myeloma"
"Hay, Kevin A",University of British Columbia,British Columbia,Project Grant,202109PJT,Cancer Biology & Therapeutics,"A Phase I first-in-human trial of CLIC-2201, a VHH-CD22 CAR-T cell product for the treatment of relapsed/refractory CD22 positive B-cell non-Hodgkin lymphoma","$1,667,700",$0,,,4 yrs 0 mth ,Cancer Research,Cancer-Cancer Drug Development and Therapeutics; Immunology and Infection-Immunology and Autoimmune Diseases (including rheumatology),2022-04-01,2026-03-31,0,,,"CAR-T, CD22, B-cell"
"He, Housheng H",University Health Network (Toronto),Ontario,Operating Grant,201503MOP,Cancer Progression & Therapeutics,Epigenetic Regulation and Noncoding RNA in Prostate Cancer Progression,"$695,400",$0,,,5 yrs 0 mth ,Cancer Research,PROSTATE AND BLADDER CANCER THERAPY; CANCER THERAPY GENERAL; CANCER; GENETICS,2015-07-01,2021-06-30,1,,,"Epigenetic, Noncoding RNA, Prostate Cancer"
"He, Housheng H",University Health Network (Toronto),Ontario,Project Grant,202109PJT,Cancer Progression & Therapeutics,Function of LSD1 in aggressive prostate cancer,"$998,325",$0,,,5 yrs 0 mth ,Cancer Research,Cancer-Cancer Progression and Metastasis,2022-04-01,2027-03-31,0,,,"LSD1, prostate cancer"
"He, Housheng H",University Health Network (Toronto),Ontario,Project Grant,201803PJT,Cancer Progression & Therapeutics 2,Function of OC2 in Neuroendocrine Transdifferentiation and NEPC,"$868,276",$0,,,5 yrs 0 mth ,Cancer Research,Cancer-Cancer Progression and Metastasis; Cancer-Cancer Drug Development and Therapeutics,2018-10-01,2023-09-30,0,,,"OC2, Neuroendocrine, Transdifferentiation"
"Hedley, David W",University Health Network (Toronto),Ontario,Operating Grant,201209MOP,Cancer Biology & Therapeutics,Hypoxia in micrometastases as a cause of treatment failure in the adjuvant setting,"$245,857",$0,,,3 yrs 0 mth ,Cancer Research,GASTRO-INTESTINAL CANCER; GASTRO-INTESTINAL CANCER THERAPY; CANCER; HEALTH RESEARCH,2013-04-01,2016-03-31,0,,,"hypoxia, micrometastases, treatment failure"
"Helfield, Brandon","Concordia University (Montreal, Quebec)",Quebec,Project Grant,202303PJT,Medical Physics & Imaging,Ultrasound-assisted microRNA delivery towards the treatment of pathological cardiac hypertrophy,"$355,726",$0,,,3 yrs 0 mth ,Circulatory and Respiratory Health,"Biomedical Engineering-Biomedical Imaging; Biomedical Engineering-Biophysics, Medical Technologies and Instrumentation",2023-10-01,2026-09-30,0,,,"ultrasound, microRNA, cardiac hypertrophy"
"Hendzel, Michael J",University of Alberta,Alberta,Project Grant,201809PJT,Cancer Biology & Therapeutics,Structure-function relationships at DNA double-strand break repair centers,"$837,675",$0,,,5 yrs 0 mth ,Cancer Research,Cancer-Cancer Drug Development and Therapeutics,2019-04-01,2024-03-31,0,,,"DNA, double-strand break, repair"
"Henkelman, R. Mark",Hospital for Sick Children (Toronto),Ontario,Operating Grant,200909MOP,Medical Physics & Imaging,The Effect of Flow on Atherogenesis in Mice,"$347,223",$0,,,3 yrs 0 mth ,Circulatory and Respiratory Health,ATHEROSCLEROSIS; IMAGING; CARDIOVASCULAR,2010-04-01,2013-03-31,0,,,"Flow, Atherogenesis, Mice"
"Herzog, Walter",University of Calgary,Alberta,Operating Grant,201009MOP,Biomedical Engineering,Chondrocyte mechanics and biology in the intact joint: towards an understanding of osteoarthritis development in vivo,"$528,435",$0,,,5 yrs 0 mth ,Musculoskeletal Health and Arthritis,"MUSCULO SKELETAL; ARTHRITIS/OSTEOARTHRITIS; MUSCLE, BONE, OR JOINT; MOLECULAR BIOLOGY",2011-04-01,2015-06-30,0,,,"chondrocyte, biomechanics, osteoarthritis"
"Herzog, Walter",University of Calgary,Alberta,Operating Grant,201003MOP,Biomedical Engineering,The functional role of titin in muscle contraction,"$251,472",$0,,,3 yrs 0 mth ,Musculoskeletal Health and Arthritis,"MUSCULO SKELETAL; MUSCLE, BONE, OR JOINT",2013-10-01,2015-06-30,0,,,"titin, muscle contraction"
"Herzog, Walter",University of Calgary,Alberta,Operating Grant,201303MOP,Biomedical Engineering,The functional role of titin in muscle contraction,"$540,050",$0,,,5 yrs 0 mth ,Musculoskeletal Health and Arthritis,"MUSCULO SKELETAL; MUSCLE, BONE, OR JOINT",2013-10-01,2015-06-30,0,,,"titin, muscle contraction"
"Hill, Richard P",University Health Network (Toronto),Ontario,Operating Grant,200909MOP,Cancer Progression & Therapeutics,Hypoxia:  Effects on Tumour Response and Progression in Cervix Cancer,"$599,314",$0,,,4 yrs 0 mth ,Cancer Research,CANCER THERAPY GENERAL; CANCER; CELL BIOLOGY,2010-04-01,2014-03-31,0,,,"Hypoxia, Tumour, Cervix Cancer"
"Hill, Richard P",University Health Network (Toronto),Ontario,Operating Grant,201009MOP,Cancer Biology & Therapeutics,Mitigation of Radiation-Induced Lung Damage.,"$382,395",$0,,,3 yrs 0 mth ,Cancer Research,LUNG CANCER THERAPY; CANCER THERAPY GENERAL; CANCER; RESPIRATION,2011-04-01,2014-03-31,1,,,"Radiation, Lung, Damage"
"Hinz, Boris",University of Toronto,Ontario,Operating Grant - E-Rare-2: Innovative Therapeutic Approaches,201405ERL,Special Cases,Repurposing biomolecules for the treatment of epidermolysis bullosa,"$321,000",$0,,,3 yrs 0 mth ,Musculoskeletal Health and Arthritis,SKIN AND SUBCUTANEOUS TISSUS; CONGENITAL ANOMALIES; CELL BIOLOGY; MOLECULAR BIOLOGY,2015-04-01,2018-03-31,0,,,"biomolecules, epidermolysis bullosa"
"Hirano, Naoto",University Health Network (Toronto),Ontario,Project Grant,202010PJT,Cancer Biology & Therapeutics,Development of TCR-engineered T cells against novel NY-ESO-1 epitopes for the treatment of triple negative breast cancer,"$1,438,200",$0,,,5 yrs 0 mth ,Infection and Immunity,"Immunology and Infection-Transplantation, Immune Tolerance and Tumor Immunology",2021-04-01,2026-03-31,4,,,"TCR, T cells, NY-ESO-1"
"Hirano, Naoto",University Health Network (Toronto),Ontario,Project Grant,201809PJT,Cancer Biology & Therapeutics,Development of a novel mesothelin CAR-T immunotherapy and pharmacologic combinations for triple negative breast cancer,"$1,273,725",$0,,,5 yrs 0 mth ,Cancer Research,Cancer-Cancer Drug Development and Therapeutics,2019-04-01,2024-03-31,1,,,"mesothelin, CAR-T, breast cancer"
"Hirano, Naoto",University Health Network (Toronto),Ontario,Project Grant,202303PJT,Cancer Biology & Therapeutics,Development of bi-specific T cell engagers (BiTEs) for the treatment of acute myeloid leukemia (AML),"$1,017,450",$0,,,5 yrs 0 mth ,Cancer Research,Cancer-Cancer Drug Development and Therapeutics,2023-10-01,2028-09-30,0,,,"bi-specific T cell engagers, AML, leukemia"
"Hitzler, Johann H",Hospital for Sick Children (Toronto),Ontario,Operating Grant,201503MOP,Cancer Biology & Therapeutics,Mechanisms and Risk Stratification for Treatment of Acute Myeloid Leukemia in Children with Down  syndrome,"$773,060",$0,,,5 yrs 0 mth ,Cancer Research,LEUKAEMIAS; CANCER; MOLECULAR BIOLOGY,2015-07-01,2020-06-30,0,,,"Acute Myeloid Leukemia, Risk Stratification, Down syndrome"
"Hoang, Trang K",Universite de Montreal,Quebec,Project Grant,202303PJT,Cancer Biology & Therapeutics,Uncovering tumor specific antigens and vulnerabilities in ETP-acute lymphoblastic leukemia,"$856,800",$0,,,5 yrs 0 mth ,Cancer Research,"Cancer-Cancer Drug Development and Therapeutics; Cancer-Pediatric Cancer; Immunology and Infection-Transplantation, Immune Tolerance and Tumor Immunology",2023-10-01,2028-09-30,0,,,"tumor antigens, vulnerabilities, leukemia"
"Hobman, Tom C",University of Alberta,Alberta,Operating Grant: COVID-19 - Therapeutics,202002OV3,Canadian 2019 Novel Coronavirus (2019-nCoV) Rapid Research,Therapeutic approaches to SARS-CoV-2 and other pathogenic coronaviruses,"$998,300",$0,,,2 yrs 0 mth ,Infection and Immunity,VIRAL; VIROLOGY,2020-03-01,2022-02-28,1,,,"SARS-CoV-2, coronavirus, pathogenic"
"Hoemann, Caroline D",Polytechnique Montreal,Quebec,Operating Grant,201309MOP,Biomedical Engineering,Defining therapeutic inflammation for cartilage repair,"$658,035",$0,,,5 yrs 0 mth ,Musculoskeletal Health and Arthritis,"ARTHRITIS/OSTEOARTHRITIS; INJURY, REGENERATION",2014-04-01,2019-03-31,2,,,"therapeutic inflammation, cartilage repair"
"Hoesli, Corinne",McGill University,Quebec,Operating Grant,201503MOP,Biomedical Engineering,Endothelial progenitor cell adhesion to biomimetic vascular substitutes,"$576,284",$0,,,5 yrs 0 mth ,Circulatory and Respiratory Health,"ATHEROSCLEROSIS; STROKE, HEART FAILURE; CARDIOVASCULAR; CELL BIOLOGY",2015-07-01,2020-06-30,0,,,"endothelial, progenitor, biomimetic"
"Hoesli, Corinne",McGill University,Quebec,Project Grant,202209PJT,Biomedical Engineering 2,Engineering a vascularized macroencapsulation device for diabetes cellular therapy,"$797,156",$0,,,5 yrs 0 mth ,"Nutrition, Metabolism and Diabetes","Biomedical Engineering-Regenerative Medicine and Tissue Engineering; Molecular, Cellular and Systems Biology-Cell Differentiation",2023-04-01,2028-03-31,1,,,"vascularized, macroencapsulation, diabetes"
"Hoge, Richard D","CIUSSS du Centre-Sud-de-l'ele-de-Montreal (Montreal, Quebec)",Quebec,Operating Grant,201203MOP,Medical Physics & Imaging,MRI characterization of neurovascular function in carotid artery disease,"$672,197",$0,,,5 yrs 0 mth ,"Neurosciences, Mental Health and Addiction",ATHEROSCLEROSIS; MENTAL AND BEHAVIOURAL DISEASES; IMAGING; NERVOUS SYSTEM,2012-10-01,2018-03-31,0,,,"MRI, neurovascular, carotid artery"
"Holdsworth, David W",Western University (Ontario),Ontario,Project Grant,202209PJT,Medical Physics & Imaging,Combined gamma probe and ultrasound imaging system for cancer surgery,"$807,075",$0,,,5 yrs 0 mth ,Cancer Research,Biomedical Engineering-Biomedical Imaging; Cancer-Cancer Drug Development and Therapeutics,2023-07-01,2028-06-30,0,,,"gamma probe, ultrasound, imaging"
"Holdsworth, David W",Western University (Ontario),Ontario,Operating Grant,201309MOP,Medical Physics & Imaging,Dynamic micro-computed tomography for pre-clinical musculoskeletal research,"$719,145",$0,,,5 yrs 0 mth ,Musculoskeletal Health and Arthritis,"MUSCULO SKELETAL; ARTHRITIS/OSTEOARTHRITIS; IMAGING; MUSCLE, BONE, OR JOINT",2014-04-01,2016-06-30,0,,,"micro-computed tomography, musculoskeletal, pre-clinical"
"Holdsworth, David W",Western University (Ontario),Ontario,Operating Grant,201209MOP,Medical Physics & Imaging,Real-time microscopy during high-frequency mechanostimulation of living cells,"$649,806",$0,,,5 yrs 0 mth ,Musculoskeletal Health and Arthritis,"MUSCULO SKELETAL; ARTHRITIS/OSTEOARTHRITIS; IMAGING; MUSCLE, BONE, OR JOINT",2013-04-01,2016-06-30,0,,,"microscopy, mechanostimulation, cells"
"Holdsworth, David W",Western University (Ontario),Ontario,Operating Grant,201009MOP,Medical Physics & Imaging,Single-plane dynamic radiography for quantification of bone and joint motion,"$752,848",$0,,,5 yrs 0 mth ,Musculoskeletal Health and Arthritis,"MUSCULO SKELETAL; ARTHRITIS/OSTEOARTHRITIS; IMAGING; MUSCLE, BONE, OR JOINT",2011-04-01,2016-03-31,1,,,"radiography, bone, joint"
"Holt, Rob",University of British Columbia,British Columbia,Project Grant,201709PJT,Cancer Progression & Therapeutics 2,Engineering T cells to overcome an immunosuppressive solid tumour microenvironment,"$150,000",$0,,,3 yrs 0 mth ,Cancer Research,"Immunology and Infection-Transplantation, Immune Tolerance and Tumor Immunology; Molecular, Cellular and Systems Biology-Molecular Biology",2018-04-01,2021-03-31,0,,,"T cells, immunosuppressive, tumour"
"Holt, Rob",University of British Columbia,British Columbia,Vaccines of the 21st Century,200903CVC,Catalyst Grant: Vaccines of the 21st Century,Immunogenicity and HLA restriction of kinase mutations in colorectal adenoma and carcinoma patients,"$100,000",$0,,,1 yr 0 mth ,Infection and Immunity,GASTRO-INTESTINAL CANCER; CANCER,2009-10-01,2010-09-30,0,,,"Immunogenicity, HLA, kinase mutations"
"Holt, Rob",University of British Columbia,British Columbia,Project Grant,202010PJT,Cancer Biology & Therapeutics,Lentiviral infusion as a universal approach for genetically modified immune effector cell therapies.,"$642,600",$0,,,4 yrs 0 mth ,Cancer Research,"Cancer-Cancer Drug Development and Therapeutics; Immunology and Infection-Transplantation, Immune Tolerance and Tumor Immunology; Genetics-Bioinformatics",2021-04-01,2025-03-31,0,,,"Lentiviral, infusion, immune effector cells"
"Hope, Kristin",University Health Network (Toronto),Ontario,Project Grant,202209PJT,Cancer Progression & Therapeutics,Characterizing the stress granule network as a determinant of leukemic stem cells and novel therapeutic target in acute myeloid leukemia,"$956,250",$0,,,5 yrs 0 mth ,Cancer Research,Cancer-Cancer Drug Development and Therapeutics; Cancer-Cancer Progression and Metastasis,2023-04-01,2028-03-31,0,,,"stress granule, leukemic stem cells, acute myeloid leukemia"
"Houghton, Michael",University of Alberta,Alberta,Operating Grant: COVID-19 - Vaccines,202002OV5,Canadian 2019 Novel Coronavirus (2019-nCoV) Rapid Research,Production of a recombinant S ( spike ) protein vaccine against SARS-CoV-2 and emerging coronaviruses,"$600,000",$0,,,2 yrs 0 mth ,Infection and Immunity,VIRAL; INFECTIOUS AND PARASITIC; VIROLOGY; BIOCHEMISTRY,2020-04-01,2022-03-31,0,,,"recombinant, spike, SARS-CoV-2"
"Huang, Annie",Hospital for Sick Children (Toronto),Ontario,Project Grant,202104PJT,Cancer Progression & Therapeutics,Delineating mechanisms of cellular and phenotypic heterogeneity in ETMRs,"$967,726",$0,,,5 yrs 0 mth ,Cancer Research,Cancer-Pediatric Cancer,2021-10-01,2026-09-30,0,,,"cellular, heterogeneity, ETMRs"
"Huang, Annie",Hospital for Sick Children (Toronto),Ontario,Operating Grant,201403MOP,Cancer Progression & Therapeutics 2,Delineating transforming pathways in childhood primitive neuro-ectodermal brain tumours,"$990,596",$0,,,5 yrs 0 mth ,Cancer Research,BRAIN TUMORS THERAPY; CANCER THERAPY GENERAL; CANCER; CELL BIOLOGY,2014-07-01,2019-06-30,2,,,"neuro-ectodermal, brain tumours, pathways"
"Huang, Annie",Hospital for Sick Children (Toronto),Ontario,Operating Grant,200909MOP,Cancer Progression & Therapeutics,Discovery and characterization of C19MC a novel oncogenic miRNA locus in malignant brain tumors,"$515,320",$0,,,4 yrs 0 mth ,Cancer Research,BRAIN TUMORS (INCL. RETINAL TUMORS); BRAIN TUMORS THERAPY; CANCER; MOLECULAR BIOLOGY,2010-04-01,2014-03-31,0,,,"C19MC, miRNA, brain tumors"
"Huang, Annie",Hospital for Sick Children (Toronto),Ontario,Project Grant,201809PJT,Cancer Progression & Therapeutics 2,Molecular Basis of Clinical Heterogeneity in Rhabdoid Brain Tumours,"$1,023,190",$0,,,5 yrs 0 mth ,Cancer Research,Cancer-Pediatric Cancer,2019-04-01,2024-03-31,0,,,"Molecular, Rhabdoid, Brain Tumours"
"Huang, Annie",Hospital for Sick Children (Toronto),Ontario,Operating Grant,201109MOP,Cancer Progression & Therapeutics 2,Targeting Thrombospondin-1 in medulloblastoma,"$762,872",$0,,,5 yrs 0 mth ,Cancer Research,BRAIN TUMORS THERAPY; CANCER THERAPY GENERAL; CANCER; MOLECULAR BIOLOGY,2012-04-01,2017-03-31,0,,,"Thrombospondin-1, medulloblastoma"
"Huang, Sidong",McGill University,Quebec,Operating Grant,201303MOP,Cancer Progression & Therapeutics 2,Drug resistance driven by SWI/SNF chromatin remodelers in lung cancer,"$815,192",$0,,,5 yrs 0 mth ,Cancer Research,CANCER THERAPY GENERAL; LUNG CANCER THERAPY; CANCER; GENETICS,2013-10-01,2018-09-30,0,,,"drug resistance, SWI/SNF, chromatin remodeling"
"Huang, Sidong",McGill University,Quebec,Project Grant,202003PJT,Cancer Progression & Therapeutics,Exploiting genetic vulnerabilities to improve outcomes in small cell carcinoma of the ovary,"$952,426",$0,,,5 yrs 0 mth ,Cancer Research,Cancer-Cancer Drug Development and Therapeutics,2020-10-01,2025-09-30,0,,,"genetic, vulnerabilities, small cell carcinoma"
"Huang, Sidong",McGill University,Quebec,Project Grant,201709PJT,Cancer Progression & Therapeutics,Targeting vulnerabilities in SMARCA4-deficient lung cancers,"$845,325",$0,,,5 yrs 0 mth ,Cancer Research,Cancer-Cancer Drug Development and Therapeutics,2018-04-01,2023-03-31,0,,,"SMARCA4, lung cancer, vulnerabilities"
"Huang, Sidong",McGill University,Quebec,Project Grant,202403PJT,Cancer Progression & Therapeutics 2,p300 histone acetyltransferase-dependency in SWI/SNF-deficient cancers: mechanisms and therapeutic implications,"$1,116,900",$0,,,5 yrs 0 mth ,Cancer Research,Cancer-Cancer Progression and Metastasis,2024-10-01,2029-09-30,0,,,"p300, histone acetyltransferase, SWI/SNF"
"Huang, Xi",Hospital for Sick Children (Toronto),Ontario,Project Grant,201809PJT,Cancer Biology & Therapeutics 2,Targeting potassium channel to disrupt the cellular hierarchy and suppress malignant growth of pediatric brain tumor,"$891,225",$0,,,5 yrs 0 mth ,Cancer Research,Cancer-Mechanisms of Carcinogenesis; Cancer-Pediatric Cancer,2019-04-01,2024-03-31,0,,,"potassium channel, cellular hierarchy, malignant growth"
"Hulea, Laura",CIUSSS Est-de-l'Ile-de- Montreal-Maisonneuve Rosemont,Quebec,Project Grant,201903PJT,Cancer Progression & Therapeutics 2,Targeting translational machinery to overcome kinase inhibitor resistance of cancer cells,"$761,176",$0,,,5 yrs 0 mth ,Cancer Research,Cancer-Cancer Drug Development and Therapeutics; Cancer-Cancer Progression and Metastasis,2019-10-01,2024-09-30,0,,,"translational machinery, kinase inhibitor, cancer cells"
"Huntsman, David G",University of British Columbia,British Columbia,Operating Grant,200903MOP,Cancer Progression & Therapeutics,Clinical and functional significance of a pathognomonic FOXL2 mutation in granulosa cell tumours of the ovary,"$538,998",$0,,,4 yrs 0 mth ,Cancer Research,"NEOPLASMS; CANCER; GENOMICS, PROTEOMICS, AND BIOINFORMATICS",2009-10-01,2013-09-30,4,,,"FOXL2, granulosa cells, tumours"
"Huntsman, David G",University of British Columbia,British Columbia,Operating Grant,201003MOP,Cancer Progression & Therapeutics,Mutations in the SWI/SNF chromatin remodelling complex genes: an alternative mechanism for ovarian carcinogenesis,"$541,640",$0,,,4 yrs 0 mth ,Cancer Research,"NEOPLASMS; CANCER; GENOMICS, PROTEOMICS, AND BIOINFORMATICS",2010-10-01,2014-09-30,2,,,"SWI/SNF, chromatin remodelling, ovarian carcinogenesis"
"Hynynen, Kullervo H","Sunnybrook Health Sciences Centre (Toronto, Ontario)",Ontario,Operating Grant,201503MOP,Medical Physics & Imaging,Feasibility of focused ultrasound treatment of deep vein thrombosis,"$722,716",$0,,,5 yrs 0 mth ,Circulatory and Respiratory Health,CLOTTING DEFECTS/THROMBOSIS; IMAGING,2015-07-01,2017-06-30,1,,,"focused ultrasound, deep vein thrombosis"
"Hynynen, Kullervo H","Sunnybrook Health Sciences Centre (Toronto, Ontario)",Ontario,Operating Grant,201109MOP,Medical Physics & Imaging,Investigation of the bioeffects of blood-brain barrier disruption by focused ultrasound: A multifaceted imaging approach,"$803,100",$0,,,5 yrs 0 mth ,"Neurosciences, Mental Health and Addiction",ALZHEIMER'S DISEASE; AGING; IMAGING; NERVOUS SYSTEM,2012-04-01,2017-03-31,10,,,"blood-brain barrier, focused ultrasound, imaging"
"Ilangumaran, Subburaj",Universite de Sherbrooke,Quebec,Project - PA: Cancer Prevention and Early Detection of Hard to Treat Cancers,202104PQQ,Cancer Biology & Therapeutics 2,Role of SOCS1 in maintaining prostate homeostasis and in suppressing malignant growth,"$100,000",$0,,,1 yr 0 mth ,Cancer Research,Cancer-Mechanisms of Carcinogenesis,2021-10-01,2022-09-30,0,,,"SOCS1, prostate, malignancy"
"Ilangumaran, Subburaj",Universite de Sherbrooke,Quebec,Operating Grant,201003MOP,Cancer Biology & Therapeutics,Tumor immunotherapy: enhancing the efficacy of cytotoxic T lymphocytes by IL-21 and IL-15,"$343,654",$0,,,3 yrs 0 mth ,Cancer Research,CANCER THERAPY GENERAL; CANCER; IMMUNOLOGY-TRANSPLANTATION,2010-10-01,2013-09-30,0,,,"tumor, immunotherapy, cytotoxic T lymphocytes"
"Irwin, Meredith",Hospital for Sick Children (Toronto),Ontario,Project Grant,201809PJT,Cancer Progression & Therapeutics,Targeting Relapsed Metastatic Neuroblastoma,"$929,475",$0,,,5 yrs 0 mth ,Cancer Research,Cancer-Pediatric Cancer; Cancer-Cancer Progression and Metastasis,2019-04-01,2024-03-31,0,,,"Relapsed, Metastatic, Neuroblastoma"
"Irwin, Meredith",Hospital for Sick Children (Toronto),Ontario,Operating Grant,201309MOP,Cancer Progression & Therapeutics,Targeting metastatic neuroblastoma,"$771,485",$0,,,5 yrs 0 mth ,Cancer Research,BRAIN TUMORS (INCL. RETINAL TUMORS); BONE CANCER; CANCER; CELL BIOLOGY,2014-04-01,2019-03-31,0,,,"metastatic, neuroblastoma"
"Ivers, Noah M",Women's College Hospital (Toronto),Ontario,Catalyst Grant: Personalized Health Catalyst Grants,201706PCG,Personalized Health - novel e-health applications,"Automated screening, triage, and follow-up to facilitate proactive, personalized postpartum mental health treatment for new parents.","$189,943",$0,,,2 yrs 0 mth ,Health Services and Policy Research,HEALTH CARE DELIVERY; HEALTH SERVICES RESEARCH; MENTAL HEALTH,2017-09-01,2019-08-31,0,,,"automated screening, postpartum mental health, personalized"
"Jabado, Nada",Research Institute of the McGill University Health Centre,Quebec,Operating Grant,201103MOP,Cancer Progression & Therapeutics 2,Identification and characterization of genes involved in the genesis and progression of pediatric astrocytomas.,"$707,975",$0,,,5 yrs 0 mth ,Cancer Research,BRAIN TUMORS (INCL. RETINAL TUMORS); BRAIN TUMORS THERAPY; CANCER; GENETICS,2008-10-01,2011-09-30,1,,,"genes, astrocytomas, pediatric"
"Jabado, Nada",Research Institute of the McGill University Health Centre,Quebec,Operating Grant,201209MOP,Cancer Progression & Therapeutics 2,Role of chromatin remodeling in the genesis of pediatric and young adult astrocytomas,"$788,500",$0,,,5 yrs 0 mth ,Cancer Research,BRAIN TUMORS (INCL. RETINAL TUMORS); BRAIN TUMORS THERAPY; CANCER; NERVOUS SYSTEM,2013-04-01,2017-06-30,0,,,"chromatin remodeling, astrocytomas, genesis"
"Jabado, Nada",Research Institute of the McGill University Health Centre,Quebec,Project Grant,202403PJT,Cancer Progression & Therapeutics 2,Targeting vulnerabilities in oncohistone-mediated gliomas,"$1,269,900",$0,,,5 yrs 0 mth ,Cancer Research,"Cancer-Pediatric Cancer; Cancer-Cancer Drug Development and Therapeutics; Molecular, Cellular and Systems Biology-Cell Signaling",2024-10-01,2029-09-30,0,,,"oncohistone, gliomas, vulnerabilities"
"Jackson, Hartland W",Sinai Health System (Toronto),Ontario,Project Grant,202010PJT,Cancer Progression & Therapeutics,Targeting chemotherapy resistant multi-cellular environments in pancreatic cancer,"$1,097,775",$0,,,5 yrs 0 mth ,Cancer Research,Cancer-Cancer Progression and Metastasis; Cancer-Cancer Drug Development and Therapeutics; Cancer-Clinical Oncology,2021-04-01,2026-03-31,0,,,"chemotherapy, pancreatic cancer, multi-cellular environments"
"Jaffray, David A",University Health Network (Toronto),Ontario,Operating Grant,200909MOP,Medical Physics & Imaging,Engineering Gold Nanoparticle Radiosensitizers for Cancer Therapy,"$559,353",$0,,,5 yrs 0 mth ,Cancer Research,CANCER THERAPY GENERAL; MULTIDISCIPLINARY; CANCER; BIOPHYSICS,2010-04-01,2015-03-31,1,,,"Gold, Nanoparticles, Radiosensitizers"
"Jaffray, David A",University Health Network (Toronto),Ontario,Operating Grant,201303MOP,Medical Physics & Imaging,Improved treatment of cervical cancer through heat-activated delivery of chemo-radiosensitizing agents in combination with radiotherapy,"$328,486",$0,,,3 yrs 0 mth ,Cancer Research,CANCER THERAPY GENERAL; CANCER,2013-10-01,2016-09-30,0,,,"cervical cancer, heat-activated, chemo-radiosensitizing"
"Jahani-Asl, Arezu",CIUSSS de Centre-Ouest-de-l'Ile-de-Montreal-Jewish General,Quebec,Project Grant,201809PJT,Cancer Biology & Therapeutics 2,OSMR Regulation of Glioblastoma Pathogenesis,"$753,525",$0,,,5 yrs 0 mth ,Cancer Research,Cancer-Cancer Drug Development and Therapeutics,2019-04-01,2024-03-31,0,,,"OSMR, Glioblastoma, Pathogenesis"
"James, Michael N",University of Alberta,Alberta,Operating Grant: COVID-19 - Therapeutics,202002OV3,Canadian 2019 Novel Coronavirus (2019-nCoV) Rapid Research,Towards anti-COVID-19 therapeutic development by targeting the viral papain-like proteinase,"$248,800",$0,,,2 yrs 0 mth ,Infection and Immunity,VIRAL; DRUGS- PHARMACEUTICAL SCIENCE/CHEMISTRY & NON MEDICAL USE OF DRUGS; BIOCHEMISTRY; BIOPHYSICS,2020-04-01,2022-03-31,3,,,"COVID-19, viral proteinase, papain-like protease"
"Jamieson, Amy",University of British Columbia,British Columbia,Project Grant,202403PJT,Cancer Progression & Therapeutics,STRIVE Study: STRatIfication of Vulvar squamous cell carcinoma by HPV and p53 status to guide Excision,"$1,166,628",$0,,,7 yrs 0 mth ,Cancer Research,"Cancer-Clinical Oncology; Molecular, Cellular and Systems Biology-Molecular Biology",2024-10-01,2031-09-30,0,,,"Vulvar squamous cell carcinoma, HPV, p53"
"Jan, Eric",University of British Columbia,British Columbia,Operating Grant: COVID-19 - Therapeutics,202002OV3,Canadian 2019 Novel Coronavirus (2019-nCoV) Rapid Research,Host cellular protein substrates of SARS-CoV-2 proteases,"$331,212",$0,,,2 yrs 0 mth ,Circulatory and Respiratory Health,VIRAL; RESPIRATION; BIOCHEMISTRY; VIROLOGY,2020-04-01,2022-03-31,0,,,"host, proteases, SARS-CoV-2"
"Jarvi, Keith A",Sinai Health System (Toronto),Ontario,Operating Grant: COVID-19 Rapid Research Funding Opportunity - Diagnostics,202005VR2,COVID-19 Rapid Research - Diagnostics,"Development of high throughput, inexpensive and scalable testing to detect SARS-CoV-2 antibodies using home blood collection kits and a fully automated ELISA antibody assay",$0,$0,"$484,965",Public Health Agency of Canada,1 yr 0 mth ,Health Services and Policy Research,HEALTH SERVICES RESEARCH; VIRAL; VIROLOGY,2020-09-01,2021-08-31,0,,,"SARS-CoV-2, ELISA, antibodies"
"Jay-Gerin, Jean-Paul",Universite de Sherbrooke,Quebec,Project Grant,202403PJT,Medical Physics & Imaging,Investigating the 'FLASH' effect: Mechanistic studies of the chemical and biological impact of ultra-high dose-rate radiation.,"$983,024",$0,,,4 yrs 0 mth ,Cancer Research,"Cancer-Cancer Drug Development and Therapeutics; Methods Development and Modelling-Quantitative Methods Development for Health Research; Sex-and-Gender Health-Sex Differences in Cells, Tissues and Animals",2024-10-01,2028-09-30,0,,,"FLASH, radiation, dose-rate"
"Jefferies, Wilfred A",University of British Columbia,British Columbia,"Catalyst Grant: Invention and High-Risk, High-Benefit Research",201003NHG,"Inventions, Technologies, or High Risk Grants",Establishment of a Novel High Throughput Conditional Gene Trapping System,"$300,000",$0,,,3 yrs 0 mth ,Genetics,MULTIPLE DISEASE RELEVANCE; DETERMINANTS OF HEALTH; GENETICS; CELL BIOLOGY,2010-10-01,2013-09-30,1,,,"Gene trapping, High throughput, Conditional"
"Jefferies, Wilfred A",University of British Columbia,British Columbia,Operating Grant,200903MOP,Cancer Biology & Therapeutics,Regulation of antigen processing machinery in carcinomas,"$480,608",$0,,,4 yrs 0 mth ,Cancer Research,LUNG CANCER; LUNG CANCER THERAPY; CANCER; CELL BIOLOGY,2009-10-01,2013-09-30,17,,,"antigen processing, machinery, carcinomas"
"Jiang, Xiaoyan",University of British Columbia,British Columbia,Project Grant,202210PJT,Cancer Progression & Therapeutics,A novel oncolytic virotherapy to overcome drug-resistance in acute myeloid leukemia,"$100,000",$0,,,1 yr 0 mth ,Cancer Research,Cancer-Cancer Drug Development and Therapeutics,2023-04-01,2024-03-31,3,,,"oncolytic virotherapy, drug-resistance, leukemia"
"Jiang, Xiaoyan",University of British Columbia,British Columbia,Operating Grant,201109MOP,Cancer Progression & Therapeutics,Molecular Targeting of Critical Domains of AHI-1 Oncoprotein in Chronic Myeloid Leukemia Stem Cells Resistant to Current Tyrosine Kinase Inhibitor Therapy,"$636,768",$0,,,4 yrs 0 mth ,Cancer Research,LEUKAEMIAS; BLOOD; CANCER; BIOCHEMISTRY,2012-04-01,2016-03-31,0,,,"AHI-1, Leukemia, Kinase"
"Jiang, Xiaoyan",University of British Columbia,British Columbia,Operating Grant,201309MOP,Cancer Progression & Therapeutics,Targeting Drug-Insensitive CML Stem Cells with Combination Therapy of New ABL and PP2A Inhibitors,"$658,800",$0,,,5 yrs 0 mth ,Cancer Research,BLOOD; LEUKAEMIAS; CANCER,2014-04-01,2019-03-31,0,,,"CML, ABL, PP2A"
"Jiang, Xiaoyan",University of British Columbia,British Columbia,Project Grant,201709PJT,Cancer Progression & Therapeutics,Targeting Key Autophagy Proteins/Pathways for Treatment of Human Leukemia,"$787,950",$0,,,5 yrs 0 mth ,Cancer Research,Cancer-Cancer Drug Development and Therapeutics,2018-04-01,2023-03-31,0,,,"Autophagy, Proteins, Leukemia"
"Jiang, Xiaoyan",University of British Columbia,British Columbia,Project Grant,201909PJT,Cancer Progression & Therapeutics 2,Targeting a novel miR-185/PAK6 axis to overcome drug-resistance in human leukemia,"$902,700",$0,,,5 yrs 0 mth ,Cancer Research,Cancer-Cancer Drug Development and Therapeutics,2020-04-01,2025-03-31,0,,,"miR-185, PAK6, leukemia"
"Jirasek, Andrew I",University of Victoria (British Columbia),British Columbia,Operating Grant,201109MOP,Medical Physics & Imaging,Developing Raman spectroscopic techniques for the prediction and monitoring of cellular and tumour response to radiation therapy,"$523,965",$0,,,5 yrs 0 mth ,Cancer Research,PROSTATE AND BLADDER CANCER; CANCER THERAPY GENERAL,2012-04-01,2017-03-31,0,,,"Raman spectroscopy, cellular response, radiation"
"Jirik, Frank R",University of Calgary,Alberta,Operating Grant,200909MOP,Cancer Biology & Therapeutics,Characterization of a novel model of inflammation-induced gastric neoplasia.,"$384,114",$0,,,3 yrs 0 mth ,Cancer Research,GASTRO-INTESTINAL CANCER; NEOPLASMS; CANCER; IMMUNOLOGY-TRANSPLANTATION,2010-04-01,2013-03-31,0,,,"inflammation, gastric, neoplasia"
"Jirik, Frank R",University of Calgary,Alberta,Operating Grant,201503MOP,Cancer Progression & Therapeutics,Stimulator of interferon genes (STING)-induced tumour-associated macrophage re-education as a novel strategy for the treatment of lung cancer.,"$660,400",$0,,,4 yrs 0 mth ,Cancer Research,LUNG CANCER THERAPY; LUNG CANCER; CANCER; IMMUNOLOGY-TRANSPLANTATION,2015-07-01,2019-06-30,0,,,"STING, macrophage, lung cancer"
"Johnson, James A",Western University (Ontario),Ontario,Operating Grant,200809MOP,Biomedical Engineering,Computer Assisted Surgery of the Elbow,"$386,369",$0,,,4 yrs 0 mth ,Musculoskeletal Health and Arthritis,"MUSCULO SKELETAL; MUSCLE, BONE, OR JOINT",2009-04-01,2013-03-31,1,,,"Computer, Surgery, Elbow"
"Johnson, James D",University of British Columbia,British Columbia,Project Grant,201909PJT,Cancer Biology & Therapeutics 2,Mechanisms by which hyperinsulinemia promotes pancreatic cancer,"$1,090,125",$0,,,5 yrs 0 mth ,Cancer Research,Cancer-Mechanisms of Carcinogenesis,2020-04-01,2025-03-31,2,,,"hyperinsulinemia, pancreatic cancer"
"Johnson, Nathalie",CIUSSS de Centre-Ouest-de-l'Ile-de-Montreal-Jewish General,Quebec,Project Grant,201709PJT,Cancer Progression & Therapeutics 2,Optimizing immunotherapy in high-risk lymphoma,"$1,208,700",$0,,,5 yrs 0 mth ,Cancer Research,Cancer-Cancer Drug Development and Therapeutics,2018-04-01,2023-03-31,0,,,"immunotherapy, lymphoma, high-risk"
"Johnson, Nathalie",CIUSSS de Centre-Ouest-de-l'Ile-de-Montreal-Jewish General,Quebec,Operating Grant,201303MOP,Cancer Progression & Therapeutics 2,Overcoming therapeutic resistance in lymphoma,"$449,166",$0,,,3 yrs 0 mth ,Cancer Research,NEOPLASMS; CANCER,2013-10-01,2016-09-30,0,,,"therapeutic resistance, lymphoma"
"Jolicoeur, Paul",Institut de recherches cliniques de Montreal,Quebec,Catalyst Grant: HIV/AIDS Vaccine Discovery Research (Can HIV Vaccine Initiative),200811CHV,HIV Vaccine Discovery,Dissecting the mechanisms of protection by attenuated Nef-deleted HIV vaccine,"$100,000",$0,,,1 yr 0 mth ,Infection and Immunity,AIDS; VIRAL; VIROLOGY; IMMUNOLOGY-TRANSPLANTATION,2009-03-01,2010-02-28,0,,,"HIV, vaccine, Nef"
"Jomha, Nadr M",University of Alberta,Alberta,Operating Grant,200809MOP,Biomedical Engineering,Vitrification and transplantation of articular cartilage,"$254,422",$0,,,3 yrs 0 mth ,Musculoskeletal Health and Arthritis,"ARTHRITIS/OSTEOARTHRITIS; MUSCULO SKELETAL; MUSCLE, BONE, OR JOINT",2009-04-01,2012-03-31,1,,,"Vitrification, transplantation, articular cartilage"
"Jones, Courtney L",University Health Network (Toronto),Ontario,Project Grant,202010PJT,Cancer Biology & Therapeutics 2,Characterization and Targeting of SIRT3 in Acute Myeloid Leukemia Stem Cells,"$921,825",$0,,,5 yrs 0 mth ,Cancer Research,Cancer-Cancer Drug Development and Therapeutics,2021-04-01,2026-03-31,0,,,"SIRT3, Acute Myeloid Leukemia, Stem Cells"
"Jones, Russell G",McGill University,Quebec,Project Grant,201709PJT,Cancer Biology & Therapeutics,Investigating LKB1-mediated inflammation as a mediator of tumour progression,"$837,675",$0,,,5 yrs 0 mth ,Cancer Research,"Cancer-Mechanisms of Carcinogenesis; Cancer-Cancer Progression and Metastasis; Immunology and Infection-Transplantation, Immune Tolerance and Tumor Immunology",2018-04-01,2023-03-31,0,,,"LKB1, inflammation, tumour progression"
"Jones, Russell G",McGill University,Quebec,Operating Grant,201209MOP,Cancer Biology & Therapeutics,Regulation of tumourigenesis and tumour cell metabolism by the energy sensor AMPK,"$797,450",$0,,,5 yrs 0 mth ,Cancer Research,CANCER THERAPY GENERAL; LEUKAEMIAS; CANCER; CELL BIOLOGY,2013-04-01,2018-03-31,1,,,"tumourigenesis, cell metabolism, AMPK"
"Jones, Russell G",McGill University,Quebec,Operating Grant,200809MOP,Cancer Biology & Therapeutics,Role of the AMP-activated protein kinase (AMPK) in stress resistance and cancer,"$533,730",$0,,,4 yrs 0 mth ,Cancer Research,CANCER THERAPY GENERAL; AGING; CANCER,2009-07-01,2014-06-30,1,,,"AMP-activated protein kinase, stress resistance, cancer"
"Jones, Steven","Simon Fraser University (Burnaby, B.C.)",British Columbia,Operating Grant,201503MOP,Cancer Progression & Therapeutics,Modulators of epigenomic processes - a novel approach to cancer therapy,"$560,420",$0,,,4 yrs 0 mth ,Cancer Research,CANCER THERAPY GENERAL; CANCER; DRUG RESEARCH,2015-07-01,2019-06-30,0,,,"epigenomic, modulators, cancer"
"Ju, MyeongJin",University of British Columbia,British Columbia,Project Grant,202210PJT,Medical Physics & Imaging,Advanced Multi-parametric Retinal Imaging for AMD Classification Modeling,"$100,000",$0,,,1 yr 0 mth ,Aging,Biomedical Engineering-Biomedical Imaging; Aging-Aging Process and Biological Determinants of Aging; Methods Development and Modelling-Quantitative Methods Development for Health Research,2023-04-01,2024-03-31,0,,,"Retinal imaging, AMD, classification"
"Juncker, David",McGill University,Quebec,Operating Grant,201209MOP,Cancer Progression & Therapeutics 2,Blood-based protein test for early detection of breast cancer using antibody colocalization microarrays,"$210,140",$0,,,2 yrs 0 mth ,Genetics,"BREAST CANCER; MULTIDISCIPLINARY; GENOMICS, PROTEOMICS, AND BIOINFORMATICS",2013-04-01,2015-03-31,2,,,"blood, protein, breast cancer"
"Juncker, David",McGill University,Quebec,Project Grant,201803PJT,Biomedical Engineering,Microfiltration of Circulating and Disseminated Tumor Cells in Ovarian Cancer: From Monitoring Therapeutic Response Towards Predicting Disease Outcome,"$382,500",$0,,,3 yrs 0 mth ,Cancer Research,"Biomedical Engineering-Biophysics, Medical Technologies and Instrumentation; Methods Development and Modelling-Quantitative Methods Development for Health Research; Cancer-Cancer Progression and Metastasis",2018-10-01,2021-09-30,0,,,"Microfiltration, Tumor Cells, Ovarian Cancer"
"Juncker, David",McGill University,Quebec,Project Grant,202109PJT,Biomedical Engineering,Single-cell imaging affinity proteomics of microfiltered circulating tumor cells: Uncovering biomarkers in colorectal cancer liver metastasis,"$895,050",$0,,,5 yrs 0 mth ,Cancer Research,Biomedical Engineering-Biomedical Imaging,2022-04-01,2027-03-31,0,,,"single-cell imaging, proteomics, circulating tumor cells"
"Kaartinen, Mari T",McGill University,Quebec,"Catalyst Grant: Invention and High-Risk, High-Benefit Research",201003NHG,"Inventions, Technologies, or High Risk Grants",Regulation of adipogenesis by osteocalcin,"$191,400",$0,,,2 yrs 0 mth ,"Nutrition, Metabolism and Diabetes",OBESITY; METABOLISM AND NUTRITION; CELL BIOLOGY; BIOCHEMISTRY,2010-10-01,2012-09-30,0,,,"adipogenesis, osteocalcin"
"Kadoury, Samuel",Polytechnique Montreal,Quebec,Operating Grant,201503MOP,Medical Physics & Imaging,Image-guided device interventions for arterial therapies in liver cancer,"$334,419",$0,,,3 yrs 0 mth ,Cancer Research,LIVER DISEASE; IMAGING; CANCER,2015-07-01,2018-06-30,1,,,"image-guided, device, liver cancer"
"Kadoury, Samuel",Polytechnique Montreal,Quebec,Project Grant,202010PJT,Medical Physics & Imaging,Multimodal Sensing Guidewire with Random Optical Gratings by Ultraviolet laser Exposure for Peripheral Vascular Interventions,"$543,150",$0,,,5 yrs 0 mth ,Circulatory and Respiratory Health,"Biomedical Engineering-Biophysics, Medical Technologies and Instrumentation",2021-04-01,2026-03-31,0,,,"Sensing, Guidewire, Optical Gratings"
"Kain, Kevin C",University Health Network (Toronto),Ontario,Operating Grant: COVID-19 Rapid Research Funding Opportunity - Therapeutics,202005VR3,COVID-19 Rapid Research - Therapeutics,"A Randomized trial to determine the effect of vitamin D and zinc supplementation for improving treatment outcomes among COVID-19 patients in Mumbai, India","$887,006",$0,,,1 yr 0 mth ,Infection and Immunity,INFECTIOUS AND PARASITIC; MALNUTRITION; NUTRITION; INTERNATIONAL HEALTH,2020-06-01,2021-05-31,0,,,"vitamin D, zinc, COVID-19"
"Kairy, Dahlia",Universite de Montreal,Quebec,Catalyst Grant: Personalized Health Catalyst Grants,201706PCG,Personalized Health - novel e-health applications,Optimizing a home-based virtual reality exercise program for chronic stroke patients: A telerehabilitation approach,"$197,481",$0,,,2 yrs 0 mth ,Circulatory and Respiratory Health,"STROKE, HEART FAILURE; HEALTH CARE DELIVERY; NERVOUS SYSTEM; AGING",2017-09-01,2019-08-31,0,,,"virtual reality, telerehabilitation, stroke"
"Kallos, Michael S",University of Calgary,Alberta,Project Grant,201909PJT,Biomedical Engineering,Enabling Cellular Therapy Biomanufacturing through Integrated Modeling of Fluid Dynamics and Cellular Metabolism in Bioreactors,"$841,500",$0,,,5 yrs 0 mth ,Musculoskeletal Health and Arthritis,Biomedical Engineering-Regenerative Medicine and Tissue Engineering,2020-04-01,2025-03-31,0,,,"Cellular therapy, Biomanufacturing, Bioreactors"
"Kandel, Rita A",Sinai Health System (Toronto),Ontario,Project Grant,202203PJT,Biomedical Engineering,An intervertebral disc replacement: a regenerative medicine approach,"$1,170,450",$0,,,5 yrs 0 mth ,Musculoskeletal Health and Arthritis,"Musculoskeletal Health-Bone, Skin and Cartilage Sciences; Aging-Aging Process and Biological Determinants of Aging",2022-10-01,2027-09-30,0,,,"intervertebral disc, regenerative medicine, replacement"
"Kandel, Rita A",Sinai Health System (Toronto),Ontario,Project Grant,201803PJT,Biomedical Engineering,Bioengineering a finger joint replacement,"$688,501",$0,,,4 yrs 0 mth ,Musculoskeletal Health and Arthritis,"Musculoskeletal Health-Bone, Skin and Cartilage Sciences; Aging-Aging Process and Biological Determinants of Aging",2018-10-01,2022-09-30,0,,,"Bioengineering, finger joint, replacement"
"Kandel, Rita A",Sinai Health System (Toronto),Ontario,Operating Grant,201103MOP,Biomedical Engineering,Establishing annulus fibrosus interfaces:  towards tissue engineering an intervertebral disc,"$459,432",$0,,,3 yrs 0 mth ,Musculoskeletal Health and Arthritis,"MUSCULO SKELETAL; MULTIDISCIPLINARY; MUSCLE, BONE, OR JOINT; AGING",2011-10-01,2014-09-30,2,,,"annulus fibrosus, tissue engineering, intervertebral disc"
"Kandel, Rita A",Sinai Health System (Toronto),Ontario,Operating Grant,201503MOP,Biomedical Engineering,Tissue engineering an intervertebral disc replacement,"$768,657",$0,,,5 yrs 0 mth ,Musculoskeletal Health and Arthritis,"MUSCULO SKELETAL; MULTIDISCIPLINARY; MUSCLE, BONE, OR JOINT; HEALTH RESEARCH",2015-07-01,2021-06-30,0,,,"tissue engineering, intervertebral disc"
"Kao, Kenneth R",Memorial University of Newfoundland,Newfoundland and Labrador,Operating Grant - PA: Regional Partnership Program - Newfoundland and Labrador,201303RNL,Cancer Progression & Therapeutics 2,Analysis of human Pygopus 2 as an essential androgen-responsive cellular biomarker for prostate cancer progression,"$153,012",$0,,,3 yrs 0 mth ,Cancer Research,PROSTATE AND BLADDER CANCER; PROSTATE AND BLADDER CANCER THERAPY; CANCER; CELL BIOLOGY,2014-04-01,2017-03-31,0,,,"Pygopus 2, androgen-responsive, prostate cancer"
"Karsan, Aly",University of British Columbia,British Columbia,Project Grant,202203PJT,Cancer Progression & Therapeutics 2,Clonal interactions in myeloid malignancy,"$1,025,100",$0,,,5 yrs 0 mth ,Cancer Research,"Cancer-Cancer Progression and Metastasis; Molecular, Cellular and Systems Biology-Systems Biology",2022-10-01,2027-09-30,0,,,"clonal interactions, myeloid malignancy"
"Kassouf, Wassim",Research Institute of the McGill University Health Centre,Quebec,Project Grant,201909PJT,Cancer Biology & Therapeutics,Implication of neutrophil extracellular traps in the efficacy of bladder-sparing therapy in muscle invasive bladder cancer,"$902,700",$0,,,5 yrs 0 mth ,Cancer Research,Cancer-Cancer Drug Development and Therapeutics,2020-04-01,2025-03-31,0,,,"neutrophil extracellular traps, bladder-sparing, bladder cancer"
"Kassouf, Wassim",Research Institute of the McGill University Health Centre,Quebec,Operating Grant,201109MOP,Cancer Progression & Therapeutics,Integration of mTOR-p53 pathway crosstalk and miR-34 family in prognostication and prediction of response to bladder cancer therapy,"$549,872",$0,,,4 yrs 0 mth ,Cancer Research,PROSTATE AND BLADDER CANCER THERAPY; PROSTATE AND BLADDER CANCER; CANCER,2012-04-01,2016-03-31,0,,,"mTOR, p53, miR-34"
"Katyal, Sachin",University of Manitoba,Manitoba,Operating Grant,201403MOP,Cancer Biology & Therapeutics,ATM and TDP1 coordinate neurodevelopment and modulate Top1-mediated anti-cancer therapeutic outcome,"$817,320",$0,,,5 yrs 0 mth ,Cancer Research,CANCER THERAPY GENERAL; MULTIPLE DISEASE RELEVANCE; CANCER; GENETICS,2014-07-01,2019-06-30,0,,,"ATM, TDP1, Top1"
"Kaufmann, Daniel E",Centre hospitalier de l'Universite de Montreal (CHUM),Quebec,Operating Grant: COVID-19 Rapid Research Funding Opportunity - Diagnostics,202005VR2,COVID-19 Rapid Research - Diagnostics,Early immune predictors of sustained SARS-CoV-2 antibody responses after COVID-19 disease,"$50,000",$0,,,1 yr 0 mth ,Infection and Immunity,INFECTIOUS AND PARASITIC; VIROLOGY; IMMUNOLOGY-TRANSPLANTATION,2020-09-01,2021-08-31,0,,,"immune, SARS-CoV-2, antibody"
"Kaushic, Charu",McMaster University,Ontario,Catalyst Grant: Innovation in HIV Vaccine and HIV Cure Research,201211CHR,HIV Vaccine and Cure Research,A humanized mouse model for understanding HIV-1 mucosal pathogenesis,"$100,000",$0,,,1 yr 0 mth ,Infection and Immunity,VIRAL; GENITO/URINARY SYSTEM; VIROLOGY; IMMUNOLOGY-TRANSPLANTATION,2013-03-01,2014-02-28,0,,,"humanized mouse, HIV-1, mucosal"
"Keillor, Jeffrey W",Universite de Montreal,Quebec,"Catalyst Grant: Invention and High-Risk, High-Benefit Research",200903NHG,"Inventions, Technologies, or High Risk Grants",New Methods for Site-Specific Labelling of Proteins,"$300,000",$0,,,3 yrs 0 mth ,Genetics,MULTIDISCIPLINARY; BIOCHEMISTRY,2009-10-01,2012-09-30,5,,,"Site-specific, Labelling, Proteins"
"Kelley, Shana O",University of Toronto,Ontario,Operating Grant,201109MOP,Cancer Progression & Therapeutics,Mitochondrial delivery of DNA-alkylating anticancer agents,"$514,560",$0,,,4 yrs 0 mth ,Cancer Research,CANCER THERAPY GENERAL; LEUKAEMIAS; CANCER; GENETICS,2012-04-01,2016-03-31,0,,,"Mitochondrial, DNA-alkylating, anticancer"
"Kelvin, David J",University Health Network (Toronto),Ontario,Vaccines of the 21st Century,200903CVC,Catalyst Grant: Vaccines of the 21st Century,Identification and Characterization of Adjuvant Controlled Correlates of Immune Protection,"$99,250",$0,,,1 yr 0 mth ,Infection and Immunity,PNEUMONIA; AGING; IMMUNOLOGY-TRANSPLANTATION,2009-10-01,2010-09-30,0,,,"Adjuvant, Immune, Correlates"
"Kerbel, Robert S","Sunnybrook Health Sciences Centre (Toronto, Ontario)",Ontario,Project Grant,201909PJT,Cancer Progression & Therapeutics,Low Dose Metronomic Chemotherapy as a Combination Strategy to Combat Innate or Acquired Resistance to Immune Checkpoint Therapy,"$581,400",$0,,,4 yrs 0 mth ,Cancer Research,Cancer-Cancer Drug Development and Therapeutics,2020-04-01,2024-03-31,0,,,"Metronomic Chemotherapy, Resistance, Immune Checkpoint"
"Kerbel, Robert S","Sunnybrook Health Sciences Centre (Toronto, Ontario)",Ontario,Operating Grant,201109MOP,Cancer Progression & Therapeutics 2,Translational studies of acquired resistance to antiangiogenic therapies undertaken in new preclinical models of locally advanced or metastatic cancer,"$781,655",$0,,,5 yrs 0 mth ,Cancer Research,CANCER THERAPY GENERAL; NEOPLASMS,2012-04-01,2017-03-31,0,,,"antiangiogenic, resistance, cancer"
"Keshavjee, Shaf",University Health Network (Toronto),Ontario,Operating Grant: COVID-19 - Diagnostics,202002OV1,Canadian 2019 Novel Coronavirus (2019-nCoV) Rapid Research,Reducing the Health Care Resource Burden from COVID-19 (SARS-CoV-2): Rapid Diagnostics to Risk-Stratify for Severity of Illness,"$970,702",$0,,,2 yrs 0 mth ,Infection and Immunity,RESPIRATION; HEALTH RESEARCH,2020-04-01,2022-03-31,0,,,"COVID-19, Diagnostics, Risk-Stratify"
"Khan, Omar F",University of Toronto,Ontario,Project Grant - PA: Infection and Immunity (Early Career Research Support),202203PTT,Biomedical Engineering 2,Making donated lungs infected with cytomegalovirus safer: nanoparticle-mediated deletion of essential viral genes prior to transplant using ex vivo lung perfusion,"$300,000",$0,,,3 yrs 0 mth ,Infection and Immunity,"Biomedical Engineering-Biomaterials, Nanotechnology and Biomechanics",2022-10-01,2025-09-30,0,,,"cytomegalovirus, nanoparticle, lung perfusion"
"Khokha, Rama",University Health Network (Toronto),Ontario,Operating Grant,201503MOP,Cancer Progression & Therapeutics 2,Discovery of Novel Therapeutic Targets in Osteosarcoma,"$802,985",$0,,,5 yrs 0 mth ,Cancer Research,BONE CANCER THERAPY; CANCER; MOLECULAR BIOLOGY,2015-07-01,2017-06-30,0,,,"Osteosarcoma, Therapeutic targets"
"Khokha, Rama",University Health Network (Toronto),Ontario,Operating Grant,201209MOP,Cancer Progression & Therapeutics,Molecular dissection of TIMP3-dependent hepatocellular carcinoma,"$623,520",$0,,,5 yrs 0 mth ,Cancer Research,CANCER THERAPY GENERAL; LIVER DISEASE; CANCER,2013-04-01,2017-06-30,0,,,"TIMP3, hepatocellular carcinoma, molecular"
"Kim, Keekyoung",University of Calgary,Alberta,Project Grant,202203PJT,Biomedical Engineering,Computational modeling of anatomy guided 3D vasculature network for organ bioprinting and regeneration,"$114,750",$0,,,1 yr 0 mth ,Circulatory and Respiratory Health,Biomedical Engineering-Regenerative Medicine and Tissue Engineering; Methods Development and Modelling-Computational Biology,2022-10-01,2023-09-30,0,,,"computational modeling, vasculature, bioprinting"
"Kim, Paul Y",McMaster University,Ontario,Operating Grant: COVID-19 Rapid Research Funding Opportunity - Diagnostics,202005VR2,COVID-19 Rapid Research - Diagnostics,COVID-19: Comprehensive biomarker analysis for prediction of clinical course and patient treatment outcomes (COVID-BEACONS),"$1,173,325",$0,,,1 yr 0 mth ,Circulatory and Respiratory Health,CLOTTING DEFECTS/THROMBOSIS; BLOOD; BIOCHEMISTRY,2020-06-01,2021-05-31,0,,,"COVID-19, biomarker, prediction"
"Kim, Tae-Hee",Hospital for Sick Children (Toronto),Ontario,Project Grant,202003PJT,Cancer Progression & Therapeutics,Epigenetic mechanisms of gastric cancer associated with ARID1A mutations and H. pylori,"$918,000",$0,,,5 yrs 0 mth ,Cancer Research,Cancer-Cancer Progression and Metastasis,2020-10-01,2025-09-30,0,,,"epigenetic, gastric cancer, ARID1A"
"King, Graham John W",Western University (Ontario),Ontario,Operating Grant,201003MOP,Biomedical Engineering,Hemi-Arthroplasty of the Elbow: The Effect of Implant Surface Design and Materials on Joint Kinematics and Contact Mechanics,"$307,002",$0,,,4 yrs 0 mth ,Musculoskeletal Health and Arthritis,"MUSCULO SKELETAL; ARTHRITIS/OSTEOARTHRITIS; MUSCLE, BONE, OR JOINT",2010-10-01,2014-09-30,0,,,"Hemi-Arthroplasty, Implant Surface, Contact Mechanics"
"Kinsella, Joseph",McGill University,Quebec,Project Grant,202309PJT,Biomedical Engineering 2,Tissue-engineered humanized model of the gastric tumor microenvironment to mechanistically evaluate the dynamics of combined tumor-infiltrating lymphocyte and RNA nanoparticle therapy,"$1,051,875",$0,,,5 yrs 0 mth ,Cancer Research,"Biomedical Engineering-Biomaterials, Nanotechnology and Biomechanics; Biomedical Engineering-Regenerative Medicine and Tissue Engineering; Cancer-Cancer Drug Development and Therapeutics",2024-04-01,2029-03-31,0,,,"tissue-engineering, gastric tumor, RNA nanoparticle"
"Kirby, Miranda A",Toronto Metropolitan University,Ontario,Project Grant,202209PJT,Medical Physics & Imaging,Development of Magnetic Resonance Imaging Airway Segmentation to Assess and Monitor Cystic Fibrosis Lung Disease,"$699,975",$0,,,5 yrs 0 mth ,Circulatory and Respiratory Health,"Methods Development and Modelling-Quantitative Methods Development for Health Research; Cardiovascular, Respiratory and Circulatory Systems-Respiratory Sciences",2023-04-01,2028-03-31,0,,,"Magnetic Resonance Imaging, Airway Segmentation, Cystic Fibrosis"
"Kislinger, Thomas",University Health Network (Toronto),Ontario,Operating Grant,201309MOP,Cancer Progression & Therapeutics,A Novel Biomarker Discovery Strategy Combining Primary Tumour Xenograft Models and Glyco-Capture of Secreted Proteins,"$351,553",$0,,,3 yrs 0 mth ,Cancer Research,"CANCER; GENOMICS, PROTEOMICS, AND BIOINFORMATICS",2014-04-01,2017-03-31,0,,,"Biomarker, Xenograft, Glyco-Capture"
"Kislinger, Thomas",University Health Network (Toronto),Ontario,Operating Grant,201103MOP,Cancer Progression & Therapeutics 2,A Systematic Proteomic Analysis Strategy for Biomarker Discovery in Head & Neck Cancer,"$437,079",$0,,,3 yrs 0 mth ,Cancer Research,"CANCER THERAPY GENERAL; BLOOD; CANCER; GENOMICS, PROTEOMICS, AND BIOINFORMATICS",2011-10-01,2014-09-30,4,,,"Proteomic, Biomarker, Cancer"
"Kislinger, Thomas",University Health Network (Toronto),Ontario,Operating Grant,201203MOP,Cancer Progression & Therapeutics,Biomarkers for the detection of aggressive prostate cancers: Application of targeted proteomics to clinically stratified expressed prostatic secretions and urines,"$346,847",$0,,,3 yrs 0 mth ,Cancer Research,"PROSTATE AND BLADDER CANCER; CANCER; GENOMICS, PROTEOMICS, AND BIOINFORMATICS",2012-10-01,2015-09-30,3,,,"biomarkers, proteomics, prostate"
"Kislinger, Thomas",University Health Network (Toronto),Ontario,Operating Grant,200809MOP,Cancer Progression & Therapeutics,Molecular dynamics of the cell-surface proteome in primary prostate cancer cells: Towards a community resource for therapeutic intervention and biomarker discovery,"$383,699",$0,,,3 yrs 0 mth ,Cancer Research,"PROSTATE AND BLADDER CANCER THERAPY; GENOMICS, PROTEOMICS, AND BIOINFORMATICS; CANCER",2009-04-01,2012-03-31,3,,,"molecular dynamics, cell-surface proteome, prostate cancer"
"Kislinger, Thomas",University Health Network (Toronto),Ontario,Project Grant,201709PJT,Cancer Progression & Therapeutics,Proteogenomics Panorama of Localized Prostate Cancers,"$340,425",$0,,,3 yrs 0 mth ,Cancer Research,Cancer-Cancer Progression and Metastasis,2018-04-01,2021-03-31,2,,,"Proteogenomics, Prostate, Cancers"
"Kislinger, Thomas",University Health Network (Toronto),Ontario,Project Grant,202003PJT,Cancer Progression & Therapeutics 2,The Ovarian Cancer Glycoproteome: Biomarker Discovery and Therapeutic Targets,"$504,901",$0,,,4 yrs 0 mth ,Cancer Research,Cancer-Cancer Drug Development and Therapeutics,2020-10-01,2024-09-30,0,,,"Ovarian cancer, Glycoproteome, Biomarkers"
"Kizhakkedathu, Jayachandran N",University of British Columbia,British Columbia,Operating Grant,200903MOP,Biomedical Engineering,Modular Design of Macromolecular Iron Chelator Structures for Chelation Therapy: Towards Effective Prevention of Primary and Transfusional Iron Overload,"$385,110",$0,,,3 yrs 0 mth ,Circulatory and Respiratory Health,BLOOD,2009-10-01,2012-09-30,1,,,"Macromolecular, Iron, Chelator"
"Kizhakkedathu, Jayachandran N",University of British Columbia,British Columbia,Operating Grant,201403MOP,Biomedical Engineering,Novel Cell Surface Engineering Approaches for Cell-based Therapies,"$731,651",$0,,,5 yrs 0 mth ,Circulatory and Respiratory Health,BLOOD,2014-07-01,2019-06-30,5,,,"Cell surface, Engineering, Therapies"
"Kizhakkedathu, Jayachandran N",University of British Columbia,British Columbia,Project Grant,202003PJT,Biomedical Engineering,Novel endothelial engineering and localized immunosuppression approaches for the protection of organ transplants,"$918,000",$0,,,5 yrs 0 mth ,Infection and Immunity,"Biomedical Engineering-Biomaterials, Nanotechnology and Biomechanics; Biomedical Engineering-Regenerative Medicine and Tissue Engineering",2020-10-01,2025-09-30,1,,,"endothelial, immunosuppression, transplants"
"Kizhakkedathu, Jayachandran N",University of British Columbia,British Columbia,Operating Grant,201303MOP,Biomedical Engineering,Polymer-based Bioengineering Approaches for Systemic Iron Removal,"$610,078",$0,,,5 yrs 0 mth ,Circulatory and Respiratory Health,ANAEMIAS; BLOOD; NOT CLASSIFIED,2013-10-01,2018-09-30,0,,,"Polymer, Bioengineering, Iron"
"Kizhakkedathu, Jayachandran N",University of British Columbia,British Columbia,Project Grant,202403PJT,Biomedical Engineering 2,Transfusion Without Blood Typing: Enzymatic Glycoengineering Towards 'True' Universal Blood,"$1,013,626",$0,,,5 yrs 0 mth ,Circulatory and Respiratory Health,"Biomedical Engineering-Regenerative Medicine and Tissue Engineering; Biomedical Engineering-Biomaterials, Nanotechnology and Biomechanics",2024-10-01,2029-09-30,0,,,"transfusion, blood typing, glycoengineering"
"Klein Geltink, Ramon",University of British Columbia,British Columbia,Project Grant,202303PJT,Cancer Biology & Therapeutics,Glucose restriction-mediated changes to mitochondria as a driver of anti-tumour CD8+ T cell function.,"$983,026",$0,,,5 yrs 0 mth ,Cancer Research,Cancer-Cancer Drug Development and Therapeutics,2023-10-01,2028-09-30,0,,,"glucose restriction, mitochondria, CD8+ T cells"
"Kobinger, Gary P",Universite Laval,Quebec,Operating Grant: Optimizing the VSV Vector towards an HIV Vaccine,201702OVV,Optimizing the VSV towards an HIV Vaccine,"Development of a safe, effective and clinically acceptable VSV-based HIV vaccine","$3,997,503",$0,,,3 yrs 0 mth ,Infection and Immunity,VIRAL; HEALTH RESEARCH; VIROLOGY,2017-04-01,2020-03-31,5,,,"VSV, HIV, vaccine"
"Kobinger, Gary P",Universite Laval,Quebec,Operating Grant: COVID-19 - Vaccines,202002OV5,Canadian 2019 Novel Coronavirus (2019-nCoV) Rapid Research,"Development of vaccine candidates and monoclonal antibodies to interrupt the spread of the novel coronavirus, COVID-19.","$999,356",$0,,,2 yrs 0 mth ,Infection and Immunity,VIRAL; INFECTIOUS AND PARASITIC; VIROLOGY; INTERNATIONAL HEALTH,2020-02-01,2022-01-31,0,,,"vaccine, monoclonal antibodies, coronavirus"
"Koch, Anne",University Health Network (Toronto),Ontario,Operating Grant - PA: Cancer Research (bridge funding),200809IC1,Cancer Biology & Therapeutics,Characterization of APLF (C2orf13) in DNA double-strand break repair and in the maintenance of genome stability,"$100,000",$0,,,1 yr 0 mth ,Cancer Research,BREAST CANCER; BREAST CANCER THERAPY; MOLECULAR BIOLOGY; CANCER,2009-01-01,2009-12-31,0,,,"DNA repair, genome stability, APLF"
"Koch, Anne",University Health Network (Toronto),Ontario,Operating Grant,200909MOP,Cancer Biology & Therapeutics,"Role of APLF in DNA damage signaling, DNA repair and in the maintenance of genome stability","$325,560",$0,,,3 yrs 0 mth ,Cancer Research,BREAST CANCER; BREAST CANCER THERAPY; MOLECULAR BIOLOGY; CANCER,2010-04-01,2013-03-31,0,,,"APLF,DNA repair,genome stability"
"Kohandel, Mohammad",University of Waterloo (Ontario),Ontario,Project Grant,201803PJT,Cancer Progression & Therapeutics,"Theoretical, experimental, and preclinical studies of heterogeneity-driven adaptive resistance to chemotherapy: Implications for multimodal targeted therapeutics","$734,400",$0,,,3 yrs 0 mth ,Cancer Research,Cancer-Cancer Drug Development and Therapeutics,2018-10-01,2021-09-30,0,,,"adaptive resistance, heterogeneity, targeted therapeutics"
"Kolios, Michael C",Toronto Metropolitan University,Ontario,Project Grant,201909PJT,Medical Physics & Imaging,Photoacoustics as a novel kidney fibrosis imaging tool,"$803,252",$0,,,4 yrs 0 mth ,"Nutrition, Metabolism and Diabetes","Biomedical Engineering-Biomedical Imaging; Biomedical Engineering-Biophysics, Medical Technologies and Instrumentation",2020-04-01,2024-03-31,3,,,"Photoacoustics, kidney fibrosis, imaging"
"Kollmann, Tobias R",University of British Columbia,British Columbia,Vaccines of the 21st Century,200903CVC,Catalyst Grant: Vaccines of the 21st Century,Vaccines for Asthma and Allergies - an Immune-Prophylactic and -Therapeutic Approach,"$100,000",$0,,,1 yr 0 mth ,Infection and Immunity,ASTHMA; IMMUNOLOGY-TRANSPLANTATION; HEALTH RESEARCH,2009-10-01,2010-09-30,0,,,"Vaccines, Asthma, Allergies"
"Kopp, Janel",University of British Columbia,British Columbia,Project Grant,201809PJT,Cancer Biology & Therapeutics,Role of inflammation during the genesis of intraductal papillary mucinous neoplasia associated pancreatic ductal adenocarcinoma,"$1,090,125",$0,,,5 yrs 0 mth ,Cancer Research,Cancer-Cancer Progression and Metastasis,2019-04-01,2024-03-31,0,,,"inflammation, intraductal papillary mucinous neoplasia, pancreatic ductal adenocarcinoma"
"Kopp, Janel",University of British Columbia,British Columbia,Operating Grant,201503MOP,Cancer Progression & Therapeutics,Using genetically engineered mouse models to define variables producing pancreatic ductal adenocarcinoma heterogeneity,"$644,632",$0,,,5 yrs 0 mth ,Cancer Research,GASTRO-INTESTINAL CANCER; GASTRO-INTESTINAL DISEASE; CANCER; CELL BIOLOGY,2015-07-01,2021-06-30,0,,,"genetically engineered, mouse models, pancreatic ductal adenocarcinoma"
"Koritzinsky, Marianne",University Health Network (Toronto),Ontario,Project Grant,202109PJT,Cancer Biology & Therapeutics,Redox homeostasis in pancreatic cancer - molecular mechanisms and combined modalities,"$860,625",$0,,,5 yrs 0 mth ,Cancer Research,"Cancer-Cancer Drug Development and Therapeutics; Molecular, Cellular and Systems Biology-Cell Biology and Physiology",2022-04-01,2027-03-31,0,,,"Redox, pancreatic cancer, homeostasis"
"Korneluk, Robert G",Children's Hospital of Eastern Ontario Research Institute Inc,Ontario,Operating Grant,201309MOP,Cancer Progression & Therapeutics 2,Combined IAP antagonism and immunotherapy for cancer treatment,"$794,885",$0,,,5 yrs 0 mth ,Cancer Research,CANCER THERAPY GENERAL; VIRAL; CANCER; CELL BIOLOGY,2014-04-01,2019-03-31,2,,,"IAP, immunotherapy, cancer"
"Korneluk, Robert G",Children's Hospital of Eastern Ontario Research Institute Inc,Ontario,Project Grant,201803PJT,Cancer Progression & Therapeutics 2,Combined IAP antagonism and immunotherapy for cancer treatment,"$937,126",$0,,,5 yrs 0 mth ,Cancer Research,CANCER THERAPY GENERAL; VIRAL; CANCER; CELL BIOLOGY,2014-04-01,2019-03-31,2,,,"IAP, immunotherapy, cancer"
"Koropatnick, James",London Health Sciences Centre Res. Inc. (Ont.),Ontario,Project Grant,201709PJT,Cancer Biology & Therapeutics,Inducing Mismatch Repair Deficiency in Cancer Cells for Therapeutic Benefit,"$983,025",$0,,,5 yrs 0 mth ,Cancer Research,"Cancer-Cancer Drug Development and Therapeutics; Immunology and Infection-Immunology and Autoimmune Diseases (including rheumatology); Pharmacological, Toxicological and Pharmaceutical Sciences-Drug Discovery, Design and Delivery",2018-04-01,2023-03-31,0,,,"Mismatch repair, cancer cells, deficiency"
"Kothary, Rashmi K",Ottawa Hospital Research Institute,Ontario,Operating Grant - E-Rare-2: Innovative Therapeutic Approaches,201405ERL,Special Cases,Common Pathogenic Pathways and Therapeutics for SMA and ALS motoneuron diseases,"$390,150",$0,,,3 yrs 0 mth ,Genetics,MUSCULO SKELETAL; MULTIPLE DISEASE RELEVANCE; NERVOUS SYSTEM; CELL BIOLOGY,2015-04-01,2018-03-31,0,,,"Pathogenic pathways, SMA, ALS"
"Koti, Madhuri","Queen's University (Kingston, Ontario)",Ontario,Project Grant,201803PJT,Cancer Progression & Therapeutics 2,Exploiting tumour innate immunity for sensitization of ovarian tumours to PD-L1 immune checkpoint blockade immunotherapy,"$765,000",$0,,,5 yrs 0 mth ,Cancer Research,Cancer-Cancer Drug Development and Therapeutics,2018-10-01,2023-09-30,0,,,"tumour, innate immunity, PD-L1"
"Koti, Madhuri","Queen's University (Kingston, Ontario)",Ontario,Project Grant,202403PJT,Cancer Progression & Therapeutics 2,Targeting B cell exhaustion in BCG non-responsive bladder cancer,"$975,376",$0,,,5 yrs 0 mth ,Cancer Research,"Cancer-Cancer Drug Development and Therapeutics; Sex-and-Gender Health-Sex Differences in Cells, Tissues and Animals",2024-10-01,2029-09-30,0,,,"B cell exhaustion, bladder cancer, BCG"
"Kotsopoulos, Joanne",Women's College Hospital (Toronto),Ontario,Operating Grant - Priority Announcement: Ovarian Cancer (bridge funding),201109OVA,Cancer Progression & Therapeutics 2,Telomere Length and Ovarian Cancer Prognosis,"$100,000",$0,,,1 yr 0 mth ,Cancer Research,GENITO/URINARY SYSTEM; EPIDEMIOLOGY; CANCER; MOLECULAR BIOLOGY,2012-04-01,2013-03-31,0,,,"Telomere, Ovarian Cancer, Prognosis"
"Kozlowski, Piotr",University of British Columbia,British Columbia,Operating Grant,201103MOP,Medical Physics & Imaging,Multi-parametric MRI for prostate cancer diagnosis and prognosis,"$627,332",$0,,,5 yrs 0 mth ,Cancer Research,PROSTATE AND BLADDER CANCER,2011-10-01,2016-09-30,0,,,"MRI, prostate cancer, diagnosis"
"Krajinovic, Maja","Centre hospitalier universitaire Sainte-Justine (Montreal, Quebec)",Quebec,Operating Grant,201003MOP,Cancer Progression & Therapeutics 2,"Genetic determinants of the resistance to corticosteroids, vincristine and asparaginase in childhood acute lymphoblastic leukemia","$295,728",$0,,,3 yrs 0 mth ,Cancer Research,LEUKAEMIAS; DRUGS- PHARMACEUTICAL SCIENCE/CHEMISTRY & NON MEDICAL USE OF DRUGS; GENETICS; DRUG RESEARCH,2010-10-01,2013-09-30,0,,,"genetic, corticosteroids, leukemia"
"Kremer, Richard B",McGill University,Quebec,Operating Grant,200909MOP,Cancer Progression & Therapeutics,Co-targeting parathyroid-hormone related protein (PTHrP) signaling and osteoclast activation to counter breast cancer metastasis to bone,"$506,268",$0,,,4 yrs 0 mth ,Musculoskeletal Health and Arthritis,BREAST CANCER; BONE CANCER,2015-07-01,2020-06-30,1,,,"PTHrP, osteoclast, metastasis"
"Kremer, Richard B",Research Institute of the McGill University Health Centre,Quebec,Operating Grant,201503MOP,Cancer Progression & Therapeutics,Co-targeting parathyroid-hormone related protein (PTHrP) signaling and osteoclast activation to counter breast cancer metastasis to bone,"$739,955",$0,,,5 yrs 0 mth ,Musculoskeletal Health and Arthritis,BREAST CANCER; BONE CANCER,2015-07-01,2020-06-30,1,,,"PTHrP, osteoclast, metastasis"
"Kubes, Paul",University of Calgary,Alberta,Operating Grant: COVID-19 Rapid Research Funding Opportunity - Therapeutics,202005VR3,COVID-19 Rapid Research - Therapeutics,Imaging COVID-19 Lungs to Uncover Therapies,"$1,271,404",$0,,,1 yr 0 mth ,Infection and Immunity,INFECTIOUS AND PARASITIC; VIRAL; IMAGING; IMMUNOLOGY-TRANSPLANTATION,2020-06-01,2021-05-31,0,,,"Imaging, COVID-19, Lungs"
"Labbe, David",Research Institute of the McGill University Health Centre,Quebec,Project Grant,201809PJT,Cancer Biology & Therapeutics 2,Molecular basis to diet-dependent chromatin dependencies in prostate cancer,"$967,725",$0,,,5 yrs 0 mth ,Cancer Research,"Cancer-Mechanisms of Carcinogenesis; Genetics-Molecular and Functional Genetics and Epigenetics; Molecular, Cellular and Systems Biology-Molecular Biology",2019-04-01,2024-03-31,0,,,"molecular, chromatin, prostate cancer"
"Labbe, David",Research Institute of the McGill University Health Centre,Quebec,Project Grant,202109PJT,Cancer Biology & Therapeutics 2,Protein glycation acts as a substrate-dependent tumorigenic molecular switch in prostate cancer,"$1,132,200",$0,,,5 yrs 0 mth ,Cancer Research,"Cancer-Mechanisms of Carcinogenesis; Biomedical Engineering-Regenerative Medicine and Tissue Engineering; Molecular, Cellular and Systems Biology-Cell Signaling",2022-04-01,2027-03-31,0,,,"Protein, glycation, prostate cancer"
"Labelle, Hubert B","Centre hospitalier universitaire Sainte-Justine (Montreal, Quebec)",Quebec,Operating Grant,200909MOP,Biomedical Engineering,Non Invasive 3D Assessment of the Reducibility of Scoliotic Trunk Deformities for an Effective Surgical Planning,"$241,512",$0,,,3 yrs 0 mth ,Musculoskeletal Health and Arthritis,"MUSCULO SKELETAL; ARTHRITIS/OSTEOARTHRITIS; MUSCLE, BONE, OR JOINT; IMAGING",2010-04-01,2013-03-31,1,,,"3D, assessment, scoliosis"
"Labelle, Hubert B","Centre hospitalier universitaire Sainte-Justine (Montreal, Quebec)",Quebec,Operating Grant,201209MOP,Biomedical Engineering,Non Invasive Prediction of Scoliosis Progression,"$380,000",$0,,,4 yrs 0 mth ,Musculoskeletal Health and Arthritis,"MUSCULO SKELETAL; ARTHRITIS/OSTEOARTHRITIS; MUSCLE, BONE, OR JOINT; IMAGING",2013-04-01,2017-03-31,1,,,"Non Invasive, Prediction, Scoliosis"
"Labelle, Hubert B","Centre hospitalier universitaire Sainte-Justine (Montreal, Quebec)",Quebec,Operating Grant,201003MOP,Biomedical Engineering,Towards a 3-D classification of adolescent idiopathic scoliosis,"$184,598",$0,,,3 yrs 0 mth ,Musculoskeletal Health and Arthritis,"MUSCULO SKELETAL; SPINAL CORD DISEASE; MUSCLE, BONE, OR JOINT; IMAGING",2010-10-01,2013-09-30,0,,,"3-D, classification, scoliosis"
"Ladbon Bernasconi, Neda",McGill University,Quebec,Operating Grant,200809MOP,Medical Physics & Imaging,High field imaging of focal epilepsy,"$393,809",$0,,,4 yrs 0 mth ,"Neurosciences, Mental Health and Addiction",EPILEPSY; IMAGING; NERVOUS SYSTEM,2009-04-01,2013-03-31,0,,,"high field, imaging, epilepsy"
"Lagally, Eric T",University of British Columbia,British Columbia,"Catalyst Grant: Invention and High-Risk, High-Benefit Research",200902NHG,"Inventions, Technologies, or High Risk Grants",Integrated Microsystems for Selecting and Screening Novel Molecular Recognition Reagents,"$73,000","$25,000",,,1 yr 0 mth ,Genetics,DRUGS- PHARMACEUTICAL SCIENCE/CHEMISTRY & NON MEDICAL USE OF DRUGS; MULTIPLE DISEASE RELEVANCE; BIOPHYSICS; DRUG RESEARCH,2009-02-01,2010-01-31,1,,,"microarrays, molecular recognition, screening"
"Lam, Wan L",University of British Columbia,British Columbia,Operating Grant,200810MOP,Cancer Progression & Therapeutics,Molecular mechanisms of lung cancer development in former smokers,"$100,000",$0,,,1 yr 0 mth ,Cancer Research,LUNG CANCER; POPULATION HEALTH; CANCER; GENETICS,2009-10-01,2012-09-30,2,,,"molecular, lung cancer, smokers"
"Lam, Wan L",University of British Columbia,British Columbia,Operating Grant,200903MOP,Cancer Progression & Therapeutics,Molecular mechanisms of lung cancer development in former smokers,"$431,680",$0,,,3 yrs 0 mth ,Cancer Research,LUNG CANCER; CANCER; MOLECULAR BIOLOGY,2010-05-01,2013-04-30,1,,,"molecular, lung cancer, smokers"
"Lam, Wan L",University of British Columbia,British Columbia,Project Grant,202203PJT,Cancer Progression & Therapeutics,Targeting lung microbiome for developing early detection and intervention strategies for lung cancer,"$914,176",$0,,,5 yrs 0 mth ,Cancer Research,Cancer-Cancer Progression and Metastasis,2022-10-01,2027-09-30,0,,,"lung microbiome, early detection, lung cancer"
"Lam, Wan L",University of British Columbia,British Columbia,Operating Grant,201203MOP,Cancer Progression & Therapeutics,Understanding the mechanisms of lung cancer development in never smokers,"$597,109",$0,,,4 yrs 0 mth ,Cancer Research,LUNG CANCER; LUNG CANCER THERAPY,2012-10-01,2015-06-30,1,,,"lung cancer, mechanisms, smokers"
"Lane, Pierre",University of British Columbia,British Columbia,Operating Grant,201009MOP,Medical Physics & Imaging,High-Resolution OCT Imaging of Bronchial Epithelium,"$266,164",$0,,,3 yrs 0 mth ,Cancer Research,LUNG CANCER; NEOPLASMS; CANCER; BIOPHYSICS,2011-04-01,2014-03-31,2,,,"OCT, Imaging, Bronchial Epithelium"
"Lange, Philipp",University of British Columbia,British Columbia,Project Grant,201909PJT,Cancer Progression & Therapeutics 2,Tumour microenvironment mediated cell surface shedding creates unique targets and markers,"$952,425",$0,,,5 yrs 0 mth ,Cancer Research,"Cancer-Cancer Drug Development and Therapeutics; Cancer-Pediatric Cancer; Genetics-Genomics, Transcriptomics and Proteomics",2020-04-01,2025-03-31,0,,,"tumour, microenvironment, cell surface"
"Langlois, Marc-Andre",University of Ottawa,Ontario,Operating Grant: COVID-19 Rapid Research Funding Opportunity - Diagnostics,202005VR2,COVID-19 Rapid Research - Diagnostics,Analysis of Antibody Neutralization Efficiency and Cellular Immunity in SARS-CoV-2-Positive Individuals Identified in At-Risk Individuals,"$2,112,500",$0,,,1 yr 0 mth ,Infection and Immunity,VIRAL; VIROLOGY,2020-06-01,2021-05-31,0,,,"Antibody, Neutralization, SARS-CoV-2"
"Langlois, Marc-Andre",Universite Laval,Quebec,Catalyst Grant: HIV/AIDS Vaccine Discovery Research (Can HIV Vaccine Initiative),200811CHV,HIV Vaccine Discovery,Promoting innate immunity to HIV infection by vaccine delivery of third generation RNA analogs,"$100,000",$0,,,1 yr 0 mth ,Infection and Immunity,VIRAL; AIDS; VIROLOGY; MOLECULAR BIOLOGY,2009-03-01,2010-02-28,1,,,"innate immunity, HIV, RNA analogs"
"Langlois, Marc-Andre",University of Ottawa,Ontario,Operating Grant: COVID-19 - Diagnostics,202002OV1,Canadian 2019 Novel Coronavirus (2019-nCoV) Rapid Research,"Rapid Research Response to the 2019 Novel Coronavirus Outbreak: Development of Targeted Diagnostics, Therapeutics and Comparative Pathogenicity Assessment","$999,999",$0,,,2 yrs 0 mth ,Infection and Immunity,VIRAL; INFECTIOUS AND PARASITIC; VIROLOGY,2020-02-01,2022-01-31,0,,,"Diagnostics, Coronavirus, Pathogenicity"
"Lankarany, Milad",University Health Network (Toronto),Ontario,Project Grant,202303PJT,Biomedical Engineering,Developing a Biologically-realistic Model-based Approach for Generating Deep Brain Stimulation Patterns,"$841,500",$0,,,5 yrs 0 mth ,"Neurosciences, Mental Health and Addiction",Neurosciences-Neurological disorders,2023-10-01,2028-09-30,1,,,"Deep Brain Stimulation, Model-based, Patterns"
"Lapointe, Rejean",Centre hospitalier de l'Universite de Montreal (CHUM),Quebec,Vaccines of the 21st Century,200903CVC,Catalyst Grant: Vaccines of the 21st Century,Defining innovating cancer vaccine based on virus-like particles by targeting multiple antigens,"$100,000",$0,,,1 yr 0 mth ,Infection and Immunity,CANCER THERAPY GENERAL; SKIN AND SUBCUTANEOUS TISSUS; IMMUNOLOGY-TRANSPLANTATION; CANCER,2009-10-01,2010-09-30,2,,,"cancer vaccine, virus-like particles, antigens"
"Larrivee, Bruno",CIUSSS Est-de-l'Ile-de- Montreal-Maisonneuve Rosemont,Quebec,Project Grant - PA: Breast Cancer Research,202109PLL,Cancer Progression & Therapeutics,Targeting BMP signaling in the tumor endothelium to improve cancer immunotherapy,"$100,000",$0,,,1 yr 0 mth ,Cancer Research,"Cancer-Cancer Progression and Metastasis; Cardiovascular, Respiratory and Circulatory Systems-Vascular and Endothelial Biology; Immunology and Infection-Transplantation, Immune Tolerance and Tumor Immunology",2022-03-01,2023-02-28,0,,,"BMP, signaling, endothelium"
"Lau, Angus Z","Sunnybrook Health Sciences Centre (Toronto, Ontario)",Ontario,Project Grant,202010PJT,Medical Physics & Imaging,MR-Linac guided adaptive radiotherapy in glioblastoma multiforme,"$558,450",$0,,,5 yrs 0 mth ,Cancer Research,Cancer-Cancer Progression and Metastasis; Biomedical Engineering-Biomedical Imaging,2021-04-01,2026-03-31,0,,,"MR, radiotherapy, glioblastoma"
"Lavasanifar, Afsaneh",University of Alberta,Alberta,Operating Grant,201405MOP,Cancer Progression & Therapeutics 2,Nanodelivery Systems for Modulation of Chemotherapy Response in Invasive and Metastatic Breast Cancer,"$100,000",$0,,,1 yr 0 mth ,Cancer Research,DRUGS- PHARMACEUTICAL SCIENCE/CHEMISTRY & NON MEDICAL USE OF DRUGS; CANCER THERAPY GENERAL; CANCER; DRUG RESEARCH,2014-10-01,2015-09-30,1,,,"Nanodelivery, Chemotherapy, Breast Cancer"
"Lavender, Kerry J",University of Saskatchewan,Saskatchewan,Operating Grant: COVID-19 Rapid Research Funding Opportunity - Therapeutics,202005VR3,COVID-19 Rapid Research - Therapeutics,BLT-Lung mice for the rapid evaluation of COVID-19 therapeutics,"$267,258",$0,,,1 yr 0 mth ,Infection and Immunity,INFECTIOUS AND PARASITIC; VIRAL; DRUG RESEARCH; VIROLOGY,2020-06-01,2021-05-31,0,,,"BLT, COVID-19, mice"
"Lavigne, Pierre",Universite de Sherbrooke,Quebec,Project Grant,201803PJT,Cancer Biology & Therapeutics 2,Development of cancer therapies targeting Myc with cell penetrating b-HLH-LZ domains,"$868,276",$0,,,5 yrs 0 mth ,Cancer Research,Cancer-Cancer Drug Development and Therapeutics,2018-10-01,2023-09-30,0,,,"cancer, Myc, cell penetrating"
"Le, Xiaochun C",University of Alberta,Alberta,Operating Grant - PA: Alberta Cancer Foundation - Research (bridge funding),201203OAC,Cancer Biology & Therapeutics,Mechanisms of arsenic carcinogenesis,$0,$0,"$100,000",Alberta Cancer Foundation,1 yr 0 mth ,Cancer Research,CARCINOGENS (INCL ENVIRONMENTAL); POPULATION HEALTH; CANCER; ENVIRONMENTAL INFLUENCES ON HEALTH,2008-10-01,2011-09-30,1,,,"arsenic, carcinogenesis"
"Le, Xiaochun C",University of Alberta,Alberta,Operating Grant,201309MOP,Cancer Biology & Therapeutics,Mechanisms of arsenic carcinogenesis,"$702,720",$0,,,4 yrs 0 mth ,Cancer Research,CARCINOGENS (INCL ENVIRONMENTAL); POPULATION HEALTH; CANCER; ENVIRONMENTAL INFLUENCES ON HEALTH,2008-10-01,2011-09-30,1,,,"arsenic, carcinogenesis"
"LeVan, Pierre",University of Calgary,Alberta,Project Grant,202203PJT,Medical Physics & Imaging,Identification of seizure-generating brain areas in drug-resistant epilepsy using dynamic resting-state fMRI,"$631,126",$0,,,5 yrs 0 mth ,"Neurosciences, Mental Health and Addiction",Methods Development and Modelling-Quantitative Methods Development for Health Research; Neurosciences-Neurological disorders,2022-10-01,2027-09-30,0,,,"seizure, brain areas, fMRI"
"Leask, Richard L",McGill University,Quebec,Operating Grant,201109MOP,Biomedical Engineering,Endothelial Cell Biomechanics: The mechanotransduction of wall shear stress gradients,"$433,200",$0,,,4 yrs 0 mth ,Circulatory and Respiratory Health,MULTIDISCIPLINARY; ATHEROSCLEROSIS; BIOPHYSICS; CARDIOVASCULAR,2012-04-01,2016-03-31,0,,,"Endothelial cells, Biomechanics, Mechanotransduction"
"Leclerc, Denis",Universite Laval,Quebec,Operating Grant: COVID-19 - Vaccines,202002OV5,Canadian 2019 Novel Coronavirus (2019-nCoV) Rapid Research,Development of a nanoparticle-based vaccine candidate to the SARS-CoV-2,"$717,645",$0,,,2 yrs 0 mth ,Infection and Immunity,VIRAL; VIROLOGY; HEALTH RESEARCH,2020-02-01,2022-01-31,0,,,"nanoparticle, vaccine, SARS-CoV-2"
"Leduc, Richard",Universite de Sherbrooke,Quebec,Operating Grant: COVID-19 - Therapeutics,202002OV3,Canadian 2019 Novel Coronavirus (2019-nCoV) Rapid Research,Preventing SARS-CoV-2 infection by targeting human type II transmembrane serine protease activity,"$856,000",$0,,,2 yrs 0 mth ,Infection and Immunity,VIRAL; INTERNATIONAL HEALTH; VIROLOGY,2020-02-01,2022-01-31,0,,,"SARS-CoV-2, transmembrane serine protease, infection"
"Lee, J. M",Dalhousie University (Nova Scotia),Nova Scotia,Operating Grant,201309MOP,Biomedical Engineering,Mechanical Overload in Tendons Produces Characteristic Nanoscaled Damage to Collagen Fibrils which Activates Cellular Remodelling,"$383,948",$0,,,4 yrs 0 mth ,Musculoskeletal Health and Arthritis,"MUSCULO SKELETAL; ARTHRITIS/OSTEOARTHRITIS; MUSCLE, BONE, OR JOINT; BIOPHYSICS",2014-04-01,2018-03-31,1,,,"Mechanical overload, collagen fibrils, cellular remodelling"
"Lee, Jong Bok",University of Calgary,Alberta,Project Grant,202309PJT,Cancer Biology & Therapeutics 2,Investigating how double-negative T cells affect anti-leukemic and GvHD-inducing activities of conventional T cells,"$1,013,625",$0,,,5 yrs 0 mth ,Cancer Research,"Cancer-Cancer Drug Development and Therapeutics; Immunology and Infection-Transplantation, Immune Tolerance and Tumor Immunology",2024-04-01,2029-03-31,0,,,"double-negative T cells, leukemia, GvHD"
"Lee, Patrick W",Dalhousie University (Nova Scotia),Nova Scotia,Operating Grant,200903MOP,Cancer Biology & Therapeutics,Involvement of the DNA-dependent protein kinase (DNA-PK) in p53-mediated apoptosis.,"$648,339",$0,,,5 yrs 0 mth ,Cancer Research,CANCER THERAPY GENERAL; CANCER; CELL BIOLOGY,2009-10-01,2014-09-30,0,,,"DNA-PK, p53, apoptosis"
"Lee, Patrick W",Dalhousie University (Nova Scotia),Nova Scotia,Operating Grant,201405MOP,Cancer Biology & Therapeutics,"The role of NMNAT2, a new p53 target gene, in feedback regulation of p53 function via the SIRT deacetylases.","$100,000",$0,,,1 yr 0 mth ,Cancer Research,CANCER THERAPY GENERAL; CANCER; CELL BIOLOGY,2014-10-01,2015-09-30,0,,,"NMNAT2,p53,SIRT"
"Lee, Patrick W",Dalhousie University (Nova Scotia),Nova Scotia,Operating Grant,201503MOP,Cancer Biology & Therapeutics,"The role of NMNAT2, a new p53 target gene, in feedback regulation of p53 function via the SIRT deacetylases.","$570,028",$0,,,4 yrs 0 mth ,Cancer Research,CANCER THERAPY GENERAL; CANCER; CELL BIOLOGY,2014-10-01,2015-09-30,0,,,"NMNAT2,p53,SIRT"
"Lee, Ping I",University of Toronto,Ontario,Operating Grant,201103MOP,Biomedical Engineering,Novel Nitric Oxide Delivery System for Wound Healing,"$276,484",$0,,,3 yrs 0 mth ,"Nutrition, Metabolism and Diabetes",SKIN AND SUBCUTANEOUS TISSUS; INFECTIOUS AND PARASITIC; DRUG RESEARCH; METABOLISM/DIABETES,2011-10-01,2014-09-30,6,,,"Nitric Oxide, Delivery System, Wound Healing"
"Lee, Seung-Hwan",University of Ottawa,Ontario,Project Grant,202403PJT,Cancer Biology & Therapeutics,Developing Natural Killer Cell-Mediated Combination Immunotherapies for the Treatment of Multiple Myeloma,"$1,162,800",$0,,,5 yrs 0 mth ,Cancer Research,"Methods Development and Modelling-Qualitative Methods Development for Health Research; Biomedical Engineering-Biomaterials, Nanotechnology and Biomechanics; Immunology and Infection-Transplantation, Immune Tolerance and Tumor Immunology",2024-10-01,2029-09-30,0,,,"Natural Killer, Immunotherapies, Multiple Myeloma"
"Lee, Seung-Hwan",University of Ottawa,Ontario,Project Grant,202104PJT,Cancer Biology & Therapeutics,Hypoxic-specific activation of natural killer cells: Being resilient in the tumor microenvironment,"$918,000",$0,,,5 yrs 0 mth ,Cancer Research,Cancer-Cancer Drug Development and Therapeutics,2021-10-01,2026-09-30,0,,,"hypoxic, natural killer cells, tumor microenvironment"
"Lee, Tim K",University of British Columbia,British Columbia,"Operating Grant - PA: Musculoskeletal Health, Arthritis, Skin and Oral Health",201003IMH,Medical Physics & Imaging,Depth-sensitive low-coherent speckle technique for skin lesion differentiation,"$85,212",$0,,,1 yr 0 mth ,Cancer Research,SKIN AND SUBCUTANEOUS TISSUS; MULTIDISCIPLINARY; BIOPHYSICS; CANCER,2010-10-01,2011-09-30,0,,,"depth, speckle, skin lesion"
"Lee, Ting-Yim",London Health Sciences Centre Res. Inc. (Ont.),Ontario,Operating Grant,201103MOP,Medical Physics & Imaging,Quantitative CT Myocardial Perfusion Imaging,"$456,711",$0,,,4 yrs 0 mth ,Circulatory and Respiratory Health,CARDIOLOGY; MYOCARDIAL INFARCTION; IMAGING; CARDIOVASCULAR,2011-10-01,2015-09-30,3,,,"CT, Myocardial Perfusion, Imaging"
"Lee, Ting-Yim",London Health Sciences Centre Res. Inc. (Ont.),Ontario,Project Grant,201804PJT,Medical Physics & Imaging,Selective Brain Hypothermia via Intranasal Cooling to Limit Brain Injury  Post Cardiac Arrest,"$100,000",$0,,,1 yr 0 mth ,Circulatory and Respiratory Health,"Cardiovascular, Respiratory and Circulatory Systems-Cardiovascular and Circulatory Sciences; Neurosciences-Neuroinflammation; Biomedical Engineering-Biomedical Imaging",2020-04-01,2024-03-31,0,,,"brain injury, hypothermia, intranasal cooling"
"Lee, Ting-Yim",London Health Sciences Centre Res. Inc. (Ont.),Ontario,Project Grant,201909PJT,Medical Physics & Imaging,Selective Brain Hypothermia via Intranasal Cooling to Limit Brain Injury Post Cardiac Arrest,"$543,152",$0,,,4 yrs 0 mth ,Circulatory and Respiratory Health,"Cardiovascular, Respiratory and Circulatory Systems-Cardiovascular and Circulatory Sciences; Neurosciences-Neuroinflammation; Biomedical Engineering-Biomedical Imaging",2020-04-01,2024-03-31,0,,,"brain, hypothermia, cooling"
"Lees-Miller, Susan P",University of Calgary,Alberta,Operating Grant,201203MOP,Cancer Biology & Therapeutics,"Regulation of PNKP and XRCC4 in non-homologous end-joining by dynamic, reversible protein phosphorylation.","$978,301",$0,,,5 yrs 0 mth ,Cancer Research,CANCER THERAPY GENERAL; NONE OF THE ABOVE; BIOCHEMISTRY; MOLECULAR BIOLOGY,2012-10-01,2018-03-31,0,,,"PNKP, XRCC4, end-joining"
"Legare, France",Universite Laval,Quebec,Catalyst Grant: Personalized Health Catalyst Grants,201706PCG,Personalized Health - novel e-health applications,Analytical mobile application to support shared decision making for pregnant women,"$199,888",$0,,,2 yrs 0 mth ,Health Services and Policy Research,HEALTH CARE DELIVERY; PERINATAL; POPULATION HEALTH; HEALTH RESEARCH,2017-09-01,2019-08-31,0,,,"mobile application, shared decision making, pregnant women"
"Lemieux, Joanne M",University of Alberta,Alberta,Operating Grant: COVID-19 Rapid Research Funding Opportunity - Therapeutics,202005VR3,COVID-19 Rapid Research - Therapeutics,"Optimizing polar, small inhibitors of a viral cysteine protease to identify a lead for an oral COVID-19 treatment","$585,228",$0,,,1 yr 0 mth ,Infection and Immunity,VIRAL; VIROLOGY; DRUG RESEARCH,2020-06-01,2021-05-31,3,,,"polar, inhibitors, cysteine protease"
"Leng, Roger P",University of Alberta,Alberta,Project Grant - PA: Breast Cancer Research,202309PLL,Cancer Progression & Therapeutics 2,Role of USP7 and Potential Therapy in Human Cancers.,"$100,000",$0,,,1 yr 0 mth ,Cancer Research,"Cancer-Cancer Progression and Metastasis; Molecular, Cellular and Systems Biology-Molecular Biology",2024-03-01,2025-02-28,0,,,"USP7, Cancer, Therapy"
"Leong, Hon Sing","Sunnybrook Health Sciences Centre (Toronto, Ontario)",Ontario,Project Grant,202203PJT,Cancer Progression & Therapeutics 2,"""'Two-Step Authentication' for Optimal Prostate Cancer Risk Determination: An """"Extracellular Vesicle""""-Based Liquid Biopsy Followed by Multi-Parametric MRI.""","$1,637,100",$0,,,5 yrs 0 mth ,Cancer Research,Cancer-Clinical Oncology; Biomedical Engineering-Biomedical Imaging,2022-10-01,2027-09-30,1,,,"Authentication, Prostate Cancer, Extracellular Vesicle"
"Lepage, Martin",Universite de Sherbrooke,Quebec,Operating Grant,201203MOP,Medical Physics & Imaging,Imaging important steps in the formation of brain metastases,"$582,717",$0,,,5 yrs 0 mth ,Cancer Research,NEOPLASMS; BRAIN TUMORS (INCL. RETINAL TUMORS); CANCER,2012-10-01,2018-03-31,0,,,"imaging, brain metastases, formation"
"Lepage, Martin",Universite de Sherbrooke,Quebec,Project Grant,202109PJT,Medical Physics & Imaging,Imaging the contribution of early cerebrovascular inflammation in Alzheimer's disease,"$1,002,150",$0,,,5 yrs 0 mth ,"Neurosciences, Mental Health and Addiction",Neurosciences-Neuroinflammation,2022-04-01,2027-03-31,0,,,"imaging, cerebrovascular, Alzheimer's"
"Lepage, Martin",Universite de Sherbrooke,Quebec,Operating Grant,200809MOP,Medical Physics & Imaging,Pharmacokinetic modeling: Validation of DCE-MRI and PET/MRI combination,"$306,240",$0,,,3 yrs 0 mth ,Cancer Research,IMAGING; CANCER,2009-04-01,2012-03-31,0,,,"pharmacokinetic, DCE-MRI, PET/MRI"
"Lerch, Jason P",Hospital for Sick Children (Toronto),Ontario,Operating Grant,201203MOP,Medical Physics & Imaging,Deciphering the bases of sex differences in the brain and their role in psychiatric disorders,"$779,591",$0,,,5 yrs 0 mth ,"Neurosciences, Mental Health and Addiction",MENTAL AND BEHAVIOURAL DISEASES; ENDOCRINOLOGY; NERVOUS SYSTEM; IMAGING,2012-10-01,2015-06-30,0,,,"sex differences, brain, psychiatric disorders"
"Lerch, Jason P",Hospital for Sick Children (Toronto),Ontario,Operating Grant,201403MOP,Medical Physics & Imaging,Magnetic resonance imaging of brain plasticity,"$694,870",$0,,,5 yrs 0 mth ,"Neurosciences, Mental Health and Addiction",MENTAL AND BEHAVIOURAL DISEASES; BIOSTATISTICS; NERVOUS SYSTEM; IMAGING,2014-07-01,2015-06-30,0,,,"Magnetic resonance, brain, plasticity"
"Lerch, Jason P",Hospital for Sick Children (Toronto),Ontario,Operating Grant,201003MOP,Medical Physics & Imaging,Where is Autism Located in the Brain?,"$761,924",$0,,,5 yrs 0 mth ,Genetics,AUTISM; MENTAL AND BEHAVIOURAL DISEASES; IMAGING; HEALTH RESEARCH,2010-10-01,2015-06-30,0,,,"Autism, Brain, Localization"
"Lesage, Frederic",Montreal Heart Institute,Quebec,"Catalyst Grant: Invention and High-Risk, High-Benefit Research",201003NHG,"Inventions, Technologies, or High Risk Grants",Fast multispectral diffuse optical imager applied to pharmacokinetics of cancer.,"$276,850",$0,,,3 yrs 0 mth ,Cancer Research,BREAST CANCER; MULTIDISCIPLINARY; IMAGING; CANCER,2010-10-01,2013-09-30,0,,,"multispectral, diffuse optical, pharmacokinetics"
"Lesage, Frederic",Polytechnique Montreal,Quebec,Operating Grant,201203MOP,Medical Physics & Imaging,Functionalized nanoparticles applied to photoacoustic molecular imaging of atherosclerotic plaque.,"$424,935",$0,,,5 yrs 0 mth ,Circulatory and Respiratory Health,ATHEROSCLEROSIS; CLOTTING DEFECTS/THROMBOSIS,2012-10-01,2018-03-31,0,,,"nanoparticles, photoacoustic, imaging"
"Lesage, Frederic",Polytechnique Montreal,Quebec,Operating Grant,201303MOP,Medical Physics & Imaging,Microscopic underpinnings of brain oxygen delivery with aging.,"$554,138",$0,,,5 yrs 0 mth ,Aging,AGING; ATHEROSCLEROSIS; BIOPHYSICS,2013-10-01,2018-09-30,0,,,"brain, oxygen, delivery"
"Lesage, Frederic",Polytechnique Montreal,Quebec,Project Grant,202003PJT,Medical Physics & Imaging,Underpinning neuro-vascular decoupling in resting state networks of vascular diseases,"$761,176",$0,,,5 yrs 0 mth ,Circulatory and Respiratory Health,"Cardiovascular, Respiratory and Circulatory Systems-Cerebrovascular Sciences (including stroke); Biomedical Engineering-Biomedical Imaging",2020-10-01,2025-09-30,0,,,"neuro-vascular, decoupling, resting state networks"
"Leung, Brendan M",Dalhousie University (Nova Scotia),Nova Scotia,Project Grant,202203PJT,Cancer Progression & Therapeutics 2,Reconstructing the microbe-host interface in an advanced bioprinted co-culture system to study microbial community contributions to chemotherapy-induced oral mucositis,"$573,750",$0,,,5 yrs 0 mth ,Cancer Research,Cancer-Cancer Drug Development and Therapeutics; Biomedical Engineering-Regenerative Medicine and Tissue Engineering,2022-10-01,2027-09-30,0,,,"microbe-host, bioprinted, oral mucositis"
"Lewis, John D",University of Alberta,Alberta,Operating Grant: COVID-19 Rapid Research Funding Opportunity - Vaccines,202005VR1,COVID-19 Rapid Research - Vaccines,Rapid Prototyping and Deployment of a Therapeutic Pan-Coronavirus Fusogenix DNA Vaccine Engineered to Eliminate ADE,"$4,175,000",$0,,,1 yr 0 mth ,Infection and Immunity,INFECTIOUS AND PARASITIC; VIROLOGY,2020-06-01,2021-05-31,2,,,"Prototyping, DNA vaccine, Fusogenix"
"Li, Bowen",University of Toronto,Ontario,Project Grant,202403PJT,Biomedical Engineering 2,Nonviral Delivery of tRNA Therapeutics for Treating Cystic Fibrosis,"$1,136,026",$0,,,5 yrs 0 mth ,Genetics,"Biomedical Engineering-Biomaterials, Nanotechnology and Biomechanics; Pharmacological, Toxicological and Pharmaceutical Sciences-Drug Discovery, Design and Delivery",2024-10-01,2029-09-30,0,,,"nonviral, tRNA, cystic fibrosis"
"Li, Gang",University of British Columbia,British Columbia,Operating Grant - PA: Cancer Research (bridge funding),201003IC1,Cancer Biology & Therapeutics,The role of tumour suppressor ING1b in genomic stability upon replication stress,"$100,000",$0,,,1 yr 0 mth ,Cancer Research,NEOPLASMS; SKIN AND SUBCUTANEOUS TISSUS; CANCER; MOLECULAR BIOLOGY,2011-04-01,2016-03-31,2,,,"tumour suppressor, genomic stability, replication stress"
"Li, Gang",University of British Columbia,British Columbia,Operating Grant,201009MOP,Cancer Biology & Therapeutics,The role of tumour suppressor ING1b in genomic stability upon replication stress,"$746,213",$0,,,5 yrs 0 mth ,Cancer Research,NEOPLASMS; SKIN AND SUBCUTANEOUS TISSUS; CANCER; MOLECULAR BIOLOGY,2011-04-01,2016-03-31,2,,,"tumour suppressor, genomic stability, replication stress"
"Li, Hongbin",University of British Columbia,British Columbia,Project Grant,202403PJT,Biomedical Engineering,Molecular Mechanism for the Regulation of Titin Elasticity and Myocardial Stiffness by Oxidative Stress,"$722,926",$0,,,5 yrs 0 mth ,Circulatory and Respiratory Health,"Biomedical Engineering-Biomaterials, Nanotechnology and Biomechanics; Biomedical Engineering-Biophysics, Medical Technologies and Instrumentation",2024-10-01,2029-09-30,0,,,"Titin, Elasticity, Oxidative Stress"
"Li, Hongbin",University of British Columbia,British Columbia,Operating Grant,200903MOP,Biomedical Engineering,Molecular basis of tenascin elasticity and mechanotransduction,"$544,236",$0,,,5 yrs 0 mth ,Musculoskeletal Health and Arthritis,"MUSCULO SKELETAL; INJURY, REGENERATION; BIOPHYSICS; BIOCHEMISTRY",2009-10-01,2014-09-30,0,,,"tenascin, elasticity, mechanotransduction"
"Li, Hongbin",University of British Columbia,British Columbia,Project Grant,202109PJT,Biomedical Engineering,The Molecular Mechanism of the Secretion of the Bacterial Toxin Adenylate Cyclase,"$726,750",$0,,,5 yrs 0 mth ,Circulatory and Respiratory Health,"Cardiovascular, Respiratory and Circulatory Systems-Respiratory Sciences; Molecular, Cellular and Systems Biology-Structure and Function of Macromolecules",2022-04-01,2027-03-31,0,,,"bacterial toxin, adenylate cyclase, secretion"
"Li, Jianyu",McGill University,Quebec,Project Grant,202109PJT,Biomedical Engineering,Bioengineering Tough Blood Clots for Hemorrhage Control,"$677,025",$0,,,5 yrs 0 mth ,Circulatory and Respiratory Health,"Biomedical Engineering-Biomaterials, Nanotechnology and Biomechanics",2022-04-01,2027-03-31,0,,,"Bioengineering, Blood Clots, Hemorrhage"
"Li, Jianyu",McGill University,Quebec,Project Grant,201903PJT,Biomedical Engineering,Mechanically and Biologically Functional Adhesives for Intervertebral Disc Repair and Regeneration,"$520,200",$0,,,4 yrs 0 mth ,Musculoskeletal Health and Arthritis,"Biomedical Engineering-Biomaterials, Nanotechnology and Biomechanics; Musculoskeletal Health-Bone, Skin and Cartilage Sciences",2019-10-01,2023-09-30,1,,,"Adhesives, Intervertebral Disc, Regeneration"
"Li, Linda C",University of British Columbia,British Columbia,Catalyst Grant: Personalized Health Catalyst Grants,201706PCG,Personalized Health - novel e-health applications,An app-based intervention to empower self-management for people with rheumatoid arthritis,"$200,000",$0,,,2 yrs 0 mth ,Health Services and Policy Research,"ARTHRITIS/OSTEOARTHRITIS; HEALTH SERVICES RESEARCH; MUSCLE, BONE, OR JOINT",2017-09-01,2019-08-31,0,,,"app, self-management, rheumatoid arthritis"
"Li, Shun-Cheng S",Western University (Ontario),Ontario,Project Grant,201809PJT,Cancer Biology & Therapeutics,Novel anticancer immunotherapy targeting the molecular mechanisms of T cell suppression by immune checkpoints,"$956,250",$0,,,5 yrs 0 mth ,Cancer Research,Cancer-Cancer Drug Development and Therapeutics,2019-04-01,2024-03-31,0,,,"anticancer, immunotherapy, immune checkpoints"
"Li, Yingfu",McMaster University,Ontario,Operating Grant: COVID-19 Rapid Research Funding Opportunity - Diagnostics,202005VR2,COVID-19 Rapid Research - Diagnostics,A rapid at-home test for SARS-CoV-2,"$1,314,083",$0,,,1 yr 0 mth ,Infection and Immunity,INFECTIOUS AND PARASITIC; VIRAL; BIOCHEMISTRY; VIROLOGY,2020-06-01,2021-05-31,9,,,"SARS-CoV-2, rapid test, at-home"
"Li, Yingfu",McMaster University,Ontario,"Catalyst Grant: Invention and High-Risk, High-Benefit Research",200903NHG,"Inventions, Technologies, or High Risk Grants",Catalytic DNA for protein sensing,"$292,815",$0,,,3 yrs 0 mth ,Genetics,MULTIDISCIPLINARY; BIOCHEMISTRY; CANCER,2009-10-01,2012-09-30,20,,,"Catalytic DNA, protein sensing"
"Li, Yingfu",McMaster University,Ontario,Operating Grant,200810MOP,Cancer Biology & Therapeutics,Developing RNA-cleaving DNAzymes as Molecular Tools for Cancer Study and as Cancer Therapeutics,"$89,919",$0,,,1 yr 0 mth ,Cancer Research,MULTIDISCIPLINARY; CANCER THERAPY GENERAL; BIOCHEMISTRY; CANCER,2009-10-01,2014-09-30,8,,,"RNA, DNAzymes, Cancer"
"Li, Yingfu",McMaster University,Ontario,Operating Grant,200903MOP,Cancer Biology & Therapeutics,Developing RNA-cleaving DNAzymes as Molecular Tools for Cancer Study and as Cancer Therapeutics,"$616,690",$0,,,5 yrs 0 mth ,Cancer Research,MULTIDISCIPLINARY; CANCER THERAPY GENERAL; BIOCHEMISTRY; CANCER,2009-10-01,2014-09-30,8,,,"RNA, DNAzymes, Cancer"
"Li-Jessen, Yee Key Nicole",McGill University,Quebec,Project Grant,201709PJT,Biomedical Engineering,Patient-specific computational models of vocal recovery from phonosurgery,"$558,450",$0,,,5 yrs 0 mth ,Population and Public Health,Methods Development and Modelling-Quantitative Methods Development for Health Research,2018-04-01,2023-03-31,0,,,"computational models, vocal recovery, phonosurgery"
"Liang, Chen",CIUSSS de Centre-Ouest-de-l'Ile-de-Montreal-Jewish General,Quebec,Operating Grant - Priority Announcement: Canadian HIV Vaccine Initiative,200903HVI,Virology & Viral Pathogenesis,Studying the antiviral activity of bone marrow stromal cell antigen 2 and the countering mechanism from HIV-1 Vpu,"$721,347",$0,,,5 yrs 0 mth ,Infection and Immunity,AIDS; VIRAL; VIROLOGY; MOLECULAR BIOLOGY,2009-10-01,2014-09-30,0,,,"antiviral, bone marrow stromal cell, HIV-1 Vpu"
"Licht, Christoph",Hospital for Sick Children (Toronto),Ontario,Operating Grant: COVID-19 Rapid Research Funding Opportunity - Diagnostics,202005VR2,COVID-19 Rapid Research - Diagnostics,A central role for the vascular endothelium in COVID-19 pathogenesis,"$583,472",$0,,,1 yr 0 mth ,Circulatory and Respiratory Health,VIRAL; BLOOD; HEALTH RESEARCH; CELL BIOLOGY,2020-06-01,2021-05-31,0,,,"vascular endothelium, COVID-19, pathogenesis"
"Lichty, Brian D",McMaster University,Ontario,Operating Grant,200810MOP,Cancer Biology & Therapeutics,Determining the fate of tumour cells killed by an oncolytic virus.,"$100,000",$0,,,1 yr 0 mth ,Cancer Research,GASTRO-INTESTINAL CANCER THERAPY; BREAST CANCER THERAPY; CANCER; IMMUNOLOGY-TRANSPLANTATION,2009-03-01,2010-02-28,0,,,"oncolytic virus, tumour cells, fate"
"Lilge, Lothar",University Health Network (Toronto),Ontario,Operating Grant,200903MOP,Medical Physics & Imaging,Breast cancer risk assessment using optical transillumination spectroscopy,"$661,302",$0,,,5 yrs 0 mth ,Cancer Research,BREAST CANCER; EPIDEMIOLOGY; BIOPHYSICS; CANCER,2009-10-01,2014-09-30,0,,,"breast cancer, optical transillumination, spectroscopy"
"Lilge, Lothar",University Health Network (Toronto),Ontario,Operating Grant,200809MOP,Medical Physics & Imaging,Delivery improvements for photodynamic therapy,"$451,912",$0,,,4 yrs 0 mth ,Cancer Research,CANCER THERAPY GENERAL; BRAIN TUMORS THERAPY; BIOPHYSICS; CANCER,2009-04-01,2013-03-31,3,,,"delivery, photodynamic, therapy"
"Lilge, Lothar",University Health Network (Toronto),Ontario,Operating Grant,200909MOP,Biomedical Engineering,Lab-on-a-chip platform for single rare cell genomic and proteomic analysis,"$373,708",$0,,,4 yrs 0 mth ,Cancer Research,MULTIPLE DISEASE RELEVANCE; BIOPHYSICS; CANCER,2010-04-01,2014-03-31,0,,,"lab-on-a-chip, genomics, proteomics"
"Lin, Fa-Hsuan","Sunnybrook Health Sciences Centre (Toronto, Ontario)",Ontario,Project Grant,202104PJT,Medical Physics & Imaging,Localization of epileptic spike generators using combined EEG and MRI,"$863,530",$0,,,5 yrs 0 mth ,"Neurosciences, Mental Health and Addiction",Biomedical Engineering-Biomedical Imaging; Neurosciences-Neurological disorders,2021-10-01,2026-09-30,1,,,"epileptic, EEG, MRI"
"Lin, Kuo-Shyan",University of British Columbia,British Columbia,Project Grant,202203PJT,Cancer Biology & Therapeutics 2,Next-generation GRPR-targeting radiopharmaceuticals with improved in vivo stability and minimized pancreas uptake,"$523,260",$0,,,3 yrs 0 mth ,Cancer Research,"Pharmacological, Toxicological and Pharmaceutical Sciences-Drug Discovery, Design and Delivery",2022-10-01,2025-09-30,4,,,"GRPR, radiopharmaceuticals, stability"
"Lin, Kuo-Shyan",University of British Columbia,British Columbia,Project Grant,202109PJT,Cancer Biology & Therapeutics 2,PSMA/CAIX-targeting radioligands to improve the management of clear cell renal cell carcinoma,"$730,575",$0,,,5 yrs 0 mth ,Cancer Research,"Pharmacological, Toxicological and Pharmaceutical Sciences-Drug Discovery, Design and Delivery",2022-04-01,2027-03-31,0,,,"PSMA, CAIX, radioligands"
"Lin, Sheng-Xiang",Universite Laval,Quebec,Operating Grant,200903MOP,Cancer Progression & Therapeutics,"Sulfatase and aromatase pathways for estradiol synthesis in human breast cancer cells, tissues and animal models: identifying a combinatory therapy","$773,023",$0,,,5 yrs 0 mth ,Cancer Research,BREAST CANCER THERAPY; CANCER,2009-10-01,2014-09-30,1,,,"Sulfatase, aromatase, estradiol"
"Lipsman, Nir","Sunnybrook Health Sciences Centre (Toronto, Ontario)",Ontario,Project Grant - PA: Cancer Research - Breast Cancer,202010PWW,Cancer Biology & Therapeutics 2,A trial to evaluate the safety and feasibility of blood-brain brain opening using MRI-guided focused ultrasound in the treatment of Her2-positive breast cancer brain metastases,"$100,000",$0,,,1 yr 0 mth ,Cancer Research,Cancer-Cancer Progression and Metastasis,2021-03-01,2022-02-28,1,,,"MRI, focused ultrasound, brain metastases"
"Little, Dustin J",Toronto Metropolitan University,Ontario,Operating Grant: COVID-19 Rapid Research Funding Opportunity - Diagnostics,202005VR2,COVID-19 Rapid Research - Diagnostics,"A low-cost, portable, and decentralized microfluidic device for detecting SARS-CoV-2 neutralizing antibodies",$0,$0,"$235,800",Public Health Agency of Canada,1 yr 0 mth ,Infection and Immunity,VIRAL; MULTIDISCIPLINARY; BIOCHEMISTRY; VIROLOGY,2020-09-01,2021-08-31,0,,,"microfluidic, SARS-CoV-2, antibodies"
"Litvinov, Ivan V",Research Institute of the McGill University Health Centre,Quebec,Project Grant,201909PJT,Cancer Biology & Therapeutics 2,"Ectopic reactivation of normally silenced germ cell programs contributes to genomic instability, carcinogenesis and cancer progression in Cutaneous T-Cell Lymphomas (CTCL).","$573,750",$0,,,5 yrs 0 mth ,Cancer Research,Cancer-Mechanisms of Carcinogenesis; Cancer-Cancer Drug Development and Therapeutics; Cancer-Cancer Progression and Metastasis,2020-04-01,2025-03-31,0,,,"ectopic reactivation, germ cell, lymphomas"
"Liu, Fei-Fei",University Health Network (Toronto),Ontario,Operating Grant,201209MOP,Cancer Progression & Therapeutics 2,Discovery and Characterization of UROD Inhibitors for Cancer Therapy,"$457,488",$0,,,3 yrs 0 mth ,Cancer Research,CANCER THERAPY GENERAL; CANCER,2013-04-01,2016-03-31,0,,,"UROD, Inhibitors, Cancer"
"Liu, Fei-Fei",University Health Network (Toronto),Ontario,Operating Grant - PA: Cancer Research (bridge funding),201009IC1,Cancer Progression & Therapeutics 2,MicroRNA and mRNA Expression Profiling to Predict Outcome and Characterize the Cervix Cancer Microenvironment,"$100,000",$0,,,1 yr 0 mth ,Cancer Research,CANCER,2011-03-01,2012-02-29,0,,,"MicroRNA, mRNA, Cervix Cancer"
"Liu, Fei-Fei",University Health Network (Toronto),Ontario,Operating Grant,200909MOP,Cancer Biology & Therapeutics,Small Molecule Inhibitors Against a Novel Radio- and Chemo-sensitizing Target for Human Cancers,"$422,554",$0,,,3 yrs 0 mth ,Cancer Research,CANCER THERAPY GENERAL; NEOPLASMS; CANCER,2010-04-01,2013-03-31,3,,,"Small molecule, Inhibitors, Cancers"
"Liu, Geoffrey",University Health Network (Toronto),Ontario,Project Grant,202003PJT,Cancer Progression & Therapeutics,Organoids to guide Post-resistance Therapy In driver MutAted Lung cancers (OPTIMAL),"$1,147,500",$0,,,5 yrs 0 mth ,Cancer Research,Cancer-Cancer Drug Development and Therapeutics,2020-10-01,2025-09-30,0,,,"Organoids, Lung cancers, Mutated"
"Liu, Geoffrey",University Health Network (Toronto),Ontario,Operating Grant,201203MOP,Cancer Progression & Therapeutics 2,"The Pharmacogenetics of Bevacizumab: A Companion Correlative Study of the Ovarian Cancer Clinical Trial, ICON7","$390,342",$0,,,3 yrs 0 mth ,Cancer Research,CANCER THERAPY GENERAL,2012-10-01,2015-09-30,0,,,"Pharmacogenetics, Bevacizumab, Ovarian Cancer"
"Liu, Jun",University of Toronto,Ontario,Operating Grant: COVID-19 Rapid Research Funding Opportunity - Vaccines,202005VR1,COVID-19 Rapid Research - Vaccines,Development of safe and effective vaccines against COVID-19,"$416,483",$0,,,1 yr 0 mth ,Infection and Immunity,INFECTIOUS AND PARASITIC; VIRAL; VIROLOGY; IMMUNOLOGY-TRANSPLANTATION,2020-06-01,2021-05-31,2,,,"vaccines, COVID-19"
"Liu, Stanley K","Sunnybrook Health Sciences Centre (Toronto, Ontario)",Ontario,Project Grant,201809PJT,Cancer Progression & Therapeutics 2,Non-invasive multi-omics urinary biomarkers to guide prostate cancer management,"$459,000",$0,,,3 yrs 0 mth ,Cancer Research,Cancer-Cancer Progression and Metastasis,2019-04-01,2022-03-31,0,,,"multi-omics, urinary biomarkers, prostate cancer"
"Liu, Stanley K","Sunnybrook Health Sciences Centre (Toronto, Ontario)",Ontario,Project Grant,202303PJT,Cancer Progression & Therapeutics,Primary prostate cancer cells as novel models for patient therapy prediction,"$883,576",$0,,,5 yrs 0 mth ,Cancer Research,Cancer-Cancer Progression and Metastasis,2023-10-01,2028-09-30,0,,,"prostate cancer, patient models, therapy prediction"
"Liu, Xinyu",University of Toronto,Ontario,Project Grant,201803PJT,Biomedical Engineering,A Paper-based Microfluidic Platform for Automated Point-of-Care Diagnosis of Laryngopharyngeal Reflux,"$593,640",$0,,,4 yrs 0 mth ,Population and Public Health,"Biomedical Engineering-Biophysics, Medical Technologies and Instrumentation",2018-10-01,2022-09-30,1,,,"Microfluidic, Point-of-Care, Diagnosis"
"Lockwood, William W",University of British Columbia,British Columbia,Operating Grant,201503MOP,Cancer Progression & Therapeutics,Longitudinal assessment of immune-tumor interactions during lung cancer progression,"$704,111",$0,,,5 yrs 0 mth ,Cancer Research,LUNG CANCER; LUNG CANCER THERAPY; CANCER,2015-07-01,2020-06-30,0,,,"immune, tumor, lung"
"Lockwood, William W",University of British Columbia,British Columbia,Project Grant - Priority Announcement: Cancer Research,202209PJS,Cancer Biology & Therapeutics,SNF2 Histone Linker PHD RING Helicase as a novel tumor suppressor gene and risk factor in lung adenocarcinoma development,"$100,000",$0,,,1 yr 0 mth ,Cancer Research,Cancer-Cancer Drug Development and Therapeutics; Cancer-Cancer Progression and Metastasis; Cancer-Mechanisms of Carcinogenesis,2023-03-01,2024-02-29,0,,,"SNF2, histone, adenocarcinoma"
"Lockwood, William W",University of British Columbia,British Columbia,Project Grant,201909PJT,Cancer Biology & Therapeutics 2,The effects of smoking marijuana on lung cancer development: implications for screening and early detection.,"$688,500",$0,,,3 yrs 0 mth ,Cancer Research,Cancer-Cancer Progression and Metastasis; Cancer-Mechanisms of Carcinogenesis,2020-04-01,2023-03-31,0,,,"marijuana, lung cancer, screening"
"Lockwood, William W",University of British Columbia,British Columbia,Project Grant,202104PJT,Cancer Biology & Therapeutics 2,Understanding the effects of ERK hyperactivation in cancer: implications for therapy,"$956,250",$0,,,5 yrs 0 mth ,Cancer Research,Cancer-Cancer Drug Development and Therapeutics,2021-10-01,2026-09-30,0,,,"ERK, hyperactivation, cancer"
"Logan, Alexander G",Sinai Health System (Toronto),Ontario,Catalyst Grant: Personalized Health Catalyst Grants,201706PCG,Personalized Health - novel e-health applications,Security and authentication for large scale deployment of disease-specific applications for patients with serious and complex renal disease.,"$200,000",$0,,,2 yrs 0 mth ,Health Services and Policy Research,"HEALTH CARE DELIVERY; MULTIPLE DISEASE RELEVANCE; HEALTH SERVICES RESEARCH; RENAL FUNCTION, NEPHROLOGY, UROLOGY",2017-09-01,2019-08-31,0,,,"security, authentication, renal disease"
"Lok, Benjamin",University Health Network (Toronto),Ontario,Project Grant,201909PJT,Cancer Progression & Therapeutics,The SCF(FBXO11) - XAB2 axis mediates DNA repair and therapeutic resistance in small cell lung cancer,"$984,555",$0,,,5 yrs 0 mth ,Cancer Research,"Cancer-Cancer Progression and Metastasis; Cancer-Cancer Drug Development and Therapeutics; Molecular, Cellular and Systems Biology-Molecular Biology",2020-04-01,2025-03-31,0,,,"SCF, DNA repair, lung cancer"
"Lorimer, Ian Anthony J",Ottawa Hospital Research Institute,Ontario,Project Grant,202109PJT,Cancer Progression & Therapeutics,A therapeutic strategy for PTEN tumour suppressor restoration in glioblastoma,"$738,225",$0,,,5 yrs 0 mth ,Cancer Research,Cancer-Cancer Drug Development and Therapeutics,2022-04-01,2027-03-31,0,,,"PTEN, glioblastoma, tumor suppressor"
"Lorimer, Ian Anthony J",Ottawa Hospital Research Institute,Ontario,Operating Grant,201009MOP,Cancer Progression & Therapeutics,Evaluation of protein kinase C iota as a target for glioblastoma therapy,"$326,658",$0,,,3 yrs 0 mth ,Cancer Research,BRAIN TUMORS THERAPY; CANCER THERAPY GENERAL; CANCER; CELL BIOLOGY,2014-07-01,2018-06-30,0,,,"protein kinase C, glioblastoma, target"
"Lorimer, Ian Anthony J",Ottawa Hospital Research Institute,Ontario,Operating Grant,201403MOP,Cancer Progression & Therapeutics,Evaluation of protein kinase C iota as a target for glioblastoma therapy,"$567,572",$0,,,4 yrs 0 mth ,Cancer Research,BRAIN TUMORS THERAPY; CANCER THERAPY GENERAL; CANCER; CELL BIOLOGY,2014-07-01,2018-06-30,0,,,"protein kinase C, glioblastoma, target"
"Lu, Qing-Bin",University of Waterloo (Ontario),Ontario,Project Grant,201903PJT,Medical Physics & Imaging,"Development of Novel Non-Platinum-Based Antitumor Agents for Natural Targeted Chemotherapy and Radiotherapy of Cervical, Lung and Ovarian Cancers","$910,350",$0,,,5 yrs 0 mth ,Cancer Research,"Biomedical Engineering-Biophysics, Medical Technologies and Instrumentation; Cancer-Cancer Drug Development and Therapeutics",2019-10-01,2024-09-30,0,,,"Non-Platinum, Antitumor, Chemotherapy"
"Lu, Qing-Bin",University of Waterloo (Ontario),Ontario,Operating Grant,200909MOP,Medical Physics & Imaging,Molecular-Mechanism-Based Target Identification and Drug Discovery for Radiotherapy of Cancer,"$662,867",$0,,,5 yrs 0 mth ,Cancer Research,CANCER THERAPY GENERAL; DRUGS- PHARMACEUTICAL SCIENCE/CHEMISTRY & NON MEDICAL USE OF DRUGS; BIOPHYSICS; CANCER,2010-04-01,2015-03-31,3,,,"molecular, target, radiotherapy"
"Luke, Patrick",London Health Sciences Centre Res. Inc. (Ont.),Ontario,Project Grant,201809PJT,Biomedical Engineering,Therapeutic potential of bloodless oxygenated perfusion of donor kidneys for prolonged storage and protection for transplantation,"$520,200",$0,,,4 yrs 0 mth ,Genetics,"Methods Development and Modelling-Quantitative Methods Development for Health Research; Immunology and Infection-Transplantation, Immune Tolerance and Tumor Immunology; Health Services and Systems-Management of Chronic Diseases and Conditions",2019-04-01,2023-03-31,0,,,"bloodless, oxygenated perfusion, kidneys"
"Lukong, Kiven E",University of Saskatchewan,Saskatchewan,Operating Grant - Priority Announcement: Breast Cancer,201003COP,Cancer Progression & Therapeutics,The cellular implications of breast tumor kinase induction in mammary tumorigenesis.,"$270,471",$0,,,3 yrs 0 mth ,Cancer Research,BREAST CANCER; BREAST CANCER THERAPY; CANCER; MOLECULAR BIOLOGY,2010-10-01,2013-09-30,0,,,"breast tumor kinase, mammary tumorigenesis, cellular implications"
"Lum, Julian J",University of Victoria (British Columbia),British Columbia,Project Grant,202309PJT,Cancer Biology & Therapeutics,Metabolic Insights into Immune Suppression in Ovarian Cancer,"$1,101,600",$0,,,5 yrs 0 mth ,Cancer Research,"Cancer-Cancer Drug Development and Therapeutics; Cancer-Cancer Progression and Metastasis; Immunology and Infection-Transplantation, Immune Tolerance and Tumor Immunology",2024-04-01,2029-03-31,0,,,"Metabolic, Immune Suppression, Ovarian Cancer"
"Lum, Julian J",University of Victoria (British Columbia),British Columbia,Project Grant,201809PJT,Cancer Biology & Therapeutics,Rewiring the Metabolic Ecosystem to Improve Cellular Immunotherapy,"$1,082,475",$0,,,5 yrs 0 mth ,Cancer Research,"Immunology and Infection-Transplantation, Immune Tolerance and Tumor Immunology; Cancer-Cancer Drug Development and Therapeutics",2019-04-01,2024-03-31,1,,,"metabolic, ecosystem, immunotherapy"
"Luo, Ma",University of Manitoba,Manitoba,Vaccines of the 21st Century,200903CVC,Catalyst Grant: Vaccines of the 21st Century,ATTACKING HIV PROTEASE CLEAVAGE SITES WITH IMMUNIZATION - Explore the rapid mutation rate of HIV-1,"$100,000",$0,,,1 yr 0 mth ,Infection and Immunity,AIDS; VIRAL; VIROLOGY; GENETICS,2009-10-01,2010-09-30,1,,,"HIV, Protease, Immunization"
"Ma, Hongshen",University of British Columbia,British Columbia,Project Grant,202203PJT,Biomedical Engineering 2,Behaviour-based cell separation to interrogate host cell heterogeneity in CAR-T cell therapies,"$864,450",$0,,,5 yrs 0 mth ,Cancer Research,"Biomedical Engineering-Biophysics, Medical Technologies and Instrumentation; Biomedical Engineering-Biomaterials, Nanotechnology and Biomechanics; Biomedical Engineering-Biomedical Imaging",2022-10-01,2027-09-30,0,,,"cell separation, CAR-T, heterogeneity"
"Ma, Hongshen",University of British Columbia,British Columbia,Operating Grant,201109MOP,Biomedical Engineering,Microfluidic Device to Measure the Deformability of Stored Red Blood Cells,"$318,353",$0,,,3 yrs 0 mth ,Circulatory and Respiratory Health,BLOOD; BIOPHYSICS,2012-04-01,2015-03-31,1,,,"microfluidic, deformability, red blood cells"
"Ma, Hongshen",University of British Columbia,British Columbia,Operating Grant - Priority Announcement: Blood Utilization and Conservation,201403BUC,Biomedical Engineering,Microfluidic Devices to Measure the Deformability of Stored Red Blood Cells,$0,$0,"$398,301",Canadian Blood Services (Ottawa),3 yrs 0 mth ,Circulatory and Respiratory Health,BLOOD; BIOPHYSICS,2012-04-01,2015-03-31,1,,,"microfluidic, deformability, red blood cells"
"Ma, Hongshen",University of British Columbia,British Columbia,Operating Grant,201309MOP,Biomedical Engineering,Microfluidic Separation of Circulating Tumor Cells,"$632,779",$0,,,4 yrs 0 mth ,Cancer Research,PROSTATE AND BLADDER CANCER; BLOOD; CANCER; BIOPHYSICS,2014-04-01,2018-03-31,0,,,"microfluidic, circulating tumor cells"
"MacIntosh, Bradley J","Sunnybrook Health Sciences Centre (Toronto, Ontario)",Ontario,Project Grant,201903PJT,Medical Physics & Imaging,Identifying vascular targets to treat cerebral small vessel disease,"$665,550",$0,,,5 yrs 0 mth ,Aging,"Cardiovascular, Respiratory and Circulatory Systems-Cerebrovascular Sciences (including stroke); Neurosciences-Neurodegeneration",2019-10-01,2024-09-30,0,,,"vascular, targets, vessel disease"
"Macaulay, Calum E",University of British Columbia,British Columbia,Operating Grant - PA: Institute of Cancer Research (bridge funding),200909IC3,Biomedical Engineering,A 3D cell-based computer model for a system biology approach to the study of intra epithelial neoplastic processes.,"$100,000",$0,,,1 yr 0 mth ,Cancer Research,NEOPLASMS; BIOSTATISTICS; CANCER; BIOPHYSICS,2010-03-01,2011-02-28,2,,,"3D cell model, system biology, intra epithelial neoplastic"
"Macaulay, Calum E",University of British Columbia,British Columbia,Project Grant,202104PJT,Medical Physics & Imaging,Devices for Image-Guided Biopsy of Peripheral Lung Nodules,"$386,326",$0,,,3 yrs 0 mth ,Cancer Research,"Cancer-Clinical Oncology; Biomedical Engineering-Biophysics, Medical Technologies and Instrumentation",2021-10-01,2024-09-30,1,,,"Image-Guided, Biopsy, Lung"
"Macaulay, Calum E",University of British Columbia,British Columbia,Operating Grant,201503MOP,Medical Physics & Imaging,Multi-Scale Tissue System's Biology approach to Identify Lethal Prostate Cancer,"$511,228",$0,,,4 yrs 0 mth ,Cancer Research,PROSTATE AND BLADDER CANCER; NEOPLASMS; IMAGING; CANCER,2015-07-01,2019-06-30,1,,,"Tissue, Prostate, Cancer"
"Macaulay, Calum E",University of British Columbia,British Columbia,Operating Grant - PA: Cancer Research (bridge funding),200809IC1,Biomedical Engineering,Static and Dynamic 3D Computer Model of Pre-Invasive Neoplastic Epithelial Tissues,"$100,000",$0,,,1 yr 0 mth ,Cancer Research,NEOPLASMS; BIOSTATISTICS; CANCER; BIOPHYSICS,2009-01-01,2009-12-31,2,,,"3D modeling, Neoplastic tissues, Epithelial"
"Macgowan, Christopher K",Hospital for Sick Children (Toronto),Ontario,Project Grant,202303PJT,Medical Physics & Imaging,Advanced Fetal MRI Methods to Evaluate Prenatal Organ Development and Predict Postnatal Outcome in Congenital Heart Disease,"$1,048,050",$0,,,5 yrs 0 mth ,Circulatory and Respiratory Health,"Biomedical Engineering-Biomedical Imaging; Cardiovascular, Respiratory and Circulatory Systems-Clinical and Translational Cardiovascular Sciences",2023-10-01,2028-09-30,0,,,"Fetal MRI, Prenatal Organ Development, Congenital Heart Disease"
"Macgowan, Christopher K",Hospital for Sick Children (Toronto),Ontario,Project Grant,201909PJT,Medical Physics & Imaging,Hemodynamics of Pediatric Congenital Heart Disease Using Accelerated and Motion-Compensated MRI,"$722,925",$0,,,5 yrs 0 mth ,Circulatory and Respiratory Health,"Biomedical Engineering-Biomedical Imaging; Cardiovascular, Respiratory and Circulatory Systems-Clinical and Translational Cardiovascular Sciences",2020-04-01,2025-03-31,0,,,"Hemodynamics, MRI, Congenital Heart Disease"
"Macgowan, Christopher K",Hospital for Sick Children (Toronto),Ontario,Operating Grant,200903MOP,Medical Physics & Imaging,MRI Assessment of Pulmonary Vascular Remodelling and Vasoconstriction in Pulmonary Hypertension,"$233,833",$0,,,3 yrs 0 mth ,Circulatory and Respiratory Health,MULTIDISCIPLINARY; MULTIPLE DISEASE RELEVANCE; IMAGING; CARDIOVASCULAR,2009-10-01,2012-09-30,0,,,"MRI, Pulmonary Vascular, Hypertension"
"Mader, Sylvie N",Universite de Montreal,Quebec,Operating Grant - PA: Cancer Research (bridge funding),201203IC1,Cancer Progression & Therapeutics,Antiestrogen-HDACi hybrid molecules for breast cancer treatment.,"$100,000",$0,,,1 yr 0 mth ,Cancer Research,BREAST CANCER THERAPY; BREAST CANCER; CANCER; DRUG RESEARCH,2012-10-01,2013-09-30,1,,,"Antiestrogen, HDACi, breast cancer"
"Mahoney, Douglas J",University of Calgary,Alberta,Project Grant,201903PJT,Cancer Biology & Therapeutics,Mechanisms underlying oncolytic rhabdovirus-mediated anticancer immunity,"$822,376",$0,,,5 yrs 0 mth ,Cancer Research,"Cancer-Cancer Drug Development and Therapeutics; Immunology and Infection-Transplantation, Immune Tolerance and Tumor Immunology; Immunology and Infection-Virology",2019-10-01,2024-09-30,0,,,"oncolytic, rhabdovirus, anticancer"
"Mahshid, Sara",McGill University,Quebec,Project Grant,202403PJT,Biomedical Engineering 2,Molecular profiling of single extracellular vesicles reveals therapeutic effects of temozolomide in GBM patients,"$677,026",$0,,,5 yrs 0 mth ,Cancer Research,"Biomedical Engineering-Biophysics, Medical Technologies and Instrumentation",2024-10-01,2029-09-30,0,,,"molecular profiling, extracellular vesicles, temozolomide"
"Mahshid, Sara",McGill University,Quebec,Project Grant - PA: Antimicrobial Resistance (Bridge Grant),202209ARB,Biomedical Engineering 2,Phenotypic Profiling of Antibiotic Susceptibility via a Multiplexed Colorimetric Fluidic Assay,"$100,000",$0,,,1 yr 0 mth ,Infection and Immunity,"Biomedical Engineering-Biophysics, Medical Technologies and Instrumentation; Immunology and Infection-Antimicrobial Drug Resistance, Drug Discovery and Therapeutics (including vaccines)",2023-03-01,2024-02-29,1,,,"Phenotypic profiling, Antibiotic susceptibility, Colorimetric assay"
"Mai, Sabine",University of Manitoba,Manitoba,Operating Grant,200809MOP,Cancer Biology & Therapeutics,Mechanisms and consequences of three-dimensional (3D) nuclear remodeling of telomeres in cancer,"$388,829",$0,,,3 yrs 0 mth ,Cancer Research,LEUKAEMIAS; NEOPLASMS; CANCER; GENETICS,2009-04-01,2012-03-31,6,,,"nuclear remodeling, telomeres, cancer"
"Mak, Tak W",University Health Network (Toronto),Ontario,Project Grant,202403PJT,Cancer Progression & Therapeutics,Identification of tumour-reactive gamma delta T cell receptors to treat hematological malignancies.,"$1,147,500",$0,,,5 yrs 0 mth ,Cancer Research,"Cancer-Cancer Drug Development and Therapeutics; Immunology and Infection-Transplantation, Immune Tolerance and Tumor Immunology",2024-10-01,2029-09-30,0,,,"gamma delta T, tumor-reactive, receptors"
"Mak, Tak W",University Health Network (Toronto),Ontario,Project Grant,202209PJT,Cancer Biology & Therapeutics,The roles of cholinergic T cells in immunosurveillance and immunotherapy of liver cancer.,"$1,032,750",$0,,,5 yrs 0 mth ,Cancer Research,Cancer-Mechanisms of Carcinogenesis,2023-04-01,2028-03-31,1,,,"cholinergic, T cells, liver cancer"
"Mak, Tak W",University Health Network (Toronto),Ontario,Operating Grant,201003MOP,Cancer Biology & Therapeutics,The roles of p53 and p73 in DNA repair and oncogenesis.,"$851,814",$0,,,5 yrs 0 mth ,Cancer Research,NEOPLASMS; CANCER; GENETICS,2010-10-01,2015-06-30,0,,,"p53, p73, DNA repair"
"Malkin, David D",Hospital for Sick Children (Toronto),Ontario,Operating Grant,200903MOP,Cancer Biology & Therapeutics,DNA Copy Number Variation in Li-Fraumeni Syndrome,"$769,785",$0,,,4 yrs 0 mth ,Cancer Research,NEOPLASMS; CANCER; GENETICS,2013-10-01,2015-06-30,0,,,"DNA, Copy Number, Variation"
"Malkin, David D",Hospital for Sick Children (Toronto),Ontario,Operating Grant,201303MOP,Cancer Progression & Therapeutics,DNA Copy Number Variation in Li-Fraumeni Syndrome,"$1,075,723",$0,,,5 yrs 0 mth ,Cancer Research,NEOPLASMS; CANCER; GENETICS,2013-10-01,2015-06-30,0,,,"DNA, Copy Number, Variation"
"Malkin, David D",Hospital for Sick Children (Toronto),Ontario,Project Grant,202303PJT,Cancer Progression & Therapeutics,Developing diagnostics of patient-specific cancer risk and early-stage tumorigenesis,"$906,526",$0,,,5 yrs 0 mth ,Cancer Research,Cancer-Pediatric Cancer,2023-10-01,2028-09-30,0,,,"diagnostics, cancer, tumorigenesis"
"Malkin, David D",Hospital for Sick Children (Toronto),Ontario,Operating Grant,201003MOP,Cancer Progression & Therapeutics,Molecular Determinants of Li-Fraumeni Syndrome Associated Cancers,"$748,696",$0,,,5 yrs 0 mth ,Cancer Research,NEOPLASMS; CANCER; GENETICS,2010-10-01,2015-06-30,0,,,"Li-Fraumeni, Cancers, Molecular"
"Malkin, David D",Hospital for Sick Children (Toronto),Ontario,Operating Grant,201103MOP,Cancer Progression & Therapeutics,Targeting the Integrin-Linked Kinase Pathway in Rhabdomyosarcoma,"$295,309",$0,,,3 yrs 0 mth ,Cancer Research,CANCER THERAPY GENERAL; NEOPLASMS; CANCER; MOLECULAR BIOLOGY,2011-10-01,2014-09-30,0,,,"Integrin, Kinase, Rhabdomyosarcoma"
"Mallette, Frederick A",CIUSSS Est-de-l'Ile-de- Montreal-Maisonneuve Rosemont,Quebec,Project Grant - PA: Breast Cancer Research,202309PLL,Cancer Biology & Therapeutics 2,Exploiting translational reprogramming in neoplasia to devise unique strategies to eliminate cancer and cancer-promoting senescent cells,"$100,000",$0,,,1 yr 0 mth ,Cancer Research,"Molecular, Cellular and Systems Biology-Biochemistry; Cancer-Cancer Progression and Metastasis; Cancer-Mechanisms of Carcinogenesis",2024-10-01,2029-09-30,0,,,"translational reprogramming, neoplasia, cancer"
"Mallette, Frederick A",CIUSSS Est-de-l'Ile-de- Montreal-Maisonneuve Rosemont,Quebec,Project Grant,202403PJT,Cancer Biology & Therapeutics,Exploiting translational reprogramming in neoplasia to devise unique strategies to eliminate cancer and cancer-promoting senescent cells,"$940,950",$0,,,5 yrs 0 mth ,Cancer Research,"Molecular, Cellular and Systems Biology-Biochemistry; Cancer-Cancer Progression and Metastasis; Cancer-Mechanisms of Carcinogenesis",2024-10-01,2029-09-30,0,,,"translational reprogramming, neoplasia, cancer"
"Mallette, Frederick A",CIUSSS Est-de-l'Ile-de- Montreal-Maisonneuve Rosemont,Quebec,Project Grant,201709PJT,Cancer Progression & Therapeutics,Identification of therapeutic targets for pediatric acute megakaryoblastic leukemia,"$765,000",$0,,,5 yrs 0 mth ,Cancer Research,Cancer-Mechanisms of Carcinogenesis; Cancer-Pediatric Cancer; Cancer-Cancer Drug Development and Therapeutics,2018-04-01,2023-03-31,0,,,"therapeutic targets, pediatric leukemia, megakaryoblastic"
"Mallette, Frederick A",CIUSSS Est-de-l'Ile-de- Montreal-Maisonneuve Rosemont,Quebec,Project Grant - Priority Announcement: Pediatric Cancer Research,202309PDI,Cancer Progression & Therapeutics 2,Identifying novel therapeutic vulnerabilities in pediatric acute megakaryoblastic leukemia,"$100,000",$0,,,1 yr 0 mth ,Cancer Research,Cancer-Mechanisms of Carcinogenesis; Cancer-Pediatric Cancer; Cancer-Cancer Drug Development and Therapeutics,2024-03-01,2025-02-28,0,,,"therapeutic vulnerabilities, pediatric leukemia, megakaryoblastic"
"Mallette, Frederick A",CIUSSS Est-de-l'Ile-de- Montreal-Maisonneuve Rosemont,Quebec,Project Grant,202409PJT,Cancer Progression & Therapeutics 2,Identifying novel therapeutic vulnerabilities in pediatric acute megakaryoblastic leukemia,"$1,017,450",$0,,,5 yrs 0 mth ,Cancer Research,Cancer-Mechanisms of Carcinogenesis; Cancer-Pediatric Cancer; Cancer-Cancer Drug Development and Therapeutics,2024-03-01,2025-02-28,0,,,"therapeutic vulnerabilities, pediatric leukemia, megakaryoblastic"
"Marcato, Paola",Dalhousie University (Nova Scotia),Nova Scotia,Project Grant,201809PJT,Cancer Biology & Therapeutics 2,Defining the mechanism of ALDH1A3 in breast cancer for the identification of novel therapeutic targets,"$918,000",$0,,,5 yrs 0 mth ,Cancer Research,Cancer-Cancer Progression and Metastasis,2019-04-01,2024-03-31,1,,,"ALDH1A3, breast cancer, therapeutic targets"
"Marcato, Paola",Dalhousie University (Nova Scotia),Nova Scotia,Project Grant - PA: Breast Cancer Research,202209PLL,Cancer Progression & Therapeutics 2,Identification of lncRNAs that regulate biological processes required for breast cancer progression,"$100,000",$0,,,1 yr 0 mth ,Cancer Research,Cancer-Cancer Progression and Metastasis,2023-03-01,2024-02-29,0,,,"lncRNAs, breast cancer, biological processes"
"Marcato, Paola",Dalhousie University (Nova Scotia),Nova Scotia,Project Grant,202303PJT,Cancer Progression & Therapeutics,Investigating the role of LINC01929 in regulating processes critical for breast cancer progression,"$1,093,950",$0,,,5 yrs 0 mth ,Cancer Research,Cancer-Cancer Progression and Metastasis,2023-10-01,2028-09-30,0,,,"LINC01929, breast cancer, regulation"
"Marcato, Paola",Dalhousie University (Nova Scotia),Nova Scotia,Project Grant,202309PJT,Cancer Progression & Therapeutics,Targeting ALDH1A3 and investigating mechanisms of ALDH1A3-mediated breast cancer progression,"$1,090,125",$0,,,5 yrs 0 mth ,Cancer Research,Cancer-Cancer Progression and Metastasis; Cancer-Cancer Drug Development and Therapeutics,2024-04-01,2029-03-31,1,,,"ALDH1A3, breast cancer, progression"
"Marcato, Paola",Dalhousie University (Nova Scotia),Nova Scotia,Operating Grant,201303MOP,Cancer Progression & Therapeutics,The role of ALDH1A3 in breast cancer progression and cancer stem cell biology,"$627,147",$0,,,5 yrs 0 mth ,Cancer Research,BREAST CANCER; CANCER,2013-10-01,2018-09-30,1,,,"ALDH1A3, breast cancer, cancer stem cells"
"Martel, Anne L","Sunnybrook Health Sciences Centre (Toronto, Ontario)",Ontario,Operating Grant,201103MOP,Medical Physics & Imaging,Automatic Motion Correction for Dynamic Contrast Enhanced MRI,"$198,878",$0,,,3 yrs 0 mth ,Cancer Research,CANCER THERAPY GENERAL; MULTIPLE DISEASE RELEVANCE; IMAGING; CANCER,2011-10-01,2014-09-30,0,,,"Motion, Correction, MRI"
"Martel, Anne L","Sunnybrook Health Sciences Centre (Toronto, Ontario)",Ontario,Project Grant,202203PJT,Medical Physics & Imaging,Using AI to predict the presence of occult invasive carcinoma following diagnosis of DCIS on biopsy,"$887,400",$0,,,5 yrs 0 mth ,Cancer Research,Artificial Intelligence-Machine Learning; Biomedical Engineering-Biomedical Imaging; Cancer-Cancer Drug Development and Therapeutics,2022-10-01,2027-09-30,0,,,"AI, carcinoma, biopsy"
"Martel, Anne L","Sunnybrook Health Sciences Centre (Toronto, Ontario)",Ontario,Project Grant,201909PJT,Medical Physics & Imaging,Using MRI imaging to develop a personalized risk-based breast cancer screening strategy,"$925,650",$0,,,5 yrs 0 mth ,Cancer Research,Biomedical Engineering-Biomedical Imaging; Health Services and Systems-Personalized Medicine; Cancer-Clinical Oncology,2020-04-01,2025-03-31,0,,,"MRI, breast cancer, screening"
"Martel, Anne L","Sunnybrook Health Sciences Centre (Toronto, Ontario)",Ontario,Project Grant,201809PJT,Medical Physics & Imaging,Using deep learning to estimate breast cancer recurrence scores from histopathology images,"$780,300",$0,,,5 yrs 0 mth ,Cancer Research,Biomedical Engineering-Biomedical Imaging; Health Services and Systems-Personalized Medicine; Cancer-Clinical Oncology,2019-04-01,2024-03-31,1,,,"deep learning, breast cancer, histopathology"
"Martin, Alberto",University of Toronto,Ontario,Project Grant,202003PJT,Cancer Biology & Therapeutics,Gut microbiota and the etiology of colon cancer,"$1,005,976",$0,,,5 yrs 0 mth ,Cancer Research,Cancer-Mechanisms of Carcinogenesis; Immunology and Infection-Infectious Diseases,2020-10-01,2025-09-30,1,,,"gut microbiota, colon cancer, etiology"
"Masani, Kei",University Health Network (Toronto),Ontario,Operating Grant - PA: IMHA New investigators - Bridge Funding,201303OMH,Biomedical Engineering,Development of novel tool to reduce muscle fatigue during rehabilitation using functional electrical stimulation,"$100,000",$0,,,1 yr 0 mth ,Musculoskeletal Health and Arthritis,"MUSCULO SKELETAL; SPINAL CORD DISEASE; MUSCLE, BONE, OR JOINT; NERVOUS SYSTEM",2013-10-01,2014-09-30,0,,,"muscle fatigue, functional electrical stimulation, rehabilitation"
"Masani, Kei",Toronto Rehabilitation Institute-UHN,Ontario,Operating Grant,201009MOP,Biomedical Engineering,Novel methodology to reduce muscle fatigue during functional electrical stimulation,"$120,364",$0,,,2 yrs 0 mth ,Musculoskeletal Health and Arthritis,"MUSCULO SKELETAL; SPINAL CORD DISEASE; MUSCLE, BONE, OR JOINT; NERVOUS SYSTEM",2011-04-01,2013-03-31,0,,,"muscle fatigue, functional electrical stimulation"
"Mason, Andrew L",University of Alberta,Alberta,Op Gr: Spark Grants in Novel Technologies in Cancer Prevention & Early Detection,202010SGN,Special Cases,Does Human Betaretrovirus (HBRV) infection predate the development of Breast Cancer?,"$150,000",$0,,,1 yr 0 mth ,Cancer Research,BREAST CANCER; VIRAL; CANCER; VIROLOGY,2021-01-01,2021-12-31,1,,,"Betaretrovirus, Infection, Breast Cancer"
"Masson, Jean-Yves",Universite Laval,Quebec,Operating Grant,201009MOP,Cancer Biology & Therapeutics,Functions of the tumor suppressor PALB2 in DNA double-strand break repair and tumorigenesis,"$742,371",$0,,,5 yrs 0 mth ,Genetics,CANCER THERAPY GENERAL; BREAST CANCER; BIOCHEMISTRY; CANCER,2011-04-01,2016-03-31,0,,,"PALB2,DNA repair, tumorigenesis"
"Masson, Jean-Yves",Universite Laval,Quebec,Operating Grant,201303MOP,Cancer Biology & Therapeutics,Interplay between homologous recombination and anti-recombination activities at broken DNA replication forks and genomic instability,"$514,295",$0,,,5 yrs 0 mth ,Genetics,CANCER THERAPY GENERAL; BREAST CANCER; BIOCHEMISTRY; MOLECULAR BIOLOGY,2013-10-01,2018-06-30,0,,,"homologous recombination, DNA replication, genomic instability"
"Masson, Jean-Yves",Universite Laval,Quebec,Operating Grant,200909MOP,Cancer Biology & Therapeutics,MRE11-RAD50-NBS1: at the crossroads of DNA double-strand break repair and Fanconi anemia,"$821,551",$0,,,5 yrs 0 mth ,Genetics,CANCER THERAPY GENERAL; BREAST CANCER; BIOCHEMISTRY; CANCER,2010-04-01,2015-03-31,0,,,"DNA repair, double-strand break, Fanconi anemia"
"Matsubara, Joanne A",University of British Columbia,British Columbia,Project Grant,201903PJT,Biomedical Engineering,Treating advanced retinal degeneration - rebuilding multiple co-dependent retinal layers with stem cells,"$856,800",$0,,,4 yrs 0 mth ,Aging,"Biomedical Engineering-Regenerative Medicine and Tissue Engineering; Biomedical Engineering-Biophysics, Medical Technologies and Instrumentation; Biomedical Engineering-Biomaterials, Nanotechnology and Biomechanics; Biomedical Imaging",2019-10-01,2023-09-30,0,,,"retinal degeneration, stem cells, retinal layers"
"Matsuura, Naomi",University of Toronto,Ontario,Project Grant,202403PJT,Cancer Progression & Therapeutics 2,Enhanced drug delivery to lung cancers using endobronchial ultrasound (EBUS),"$753,526",$0,,,5 yrs 0 mth ,Cancer Research,Cancer-Cancer Drug Development and Therapeutics,2024-10-01,2029-09-30,0,,,"drug delivery, lung cancers, endobronchial ultrasound"
"Matsuura, Naomi",University of Toronto,Ontario,Project Grant,201909PJT,Biomedical Engineering,Ultrasound activated bubbles to potentiate cancer therapy,"$455,176",$0,,,4 yrs 0 mth ,Cancer Research,"Biomedical Engineering-Biomaterials, Nanotechnology and Biomechanics; Biomedical Engineering-Biomedical Imaging",2020-04-01,2024-03-31,0,,,"Ultrasound, Bubbles, Cancer"
"Maxwell, Christopher A",University of British Columbia,British Columbia,Operating Grant - Priority Announcement: Breast Cancer Research (AVON),201309OBC,Cancer Biology & Therapeutics,"Understanding the mitotic and non-mitotic roles of RHAMM, a novel regulator for aurora kinase A.",$0,$0,"$631,358",Avon Foundation for Women - Canada,5 yrs 0 mth ,Cancer Research,BREAST CANCER; BREAST CANCER THERAPY; CANCER; CELL BIOLOGY,2014-04-01,2019-03-31,0,,,"mitotic, RHAMM, aurora kinase"
"Mazroui, Rachid",Universite Laval,Quebec,Operating Grant,201003MOP,Cancer Biology & Therapeutics,Role of eIF4E in stress granules formation and the associated resistance to chemotherapy,"$421,824",$0,,,3 yrs 0 mth ,Cancer Research,CANCER THERAPY GENERAL; BREAST CANCER THERAPY; CANCER; BIOCHEMISTRY,2011-07-01,2016-06-30,0,,,"eIF4E, stress granules, chemotherapy"
"Mazwi, Mjaye L",Hospital for Sick Children (Toronto),Ontario,Project Grant,202203PJT,Biomedical Engineering 2,Using heart rhythm detection as a prototype to translate machine learning equitably and reproducibly to the point of care,"$657,900",$0,,,3 yrs 0 mth ,Circulatory and Respiratory Health,"Cardiovascular, Respiratory and Circulatory Systems-Clinical and Translational Cardiovascular Sciences; Artificial Intelligence-Machine Learning",2022-10-01,2025-09-30,0,,,"heart rhythm, machine learning, point of care"
"McCaffrey, Luke M",McGill University,Quebec,Project Grant,201709PJT,Cancer Biology & Therapeutics 2,Distinct roles for the Par6 polarity protein in development of low- and high-grade breast cancers.,"$898,875",$0,,,5 yrs 0 mth ,Cancer Research,Cancer-Mechanisms of Carcinogenesis,2018-04-01,2023-03-31,0,,,"Par6, polarity protein, breast cancers"
"McCaffrey, Luke M",McGill University,Quebec,Project Grant,202003PJT,Cancer Progression & Therapeutics 2,Overcoming suppressive micro-environments in early breast cancer progression,"$1,338,750",$0,,,5 yrs 0 mth ,Cancer Research,Cancer-Cancer Progression and Metastasis,2020-10-01,2025-09-30,0,,,"micro-environments, breast cancer, progression"
"McCoy, Kathy",University of Calgary,Alberta,Project Grant,202104PJT,Cancer Biology & Therapeutics,Determining the impact of inosine-producing microbes in promoting the efficacy and modulating toxicity of immune checkpoint blockade therapy in cancer.,"$975,376",$0,,,5 yrs 0 mth ,Cancer Research,"Cancer-Cancer Drug Development and Therapeutics; Immunology and Infection-Transplantation, Immune Tolerance and Tumor Immunology",2021-10-01,2026-09-30,0,,,"inosine, microbes, immune checkpoint"
"McElwee, Kevin J",University of British Columbia,British Columbia,Operating Grant: Fall 2008 Priority Announcement (IMHA),200809MUS,Cancer Biology & Therapeutics,CXC chemokines in basal cell carcinomas,"$84,507",$0,,,1 yr 0 mth ,Musculoskeletal Health and Arthritis,SKIN AND SUBCUTANEOUS TISSUS; NEOPLASMS; CANCER; CELL BIOLOGY,2009-07-01,2014-06-30,0,,,"CXC chemokines, basal cell carcinoma"
"McGaha, Tracy",University Health Network (Toronto),Ontario,Project Grant,201809PJT,Cancer Biology & Therapeutics,Mechanistic studies of macrophages and the tumour microenvironment as immunologic barriers to therapy in pancreatic ductal adenocarcinoma,"$1,059,525",$0,,,5 yrs 0 mth ,Infection and Immunity,"Immunology and Infection-Transplantation, Immune Tolerance and Tumor Immunology",2019-04-01,2024-03-31,1,,,"macrophages, tumour microenvironment, pancreatic ductal adenocarcinoma"
"McGibbon, Chris",University of New Brunswick (Fredericton),New Brunswick,Operating Grant: Priority Announcement (IHSPR),200809IHP,Biomedical Engineering,The Doctor is in the house: Validation of a toolkit for remote monitoring of progressive neuromuscular and neurological conditions,"$100,000",$0,,,1 yr 0 mth ,"Neurosciences, Mental Health and Addiction","MULTIPLE DISEASE RELEVANCE; AMYOTROPHIC LATERAL SCLEROSIS (ALS); HEALTH RESEARCH; MUSCLE, BONE, OR JOINT",2009-01-01,2009-12-31,0,,,"remote monitoring, neuromuscular, neurological"
"McGlade, Catherine J",Hospital for Sick Children (Toronto),Ontario,Project Grant,202109PJT,Cancer Progression & Therapeutics,Alternative splicing and Numb protein isoform function in cancer metastasis.,"$860,625",$0,,,5 yrs 0 mth ,Cancer Research,"Cancer-Cancer Progression and Metastasis; Molecular, Cellular and Systems Biology-Cell Signaling; Molecular, Cellular and Systems Biology-Molecular Biology",2022-04-01,2027-03-31,0,,,"splicing, Numb protein, metastasis"
"McGlade, Catherine J",Hospital for Sick Children (Toronto),Ontario,Project Grant,201903PJT,Cancer Progression & Therapeutics 2,Approaches to regulate Cbl ubiquitin ligase activity and control oncogenic tyrosine kinase signaling.,"$906,526",$0,,,5 yrs 0 mth ,Cancer Research,"Cancer-Cancer Drug Development and Therapeutics; Molecular, Cellular and Systems Biology-Cell Signaling; Molecular, Cellular and Systems Biology-Cell Biology and Physiology",2019-10-01,2024-09-30,0,,,"Cbl, ubiquitin ligase, tyrosine kinase"
"McGlade, Catherine J",Hospital for Sick Children (Toronto),Ontario,Operating Grant,201003MOP,Cancer Biology & Therapeutics,Function and regulation of Numb alternative splicing in cancer.,"$654,230",$0,,,5 yrs 0 mth ,Cancer Research,CANCER THERAPY GENERAL; BRAIN TUMORS (INCL. RETINAL TUMORS); CELL BIOLOGY; MOLECULAR BIOLOGY,2010-10-01,2015-09-30,0,,,"Numb, splicing, cancer"
"McGlade, Catherine J",Hospital for Sick Children (Toronto),Ontario,Operating Grant,201503MOP,Cancer Progression & Therapeutics 2,Function and regulation of Numb protein isoforms in cancer.,"$817,497",$0,,,5 yrs 0 mth ,Cancer Research,BREAST CANCER; LUNG CANCER; CANCER; MOLECULAR BIOLOGY,2015-07-01,2020-06-30,0,,,"Numb protein, isoforms, cancer"
"McGuigan, Alison P",University of Toronto,Ontario,Project Grant,202010PJT,Cancer Biology & Therapeutics 2,Deciphering the impact of genetic and microenvironmental variation on pancreatic ductal adenocarcinoma (PDAC) cell phenotype and response to therapy,"$669,375",$0,,,5 yrs 0 mth ,Cancer Research,Biomedical Engineering-Regenerative Medicine and Tissue Engineering; Cancer-Cancer Drug Development and Therapeutics; Genetics-Molecular and Functional Genetics and Epigenetics,2021-04-01,2026-03-31,0,,,"genetic, microenvironmental, pancreatic ductal adenocarcinoma"
"McKenzie, Charles A",Western University (Ontario),Ontario,Project Grant,201809PJT,Medical Physics & Imaging,Hyperpolarised 13C MRI of Placental Metabolism in Intrauterine Growth Restriction,"$638,776",$0,,,4 yrs 0 mth ,"Human Development, Child and Youth Health","Biomedical Engineering-Biomedical Imaging; Reproduction and Development-Clinical Embryology, Neonatology and Pediatrics",2019-04-01,2023-03-31,0,,,"hyperpolarised, MRI, placental metabolism"
"McLachlin, Stewart D",University of Waterloo (Ontario),Ontario,Project Grant - PA: Myalgic Encephalomyelitis and IMHA Mandate Areas,202109PAY,Biomedical Engineering,A prospective investigation for characterization and predictive modeling of cage subsidence following anterior spinal column reconstruction,"$100,000",$0,,,1 yr 0 mth ,Musculoskeletal Health and Arthritis,"Biomedical Engineering-Biomaterials, Nanotechnology and Biomechanics; Biomedical Engineering-Biomedical Imaging",2022-03-01,2023-02-28,0,,,"cage subsidence, anterior spinal, predictive modeling"
"McManus, Kirk J",University of Manitoba,Manitoba,Project Grant,201809PJT,Cancer Progression & Therapeutics,Exploring and Exploiting Reduced USP22 Expression in Colorectal Cancer,"$807,075",$0,,,5 yrs 0 mth ,Cancer Research,Cancer-Cancer Progression and Metastasis; Cancer-Mechanisms of Carcinogenesis; Genetics-Molecular and Functional Genetics and Epigenetics,2019-04-01,2024-03-31,0,,,"USP22, colorectal cancer, gene expression"
"McMullen, Todd",University of Alberta,Alberta,Project Grant,201710PJT,Medical Physics & Imaging 2,Targeting PDGFRa using PET Imaging to Diagnose Metastatic Papillary Thyroid Cancer and Improve Treatment,"$100,000",$0,,,1 yr 0 mth ,Cancer Research,Cancer-Cancer Drug Development and Therapeutics; Biomedical Engineering-Biomedical Imaging,2018-04-01,2019-03-31,0,,,"PDGFRa, PET imaging, thyroid cancer"
"McMullen, Todd",University of Alberta,Alberta,Operating Grant,201209MOP,Cancer Progression & Therapeutics 2,The Biological and Clinical Significance of Platelet Derived Growth Factor Receptor in Papillary Thyroid Cancer,"$642,147",$0,,,5 yrs 0 mth ,Cancer Research,THYROID; NEOPLASMS; CELL BIOLOGY; DRUG RESEARCH,2013-04-01,2018-03-31,2,,,"Platelet, Growth Factor Receptor, Thyroid Cancer"
"McNagny, Kelly M",University of British Columbia,British Columbia,Project Grant - PA: Breast Cancer Research,202209PLL,Cancer Biology & Therapeutics,"Podocalyxin's role in tumor invasion, metastasis, and immune evasion","$100,000",$0,,,1 yr 0 mth ,Cancer Research,"Cancer-Cancer Drug Development and Therapeutics; Cancer-Cancer Progression and Metastasis; Immunology and Infection-Transplantation, Immune Tolerance and Tumor Immunology",2023-03-01,2024-02-29,0,,,"Podocalyxin, tumor invasion, metastasis"
"Mcgilvray, Ian D",University Health Network (Toronto),Ontario,Project Grant,202309PJT,Biomedical Engineering 2,Manipulating the cellular microenvironment to bioengineer bile ducts,"$1,067,175",$0,,,5 yrs 0 mth ,Infection and Immunity,"Biomedical Engineering-Regenerative Medicine and Tissue Engineering; Digestive, Endocrine and Excretory Systems-Gastroenterology and Hepatology; Immunology and Infection-Transplantation, Immune Tolerance and Tumor Immunology",2024-04-01,2029-03-31,0,,,"cellular, microenvironment, bile ducts"
"Mcgilvray, Ian D",University Health Network (Toronto),Ontario,Operating Grant,201403MOP,Cancer Progression & Therapeutics 2,Nanoparticle targeting of the liver,"$483,813",$0,,,3 yrs 0 mth ,Cancer Research,CANCER THERAPY GENERAL; MULTIPLE DISEASE RELEVANCE; CANCER; GASTROINTESTINAL (LIVER),2014-07-01,2018-03-31,0,,,"Nanoparticle, targeting, liver"
"Mcmillen, David R",University of Toronto,Ontario,Operating Grant: COVID-19 Rapid Research Funding Opportunity - Diagnostics,202005VR2,COVID-19 Rapid Research - Diagnostics,Development of a yeast-based immunoassay for SARS-CoV-2 serologic testing amenable to inexpensive local production,"$179,140",$0,,,1 yr 0 mth ,Infection and Immunity,VIRAL; EPIDEMIOLOGY; MOLECULAR BIOLOGY; INTERNATIONAL HEALTH,2020-06-01,2021-05-31,0,,,"yeast, immunoassay, SARS-CoV-2"
"Menon, Ravi S",Western University (Ontario),Ontario,Operating Grant,201403MOP,Medical Physics & Imaging,Beyond the McDonald Criteria. Can MRI diagnose Multiple Sclerosis at the onset of initial symptoms ?,"$773,740",$0,,,5 yrs 0 mth ,"Neurosciences, Mental Health and Addiction",MULTIPLE SCLEROSIS; MULTIPLE DISEASE RELEVANCE; IMAGING; NERVOUS SYSTEM,2014-07-01,2016-06-30,0,,,"MRI, Multiple Sclerosis, Diagnosis"
"Menon, Ravi S",Western University (Ontario),Ontario,Operating Grant,201009MOP,Medical Physics & Imaging,Ultra high field MRI measurements of tissue magnetic susceptibility in Multiple Sclerosis,"$912,635",$0,,,5 yrs 0 mth ,"Neurosciences, Mental Health and Addiction",MULTIPLE SCLEROSIS; CNS ORGANIC; IMAGING; NERVOUS SYSTEM,2011-04-01,2016-03-31,0,,,"MRI, magnetic susceptibility, Multiple Sclerosis"
"Mercier, Franeois",CIUSSS de Centre-Ouest-de-l'Ile-de-Montreal-Jewish General,Quebec,Project Grant,202209PJT,Cancer Progression & Therapeutics,Understanding the role of eIF4A in AML progression and relapse,"$929,475",$0,,,5 yrs 0 mth ,Cancer Research,Cancer-Cancer Drug Development and Therapeutics; Cancer-Cancer Progression and Metastasis; Cancer-Mechanisms of Carcinogenesis,2023-04-01,2028-03-31,0,,,"eIF4A, AML, relapse"
"Mikulis, David J",University Health Network (Toronto),Ontario,Operating Grant,201303MOP,Medical Physics & Imaging,A potential biomarker for vascular dementia,"$324,598",$0,,,4 yrs 0 mth ,Aging,CNS ORGANIC; AGING; NERVOUS SYSTEM; IMAGING,2013-10-01,2018-03-31,0,,,"biomarker, vascular, dementia"
"Miller, Robert John D",University of Toronto,Ontario,"Catalyst Grant: Invention and High-Risk, High-Benefit Research",200902NHG,"Inventions, Technologies, or High Risk Grants",Impulsive Heat desorption of the single cell - towards a full protein content determination,"$89,450",$0,,,1 yr 0 mth ,Genetics,NONE OF THE ABOVE; BIOPHYSICS; IMAGING,2009-02-01,2010-01-31,0,,,"Heat desorption, protein content, single cell"
"Miller, Wilson H",CIUSSS de Centre-Ouest-de-l'Ile-de-Montreal-Jewish General,Quebec,Project Grant,202203PJT,Cancer Biology & Therapeutics,Exploring the therapeutic potential of combined inhibition of MNK1/2 and CDK4/6 to treat melanoma.,"$841,500",$0,,,5 yrs 0 mth ,Cancer Research,Cancer-Cancer Drug Development and Therapeutics,2022-10-01,2027-09-30,0,,,"MNK1, CDK4/6, melanoma"
"Miller, Wilson H",CIUSSS de Centre-Ouest-de-l'Ile-de-Montreal-Jewish General,Quebec,Operating Grant,201209MOP,Cancer Progression & Therapeutics 2,Mechanisms of response and resistance to epigenetic therapy in hematological malignancy,"$729,885",$0,,,5 yrs 0 mth ,Cancer Research,CANCER THERAPY GENERAL; CANCER; CELL BIOLOGY,2013-04-01,2018-03-31,0,,,"epigenetic, hematological malignancy, response"
"Miller, Wilson H",CIUSSS de Centre-Ouest-de-l'Ile-de-Montreal-Jewish General,Quebec,Operating Grant,200809MOP,Cancer Progression & Therapeutics,Mechanisms of the anti-cancer actions of arsenic.,"$851,780",$0,,,5 yrs 0 mth ,Cancer Research,CANCER THERAPY GENERAL; CANCER,2009-04-01,2014-03-31,0,,,"arsenic, anti-cancer, mechanisms"
"Miller, Wilson H",CIUSSS de Centre-Ouest-de-l'Ile-de-Montreal-Jewish General,Quebec,Project Grant,201709PJT,Cancer Biology & Therapeutics,Targeting the Mnk/eIF4E axis in the tumor microenvironment of pregnancy associated breast cancers.,"$692,325",$0,,,5 yrs 0 mth ,Cancer Research,"Cancer-Cancer Progression and Metastasis; Immunology and Infection-Transplantation, Immune Tolerance and Tumor Immunology; Reproduction and Development-Fertility and Maternal Health",2018-04-01,2023-03-31,0,,,"Mnk, eIF4E, breast cancer"
"Miller, Wilson H",CIUSSS de Centre-Ouest-de-l'Ile-de-Montreal-Jewish General,Quebec,Operating Grant,201103MOP,Cancer Progression & Therapeutics,Targeting the eukaryotic translation initiation factor eIF4E with ribavirin in breast cancer,"$425,282",$0,,,3 yrs 0 mth ,Cancer Research,BREAST CANCER THERAPY; CANCER; DRUG RESEARCH,2011-10-01,2014-09-30,0,,,"eIF4E, ribavirin, breast cancer"
"Miller, Wilson H",CIUSSS de Centre-Ouest-de-l'Ile-de-Montreal-Jewish General,Quebec,Operating Grant,201503MOP,Cancer Progression & Therapeutics 2,Understanding the role of the MNK-eIF4E axis in the response and resistance to BRAF inhibitors.,"$720,155",$0,,,5 yrs 0 mth ,Cancer Research,SKIN AND SUBCUTANEOUS TISSUS; CANCER THERAPY GENERAL; CANCER; MOLECULAR BIOLOGY,2015-07-01,2020-06-30,0,,,"MNK, eIF4E, BRAF"
"Milot, Eric",CIUSSS Est-de-l'Ile-de- Montreal-Maisonneuve Rosemont,Quebec,Project Grant,202109PJT,Cancer Biology & Therapeutics,Influence of Ikaros on treatment response in Acute Lymphoblastic Leukemia,"$868,275",$0,,,5 yrs 0 mth ,Cancer Research,"Cancer-Mechanisms of Carcinogenesis; Genetics-Genomics, Transcriptomics and Proteomics; Molecular, Cellular and Systems Biology-Molecular Biology",2022-04-01,2027-03-31,0,,,"Ikaros, Acute Lymphoblastic Leukemia, response"
"Min, Wei-Ping",Western University (Ontario),Ontario,Operating Grant,201209MOP,Cancer Progression & Therapeutics,The role of IDO1 vs IDO2 on tumour immune evasion  and immune therapy,"$313,349",$0,,,3 yrs 0 mth ,Cancer Research,CANCER THERAPY GENERAL; CANCER; IMMUNOLOGY-TRANSPLANTATION,2013-04-01,2016-03-31,0,,,"IDO1, IDO2, immune evasion"
"Minchinton, Andrew I",University of British Columbia,British Columbia,Project Grant,202104PJT,Cancer Biology & Therapeutics 2,FLASH radiotherapy - mechanisms and translational studies,"$918,000",$0,,,4 yrs 0 mth ,Cancer Research,Cancer-Cancer Drug Development and Therapeutics; Radiation biology,2021-10-01,2025-09-30,2,,,"FLASH, radiotherapy, mechanisms"
"Minchinton, Andrew I",University of British Columbia,British Columbia,Operating Grant,200809MOP,Cancer Biology & Therapeutics,Hypoxia-selective radiation sensitizers,"$560,232",$0,,,4 yrs 0 mth ,Cancer Research,CANCER THERAPY GENERAL; CANCER,2009-04-01,2013-03-31,0,,,"Hypoxia, radiation, sensitizers"
"Minchinton, Andrew I",University of British Columbia,British Columbia,Operating Grant,201309MOP,Cancer Biology & Therapeutics,Metabolic manipulation of hypoxia and radiotherapy response,"$727,090",$0,,,5 yrs 0 mth ,Cancer Research,CANCER THERAPY GENERAL,2014-04-01,2019-03-31,3,,,"metabolic, hypoxia, radiotherapy"
"Minchinton, Andrew I",University of British Columbia,British Columbia,Project Grant,202109PJT,Cancer Biology & Therapeutics 2,Metabolic manipulation of hypoxia for improved radiotherapy response,"$677,024",$0,,,4 yrs 0 mth ,Cancer Research,Cancer-Cancer Drug Development and Therapeutics,2022-04-01,2026-03-31,1,,,"metabolic manipulation, hypoxia, radiotherapy"
"Minchinton, Andrew I",University of British Columbia,British Columbia,Operating Grant,201109MOP,Cancer Biology & Therapeutics,Microenvironmental strategies for the optimal utilization of anti-angiogenic drugs combinations,"$662,588",$0,,,4 yrs 0 mth ,Cancer Research,CANCER THERAPY GENERAL; CANCER,2012-04-01,2016-03-31,0,,,"microenvironment, anti-angiogenic, drugs"
"Minden, Mark D",University Health Network (Toronto),Ontario,Operating Grant,201109MOP,Cancer Progression & Therapeutics 2,CSF1R as a therapeutic target in Acute Myeloid Leukemia,"$361,800",$0,,,3 yrs 0 mth ,Cancer Research,LEUKAEMIAS; CANCER THERAPY GENERAL; CANCER; BLOOD,2012-04-01,2015-03-31,0,,,"CSF1R, Acute Myeloid Leukemia, therapeutic target"
"Minden, Mark D",University Health Network (Toronto),Ontario,Operating Grant,200903MOP,Cancer Progression & Therapeutics,DNA Hypermethylation in AML: A means to understand the disease and to direct therapy,"$391,824",$0,,,3 yrs 0 mth ,Cancer Research,NEOPLASMS; LEUKAEMIAS; CANCER; MOLECULAR BIOLOGY,2009-10-01,2012-09-30,2,,,"DNA, Hypermethylation, AML"
"Minden, Mark D",University Health Network (Toronto),Ontario,Project Grant,201709PJT,Cancer Progression & Therapeutics 2,Mutant nucleophosmin AML a heterogeneous disease: characterization and drug sensitivity.,"$688,500",$0,,,5 yrs 0 mth ,Cancer Research,"Cancer-Cancer Drug Development and Therapeutics; Genetics-Molecular and Functional Genetics and Epigenetics; Molecular, Cellular and Systems Biology-Cell Biology and Physiology",2018-04-01,2023-03-31,0,,,"nucleophosmin, AML, drug sensitivity"
"Moffat, Jason",University of Toronto,Ontario,Project Grant,202003PJT,Cancer Biology & Therapeutics,Identifying cancer intrinsic immune evasion mechanism for target discovery,"$956,250",$0,,,5 yrs 0 mth ,Cancer Research,Cancer-Cancer Progression and Metastasis; Cancer-Cancer Drug Development and Therapeutics; Cancer-Mechanisms of Carcinogenesis,2020-10-01,2025-09-30,1,,,"cancer, immune evasion, target discovery"
"Moghal, Nadeem",University Health Network (Toronto),Ontario,Project Grant,202010PJT,Cancer Progression & Therapeutics,Identification of novel therapeutic targets for SOX2-driven lung squamous cell carcinoma,"$650,252",$0,,,4 yrs 0 mth ,Cancer Research,Cancer-Cancer Drug Development and Therapeutics,2021-04-01,2025-03-31,0,,,"SOX2, lung cancer, targets"
"Moitessier, Nicolas R",McGill University,Quebec,Operating Grant: COVID-19 - Therapeutics,202002OV3,Canadian 2019 Novel Coronavirus (2019-nCoV) Rapid Research,Development of COVID-2019 main protease inhibitors as potential antivirals against the 2019 coronavirus.,"$203,000",$0,,,1 yr 6 mths ,Infection and Immunity,INFECTIOUS AND PARASITIC; DRUG RESEARCH; VIROLOGY,2020-04-01,2021-09-30,0,,,"COVID-2019, protease inhibitors, antivirals"
"Monument, Michael J",University of Calgary,Alberta,Project Grant,202010PJT,Cancer Biology & Therapeutics,Harnessing STING activation for the treatment of sarcoma,"$1,071,000",$0,,,5 yrs 0 mth ,Cancer Research,Cancer-Cancer Drug Development and Therapeutics; Cancer-Pediatric Cancer,2021-04-01,2026-03-31,0,,,"STING, activation, sarcoma"
"Moorehead, Roger A",University of Guelph,Ontario,Operating Grant,201003MOP,Cancer Progression & Therapeutics,Is IGF-IR Mediated Mammary Tumorigenesis Influenced by the Mammary Developmental Stage,"$453,972",$0,,,4 yrs 0 mth ,Cancer Research,BREAST CANCER; BREAST CANCER THERAPY; CANCER; CELL BIOLOGY,2010-10-01,2014-09-30,0,,,"IGF-IR, Mammary, Tumorigenesis"
"Moorehead, Roger A",University of Guelph,Ontario,Project Grant - PA: Breast Cancer Research,202309PLL,Cancer Progression & Therapeutics 2,The role of MXRA8 in breast cancer growth and metastasis,"$100,000",$0,,,1 yr 0 mth ,Cancer Research,Cancer-Cancer Progression and Metastasis,2024-03-01,2025-02-28,0,,,"MXRA8, breast cancer, metastasis"
"Moorehead, Roger A",University of Guelph,Ontario,Project Grant,201809PJT,Cancer Biology & Therapeutics 2,Understanding how the miR-200 family prevents tumor initiation and impairs tumor growth,"$837,675",$0,,,5 yrs 0 mth ,Cancer Research,"Cancer-Mechanisms of Carcinogenesis; Molecular, Cellular and Systems Biology-Molecular Biology",2019-04-01,2024-03-31,0,,,"miR-200, tumor, growth"
"Moorehead, Roger A",University of Guelph,Ontario,Operating Grant,201403MOP,Cancer Biology & Therapeutics,miRNA function in breast cancer,"$589,508",$0,,,5 yrs 0 mth ,Cancer Research,BREAST CANCER; BREAST CANCER THERAPY; CANCER; CELL BIOLOGY,2014-07-01,2019-06-30,0,,,"miRNA, breast cancer"
"Moradi, Mehdi",University of British Columbia,British Columbia,Operating Grant - PA: Cancer Research (bridge funding),201309IC1,Medical Physics & Imaging,Computational multimodal radiologic profiling as a prognostic biomarker for individualized prostate cancer therapy,"$100,000",$0,,,1 yr 0 mth ,Cancer Research,PROSTATE AND BLADDER CANCER,2014-03-01,2015-02-28,3,,,"computational, radiologic, prostate cancer"
"Moran, Michael F",Hospital for Sick Children (Toronto),Ontario,Project Grant - Priority Announcement: Cancer Research,202209PJS,Cancer Progression & Therapeutics 2,An ACO2-Iron Axis in Aggressive Lung Cancer,"$100,000",$0,,,1 yr 0 mth ,Cancer Research,Cancer-Cancer Drug Development and Therapeutics; Cancer-Mechanisms of Carcinogenesis,2023-03-01,2024-02-29,0,,,"ACO2, Iron, Lung Cancer"
"Morgenstern, Daniel A",Hospital for Sick Children (Toronto),Ontario,Project Grant - Priority Announcement: Pediatric Cancer Research,202203PDI,Cancer Biology & Therapeutics 2,OPTIMISE: Optimal precision therapies to customise care in childhood and adolescent cancer,"$545,625",$0,,,1 yr 5 mths ,Cancer Research,Cancer-Cancer Drug Development and Therapeutics,2022-10-01,2024-03-31,0,,,"precision, therapies, cancer"
"Morin, Ryan D","Simon Fraser University (Burnaby, B.C.)",British Columbia,Project Grant,202203PJT,Cancer Progression & Therapeutics 2,All roads lead to Rome: Tracing the evolutionary paths to diffuse large B-cell lymphoma,"$1,017,450",$0,,,5 yrs 0 mth ,Cancer Research,"Cancer-Mechanisms of Carcinogenesis; Genetics-Genomics, Transcriptomics and Proteomics",2022-10-01,2027-09-30,0,,,"B-cell lymphoma, tracing, evolutionary"
"Morin, Ryan D","Simon Fraser University (Burnaby, B.C.)",British Columbia,Operating Grant,201303MOP,Cancer Biology & Therapeutics,Investigating the mutations driving non Hodgkin lymphomas and developing plasma-based assays for tumour detection and monitoring,"$612,722",$0,,,5 yrs 0 mth ,Cancer Research,"LEUKAEMIAS; CANCER THERAPY GENERAL; CANCER; GENOMICS, PROTEOMICS, AND BIOINFORMATICS",2013-10-01,2018-09-30,2,,,"mutations, lymphomas, assays"
"Morin, Ryan D","Simon Fraser University (Burnaby, B.C.)",British Columbia,Project Grant,201903PJT,Cancer Progression & Therapeutics,Prioritization and functional characterization of regulatory mutations in non-Hodgkin lymphoma,"$784,126",$0,,,5 yrs 0 mth ,Cancer Research,"Cancer-Cancer Progression and Metastasis; Cancer-Mechanisms of Carcinogenesis; Genetics-Genomics, Transcriptomics and Proteomics",2019-10-01,2024-09-30,2,,,"regulatory mutations, non-Hodgkin lymphoma, functional characterization"
"Moroy, Tarik",Institut de recherches cliniques de Montreal,Quebec,Operating Grant,201009MOP,Cancer Biology & Therapeutics,Dose dependent role of Gfi1 in the initiation and maintenance of T-cell leukemia and lymphoma,"$339,678",$0,,,3 yrs 0 mth ,Cancer Research,BLOOD; LEUKAEMIAS; MOLECULAR BIOLOGY; IMMUNOLOGY-TRANSPLANTATION,2011-04-01,2014-03-31,1,,,"Gfi1, T-cell leukemia, lymphoma"
"Moroy, Tarik",Institut de recherches cliniques de Montreal,Quebec,Operating Grant,201103MOP,Cancer Biology & Therapeutics,Function of the BTB/POZ domain transcription factor Miz-1 in the activation of lymphoid cells and in lymphoid leukemia and lymphoma,"$706,460",$0,,,5 yrs 0 mth ,Cancer Research,LEUKAEMIAS; BLOOD; CANCER; IMMUNOLOGY-TRANSPLANTATION,2011-10-01,2016-06-30,0,,,"BTB, transcription factor, lymphoid"
"Moroy, Tarik",Institut de recherches cliniques de Montreal,Quebec,Operating Grant,201209MOP,Cancer Biology & Therapeutics,Role of Gfi1 as a modulator of the ATM/DNA-PK DNA damage response pathway,"$686,375",$0,,,5 yrs 0 mth ,Cancer Research,LEUKAEMIAS; BLOOD; CANCER,2013-04-01,2016-06-30,0,,,"Gfi1, ATM, DNA-PK"
"Moroy, Tarik",Institut de recherches cliniques de Montreal,Quebec,Project Grant - Priority Announcement: Pediatric Cancer Research,202303PDI,Cancer Biology & Therapeutics,The MYC/MIZ-1 complex in germinal center B cells and B cell lymphomagenesis,"$100,000",$0,,,1 yr 0 mth ,Cancer Research,"Cancer-Mechanisms of Carcinogenesis; Immunology and Infection-Immunology and Autoimmune Diseases (including rheumatology); Molecular, Cellular and Systems Biology-Molecular Biology",2023-10-01,2024-09-30,0,,,"MYC, MIZ-1, B cells"
"Moroy, Tarik",Institut de recherches cliniques de Montreal,Quebec,Project Grant,202203PJT,Cancer Biology & Therapeutics,The role of the RNA helicase DDX3X in Burkitt Lymphoma and its potential as a new therapeutic target,"$1,162,800",$0,,,5 yrs 0 mth ,Cancer Research,Cancer-Mechanisms of Carcinogenesis,2023-07-01,2028-06-30,0,,,"RNA helicase, DDX3X, Burkitt Lymphoma"
"Moroy, Tarik",Institut de recherches cliniques de Montreal,Quebec,Project Grant,202209PJT,Cancer Biology & Therapeutics,Therapeutic potential of the long non-coding RNA ELDR for the Acute Myeloid Leukemia subtype M5 with t(9;11) translocations,"$992,014",$0,,,5 yrs 0 mth ,Cancer Research,"Cancer-Mechanisms of Carcinogenesis; Molecular, Cellular and Systems Biology-Molecular Biology",2023-04-01,2028-03-31,0,,,"long non-coding RNA, Acute Myeloid Leukemia, ELDR"
"Mousavi, Parvin","Queen's University (Kingston, Ontario)",Ontario,Project Grant,202303PJT,Medical Physics & Imaging,Real-time molecular-imaging guidance of breast conserving surgery,"$692,326",$0,,,5 yrs 0 mth ,Cancer Research,Biomedical Engineering-Biomedical Imaging,2023-10-01,2028-09-30,0,,,"molecular-imaging, breast, surgery"
"Muanza, Thierry M",CIUSSS de Centre-Ouest-de-l'Ile-de-Montreal-Jewish General,Quebec,Project Grant,202104PJT,Cancer Progression & Therapeutics 2,A prospective trial of radiation omission in patients with clinically node negative breast cancer and pathologic complete response after neoadjuvant chemotherapy.,"$1,514,700",$0,,,10 yrs 0 mth ,Cancer Research,Cancer-Clinical Oncology,2021-10-01,2031-09-30,0,,,"radiation, breast cancer, chemotherapy"
"Mui, Alice L",University of British Columbia,British Columbia,Operating Grant,201003MOP,Cancer Progression & Therapeutics 2,Small molecule SHIP agonists for inhibiting the phosphoinositide 3-kinase pathway,"$390,802",$0,,,3 yrs 0 mth ,Cancer Research,LEUKAEMIAS; DRUGS- PHARMACEUTICAL SCIENCE/CHEMISTRY & NON MEDICAL USE OF DRUGS; CANCER; DRUG RESEARCH,2010-10-01,2013-09-30,1,,,"small molecule, SHIP, phosphoinositide 3-kinase"
"Mui, Alice L",University of British Columbia,British Columbia,Operating Grant: COVID-19 Rapid Research Funding Opportunity - Therapeutics,202005VR3,COVID-19 Rapid Research - Therapeutics,The role of interleukin-10 responsiveness in lung inflammation in SARS CoV2 infection,"$150,072",$0,,,1 yr 0 mth ,Infection and Immunity,MULTIDISCIPLINARY; IMMUNOLOGY-TRANSPLANTATION; BIOCHEMISTRY,2020-06-01,2021-05-31,1,,,"interleukin-10, lung inflammation, SARS CoV2"
"Muller, William J",McGill University,Quebec,Project Grant - PA: Breast Cancer Research,202209PLL,Cancer Biology & Therapeutics,Chi3L1 (YKL-40) plays a multifaceted role in modulating tumor immune microenvironment during breast cancer progression.,"$100,000",$0,,,1 yr 0 mth ,Cancer Research,Cancer-Mechanisms of Carcinogenesis,2023-10-01,2028-09-30,0,,,"Chi3L1, immune microenvironment, breast cancer"
"Muller, William J",McGill University,Quebec,Project Grant,202303PJT,Cancer Biology & Therapeutics,Chi3L1 (YKL-40) plays a multifaceted role in modulating tumor immune microenvironment during breast cancer progression.,"$1,277,550",$0,,,5 yrs 0 mth ,Cancer Research,Cancer-Mechanisms of Carcinogenesis,2023-10-01,2028-09-30,0,,,"Chi3L1, immune microenvironment, breast cancer"
"Muller, William J",McGill University,Quebec,Operating Grant,201309MOP,Cancer Progression & Therapeutics,Identification of PI-3K coupled signalling pathways involved in mammary tumour progression: Implication for resistance to targeted therapy.,"$841,225",$0,,,5 yrs 0 mth ,Cancer Research,BREAST CANCER; BREAST CANCER THERAPY; CANCER; MOLECULAR BIOLOGY,2014-04-01,2016-06-30,0,,,"PI-3K, signalling pathways, mammary tumor"
"Muller, William J",McGill University,Quebec,Project Grant - PA: Breast Cancer Research,202303PLL,Cancer Progression & Therapeutics,Identifying the molecular and environmental factors involved in promoting escape from breast cancer dormancy.,"$100,000",$0,,,1 yr 0 mth ,Cancer Research,Cancer-Cancer Progression and Metastasis,2024-04-01,2029-03-31,0,,,"breast cancer, dormancy, molecular factors"
"Mulligan, Lois M","Queen's University (Kingston, Ontario)",Ontario,Project Grant,202104PJT,Cancer Biology & Therapeutics 2,Investigating the Regulation of RET Receptor-Mediated Perineural Invasion and Metastasis,"$887,400",$0,,,5 yrs 0 mth ,Cancer Research,"Cancer-Cancer Progression and Metastasis; Molecular, Cellular and Systems Biology-Molecular Biology; Neurosciences-Neurogenesis, Neurodifferentiation and Plasticity",2021-10-01,2026-09-30,0,,,"RET, receptor, metastasis"
"Mulligan, Lois M","Queen's University (Kingston, Ontario)",Ontario,Operating Grant,201503MOP,Cancer Biology & Therapeutics,Mechanisms regulating RET receptor-mediated tumourigenesis,"$695,582",$0,,,5 yrs 0 mth ,Cancer Research,NEOPLASMS; MULTIPLE DISEASE RELEVANCE; CANCER; CELL BIOLOGY,2015-07-01,2021-06-30,0,,,"RET, receptor, tumourigenesis"
"Murphy, Leigh C",University of Manitoba,Manitoba,Operating Grant,200903MOP,Cancer Progression & Therapeutics,Beyond the estrogen receptor: Involvement of kinases in estrogen dependence and independence in human breast cancer,"$729,830",$0,,,5 yrs 0 mth ,Cancer Research,BREAST CANCER; ENDOCRINOLOGY; CANCER,2009-10-01,2014-09-30,1,,,"estrogen receptor, kinases, breast cancer"
"Mushahwar, Vivian",University of Alberta,Alberta,Operating Grant,201303MOP,Biomedical Engineering,Intraspinal Neural Prosthesis for Restoring Function after Spinal Cord Injury,"$661,685",$0,,,4 yrs 0 mth ,"Neurosciences, Mental Health and Addiction","SPINAL CORD DISEASE; MUSCULO SKELETAL; NERVOUS SYSTEM; MUSCLE, BONE, OR JOINT",2013-10-01,2018-03-31,0,,,"neural prosthesis, spinal cord, injury"
"Mushahwar, Vivian",University of Alberta,Alberta,Operating Grant,201309MOP,Biomedical Engineering,Patterned electrical stimulation of the arms and legs to improve walking after spinal cord injury,"$994,127",$0,,,5 yrs 0 mth ,"Neurosciences, Mental Health and Addiction","SPINAL CORD DISEASE; STROKE, HEART FAILURE; NERVOUS SYSTEM; MUSCLE, BONE, OR JOINT",2014-04-01,2019-03-31,1,,,"electrical stimulation, spinal cord injury, walking"
"Mushahwar, Vivian",University of Alberta,Alberta,Operating Grant,201203MOP,Biomedical Engineering,Prevention of Pressure Ulcer Formation using Intermittent Electrical Stimulation,"$459,602",$0,,,3 yrs 6 mths ,"Neurosciences, Mental Health and Addiction","SPINAL CORD DISEASE; MUSCULO SKELETAL; NERVOUS SYSTEM; MUSCLE, BONE, OR JOINT",2012-10-01,2016-03-31,2,,,"Pressure ulcer, electrical stimulation, prevention"
"Mwale, Fackson",CIUSSS de Centre-Ouest-de-l'Ile-de-Montreal-Jewish General,Quebec,Project Grant,202209PJT,Biomedical Engineering,Small molecule inhibitor of IL-1b signaling in degenerative disc disease,"$734,400",$0,,,5 yrs 0 mth ,Aging,Biomedical Engineering-Regenerative Medicine and Tissue Engineering,2023-04-01,2028-03-31,0,,,"small molecule, IL-1b, degenerative disc"
"Mwale, Fackson",CIUSSS de Centre-Ouest-de-l'Ile-de-Montreal-Jewish General,Quebec,Operating Grant,201109MOP,Biomedical Engineering,The efficacy of Link N as a mediator of repair in Intervertebral Disc Degeneration,"$454,098",$0,,,4 yrs 0 mth ,Musculoskeletal Health and Arthritis,"MUSCULO SKELETAL; MUSCLE, BONE, OR JOINT; HEALTH RESEARCH",2012-04-01,2016-03-31,1,,,"Link N, intervertebral disc, repair"
"Nabi, Ivan R",University of British Columbia,British Columbia,Operating Grant,201009MOP,Cancer Progression & Therapeutics 2,Evaluation of autocrine motility factor as a targeted delivery agent for cancer therapy,"$405,657",$0,,,3 yrs 0 mth ,Cancer Research,CANCER THERAPY GENERAL; CANCER; CELL BIOLOGY,2011-04-01,2014-03-31,0,,,"autocrine motility factor, targeted delivery, cancer"
"Nabi, Ivan R",University of British Columbia,British Columbia,Operating Grant,201209MOP,Cancer Biology & Therapeutics,Membrane domain regulation of receptor signaling,"$867,203",$0,,,5 yrs 0 mth ,Cancer Research,CANCER THERAPY GENERAL; THYROID; CANCER; CELL BIOLOGY,2013-04-01,2018-03-31,1,,,"Membrane, receptor, signaling"
"Nadeau, Jay Louise",McGill University,Quebec,Operating Grant,201309MOP,Medical Physics & Imaging,Nanoparticle-aided radiation therapy with scintillating high Z materials,"$325,851",$0,,,3 yrs 0 mth ,Cancer Research,CANCER THERAPY GENERAL; CANCER; BIOPHYSICS,2014-04-01,2017-03-31,0,,,"nanoparticle, radiation, scintillating"
"Narod, Steven A",Women's College Hospital (Toronto),Ontario,Project Grant,202309PJT,Cancer Progression & Therapeutics,An observational study of treatment and outcomes among BRCA1 carriers with breast cancer,"$765,000",$0,,,5 yrs 0 mth ,Cancer Research,Cancer-Cancer Progression and Metastasis; Genetics-Clinical Genetics,2024-07-01,2029-06-30,0,,,"BRCA1, breast cancer, outcomes"
"Narod, Steven A",Women's College Hospital (Toronto),Ontario,Operating Grant,201203MOP,Cancer Biology & Therapeutics,The effect of prophylactic salpingo-oophorectomy on markers of health in women who carry a BRCA mutation,"$382,243",$0,,,3 yrs 0 mth ,Cancer Research,ENDOCRINOLOGY; NEOPLASMS; CANCER; GENETICS,2012-10-01,2015-09-30,0,,,"salpingo-oophorectomy, BRCA, markers"
"Naus, Christian C",University of British Columbia,British Columbia,Operating Grant,200909MOP,Cancer Progression & Therapeutics,Connexin regulation and glioma growth control,"$693,965",$0,,,5 yrs 0 mth ,Cancer Research,BRAIN TUMORS (INCL. RETINAL TUMORS); NEOPLASMS; CANCER; CELL BIOLOGY,2010-04-01,2015-03-31,0,,,"Connexin, glioma, regulation"
"Naus, Christian C",University of British Columbia,British Columbia,Operating Grant,200809MOP,Cancer Progression & Therapeutics,Pannexins as a novel growth regulator in gliomas,"$645,690",$0,,,5 yrs 0 mth ,Cancer Research,BRAIN TUMORS (INCL. RETINAL TUMORS); BRAIN TUMORS THERAPY; CANCER; CELL BIOLOGY,2008-10-01,2009-03-31,0,,,"Pannexins, gliomas, growth regulator"
"Nazy, Ishac",McMaster University,Ontario,Operating Grant: COVID-19 Rapid Research Funding Opportunity - Diagnostics,202005VR2,COVID-19 Rapid Research - Diagnostics,Long-term protective immunity against SARS-CoV-2 virus in COVID-19 patients,$0,$0,"$350,000",Public Health Agency of Canada,1 yr 0 mth ,Infection and Immunity,VIRAL; INFECTIOUS AND PARASITIC; VIROLOGY; IMMUNOLOGY-TRANSPLANTATION,2020-09-01,2021-08-31,1,,,"immunity, SARS-CoV-2, COVID-19"
"Near, Jamie",CIUSSS de l'Ouest-de-l'Ile-de-Montreal-Douglas Hospital,Quebec,Project Grant,201903PJT,Medical Physics & Imaging,Development of dynamic 1H MRSI for the assessment of impaired brain glucose metabolism in patients with early Alzheimer's Disease,"$772,651",$0,,,4 yrs 0 mth ,"Neurosciences, Mental Health and Addiction",Biomedical Engineering-Biomedical Imaging; Methods Development and Modelling-Quantitative Methods Development for Health Research; Neurosciences-Neurodegeneration,2019-10-01,2023-09-30,0,,,"1H MRSI, brain glucose, Alzheimer's"
"Near, Jamie","Sunnybrook Health Sciences Centre (Toronto, Ontario)",Ontario,Project Grant,202203PJT,Medical Physics & Imaging,NMR spectroscopy in brain organoids: identifying neurochemical and gene regulatory network signatures of the healthy and Alzheimer's Disease brain,"$940,950",$0,,,5 yrs 0 mth ,Aging,Aging-Aging Process and Biological Determinants of Aging; Biomedical Engineering-Biomedical Imaging; Neurosciences-Neurodegeneration,2022-10-01,2027-09-30,0,,,"NMR, brain organoids, neurochemical"
"Neel, Benjamin G",University Health Network (Toronto),Ontario,Operating Grant,201403MOP,Cancer Progression & Therapeutics 2,Cell of Origin and Tumor Initiating Cells in Serous Ovarian Cancer,"$804,047",$0,,,5 yrs 0 mth ,Cancer Research,NEOPLASMS; CANCER; CELL BIOLOGY,2014-07-01,2019-06-30,5,,,"Cell, Tumor, Ovarian"
"Neel, Benjamin G",University Health Network (Toronto),Ontario,Operating Grant,200810MOP,Cancer Biology & Therapeutics,Identification and characterization of ovarian cancer initiating cells,"$100,000",$0,,,1 yr 0 mth ,Cancer Research,NEOPLASMS; CANCER,2009-03-01,2010-02-28,4,,,"ovarian cancer, initiating cells, characterization"
"Nelson, Brad H",University of British Columbia,British Columbia,Project Grant,202209PJT,Cancer Biology & Therapeutics,Deciphering the Hottest Immune Neighbourhoods in Ovarian Cancer to Advance Immunotherapy,"$983,025",$0,,,5 yrs 0 mth ,Cancer Research,"Immunology and Infection-Transplantation, Immune Tolerance and Tumor Immunology",2023-04-01,2028-03-31,0,,,"immune, ovarian, immunotherapy"
"Nelson, Brad H",University of British Columbia,British Columbia,Project Grant,201909PJT,Cancer Progression & Therapeutics 2,Mechanisms of B cell-mediated immunity in human cancer,"$1,193,400",$0,,,5 yrs 0 mth ,Cancer Research,"Cancer-Cancer Progression and Metastasis; Immunology and Infection-Transplantation, Immune Tolerance and Tumor Immunology",2020-04-01,2025-03-31,6,,,"B cell, immunity, cancer"
"Nelson, Brad H",University of British Columbia,British Columbia,Operating Grant,201405MOP,Cancer Progression & Therapeutics 2,Mechanisms of Protective Immunity in Ovarian Cancer,"$100,000",$0,,,1 yr 0 mth ,Cancer Research,CANCER THERAPY GENERAL; CANCER; IMMUNOLOGY-TRANSPLANTATION,2015-07-01,2020-06-30,3,,,"Protective immunity, ovarian cancer"
"Nelson, Brad H",University of British Columbia,British Columbia,Operating Grant,201503MOP,Cancer Progression & Therapeutics 2,Mechanisms of Protective Immunity in Ovarian Cancer,"$639,477",$0,,,5 yrs 0 mth ,Cancer Research,CANCER THERAPY GENERAL; CANCER; IMMUNOLOGY-TRANSPLANTATION,2015-07-01,2020-06-30,3,,,"Protective immunity, ovarian cancer"
"Nelson, Brad H",University of British Columbia,British Columbia,Operating Grant,201003MOP,Cancer Biology & Therapeutics,Toward personalized immunotherapy: identifying tumour-specific factors that dictate the response of spontaneous mammary cancers to T cells,"$671,932",$0,,,5 yrs 0 mth ,Cancer Research,BREAST CANCER THERAPY; CANCER THERAPY GENERAL; CANCER; IMMUNOLOGY-TRANSPLANTATION,2007-10-01,2010-09-30,7,,,"immunotherapy, tumor-specific factors, T cells"
"Nelson, Brad H",University of Victoria (British Columbia),British Columbia,Operating Grant,200903MOP,Cancer Biology & Therapeutics,Tumor-infiltrating T cells in ovarian cancer: functional impact on patient survival,"$421,287",$0,,,3 yrs 0 mth ,Cancer Research,CANCER THERAPY GENERAL; INFECTIOUS AND PARASITIC; CANCER; IMMUNOLOGY-TRANSPLANTATION,2009-10-01,2012-09-30,7,,,"Tumor-infiltrating T cells, ovarian cancer, patient survival"
"Nepveu, Alain",McGill University,Quebec,Project Grant,201709PJT,Cancer Biology & Therapeutics,"Base Excision Repair in Cancer- New Mechanisms, Dependencies and Vulnerabilities","$826,200",$0,,,5 yrs 0 mth ,Cancer Research,"Cancer-Cancer Drug Development and Therapeutics; Molecular, Cellular and Systems Biology-Structure and Function of Macromolecules",2018-04-01,2023-03-31,0,,,"Base Excision Repair, Cancer, Vulnerabilities"
"Nepveu, Alain",McGill University,Quebec,Operating Grant,201403MOP,Cancer Biology & Therapeutics,Structure/Function Analysis of Cut Repeat Domains in Base Excision Repair,"$604,954",$0,,,5 yrs 0 mth ,Cancer Research,NEOPLASMS; CANCER THERAPY GENERAL; MOLECULAR BIOLOGY; CELL BIOLOGY,2014-10-01,2019-09-30,0,,,"Base Excision Repair, Cut Repeat Domains, Structure-Function"
"Nepveu, Alain",McGill University,Quebec,Project Grant,201909PJT,Cancer Biology & Therapeutics,The Tumor Suppressor Function of CUX1,"$673,200",$0,,,4 yrs 0 mth ,Cancer Research,"Molecular, Cellular and Systems Biology-Molecular Biology; Cancer-Mechanisms of Carcinogenesis",2020-04-01,2024-03-31,0,,,"CUX1, tumor suppressor"
"Nepveu, Alain",McGill University,Quebec,Operating Grant,200903MOP,Cancer Biology & Therapeutics,Transcription and Translesion Synthesis,"$699,673",$0,,,5 yrs 0 mth ,Cancer Research,NEOPLASMS; NONE OF THE ABOVE; MOLECULAR BIOLOGY; CANCER,2009-10-01,2014-09-30,1,,,"Transcription, Translesion Synthesis"
"Ng, Kenneth K",University of Calgary,Alberta,Operating Grant: COVID-19 - Therapeutics,202002OV3,Canadian 2019 Novel Coronavirus (2019-nCoV) Rapid Research,Design and evaluation of novel inhibitors targeting SARS-CoV-2 polymerase to create lead compounds to develop more effective treatments of COVID-19,"$416,000",$0,,,2 yrs 0 mth ,Infection and Immunity,INFECTIOUS AND PARASITIC; VIRAL; BIOCHEMISTRY; VIROLOGY,2020-04-01,2022-03-31,0,,,"SARS-CoV-2, polymerase, inhibitors"
"Ng, Sylvia",University of British Columbia,British Columbia,Operating Grant - PA: Cancer Research (bridge funding),201003IC1,Cancer Progression & Therapeutics,Antiangiogenesis-Induced Changes in the Tumour Microenvironment: A Window for Therapeutic Exploitation in Pancreatic Cancer,"$100,000",$0,,,1 yr 0 mth ,Cancer Research,GASTRO-INTESTINAL CANCER; GASTRO-INTESTINAL CANCER THERAPY; CANCER; DRUG RESEARCH,2010-09-01,2011-08-31,0,,,"Antiangiogenesis, Tumour Microenvironment, Pancreatic Cancer"
"Ng, Sylvia",University of British Columbia,British Columbia,Operating Grant,200809MOP,Cancer Progression & Therapeutics,The role of IMP3 in pancreatic cancer progression and chemoresistance,"$367,857",$0,,,3 yrs 0 mth ,Cancer Research,GASTRO-INTESTINAL CANCER; GASTRO-INTESTINAL CANCER THERAPY; CANCER; CELL BIOLOGY,2009-04-01,2012-03-31,0,,,"IMP3, pancreatic cancer, chemoresistance"
"Nguyen, Minh Dang",University of Calgary,Alberta,Operating Grant,201103MOP,Cancer Biology & Therapeutics,Surviving the break-up in DNA damage response with a novel partner: TPX2,"$272,532",$0,,,3 yrs 0 mth ,Cancer Research,CANCER THERAPY GENERAL; LUNG CANCER; CANCER; MOLECULAR BIOLOGY,2011-10-01,2014-09-30,0,,,"DNA damage, TPX2, response"
"Nichols, Anthony C",Western University (Ontario),Ontario,Project Grant - Priority Announcement: Patient-Oriented Research,202203PJK,Cancer Progression & Therapeutics,Defining the tumour immune microenvironment underlying chemoradiation resistance in human papillomavirus related head and neck cancer,"$100,000",$0,,,1 yr 0 mth ,Cancer Research,Cancer-Cancer Progression and Metastasis; Cancer-Cancer Drug Development and Therapeutics; Cancer-Clinical Oncology,2022-10-01,2023-09-30,1,,,"tumour, immune, chemoradiation"
"Nichols, Anthony C",Western University (Ontario),Ontario,Operating Grant,201503MOP,Cancer Progression & Therapeutics,Mechanisms of resistance and sensitivity to PI3K inhibition in head and neck cancer.,"$515,090",$0,,,5 yrs 0 mth ,Cancer Research,"CANCER THERAPY GENERAL; NEOPLASMS; CANCER; GENOMICS, PROTEOMICS, AND BIOINFORMATICS",2015-07-01,2020-06-30,1,,,"PI3K, resistance, cancer"
"Nichols, Anthony C",Western University (Ontario),Ontario,Project Grant - Priority Announcement: Dental and craniofacial research,202003PJP,Cancer Progression & Therapeutics 2,Mechanisms of resistance to cisplatin and radiation in human papillomavirus (HPV) related head and neck cancer,"$100,000",$0,,,1 yr 0 mth ,Cancer Research,Cancer-Cancer Progression and Metastasis; Cancer-Mechanisms of Carcinogenesis,2020-10-01,2021-09-30,1,,,"cisplatin, radiation, HPV"
"Nicolaou, Savvakis",University of British Columbia,British Columbia,Project Grant - PA: Pandemic Preparedness and Health Emergencies Research,202209PPE,Medical Physics & Imaging,"Artificial intelligence assisted Method, Optimizing the Prediction of Patient Outcomes among Long COVID-19 Patients.","$100,000",$0,,,1 yr 0 mth ,Health Services and Policy Research,Artificial Intelligence-Machine Learning; Health Services and Systems-Personalized Medicine; Indigenous Health-Indigenous Peoples' Health,2023-03-01,2024-02-29,0,,,"artificial intelligence, prediction, COVID-19"
"Nielsen, Torsten O",University of British Columbia,British Columbia,Operating Grant,201003MOP,Cancer Progression & Therapeutics 2,CSF1 pathway inhibitors in tenosynovial giant cell tumors and leiomyosarcoma,"$289,885",$0,,,3 yrs 0 mth ,Cancer Research,MUSCULO SKELETAL; CANCER THERAPY GENERAL; CANCER; DRUG RESEARCH,2010-10-01,2013-09-30,0,,,"CSF1, pathway inhibitors, giant cell tumors"
"Nielsen, Torsten O",University of British Columbia,British Columbia,Project Grant - Priority Announcement: Pediatric Cancer Research,202209PDI,Cancer Progression & Therapeutics 2,Translating Epigenomics into Clinical Care for Synovial Sarcoma,"$100,000",$0,,,1 yr 0 mth ,Cancer Research,Cancer-Pediatric Cancer; Genetics-Molecular and Functional Genetics and Epigenetics; Cancer-Cancer Progression and Metastasis,2023-10-01,2028-09-30,0,,,"Epigenomics, Synovial Sarcoma, Clinical Care"
"Nielsen, Torsten O",University of British Columbia,British Columbia,Project Grant,202303PJT,Cancer Progression & Therapeutics,Translating Epigenomics into Clinical Care for Synovial Sarcoma,"$948,600",$0,,,5 yrs 0 mth ,Cancer Research,Cancer-Pediatric Cancer; Genetics-Molecular and Functional Genetics and Epigenetics; Cancer-Cancer Progression and Metastasis,2023-10-01,2028-09-30,0,,,"Epigenomics, Synovial Sarcoma, Clinical Care"
"Nieman, Brian J",Hospital for Sick Children (Toronto),Ontario,Project Grant,202309PJT,Medical Physics & Imaging,Genetic determinants of radiation-induced brain toxicity in a juvenile mouse model,"$1,143,675",$0,,,5 yrs 0 mth ,Cancer Research,"Cancer-Pediatric Cancer; Neurosciences-Cognition, Communication and Behaviour (including sleep and memory); Youth Health-Prevention, Treatment and Support",2024-04-01,2029-03-31,0,,,"genetic, radiation, brain toxicity"
"Nieman, Brian J",Hospital for Sick Children (Toronto),Ontario,Project Grant,201709PJT,Medical Physics & Imaging 2,Limiting late effects following pediatric cranial radiation,"$994,500",$0,,,5 yrs 0 mth ,Cancer Research,"Cancer-Pediatric Cancer; Youth Health-Prevention, Treatment and Support; Neurosciences-Cognition, Communication and Behaviour (including sleep and memory)",2018-04-01,2023-03-31,0,,,"cranial radiation, late effects, pediatric"
"Nieman, Brian J",Hospital for Sick Children (Toronto),Ontario,Operating Grant,201109MOP,Medical Physics & Imaging,Neuroanatomical late effects in pediatric brain irradiation,"$705,269",$0,,,5 yrs 0 mth ,Cancer Research,BRAIN TUMORS THERAPY; MENTAL DISABILITY; CANCER; NERVOUS SYSTEM,2012-04-01,2017-03-31,0,,,"neuroanatomical, brain, irradiation"
"Nijnik, Anastasia",McGill University,Quebec,Project Grant,202303PJT,Cancer Progression & Therapeutics,Chromatin-binding deubiquitinase MYSM1 as a putative drug target for cMYC-driven B cell lymphoma,"$761,176",$0,,,5 yrs 0 mth ,Cancer Research,"Cancer-Mechanisms of Carcinogenesis; Genetics-Molecular and Functional Genetics and Epigenetics; Molecular, Cellular and Systems Biology-Structure and Function of Macromolecules; Cancer> Cancer Drug Development and Therapeutics",2023-10-01,2028-09-30,0,,,"chromatin, deubiquitinase, lymphoma"
"Notta, Faiyaz",University Health Network (Toronto),Ontario,Project Grant,202010PJT,Cancer Progression & Therapeutics 2,Impact of copy number imbalances in mutant KRAS on pancreatic cancer chemoresistance and metastases,"$765,000",$0,,,5 yrs 0 mth ,Cancer Research,Cancer-Cancer Progression and Metastasis,2021-04-01,2026-03-31,0,,,"KRAS, chemoresistance, pancreatic cancer"
"O'Brien, Catherine A",University Health Network (Toronto),Ontario,Project Grant - Priority Announcement: Cancer Research,202209PJS,Cancer Biology & Therapeutics,Inhibition of CBP/p300 bromodomain activity increases chemosensitivity of p53 mutant colorectal cancers through inhibiting p53 aggregation,"$100,000",$0,,,1 yr 0 mth ,Cancer Research,Cancer-Cancer Drug Development and Therapeutics,2023-03-01,2024-02-29,0,,,"CBP, p300, bromodomain"
"O'Brien, Catherine A",University Health Network (Toronto),Ontario,Project Grant,202010PJT,Cancer Progression & Therapeutics,Molecular drivers of the drug tolerant persister state in patient-derived colorectal cancer models,"$960,075",$0,,,5 yrs 0 mth ,Cancer Research,Cancer-Cancer Progression and Metastasis,2021-04-01,2026-03-31,0,,,"molecular drivers, drug tolerant, colorectal cancer"
"O'Brien, Catherine A",University Health Network (Toronto),Ontario,Operating Grant,201303MOP,Cancer Biology & Therapeutics,"Targeting colorectal cancer-initiating cells and anti-EGFR therapeutic resistance by manipulating levels of the reactive aldehyde, 4-hydroxynonenal","$625,730",$0,,,4 yrs 0 mth ,Cancer Research,GASTRO-INTESTINAL CANCER; GASTRO-INTESTINAL CANCER THERAPY; CANCER; MOLECULAR BIOLOGY,2014-09-01,2020-06-30,0,,,"colorectal cancer, EGFR, aldehyde"
"O'Reilly, Meaghan","Sunnybrook Health Sciences Centre (Toronto, Ontario)",Ontario,Project Grant,202210PJT,Medical Physics & Imaging,Establishing the chronic safety profile of focused ultrasound-mediated blood-spinal cord barrier opening in a large animal model,"$100,000",$0,,,1 yr 0 mth ,"Neurosciences, Mental Health and Addiction","Biomedical Engineering-Biophysics, Medical Technologies and Instrumentation; Biomedical Engineering-Biomedical Imaging",2023-04-01,2024-03-31,0,,,"focused ultrasound, blood-spinal cord barrier, safety"
"O'Reilly, Meaghan","Sunnybrook Health Sciences Centre (Toronto, Ontario)",Ontario,Project Grant,202303PJT,Medical Physics & Imaging,Establishing the chronic safety profile of focused ultrasound-mediated blood-spinal cord barrier opening in a large animal model.,"$860,626",$0,,,5 yrs 0 mth ,"Neurosciences, Mental Health and Addiction","Biomedical Engineering-Biophysics, Medical Technologies and Instrumentation; Biomedical Engineering-Biomedical Imaging",2023-04-01,2024-03-31,0,,,"focused ultrasound, blood-spinal cord barrier, safety"
"O'Reilly, Meaghan","Sunnybrook Health Sciences Centre (Toronto, Ontario)",Ontario,Project Grant,201809PJT,Medical Physics & Imaging,Ultrasound-Mediated Drug Delivery to the Spinal Cord,"$673,200",$0,,,5 yrs 0 mth ,"Neurosciences, Mental Health and Addiction","Biomedical Engineering-Biophysics, Medical Technologies and Instrumentation; Biomedical Engineering-Biomedical Imaging",2019-04-01,2024-03-31,0,,,"Ultrasound, Drug Delivery, Spinal Cord"
"Ohh, Michael",University of Toronto,Ontario,Operating Grant,201403MOP,Cancer Progression & Therapeutics,Molecular characterization of EpoR regulation in cancer progression,"$834,840",$0,,,5 yrs 0 mth ,Cancer Research,NEOPLASMS; BLOOD; CANCER; MOLECULAR BIOLOGY,2014-07-01,2019-06-30,0,,,"EpoR, cancer, regulation"
"Ohh, Michael",University of Toronto,Ontario,Operating Grant,201109MOP,Cancer Progression & Therapeutics,Molecular characterization of JMML,"$782,020",$0,,,5 yrs 0 mth ,Cancer Research,LEUKAEMIAS; CANCER THERAPY GENERAL; CANCER; MOLECULAR BIOLOGY,2012-04-01,2017-03-31,0,,,"Molecular, characterization, JMML"
"Okada, Hitoshi",University Health Network (Toronto),Ontario,Operating Grant - PA: Cancer Research (bridge funding),201009IC1,Cancer Biology & Therapeutics,Roles of Histone Demethylases in Estrogen Receptor Signaling Network,"$100,000",$0,,,1 yr 0 mth ,Cancer Research,BREAST CANCER; ENDOCRINOLOGY; CANCER; MOLECULAR BIOLOGY,2011-03-01,2012-02-29,0,,,"Histone Demethylases, Estrogen Receptor, Signaling"
"Olson, Michael F",Toronto Metropolitan University,Ontario,Project Grant,201909PJT,Cancer Biology & Therapeutics,The role of ROCK1 cleavage during apoptosis in liver homeostasis and cancer,"$979,200",$0,,,5 yrs 0 mth ,Cancer Research,"Cancer-Cancer Drug Development and Therapeutics; Molecular, Cellular and Systems Biology-Cell Biology and Physiology; Molecular, Cellular and Systems Biology-Cell Signaling",2020-04-01,2025-03-31,0,,,"ROCK1, apoptosis, liver"
"Orouji, Elias",University Health Network (Toronto),Ontario,Project Grant,202303PJT,Cancer Biology & Therapeutics,Epigenetic Drivers in Metastatic Melanoma and Chromatin Loop-Specific Targeting Strategies,"$784,126",$0,,,5 yrs 0 mth ,Cancer Research,"Genetics-Molecular and Functional Genetics and Epigenetics; Genetics-Genomics, Transcriptomics and Proteomics; Cancer-Cancer Progression and Metastasis",2023-10-01,2028-09-30,0,,,"Epigenetic, Melanoma, Chromatin"
"Orouji, Elias",University Health Network (Toronto),Ontario,Project Grant,202003PJT,Cancer Biology & Therapeutics 2,Mapping epigenomic makeup in colorectal cancer patient models to identify novel therapeutic options,"$814,726",$0,,,5 yrs 0 mth ,Cancer Research,"Genetics-Molecular and Functional Genetics and Epigenetics; Genetics-Genomics, Transcriptomics and Proteomics; Cancer-Cancer Drug Development and Therapeutics",2020-10-01,2025-09-30,0,,,"epigenomic, colorectal cancer, patient models"
"Ostrowski, Mario A",University of Toronto,Ontario,Vaccines of the 21st Century,200903CVC,Catalyst Grant: Vaccines of the 21st Century,Discovery of new B cell immunogens for HIV vaccines,"$99,252",$0,,,1 yr 0 mth ,Infection and Immunity,AIDS; VIRAL; IMMUNOLOGY-TRANSPLANTATION; VIROLOGY,2009-10-01,2010-09-30,3,,,"B cell, immunogens, HIV"
"Ostrowski, Mario A",University of Toronto,Ontario,Catalyst Grant: Innovation in HIV Vaccine and HIV Cure Research,201211CHR,HIV Vaccine and Cure Research,Enhancing the Recognition and Killing of HIV Reservoirs,"$100,000",$0,,,1 yr 0 mth ,Infection and Immunity,AIDS; VIRAL; IMMUNOLOGY-TRANSPLANTATION; VIROLOGY,2013-03-01,2014-02-28,0,,,"HIV, Reservoirs, Recognition"
"Overall, Christopher M",University of British Columbia,British Columbia,Operating Grant,201009MOP,Cancer Progression & Therapeutics,Proteolytic Signatures in Breast Cancer,"$890,620",$0,,,5 yrs 0 mth ,Cancer Research,BREAST CANCER; LUNG CANCER; CANCER; IMMUNOLOGY-TRANSPLANTATION,2011-04-01,2016-03-31,0,,,"Proteolytic, Signatures, Breast Cancer"
"Oxland, Thomas R",University of British Columbia,British Columbia,Operating Grant,201309MOP,Biomedical Engineering,Biomechanical factors in spinal cord injury - relevance to the timing of decompression,"$423,361",$0,,,4 yrs 0 mth ,"Neurosciences, Mental Health and Addiction","SPINAL CORD DISEASE; INJURY, REGENERATION; NERVOUS SYSTEM; MUSCLE, BONE, OR JOINT",2014-04-01,2018-03-31,0,,,"biomechanical, spinal cord injury, decompression"
"Oxland, Thomas R",University of British Columbia,British Columbia,Project Grant,202109PJT,Biomedical Engineering,Subject-Specific Biomechanical Modelling in Adult Spinal Deformity Patients: A Surgical Planning and Failure Prediction Toolkit,"$795,600",$0,,,5 yrs 0 mth ,Musculoskeletal Health and Arthritis,"Biomedical Engineering-Biomaterials, Nanotechnology and Biomechanics; Musculoskeletal Health-Skeletal Muscle Biology and Physiology; Aging-Geriatric Medicine and Health Sciences",2022-04-01,2027-03-31,0,,,"Biomechanical, Spinal Deformity, Surgical Planning"
"Pai, Emil F",University of Toronto,Ontario,Catalyst Grant: Innovation in HIV Vaccine and HIV Cure Research,201211CHR,HIV Vaccine and Cure Research,How viral membrane components influence epitope recognition by the broadly neutralizing anti-HIV-1 antibody 2F5: potential translation into vaccine design,"$100,000",$0,,,1 yr 0 mth ,Infection and Immunity,AIDS; VIRAL; BIOCHEMISTRY; VIROLOGY,2013-03-01,2014-02-28,0,,,"viral membrane, epitope recognition, HIV-1"
"Pai, Shraddha","Ontario Institute for Cancer Research (Toronto, Ontario)",Ontario,Project Grant - Priority Announcement: Pediatric Cancer Research,202209PDI,Cancer Progression & Therapeutics 2,Developmental epigenetic origins of Group 3 and 4 medulloblastoma,"$100,000",$0,,,1 yr 0 mth ,Cancer Research,Cancer-Pediatric Cancer; Cancer-Mechanisms of Carcinogenesis; Genetics-Molecular and Functional Genetics and Epigenetics,2023-03-01,2024-02-29,0,,,"epigenetic, medulloblastoma, developmental"
"Pantophlet, Ralph A","Simon Fraser University (Burnaby, B.C.)",British Columbia,Vaccines of the 21st Century,200903CVC,Catalyst Grant: Vaccines of the 21st Century,Immunogen design to elicit broadly neutralizing antibodies to influenza,"$99,242",$0,,,1 yr 0 mth ,Infection and Immunity,INFECTIOUS AND PARASITIC; VIRAL; VIROLOGY; MOLECULAR BIOLOGY,2009-10-01,2010-09-30,0,,,"Immunogen, neutralizing antibodies, influenza"
"Pantophlet, Ralph A","Simon Fraser University (Burnaby, B.C.)",British Columbia,Catalyst Grant: Innovation in HIV Vaccine and HIV Cure Research,201211CHR,HIV Vaccine and Cure Research,Probing MBL function in oligomannose-specific anti-HIV antibody responses,"$98,300",$0,,,1 yr 0 mth ,Infection and Immunity,AIDS; VIRAL; HEALTH RESEARCH; VIROLOGY,2013-03-01,2014-02-28,0,,,"MBL, oligomannose, HIV"
"Pardee, Keith I",University of Toronto,Ontario,Project Grant,202403PJT,Biomedical Engineering 2,"Improving Access to Diagnostics: The Development of Deployable, Low-Burden Hand-Held Testing for Infectious Disease and Health Biomarkers.","$952,424",$0,,,4 yrs 0 mth ,Infection and Immunity,"Biomedical Engineering-Biophysics, Medical Technologies and Instrumentation; Molecular, Cellular and Systems Biology-Molecular Biology",2024-10-01,2028-09-30,0,,,"Diagnostics, Hand-Held Testing, Infectious Disease"
"Parent, Jean-Luc",Universite de Sherbrooke,Quebec,Project Grant,201810PJT,Cancer Progression & Therapeutics,The small GTPase Rab4 as a target for breast cancer metastasis,"$100,000",$0,,,1 yr 0 mth ,Cancer Research,Cancer-Cancer Progression and Metastasis; Cancer-Cancer Drug Development and Therapeutics,2019-10-01,2024-09-30,0,,,"Rab4, GTPase, breast cancer"
"Parent, Jean-Luc",Universite de Sherbrooke,Quebec,Project Grant,201903PJT,Cancer Progression & Therapeutics,The small GTPase Rab4 as a target for breast cancer metastasis,"$822,376",$0,,,5 yrs 0 mth ,Cancer Research,Cancer-Cancer Progression and Metastasis; Cancer-Cancer Drug Development and Therapeutics,2019-10-01,2024-09-30,0,,,"Rab4, GTPase, breast cancer"
"Parent, Stefan","Centre hospitalier universitaire Sainte-Justine (Montreal, Quebec)",Quebec,Project Grant,201909PJT,Biomedical Engineering,Predicting the Progression and Brace Treatment Response in Spinal Deformities with Temporal-based Machine Learning Approaches,"$864,450",$0,,,5 yrs 0 mth ,Musculoskeletal Health and Arthritis,Biomedical Engineering-Biomedical Imaging,2020-04-01,2025-03-31,0,,,"Spinal Deformities, Machine Learning, Progression"
"Parks, Robin J",Ottawa Hospital Research Institute,Ontario,"Catalyst Grant: Invention and High-Risk, High-Benefit Research",201003NHG,"Inventions, Technologies, or High Risk Grants",Development of a novel therapy for treatment of Spinal Muscular Atrophy,"$200,000",$0,,,2 yrs 0 mth ,Musculoskeletal Health and Arthritis,"MUSCULO SKELETAL; MUSCULAR DYSTROPHY; MUSCLE, BONE, OR JOINT; NERVOUS SYSTEM",2010-10-01,2012-09-30,0,,,"Spinal Muscular Atrophy, therapy"
"Parraga, Grace",Western University (Ontario),Ontario,Operating Grant,200903MOP,Medical Physics & Imaging,Hyperpolarized Helium-3 Magnetic Resonance Imaging Phenotypes of Chronic Obstructive Pulmonary Disease,"$359,119",$0,,,3 yrs 0 mth ,Circulatory and Respiratory Health,CHRONIC OBSTRUCTIVE LUNG DISEASE; EMPHYSEMA; IMAGING; RESPIRATION,2009-10-01,2012-09-30,0,,,"Hyperpolarized, Helium-3, MRI"
"Parulekar, Wendy R","Queen's University (Kingston, Ontario)",Ontario,Project Grant,201710PJT,Cancer Biology & Therapeutics 2,A Phase II Single Arm Trial of Elective Volume Adjusted De-Escalation Radiotherapy (EVADER) in Patients with Low-Risk HPV-Related Oropharyngeal Squamous Cell Carcinoma,"$100,000",$0,,,1 yr 0 mth ,Cancer Research,Cancer-Clinical Oncology,2018-10-01,2024-09-30,0,,,"Radiotherapy, HPV, Oropharyngeal carcinoma"
"Parulekar, Wendy R","Queen's University (Kingston, Ontario)",Ontario,Project Grant,201803PJT,Cancer Biology & Therapeutics 2,A Phase II Single Arm Trial of Elective Volume Adjusted De-Escalation Radiotherapy (EVADER) in Patients with Low-Risk HPV-Related Oropharyngeal Squamous Cell Carcinoma,"$860,628",$0,,,6 yrs 0 mth ,Cancer Research,Cancer-Clinical Oncology,2018-10-01,2024-09-30,0,,,"Radiotherapy, HPV, Oropharyngeal carcinoma"
"Paterson, Ian",University of Alberta,Alberta,Operating Grant: COVID-19 Rapid Research Funding Opportunity - Diagnostics,202005VR2,COVID-19 Rapid Research - Diagnostics,MOIST study: Multi-Organ Imaging with Serial Testing in COVID-19 infected patients,"$342,369",$0,,,1 yr 0 mth ,Circulatory and Respiratory Health,VIRAL; CARDIOLOGY; CARDIOVASCULAR; RESPIRATION,2020-06-01,2021-05-31,0,,,"Multi-Organ, Imaging, COVID-19"
"Pause, Arnim P",McGill University,Quebec,Project Grant - PA: Breast Cancer Research,202209PLL,Cancer Progression & Therapeutics,Characterization of human TFE3 isoforms as drivers in breast cancer,"$100,000",$0,,,1 yr 0 mth ,Cancer Research,Cancer-Cancer Progression and Metastasis; Cancer-Mechanisms of Carcinogenesis,2023-03-01,2024-02-29,0,,,"TFE3, isoforms, breast cancer"
"Pearson, Joel",University of Manitoba,Manitoba,Project Grant,202309PJT,Cancer Progression & Therapeutics 2,Identifying strategies to therapeutically target the unique epigenetic landscape of small cell lung cancer,"$983,025",$0,,,5 yrs 0 mth ,Cancer Research,,2024-03-01,2025-02-28,0,,,"epigenetic, small cell lung cancer, targeting"
"Pelletier, Jerry M",McGill University,Quebec,Operating Grant,201003MOP,Cancer Progression & Therapeutics 2,Modelling Translation Inhibition as Cancer Therapy,"$797,054",$0,,,5 yrs 0 mth ,Cancer Research,NEOPLASMS; LEUKAEMIAS; CANCER; GENETICS,2010-10-01,2015-09-30,2,,,"Translation, Inhibition, Cancer"
"Pelletier, Jerry M",McGill University,Quebec,Project Grant,202203PJT,Cancer Progression & Therapeutics,Targeting the Oncogenic Translation Program,"$772,650",$0,,,5 yrs 0 mth ,Cancer Research,"Cancer-Cancer Drug Development and Therapeutics; Molecular, Cellular and Systems Biology-Molecular Biology; Pharmacological, Toxicological and Pharmaceutical Sciences-Drug Discovery, Design and Delivery",2023-07-01,2028-06-30,0,,,"Oncogenic, Translation, Program"
"Penn, Linda Z",University Health Network (Toronto),Ontario,Project Grant,201709PJT,Cancer Progression & Therapeutics,Regulating MYC Oncoprotein Stability as an Anti-Cancer Strategy,"$875,925",$0,,,5 yrs 0 mth ,Cancer Research,"Cancer-Cancer Drug Development and Therapeutics; Cancer-Mechanisms of Carcinogenesis; Molecular, Cellular and Systems Biology-Molecular Biology",2018-04-01,2023-03-31,0,,,"MYC, Oncoprotein, Stability"
"Penn, Linda Z",University Health Network (Toronto),Ontario,Project Grant,202104PJT,Cancer Progression & Therapeutics,Targeting the Metabolic Mevalonate Pathway as an Actionable Prostate Cancer Vulnerability,"$1,002,150",$0,,,5 yrs 0 mth ,Cancer Research,Cancer-Cancer Drug Development and Therapeutics,2021-10-01,2026-09-30,0,,,"Metabolic, Mevalonate, Prostate Cancer"
"Penn, Linda Z",University Health Network (Toronto),Ontario,Operating Grant,201503MOP,Cancer Progression & Therapeutics 2,Targeting the Mevalonate Pathway and its Restorative Feedback Loop,"$731,950",$0,,,5 yrs 0 mth ,Cancer Research,PROSTATE AND BLADDER CANCER THERAPY; CANCER THERAPY GENERAL; CANCER; MOLECULAR BIOLOGY,2015-07-01,2021-06-30,0,,,"Mevalonate pathway, feedback loop"
"Penninger, Josef",University of British Columbia,British Columbia,Operating Grant: COVID-19 Rapid Research Funding Opportunity - Therapeutics,202005VR3,COVID-19 Rapid Research - Therapeutics,Mechanistic studies on ACE2 as a rational therapy for COVID-19,"$578,090",$0,,,1 yr 0 mth ,Circulatory and Respiratory Health,RESPIRATION; VIRAL; DRUG RESEARCH,2020-06-01,2021-05-31,4,,,"ACE2, COVID-19, therapy"
"Perlman, Christopher M",University of Waterloo (Ontario),Ontario,Catalyst Grant: Personalized Health Catalyst Grants,201706PCG,Personalized Health - novel e-health applications,EUREKA! An Electronic Decision Aid for Empowering Individuals with Concurrent Mental Health and Substance Use Conditions,"$197,369",$0,,,2 yrs 0 mth ,"Neurosciences, Mental Health and Addiction",HEALTH CARE DELIVERY; MENTAL AND BEHAVIOURAL DISEASES; HEALTH SERVICES RESEARCH; MENTAL HEALTH,2017-09-01,2019-08-31,0,,,"Electronic, Decision Aid, Mental Health"
"Perreault, Sebastien","Centre hospitalier universitaire Sainte-Justine (Montreal, Quebec)",Quebec,Project Grant,201903PJT,Cancer Progression & Therapeutics 2,A Phase 2 study of Trametinib for patients with pediatric glioma or plexiform neurofibroma with refractory tumor and activation of the MAPK/ERK pathwa,"$573,750",$0,,,5 yrs 0 mth ,Cancer Research,Cancer-Cancer Drug Development and Therapeutics; Cancer-Clinical Oncology; Cancer-Pediatric Cancer,2019-10-01,2024-09-30,0,,,"Trametinib, glioma, MAPK/ERK"
"Perreault, Sebastien","Centre hospitalier universitaire Sainte-Justine (Montreal, Quebec)",Quebec,Project Grant - Priority Announcement: Pediatric Cancer Research,202203PDI,Cancer Biology & Therapeutics 2,A phase 2 study of mirdametinib and vinblastine for newly diagnosed or previously untreated patients with pediatric low-grade glioma and activation of the MAPK pathway,"$463,500",$0,,,1 yr 5 mths ,Cancer Research,Cancer-Clinical Oncology; Cancer-Pediatric Cancer; Cancer-Cancer Drug Development and Therapeutics,2022-10-01,2024-03-31,0,,,"mirdametinib, vinblastine, glioma"
"Perrin, David M",University of British Columbia,British Columbia,Project Grant,201709PJT,Cancer Progression & Therapeutics 2,Alpha-amanitin: synthetic derivatives for applications in targeted therapy,"$405,452",$0,,,4 yrs 0 mth ,Cancer Research,"Pharmacological, Toxicological and Pharmaceutical Sciences-Drug Action, Toxicology and Metabolism; Pharmacological, Toxicological and Pharmaceutical Sciences-Drug Discovery, Design and Delivery; Cancer-Cancer Drug Development and Therapeutics; Medicinal Chemistry",2018-04-01,2022-03-31,6,,,"alpha-amanitin, synthetic derivatives, targeted therapy"
"Perrin, David M",University of British Columbia,British Columbia,Operating Grant,201003MOP,Cancer Biology & Therapeutics,Chemical Biology of Amanitin-Induced Transcriptional Inhibiton,"$357,800",$0,,,4 yrs 0 mth ,Cancer Research,"CANCER THERAPY GENERAL; MULTIDISCIPLINARY; BIOCHEMISTRY; GENOMICS, PROTEOMICS, AND BIOINFORMATICS",2010-10-01,2014-09-30,4,,,"Amanitin, Transcription, Inhibition"
"Perrin, David M",University of British Columbia,British Columbia,Operating Grant: COVID-19 Rapid Research Funding Opportunity - Therapeutics,202005VR3,COVID-19 Rapid Research - Therapeutics,Peptide macrocycle decoys against COVID-19 viral spike protein,"$167,056",$0,,,1 yr 0 mth ,Infection and Immunity,MULTIDISCIPLINARY; INFECTIOUS AND PARASITIC; BIOCHEMISTRY; MOLECULAR BIOLOGY,2020-06-01,2021-05-31,0,,,"peptide, macrocycle, spike protein"
"Peters, Terence M",Western University (Ontario),Ontario,Operating Grant,201109MOP,Medical Physics & Imaging,Image-guided Mitral Valve Repair,"$711,980",$0,,,5 yrs 0 mth ,Circulatory and Respiratory Health,CARDIOLOGY; IMAGING,2012-04-01,2015-06-30,0,,,"Image-guided, Mitral Valve, Repair"
"Peters, Terence M",Western University (Ontario),Ontario,Operating Grant,201403MOP,Medical Physics & Imaging,Quantitative Imaging for Epilepsy Surgery,"$728,495",$0,,,5 yrs 0 mth ,"Neurosciences, Mental Health and Addiction",EPILEPSY; NERVOUS SYSTEM; IMAGING,2014-10-01,2015-06-30,0,,,"Imaging, Epilepsy, Surgery"
"Petrik, Jim J",University of Guelph,Ontario,Operating Grant - Priority Announcement: Ovarian Cancer (bridge funding),201009OVA,Cancer Progression & Therapeutics,Thrombospondin-1 as a potent anti-tumor and anti-angiogenic factor in ovarian cancer,$0,$0,"$100,000",Ovarian Cancer Canada (Toronto),1 yr 0 mth ,Cancer Research,CANCER THERAPY GENERAL; CANCER,2011-10-01,2016-09-30,0,,,"Thrombospondin-1, anti-angiogenic, ovarian cancer"
"Petrik, Jim J",University of Guelph,Ontario,Operating Grant,201103MOP,Cancer Progression & Therapeutics,Thrombospondin-1 as a potent anti-tumor and anti-angiogenic factor in ovarian cancer,"$549,816",$0,,,5 yrs 0 mth ,Cancer Research,CANCER THERAPY GENERAL; CANCER,2011-10-01,2016-09-30,0,,,"Thrombospondin-1, anti-angiogenic, ovarian cancer"
"Petrik, Jim J",University of Guelph,Ontario,Project Grant,201903PJT,Cancer Biology & Therapeutics,Vascular normalization improves immunotherapy in advanced stage ovarian cancer.,"$631,126",$0,,,5 yrs 0 mth ,Cancer Research,Cancer-Cancer Progression and Metastasis; Cancer-Cancer Drug Development and Therapeutics,2019-10-01,2024-09-30,0,,,"Vascular normalization, immunotherapy, ovarian cancer"
"Philip, Anie",Research Institute of the McGill University Health Centre,Quebec,Project Grant,201809PJT,Cancer Biology & Therapeutics 2,Role of CD109 in regulating cellular signaling and responses in skin and oral squamous cell carcinoma cells,"$1,074,825",$0,,,5 yrs 0 mth ,Musculoskeletal Health and Arthritis,"Musculoskeletal Health-Bone, Skin and Cartilage Sciences; Musculoskeletal Health-Oral Health",2019-04-01,2024-03-31,1,,,"CD109, cellular signaling, squamous cell carcinoma"
"Piche, Alain",Universite de Sherbrooke,Quebec,Operating Grant,201103MOP,Cancer Progression & Therapeutics,Understanding the contribution of ovarian cancer ascites to drug and death receptor resistance,"$338,166",$0,,,3 yrs 0 mth ,Cancer Research,NEOPLASMS; CANCER THERAPY GENERAL; CANCER; CELL BIOLOGY,2011-10-01,2014-09-30,0,,,"ovarian cancer, ascites, resistance"
"Pickering, Bradley",University of Manitoba,Manitoba,Operating Grant: COVID-19 - Diagnostics,202002OV1,Canadian 2019 Novel Coronavirus (2019-nCoV) Rapid Research,Development of field-deployable and point-of-need diagnostics for SARS-CoV-2 using CRISPR-based technology,"$141,270",$0,,,2 yrs 0 mth ,Infection and Immunity,VIRAL; VIROLOGY; MOLECULAR BIOLOGY,2020-04-01,2022-03-31,0,,,"CRISPR, diagnostics, SARS-CoV-2"
"Pignol, Jean-Philippe","Sunnybrook Health Sciences Centre (Toronto, Ontario)",Ontario,Operating Grant,201009MOP,Cancer Progression & Therapeutics,Long term outcomes of a multicentre controlled clinical trial of breast irradiation using Intensity-Modulated Radiation Therapy,"$130,322",$0,,,3 yrs 0 mth ,Cancer Research,BREAST CANCER THERAPY; CANCER,2011-04-01,2014-03-31,0,,,"breast irradiation, intensity-modulated radiation therapy, clinical trial"
"Pike, G. Bruce",McGill University,Quebec,Operating Grant,201109MOP,Medical Physics & Imaging,Functional MRI of Brain Physiology,"$829,562",$0,,,5 yrs 0 mth ,"Neurosciences, Mental Health and Addiction","STROKE, HEART FAILURE; MULTIPLE DISEASE RELEVANCE; IMAGING; NERVOUS SYSTEM",2012-04-01,2015-06-30,0,,,"Functional MRI, Brain Physiology"
"Pike, G. Bruce",McGill University,Quebec,Operating Grant,200909MOP,Medical Physics & Imaging,Quantitative magnetic resonance imaging of multiple sclerosis,"$805,242",$0,,,5 yrs 0 mth ,"Neurosciences, Mental Health and Addiction",MULTIPLE SCLEROSIS; MULTIPLE DISEASE RELEVANCE; IMAGING; NERVOUS SYSTEM,2010-04-01,2015-03-31,0,,,"magnetic resonance imaging, multiple sclerosis"
"Pin, Christopher L",Western University (Ontario),Ontario,Project Grant,201903PJT,Cancer Biology & Therapeutics 2,Defining the role for ATF3 in recurrent pancreatic injury and PDAC,"$761,176",$0,,,5 yrs 0 mth ,Cancer Research,"Cancer-Mechanisms of Carcinogenesis; Digestive, Endocrine and Excretory Systems-Gastroenterology and Hepatology",2019-10-01,2024-09-30,0,,,"ATF3, pancreatic injury, PDAC"
"Pin, Christopher L",Western University (Ontario),Ontario,Project Grant - Priority Announcement: Cancer Research,202209PJS,Cancer Biology & Therapeutics,Tumour cell reprogramming in pancreatic ductal adenocarcinoma as a means for therapeutic resistance,"$100,000",$0,,,1 yr 0 mth ,Cancer Research,"Cancer-Cancer Drug Development and Therapeutics; Molecular, Cellular and Systems Biology-Molecular Biology; Methods Development and Modelling-Computational Biology",2023-03-01,2024-02-29,0,,,"tumour cell reprogramming, pancreatic ductal adenocarcinoma, therapeutic resistance"
"Pineau, Joelle",McGill University,Quebec,Operating Grant,200903MOP,Biomedical Engineering,Adaptive stimulation strategies for the treatment of epileptic syndromes in vivo,"$180,000",$0,,,3 yrs 0 mth ,"Neurosciences, Mental Health and Addiction",EPILEPSY; NERVOUS SYSTEM,2009-10-01,2012-09-30,0,,,"adaptive, stimulation, epileptic"
"Pinthus, Jehonathan H",McMaster University,Ontario,Operating Grant - PA: Cancer Research (bridge funding),200809IC1,Cancer Progression & Therapeutics,Adiponectin Signaling in Cancer,"$100,000",$0,,,1 yr 0 mth ,Cancer Research,PROSTATE AND BLADDER CANCER; OBESITY; CANCER; ENDOCRINOLOGY,2009-01-01,2009-12-31,0,,,"Adiponectin, Signaling, Cancer"
"Podolsky, Dale J",Hospital for Sick Children (Toronto),Ontario,Project Grant,202303PJT,Biomedical Engineering,Development of a minimally invasive bone cutting tool for craniosynostosis surgery,"$864,450",$0,,,5 yrs 0 mth ,"Human Development, Child and Youth Health","Biomedical Engineering-Biophysics, Medical Technologies and Instrumentation",2023-10-01,2028-09-30,1,,,"bone, cutting, craniosynostosis"
"Podolsky, Dale J",Hospital for Sick Children (Toronto),Ontario,Project Grant,202203PJT,Biomedical Engineering,Development of miniaturized robotic tools for cleft palate repair,"$742,050",$0,,,5 yrs 0 mth ,"Human Development, Child and Youth Health","Biomedical Engineering-Biophysics, Medical Technologies and Instrumentation",2022-10-01,2027-09-30,0,,,"robotic tools, cleft palate"
"Podsypanina, Katrina",Institut de recherches cliniques de Montreal,Quebec,Operating Grant - Priority Announcement: Breast Cancer,201209COP,Cancer Progression & Therapeutics,Biomarker discovery for human breast cancer relapse in a mouse model of artificial late recurrence.,"$100,000",$0,,,1 yr 0 mth ,Cancer Research,BREAST CANCER; MULTIPLE DISEASE RELEVANCE; CANCER; MOLECULAR BIOLOGY,2013-03-01,2014-02-28,0,,,"biomarker, breast cancer, relapse"
"Poh, Catherine",University of British Columbia,British Columbia,Project Grant - PA: MSK/Skin/Oral Health: Clinical Research - Oral Health,201903PJ7,Cancer Progression & Therapeutics 2,"Genomic, Epigenomic, and Phenotypic Characterization of Oral Premalignant Fields for the Development of Actionable Prevention Strategies","$100,000",$0,,,1 yr 0 mth ,Cancer Research,Cancer-Mechanisms of Carcinogenesis,2019-10-01,2020-09-30,0,,,"Genomic, Epigenomic, Phenotypic"
"Porter, Lisa A",University of Windsor (Ontario),Ontario,Operating Grant,201503MOP,Cancer Biology & Therapeutics,Novel Cell Cycle Regulation in the Initiation and Therapeutic Intervention of Breast Cancer,"$765,202",$0,,,5 yrs 0 mth ,Cancer Research,BREAST CANCER; BREAST CANCER THERAPY; CANCER; MOLECULAR BIOLOGY,2015-07-01,2021-06-30,3,,,"Cell cycle, breast cancer, regulation"
"Porter, Lisa A",University of Windsor (Ontario),Ontario,Project Grant,201809PJT,Cancer Biology & Therapeutics,Targeting Cell Cycle Checkpoints in Glioma,"$1,044,225",$0,,,5 yrs 0 mth ,Cancer Research,"Cancer-Mechanisms of Carcinogenesis; Genetics-Molecular and Functional Genetics and Epigenetics; Neurosciences-Neurogenesis, Neurodifferentiation and Plasticity",2019-04-01,2024-03-31,1,,,"Cell cycle, Checkpoints, Glioma"
"Post, Martin",Hospital for Sick Children (Toronto),Ontario,Project Grant,202309PJT,Cancer Biology & Therapeutics,Lung cancer therapy using genetically modified macrophages,"$979,200",$0,,,5 yrs 0 mth ,Circulatory and Respiratory Health,"Cardiovascular, Respiratory and Circulatory Systems-Respiratory System Pathologies and Clinical Interventions; Cancer-Cancer Drug Development and Therapeutics",2024-04-01,2029-03-31,0,,,"lung cancer, macrophages, genetically modified"
"Postovit, Lynne-Marie",Western University (Ontario),Ontario,Operating Grant,201109MOP,Cancer Progression & Therapeutics 2,Role Of The Embryonic Morphpogen Nodal In The Regulation Of Breast Cancer Invasion,"$739,830",$0,,,5 yrs 0 mth ,Cancer Research,BREAST CANCER; NEOPLASMS; CANCER; CELL BIOLOGY,2012-04-01,2017-03-31,1,,,"embryonic, Nodal, breast cancer"
"Price, Morgan Thomas M",University of Victoria (British Columbia),British Columbia,Catalyst Grant: Personalized Health Catalyst Grants,201706PCG,Personalized Health - novel e-health applications,Focus:  Engaging patients with chronic pain to use their character strengths to improve quality of life through a tailored mHealth intervention.,"$199,427",$0,,,2 yrs 0 mth ,Musculoskeletal Health and Arthritis,"NONE OF THE ABOVE; PSYCHOSOCIAL/HEALTH BEHAVIOURAL RES.; MUSCLE, BONE, OR JOINT",2017-09-01,2019-08-31,0,,,"chronic pain, mHealth, patient engagement"
"Provost, Jean",Polytechnique Montreal,Quebec,Project Grant,202309PJT,Medical Physics & Imaging,Dynamic Myocardial Ultrasound Localization Microscopy,"$841,500",$0,,,5 yrs 0 mth ,Circulatory and Respiratory Health,Biomedical Engineering-Biomedical Imaging,2024-04-01,2029-03-31,0,,,"Myocardial, Ultrasound, Localization"
"Provost, Jean",Polytechnique Montreal,Quebec,Project Grant,202010PJT,Medical Physics & Imaging,Dynamic Ultrasound Localization Pulsatility Imaging,"$673,200",$0,,,5 yrs 0 mth ,Circulatory and Respiratory Health,"Biomedical Engineering-Biomedical Imaging; Cardiovascular, Respiratory and Circulatory Systems-Cerebrovascular Sciences (including stroke); Cardiovascular, Respiratory and Circulatory Systems-Clinical and Translational Cardiovascular Sciences",2021-04-01,2026-03-31,2,,,"Ultrasound, Localization, Pulsatility"
"Pugh, Trevor J",University Health Network (Toronto),Ontario,Project Grant,201803PJT,Cancer Progression & Therapeutics,Early detection of cancer in high-risk patients through profiling of circulating tumour DNA,"$1,977,525",$0,,,4 yrs 0 mth ,Cancer Research,Cancer-Cancer Progression and Metastasis,2018-10-01,2022-09-30,0,,,"cancer, circulating tumour DNA, detection"
"Pugh, Trevor J",University Health Network (Toronto),Ontario,Project Grant,201803PJT,Cancer Progression & Therapeutics,Molecular evolution of myeloma from precursor through to relapsed disease,"$390,152",$0,,,4 yrs 0 mth ,Cancer Research,"Cancer-Cancer Progression and Metastasis; Genetics-Genomics, Transcriptomics and Proteomics",2018-10-01,2022-09-30,0,,,"molecular evolution, myeloma, relapse"
"Pugh, Trevor J",University Health Network (Toronto),Ontario,Project Grant,202010PJT,Cancer Progression & Therapeutics,Understanding inevitable relapse of multiple myeloma following highly-effective anti-BCMA treatment,"$990,676",$0,,,4 yrs 0 mth ,Cancer Research,"Cancer-Cancer Progression and Metastasis; Genetics-Genomics, Transcriptomics and Proteomics",2021-04-01,2025-03-31,0,,,"multiple myeloma, anti-BCMA, relapse"
"Purdie, Thomas G",University Health Network (Toronto),Ontario,Project Grant,202203PJT,Medical Physics & Imaging,Clinical Deployment of an End-to-End Artificial Intelligence (AI)-only Radiotherapy Treatment Planning and Decision Support Workflow,"$711,450",$0,,,5 yrs 0 mth ,Cancer Research,Artificial Intelligence-Machine Learning; Cancer-Clinical Oncology,2022-10-01,2027-09-30,0,,,"Artificial Intelligence, Radiotherapy, Planning"
"Quach-Thanh, Caroline","Centre hospitalier universitaire Sainte-Justine (Montreal, Quebec)",Quebec,Operating Grant: COVID-19 Rapid Research Funding Opportunity - Diagnostics,202005VR2,COVID-19 Rapid Research - Diagnostics,REinfection in COVid-19 Estimation of Risk (RECOVER),"$2,112,471",$0,,,1 yr 0 mth ,Population and Public Health,EPIDEMIOLOGY; VIRAL; POPULATION HEALTH,2020-06-01,2021-05-31,0,,,"COVID-19, Reinfection, Risk"
"Quail, Daniela",McGill University,Quebec,Project Grant,201803PJT,Cancer Biology & Therapeutics,Impact of obesity-associated inflammation on breast cancer progression,"$944,776",$0,,,5 yrs 0 mth ,Cancer Research,"Cancer-Cancer Progression and Metastasis; Immunology and Infection-Transplantation, Immune Tolerance and Tumor Immunology",2018-10-01,2023-09-30,0,,,"obesity, inflammation, breast cancer"
"Quail, Daniela",McGill University,Quebec,Project Grant,202104PJT,Cancer Biology & Therapeutics,Targeting obesity-associated monocytosis in colorectal cancer liver metastasis,"$948,600",$0,,,5 yrs 0 mth ,Cancer Research,Cancer-Cancer Progression and Metastasis; Tumor immune microenvironment,2021-10-01,2026-09-30,0,,,"obesity, monocytosis, colorectal cancer"
"Quenneville, Cheryl",McMaster University,Ontario,Project Grant,202109PJT,Medical Physics & Imaging,Investigation of the factors contributing to fracture risk in clinical populations using novel image processing techniques of standard DXA images from longitudinal datasets.,"$459,000",$0,,,4 yrs 0 mth ,Musculoskeletal Health and Arthritis,"Biomedical Engineering-Biomedical Imaging; Musculoskeletal Health-Bone, Skin and Cartilage Sciences; Aging-Aging Process and Biological Determinants of Aging",2022-04-01,2026-03-31,0,,,"fracture risk, image processing, DXA"
"Radisic, Milica",University of Toronto,Ontario,Operating Grant,201209MOP,Biomedical Engineering,Engineering Microenvironments for Cardiac Regeneration,"$523,039",$0,,,4 yrs 0 mth ,Circulatory and Respiratory Health,CARDIOLOGY; MULTIDISCIPLINARY; CARDIOVASCULAR; DRUG RESEARCH,2013-04-01,2017-03-31,7,,,"Microenvironments, Cardiac, Regeneration"
"Radisic, Milica",University of Toronto,Ontario,Operating Grant,201403MOP,Biomedical Engineering,Injectable functional tissues: a perfect marriage of tissue engineering and minimally invasive delivery,"$542,243",$0,,,4 yrs 0 mth ,Circulatory and Respiratory Health,MYOCARDIAL INFARCTION; MULTIDISCIPLINARY; CARDIOVASCULAR; CELL BIOLOGY,2014-07-01,2018-06-30,8,,,"injectable, tissue engineering, minimally invasive"
"Rafei, Moutih",Universite de Montreal,Quebec,Project Grant,202209PJT,Cancer Biology & Therapeutics,Immunoproteasome-expressing mesenchymal stromal cells: a new tool for cancer vaccination,"$956,250",$0,,,5 yrs 0 mth ,Cancer Research,"Immunology and Infection-Transplantation, Immune Tolerance and Tumor Immunology",2023-04-01,2028-03-31,1,,,"immunoproteasome, mesenchymal stromal cells, cancer vaccination"
"Rafei, Moutih",Universite de Montreal,Quebec,Project Grant,202403PJT,Cancer Biology & Therapeutics,Tuning-up thymopoiesis by targeting interleukin-21 to the bone marrow,"$1,139,850",$0,,,5 yrs 0 mth ,Cancer Research,Cancer-Cancer Drug Development and Therapeutics,2024-10-01,2029-09-30,0,,,"thymopoiesis, interleukin-21, bone marrow"
"Rahim, Mir Munir Ahmed",University of Windsor (Ontario),Ontario,Project Grant - PA: Breast Cancer Research,202309PLL,Cancer Biology & Therapeutics,Regulation of natural killer cell-mediated immune response in breast cancer,"$100,000",$0,,,1 yr 0 mth ,Cancer Research,"Immunology and Infection-Transplantation, Immune Tolerance and Tumor Immunology; Cancer-Cancer Drug Development and Therapeutics",2024-03-01,2025-02-28,0,,,"natural killer, immune response, breast cancer"
"Rahmim, Arman",University of British Columbia,British Columbia,Project Grant,202003PJT,Medical Physics & Imaging,Improved Assessment of Disease in Lymphoma Patients using Quantitative PET Imaging,"$898,876",$0,,,5 yrs 0 mth ,Cancer Research,Biomedical Engineering-Biomedical Imaging; Cancer-Cancer Progression and Metastasis; Artificial Intelligence-Machine Learning,2020-10-01,2025-09-30,0,,,"Lymphoma, PET imaging, Quantitative"
"Rahmim, Arman",University of British Columbia,British Columbia,Project Grant,201809PJT,Medical Physics & Imaging,Quantitative PSMA Targeted Imaging of Prostate Cancer Patients,"$631,124",$0,,,4 yrs 0 mth ,Cancer Research,Biomedical Engineering-Biomedical Imaging; Cancer-Cancer Progression and Metastasis,2019-04-01,2023-03-31,0,,,"PSMA, Imaging, Prostate Cancer"
"Rak, Janusz",Research Institute of the McGill University Health Centre,Quebec,Operating Grant,201309MOP,Cancer Progression & Therapeutics 2,Coagulation system effectors as regulators of tumour dormancy and therapeutic targets,"$710,040",$0,,,5 yrs 0 mth ,Cancer Research,NEOPLASMS; BRAIN TUMORS THERAPY; CANCER; BLOOD,2014-04-01,2015-06-30,0,,,"coagulation, tumour, dormancy"
"Rak, Janusz",Research Institute of the McGill University Health Centre,Quebec,Operating Grant,201009MOP,Cancer Progression & Therapeutics 2,Oncogene-containing microvesicles as mediators and messengers of tumour progression,"$774,560",$0,,,5 yrs 0 mth ,Cancer Research,NEOPLASMS; BRAIN TUMORS THERAPY; CANCER; CELL BIOLOGY,2011-04-01,2015-06-30,4,,,"oncogene, microvesicles, tumour"
"Rak, Janusz",Research Institute of the McGill University Health Centre,Quebec,Project Grant,202203PJT,Cancer Progression & Therapeutics,Targeting exosomal mediators of vascular pathology in glioblastoma,"$956,250",$0,,,5 yrs 0 mth ,Cancer Research,Cancer-Cancer Progression and Metastasis,2022-10-01,2027-09-30,0,,,"exosomal, vascular, glioblastoma"
"Rak, Janusz",Research Institute of the McGill University Health Centre,Quebec,Operating Grant,200909MOP,Cancer Progression & Therapeutics,Tissue factor in tumour progression and angiogenesis,"$744,120",$0,,,5 yrs 0 mth ,Cancer Research,CANCER THERAPY GENERAL; BRAIN TUMORS THERAPY; CANCER; CELL BIOLOGY,2010-04-01,2015-03-31,4,,,"Tissue factor, tumour progression, angiogenesis"
"Rakovitch, Eileen","Sunnybrook Health Sciences Centre (Toronto, Ontario)",Ontario,Project Grant,201709PJT,Cancer Biology & Therapeutics 2,DCIS-Precise: A Genomics-Driven Model for Predicting DCIS Response to Radiation,"$910,352",$0,,,4 yrs 0 mth ,Cancer Research,Cancer-Clinical Oncology,2018-04-01,2022-03-31,0,,,"DCIS, Genomics, Radiation"
"Rakovitch, Eileen","Sunnybrook Health Sciences Centre (Toronto, Ontario)",Ontario,Project Grant,202003PJT,Cancer Biology & Therapeutics 2,Prospective Evaluation of Breast-Conserving Surgery Alone in Low Risk Ductal Carcinoma in Situ Defined by a Molecular Expression Assay Combined with Clinico-Pathological Features,"$1,235,476",$0,,,6 yrs 0 mth ,Cancer Research,Cancer-Clinical Oncology,2020-10-01,2026-09-30,0,,,"Breast-Conserving Surgery, Ductal Carcinoma, Molecular Expression"
"Rakovitch, Eileen","Sunnybrook Health Sciences Centre (Toronto, Ontario)",Ontario,Project Grant,202209PJT,Cancer Biology & Therapeutics,Validation of a novel biomarker classifier that predicts radiation response following breast-conserving surgery for ductal carcinoma in situ (DCIS),"$1,981,352",$0,,,4 yrs 0 mth ,Cancer Research,Cancer-Cancer Progression and Metastasis,2023-04-01,2027-03-31,0,,,"biomarker, classifier, radiation"
"Ramaswamy, Vijay",Hospital for Sick Children (Toronto),Ontario,Project Grant,202209PJT,Cancer Progression & Therapeutics 2,Exploiting therapeutic vulnerabilities to identify new treatments for high-risk SHH medulloblastoma,"$1,285,200",$0,,,5 yrs 0 mth ,Cancer Research,Cancer-Pediatric Cancer,2023-04-01,2028-03-31,0,,,"therapeutic vulnerabilities, SHH medulloblastoma"
"Ramaswamy, Vijay",Hospital for Sick Children (Toronto),Ontario,Project Grant,201803PJT,Cancer Progression & Therapeutics 2,Molecular and Functional Characterization of Childhood Ependymoma,"$914,176",$0,,,5 yrs 0 mth ,Cancer Research,Cancer-Pediatric Cancer; Cancer-Cancer Drug Development and Therapeutics; Cancer-Cancer Progression and Metastasis,2018-10-01,2023-09-30,0,,,"Molecular, Functional, Ependymoma"
"Ramotar, Dindial",CIUSSS Est-de-l'Ile-de- Montreal-Maisonneuve Rosemont,Quebec,Operating Grant,201109MOP,Cancer Biology & Therapeutics,The role of human glyceraldehyde-3-phosphate dehydrogenase in maintaining the redox state of the DNA repair enzyme APE1,"$622,134",$0,,,5 yrs 0 mth ,Cancer Research,CANCER THERAPY GENERAL; CARCINOGENS (INCL ENVIRONMENTAL); CELL BIOLOGY; BIOCHEMISTRY,2012-04-01,2017-03-31,0,,,"glyceraldehyde-3-phosphate dehydrogenase, DNA repair, APE1"
"Ramotar, Dindial",CIUSSS Est-de-l'Ile-de- Montreal-Maisonneuve Rosemont,Quebec,Operating Grant,200809MOP,Cancer Biology & Therapeutics,The role of human glyceraldehyde-3-phosphate dehydrogenase in reactivating oxidized forms of the DNA repair enzyme APE1,"$355,206",$0,,,3 yrs 0 mth ,Cancer Research,CANCER THERAPY GENERAL; CARCINOGENS (INCL ENVIRONMENTAL); CANCER; DRUG RESEARCH,2009-04-01,2012-03-31,0,,,"glyceraldehyde-3-phosphate dehydrogenase, DNA repair, APE1"
"Rathee, Satyapal",Alberta Health Services,Alberta,Operating Grant,200809MOP,Medical Physics & Imaging,Investigation of Pulsed Radiation Effects on RF Coils for Integrated MRI-Linac Project,"$263,007",$0,,,3 yrs 0 mth ,Cancer Research,CANCER THERAPY GENERAL; LUNG CANCER THERAPY; CANCER; IMAGING,2009-04-01,2012-03-31,3,,,"Pulsed Radiation, RF Coils, MRI-Linac"
"Rauscher, Alexander",University of British Columbia,British Columbia,Project Grant,201903PJT,Medical Physics & Imaging,Imaging markers for tissue damage and disease progression in MS,"$707,626",$0,,,5 yrs 0 mth ,"Neurosciences, Mental Health and Addiction",Biomedical Engineering-Biomedical Imaging; Neurosciences-Neurological disorders; Immunology and Infection-Immunology and Autoimmune Diseases (including rheumatology),2019-10-01,2024-09-30,0,,,"imaging, markers, tissue damage"
"Rauscher, Alexander",University of British Columbia,British Columbia,Project Grant,202203PJT,Medical Physics & Imaging,Quantitative Susceptibility Mapping from Clinical Phase Data,"$275,400",$0,,,3 yrs 0 mth ,"Neurosciences, Mental Health and Addiction",Artificial Intelligence-Machine Learning; Biomedical Engineering-Biomedical Imaging; Methods Development and Modelling-Quantitative Methods Development for Health Research,2022-10-01,2025-09-30,0,,,"Susceptibility, Mapping, Clinical"
"Raynal, Noel J","Centre hospitalier universitaire Sainte-Justine (Montreal, Quebec)",Quebec,Project Grant - PA: Epigenetics/epigenomics in human health or disease,202003PJG,Cancer Biology & Therapeutics 2,4D spheroids identify type I protein arginine methyltransferases as a target in NSCLC,"$100,000",$0,,,1 yr 0 mth ,Cancer Research,"Cancer-Cancer Drug Development and Therapeutics; Pharmacological, Toxicological and Pharmaceutical Sciences-Drug Action, Toxicology and Metabolism",2020-10-01,2021-09-30,0,,,"4D, spheroids, NSCLC"
"Raynal, Noel J","Centre hospitalier universitaire Sainte-Justine (Montreal, Quebec)",Quebec,Project Grant - Priority Announcement: Pediatric Cancer Research,202209PDI,Cancer Biology & Therapeutics,Epigenetic priming of neuroblastoma to NK cell-based immunotherapy,"$100,000",$0,,,1 yr 0 mth ,Cancer Research,"Youth Health-Prevention, Treatment and Support; Cancer-Cancer Progression and Metastasis; Immunology and Infection-Transplantation, Immune Tolerance and Tumor Immunology",2023-03-01,2024-02-29,0,,,"Epigenetic, neuroblastoma, immunotherapy"
"Raynal, Noel J","Centre hospitalier universitaire Sainte-Justine (Montreal, Quebec)",Quebec,Project Grant,202309PJT,Cancer Biology & Therapeutics,Epigenetic priming of neuroblastoma to Natural Killer cell-based immunotherapy,"$810,900",$0,,,5 yrs 0 mth ,Cancer Research,Cancer-Pediatric Cancer; Cancer-Cancer Drug Development and Therapeutics; Cancer-Cancer Progression and Metastasis,2024-04-01,2029-03-31,0,,,"Epigenetic, neuroblastoma, immunotherapy"
"Reedijk, Michael",University Health Network (Toronto),Ontario,Operating Grant,200909MOP,Cancer Biology & Therapeutics,Identification of molecular pathways associated with Notch activation in triple-negative breast cancer,"$346,950",$0,,,3 yrs 0 mth ,Cancer Research,BREAST CANCER; BREAST CANCER THERAPY; CANCER; MOLECULAR BIOLOGY,2010-04-01,2013-03-31,0,,,"Notch, molecular pathways, breast cancer"
"Reedijk, Michael",University Health Network (Toronto),Ontario,Project Grant,201709PJT,Cancer Biology & Therapeutics,Priming Notch-activated basal like breast cancer for immune checkpoint blockade,"$918,000",$0,,,5 yrs 0 mth ,Cancer Research,"Cancer-Cancer Drug Development and Therapeutics; Molecular, Cellular and Systems Biology-Cell Signaling; Immunology and Infection-Transplantation, Immune Tolerance and Tumor Immunology",2018-04-01,2023-03-31,0,,,"Notch, breast cancer, immune checkpoint"
"Regier, Dean A",University of British Columbia,British Columbia,Catalyst Grant: Personalized Health Catalyst Grants,201706PCG,Personalized Health - novel e-health applications,Preference analyses and development of an e-health app facilitating communication of test results for hereditary cancer syndromes,"$200,000",$0,,,2 yrs 0 mth ,Health Services and Policy Research,HEALTH ECONOMICS; HEALTH CARE DELIVERY; HEALTH SERVICES RESEARCH; POPULATION HEALTH,2017-09-01,2019-08-31,0,,,"e-health, hereditary cancer, communication"
"Reid, Gregor",University of British Columbia,British Columbia,Project Grant - Priority Announcement: Early Detection/Cancer Prevention,202309DCP,Cancer Biology & Therapeutics 2,Harnessing infection-associated modifiers of paediatric acute lymphoblastic leukaemia progression for therapeutic benefit,"$100,000",$0,,,1 yr 0 mth ,Cancer Research,"Cancer-Pediatric Cancer; Immunology and Infection-Transplantation, Immune Tolerance and Tumor Immunology; Health Determinants-Etiology of Disease and Conditions",2024-03-01,2025-02-28,0,,,"infection, lymphoblastic leukaemia, paediatric"
"Reid, Gregor",University of British Columbia,British Columbia,Project Grant,202403PJT,Cancer Biology & Therapeutics,Harnessing infection-associated modifiers of paediatric acute lymphoblastic leukaemia progression for therapeutic benefit,"$918,000",$0,,,5 yrs 0 mth ,Cancer Research,"Cancer-Pediatric Cancer; Immunology and Infection-Transplantation, Immune Tolerance and Tumor Immunology; Health Determinants-Etiology of Disease and Conditions",2024-03-01,2025-02-28,0,,,"infection, lymphoblastic leukaemia, paediatric"
"Reid, Gregor",University of British Columbia,British Columbia,Operating Grant,201209MOP,Cancer Biology & Therapeutics,Identifying Determinants of Acute Lymphoblastic Leukemia Progression,"$582,966",$0,,,5 yrs 0 mth ,Cancer Research,LEUKAEMIAS; NONE OF THE ABOVE; CANCER; IMMUNOLOGY-TRANSPLANTATION,2013-04-01,2018-03-31,0,,,"Acute Lymphoblastic Leukemia, Progression, Determinants"
"Reid, Gregor",University of British Columbia,British Columbia,Project Grant,201709PJT,Cancer Biology & Therapeutics 2,Identifying infection-induced determinants of paediatric acute lymphoblastic leukaemia progression,"$688,500",$0,,,5 yrs 0 mth ,Cancer Research,"Cancer-Cancer Progression and Metastasis; Immunology and Infection-Transplantation, Immune Tolerance and Tumor Immunology; Health Determinants-Etiology of Disease and Conditions",2018-04-01,2023-03-31,0,,,"infection, lymphoblastic leukaemia, paediatric"
"Reid, Robert D",Ottawa Heart Institute Research Corporation (Ontario),Ontario,Catalyst Grant: Personalized Health Catalyst Grants,201706PCG,Personalized Health - novel e-health applications,E-health intervention for cardiac rehabilitation: Pilot implementation and feasibility assessment,"$199,091",$0,,,2 yrs 0 mth ,Circulatory and Respiratory Health,HEALTH SERVICES RESEARCH; CARDIOLOGY; PSYCHOSOCIAL/HEALTH BEHAVIOURAL RES.,2017-09-01,2019-08-31,0,,,"e-health, cardiac, rehabilitation"
"Reilly, Raymond M",University of Toronto,Ontario,Project Grant,202104PJT,Cancer Progression & Therapeutics,Alpha-Particle Radioimmunotherapy of Brain Metastases from HER2-Positive Breast Cancer,"$581,400",$0,,,4 yrs 0 mth ,Cancer Research,"Pharmacological, Toxicological and Pharmaceutical Sciences-Drug Discovery, Design and Delivery",2021-10-01,2025-09-30,0,,,"Alpha-particle, Radioimmunotherapy, Brain metastases"
"Reilly, Raymond M",University of Toronto,Ontario,Project Grant,201709PJT,Cancer Progression & Therapeutics,Auger Electron Radioimmunotherapy for Treatment and Prevention of Metastases from Triple-Negative Breast Cancer,"$684,675",$0,,,5 yrs 0 mth ,Cancer Research,"Cancer-Cancer Drug Development and Therapeutics; Pharmacological, Toxicological and Pharmaceutical Sciences-Drug Discovery, Design and Delivery",2018-04-01,2023-03-31,0,,,"Auger Electron, Radioimmunotherapy, Metastases"
"Reilly, Raymond M",University of Toronto,Ontario,Operating Grant,201009MOP,Cancer Biology & Therapeutics,CD123-Targeted Auger Electron Radioimmunotherapy of Acute Myelogenous Leukemia (AML),"$372,204",$0,,,3 yrs 0 mth ,Cancer Research,LEUKAEMIAS; DRUGS- PHARMACEUTICAL SCIENCE/CHEMISTRY & NON MEDICAL USE OF DRUGS; CANCER; DRUG RESEARCH,2011-04-01,2014-03-31,0,,,"CD123, Auger electron, leukemia"
"Ren, Carolyn L",University of Waterloo (Ontario),Ontario,Operating Grant: COVID-19 Rapid Research Funding Opportunity - Diagnostics,202005VR2,COVID-19 Rapid Research - Diagnostics,Development of a Microwave Enabled Bio-Nano-Microfluidic Device for Point-of-Care Diagnosis of COVID-19,"$264,908",$0,,,1 yr 0 mth ,Infection and Immunity,INFECTIOUS AND PARASITIC; VIRAL; VIROLOGY,2020-06-01,2021-05-31,0,,,"Microwave, Bio-Nano-Microfluidic, Diagnosis"
"Rennie, Paul S",University of British Columbia,British Columbia,Operating Grant,201209MOP,Cancer Progression & Therapeutics,A virus-based strategy for measurement of circulating tumour cells,"$352,260",$0,,,3 yrs 0 mth ,Cancer Research,PROSTATE AND BLADDER CANCER; VIRAL; CANCER,2013-04-01,2016-03-31,0,,,"virus, circulating tumour cells, measurement"
"Rennie, Paul S",University of British Columbia,British Columbia,Operating Grant,201009MOP,Cancer Progression & Therapeutics 2,In Vivo siRNA Knockdown of Androgen Receptors to Treat Advanced Prostate Cancer,"$685,781",$0,,,5 yrs 0 mth ,Cancer Research,ENDOCRINOLOGY; PROSTATE AND BLADDER CANCER; CANCER,2008-04-01,2011-03-31,4,,,"siRNA, androgen receptors, prostate cancer"
"Reznik, Alla","Lakehead University (Thunder Bay, Ontario)",Ontario,Project Grant,202203PJT,Medical Physics & Imaging,Prostate-targeted PET/TRUS dual-modality imaging system for diagnosis and image-guided biopsy.,"$738,226",$0,,,5 yrs 0 mth ,Cancer Research,Biomedical Engineering-Biomedical Imaging; Molecular Imaging,2022-10-01,2027-09-30,0,,,"Prostate, PET, TRUS"
"Richard, Stephane",CIUSSS de Centre-Ouest-de-l'Ile-de-Montreal-Jewish General,Quebec,Operating Grant,200809MOP,Cancer Biology & Therapeutics,Arginine methylase PRMT1 and PRMT6 in cancer and genomic instability.,"$877,100",$0,,,5 yrs 0 mth ,Cancer Research,CANCER THERAPY GENERAL; LEUKAEMIAS; CANCER; MOLECULAR BIOLOGY,2009-04-01,2014-03-31,0,,,"Arginine methylase, PRMT1, PRMT6"
"Richard, Stephane",CIUSSS de Centre-Ouest-de-l'Ile-de-Montreal-Jewish General,Quebec,Operating Grant,201309MOP,Cancer Biology & Therapeutics,Defining the role of protein arginine methyltransferases (PRMTs) and RGG/RG motifs in cancer and in the maintenance of genomic stability.,"$967,960",$0,,,5 yrs 0 mth ,Cancer Research,CANCER THERAPY GENERAL; LEUKAEMIAS; CANCER; MOLECULAR BIOLOGY,2014-04-01,2017-06-30,0,,,"protein arginine methyltransferases, RGG/RG motifs, genomic stability"
"Richard, Stephane",CIUSSS de Centre-Ouest-de-l'Ile-de-Montreal-Jewish General,Quebec,Operating Grant,201109MOP,Cancer Biology & Therapeutics,The role of post-translational modifications of MRE11 in mediating the DNA damage response.,"$873,345",$0,,,5 yrs 0 mth ,Cancer Research,LEUKAEMIAS; CANCER THERAPY GENERAL; CANCER; AGING,2012-04-01,2017-03-31,0,,,"post-translational modifications, MRE11, DNA damage response"
"Richards, Carl D",McMaster University,Ontario,Operating Grant,201403MOP,Cancer Progression & Therapeutics,Regulation of stromal cell support of cancer in lungs,"$334,403",$0,,,3 yrs 0 mth ,Cancer Research,LUNG CANCER THERAPY; CANCER THERAPY GENERAL; CANCER; RESPIRATION,2014-07-01,2018-03-31,0,,,"stromal cells, cancer, lungs"
"Richardson, Christopher D",Dalhousie University (Nova Scotia),Nova Scotia,Operating Grant: COVID-19 Rapid Research Funding Opportunity - Vaccines,202005VR1,COVID-19 Rapid Research - Vaccines,Expression and Purification of COVID19 Virus Spike (S) Protein for Diagnostics and Vaccines,"$138,097",$0,,,1 yr 0 mth ,Infection and Immunity,VIRAL; INFECTIOUS AND PARASITIC; VIROLOGY; MOLECULAR BIOLOGY,2020-06-01,2021-05-31,0,,,"COVID19, Spike Protein, Diagnostics"
"Rini, James M",University of Toronto,Ontario,Operating Grant: COVID-19 - Therapeutics,202002OV3,Canadian 2019 Novel Coronavirus (2019-nCoV) Rapid Research,Neutralizing Antibodies as SARS-CoV-2 Therapeutics,"$535,318",$0,,,2 yrs 0 mth ,Infection and Immunity,VIRAL; VIROLOGY,2020-04-01,2022-03-31,2,,,"Antibodies, SARS-CoV-2"
"Rink, Alexandra",University Health Network (Toronto),Ontario,Project Grant,201809PJT,Medical Physics & Imaging,A universal self-calibrating in vivo real-time optical radiation dosimeter for quality assurance and quality control of radiotherapy treatment.,"$317,476",$0,,,4 yrs 0 mth ,Cancer Research,"Biomedical Engineering-Biophysics, Medical Technologies and Instrumentation",2019-04-01,2023-03-31,0,,,"self-calibrating, optical radiation, dosimeter"
"Rink, Alexandra",University Health Network (Toronto),Ontario,Project Grant,202209PJT,Medical Physics & Imaging,AI Assisted Organ and Target Segmentation for Cervix Brachytherapy Treatment Planning,"$837,675",$0,,,5 yrs 0 mth ,Cancer Research,"Cancer-Clinical Oncology; Biomedical Engineering-Biomedical Imaging; Biomedical Engineering-Biophysics, Medical Technologies and Instrumentation",2023-04-01,2028-03-31,0,,,"AI, Organ Segmentation, Brachytherapy"
"Rocheleau, Jonathan V",University Health Network (Toronto),Ontario,"Catalyst Grant: Invention and High-Risk, High-Benefit Research",200902NHG,"Inventions, Technologies, or High Risk Grants",Design of novel microfluidic devices to stimulate growth and maintenance of ex vivo pancreatic islet endothelial cells.,"$90,400",$0,,,1 yr 0 mth ,Genetics,DIABETES MELLITUS; METABOLISM AND NUTRITION; METABOLISM/DIABETES; BIOPHYSICS,2009-02-01,2010-01-31,0,,,"microfluidic, pancreatic islet, endothelial cells"
"Rodier, Francis",Centre hospitalier de l'Universite de Montreal (CHUM),Quebec,Operating Grant,201103MOP,Cancer Biology & Therapeutics,Mechanisms regulating persistent DNA damage signaling and the linked control of cell proliferation and extracellular signals,"$606,634",$0,,,5 yrs 0 mth ,Cancer Research,NEOPLASMS; CANCER THERAPY GENERAL; CANCER; AGING,2011-10-01,2016-09-30,3,,,"DNA damage, cell proliferation, signaling"
"Rodier, Francis",Centre hospitalier de l'Universite de Montreal (CHUM),Quebec,Project Grant,202003PJT,Cancer Biology & Therapeutics 2,Probing molecular mechanisms of epithelial ovarian cancer therapy-induced senescence to find biomarkers and drug targets,"$1,021,276",$0,,,5 yrs 0 mth ,Cancer Research,"Cancer-Mechanisms of Carcinogenesis; Molecular, Cellular and Systems Biology-Cell Signaling; Cancer-Cancer Drug Development and Therapeutics",2020-10-01,2025-09-30,0,,,"molecular, ovarian cancer, biomarkers"
"Roger, Michel",Centre hospitalier de l'Universite de Montreal (CHUM),Quebec,Catalyst Grant: Innovation in HIV Vaccine and HIV Cure Research,201211CHR,HIV Vaccine and Cure Research,Modulation of BLyS levels to restore immune efficiency and reduce HIV targets.,"$100,000",$0,,,1 yr 0 mth ,Infection and Immunity,AIDS; VIRAL; IMMUNOLOGY-TRANSPLANTATION; VIROLOGY,2013-03-01,2014-02-28,0,,,"BLyS, immune, HIV"
"Rohling, Robert N",University of British Columbia,British Columbia,Operating Grant,201209MOP,Medical Physics & Imaging,Ultrasound Guidance for Epidural Analgesia and Anesthesia,"$434,490",$0,,,4 yrs 0 mth ,Musculoskeletal Health and Arthritis,"PREGNANCY/BIRTH; MUSCULO SKELETAL; IMAGING; MUSCLE, BONE, OR JOINT",2013-04-01,2017-03-31,2,,,"Ultrasound, Epidural, Analgesia"
"Ronald, John A",Western University (Ontario),Ontario,Project Grant,202104PJT,Medical Physics & Imaging,Development of Molecular Imaging Tools to Monitor the Fate of an Off-The-Shelf Chimeric Antigen Receptor Natural Killer (CAR-NK) Cell Immunotherapy,"$799,426",$0,,,5 yrs 0 mth ,Cancer Research,"Biomedical Engineering-Biomedical Imaging; Cancer-Cancer Drug Development and Therapeutics; Molecular, Cellular and Systems Biology-Molecular Biology",2021-10-01,2026-09-30,0,,,"Molecular Imaging, Chimeric Antigen Receptor, Natural Killer"
"Ronald, John A",Western University (Ontario),Ontario,Project Grant - PA: Cancer Research - Breast Cancer,202010PWW,Medical Physics & Imaging,Development of Molecular Imaging Tools to Monitor the Fate of an Off-The-Shelf Chimeric Antigen Receptor Natural Killer (CAR-NK) Cell Immunotherapy for Breast Cancer,"$100,000",$0,,,1 yr 0 mth ,Cancer Research,"Biomedical Engineering-Biomedical Imaging; Cancer-Cancer Drug Development and Therapeutics; Molecular, Cellular and Systems Biology-Molecular Biology",2021-03-01,2022-02-28,0,,,"Molecular Imaging, Chimeric Antigen Receptor, Natural Killer"
"Rose, April A",CIUSSS de Centre-Ouest-de-l'Ile-de-Montreal-Jewish General,Quebec,Project Grant,202109PJT,Cancer Biology & Therapeutics 2,Evaluating mutant NRAS as a molecular mediator of immunotherapy resistance in melanoma,"$860,625",$0,,,5 yrs 0 mth ,Cancer Research,Cancer-Cancer Drug Development and Therapeutics,2022-04-01,2027-03-31,0,,,"NRAS, immunotherapy, melanoma"
"Rosen, Kirill V",Dalhousie University (Nova Scotia),Nova Scotia,Project Grant,201709PJT,Cancer Biology & Therapeutics 2,Molecular hallmarks of breast cancer sensitivity to ErbB2-targeted therapies,"$684,675",$0,,,5 yrs 0 mth ,Cancer Research,"Cancer-Cancer Progression and Metastasis; Molecular, Cellular and Systems Biology-Cell Signaling",2018-04-01,2023-03-31,0,,,"molecular, breast cancer, ErbB2"
"Roskelley, Calvin D",University of British Columbia,British Columbia,Operating Grant,201209MOP,Cancer Progression & Therapeutics,Preclinical Development Of Inhibitors Of Podocalyxin-Driven Tumor Progression,"$754,756",$0,,,5 yrs 0 mth ,Cancer Research,BREAST CANCER; BREAST CANCER THERAPY; CANCER; DRUG RESEARCH,2013-04-01,2018-03-31,2,,,"Podocalyxin, Inhibitors, Tumor"
"Roskelley, Calvin D",University of British Columbia,British Columbia,Project Grant,201903PJT,Cancer Biology & Therapeutics 2,Targeting ovarian carcinoma using the cell surface glycoprotein podocalyxin.,"$963,900",$0,,,5 yrs 0 mth ,Cancer Research,Cancer-Cancer Drug Development and Therapeutics,2019-10-01,2024-09-30,1,,,"ovarian carcinoma, glycoprotein, podocalyxin"
"Rost, Hannes L",University of Toronto,Ontario,Project Grant,202303PJT,Cancer Biology & Therapeutics,Targeting the metabolomic mechanisms underlying poor prognosis in Glioblastoma multiforme cancer stem cells.,"$990,676",$0,,,5 yrs 0 mth ,Cancer Research,"Cancer-Mechanisms of Carcinogenesis; Molecular, Cellular and Systems Biology-Systems Biology",2023-10-01,2028-09-30,0,,,"metabolomic, Glioblastoma, cancer stem cells"
"Rottapel, Robert K",University Health Network (Toronto),Ontario,Operating Grant: COVID-19 Rapid Research Funding Opportunity - Diagnostics,202005VR2,COVID-19 Rapid Research - Diagnostics,Development of a Predictive Serologic Test for Cytopathogenic Autoantibodies in COVID-19 Patients,"$215,475",$0,,,1 yr 0 mth ,Infection and Immunity,"LUPUS; INJURY, REGENERATION; IMMUNOLOGY-TRANSPLANTATION; CELL BIOLOGY",2020-06-01,2021-05-31,0,,,"Predictive, Serologic, Autoantibodies"
"Rottapel, Robert K",University Health Network (Toronto),Ontario,Project Grant,202403PJT,Cancer Biology & Therapeutics,Nonsense Mediated RNA Decay Shapes the Expressed Transcriptome Required for Ovarian Cancer Progression,"$956,250",$0,,,5 yrs 0 mth ,Cancer Research,Cancer-Cancer Progression and Metastasis,2024-10-01,2029-09-30,0,,,"RNA decay, transcriptome, ovarian cancer"
"Routy, Bertrand",Centre hospitalier de l'Universite de Montreal (CHUM),Quebec,Project Grant,201903PJT,Cancer Progression & Therapeutics,Prebiotics to modify the gut microbiome and enhance immune checkpoint blockers,"$761,176",$0,,,5 yrs 0 mth ,Cancer Research,Cancer-Cancer Drug Development and Therapeutics; Immunology and Infection-Microbiology and Pathogenesis (including Microbiomics),2019-10-01,2024-09-30,1,,,"Prebiotics, microbiome, immune checkpoint"
"Routy, Jean-Pierre",Research Institute of the McGill University Health Centre,Quebec,Catalyst Grant: Innovation in HIV Vaccine and HIV Cure Research,201211CHR,HIV Vaccine and Cure Research,The orchid study: A pilot assessment of viral reservoir and immune compartmentalization in testicular tissue of HIV-infected subjects,"$99,997",$0,,,1 yr 0 mth ,Infection and Immunity,AIDS; INFECTIOUS AND PARASITIC; VIROLOGY; IMMUNOLOGY-TRANSPLANTATION,2013-03-01,2014-02-28,0,,,"orchid, viral reservoir, immune compartmentalization"
"Roux, Philippe",Universite de Montreal,Quebec,Project Grant,202109PJT,Cancer Biology & Therapeutics 2,Targeting ENPP1-dependent immune evasion in ErbB2-positive breast cancer,"$921,825",$0,,,5 yrs 0 mth ,Cancer Research,Cancer-Mechanisms of Carcinogenesis; Cancer-Cancer Drug Development and Therapeutics,2022-04-01,2027-03-31,0,,,"ENPP1, immune evasion, breast cancer"
"Roux, Sophie",Universite de Sherbrooke,Quebec,Operating Grant: COVID-19 Rapid Research Funding Opportunity - Therapeutics,202005VR3,COVID-19 Rapid Research - Therapeutics,Characterization of Covid-19 infection in rheumatoid arthritis patients- the CoViD-in-RA project,"$502,775",$0,,,1 yr 0 mth ,Musculoskeletal Health and Arthritis,"ARTHRITIS/OSTEOARTHRITIS; MUSCLE, BONE, OR JOINT",2020-06-01,2021-05-31,0,,,"Covid-19, rheumatoid arthritis, infection"
"Roy, Denis-Claude",CIUSSS Est-de-l'Ile-de- Montreal-Maisonneuve Rosemont,Quebec,Operating Grant,201503MOP,Biomedical Engineering,Elucidating mechanisms of MSC-induced tissue regeneration: path to mesenchymal stromal cell clinical trial in glaucoma,"$596,450",$0,,,5 yrs 0 mth ,Health Services and Policy Research,"GLAUCOMA; INJURY, REGENERATION; VISION; CELL BIOLOGY",2015-07-01,2020-06-30,0,,,"MSC, tissue regeneration, glaucoma"
"Roy, Denis-Claude",CIUSSS Est-de-l'Ile-de- Montreal-Maisonneuve Rosemont,Quebec,Project Grant,202010PJT,Cancer Progression & Therapeutics 2,Exploiting minor histocompatibility antigens for personalized cancer immunotherapy,"$1,067,175",$0,,,5 yrs 0 mth ,Cancer Research,"Cancer-Cancer Drug Development and Therapeutics; Immunology and Infection-Transplantation, Immune Tolerance and Tumor Immunology",2021-04-01,2026-03-31,0,,,"minor histocompatibility, antigens, immunotherapy"
"Roy, Dominic",Centre hospitalier de l'Universite de Montreal (CHUM),Quebec,Project Grant,202309PJT,Cancer Biology & Therapeutics,Targeting itaconate production to improve oncolytic virus therapy.,"$772,650",$0,,,5 yrs 0 mth ,Cancer Research,Cancer-Cancer Drug Development and Therapeutics,2024-04-01,2029-03-31,0,,,"itaconate, oncolytic virus, production"
"Ruddy, Terrence D",Ottawa Heart Institute Research Corporation (Ontario),Ontario,Alternative Radiopharmaceuticals for Medical Imaging,200909MIS,Strategic Initiative: Medical Isotope committee,Iodine-123 labeled Rotenone for Myocardial SPECT Perfusion Imaging,"$526,760",$0,,,2 yrs 0 mth ,Circulatory and Respiratory Health,CARDIOLOGY; MULTIDISCIPLINARY; CARDIOVASCULAR; IMAGING,2009-11-01,2011-10-31,1,,,"Iodine-123, Rotenone, Myocardial SPECT"
"Rudko, David A",McGill University,Quebec,Project Grant,202209PJT,Medical Physics & Imaging,"Unraveling Silent Progression in MS Using Advanced Quantitative MRI, PET Molecular Imaging and Computational Neuroanatomy","$914,175",$0,,,5 yrs 0 mth ,"Neurosciences, Mental Health and Addiction",Biomedical Engineering-Biomedical Imaging; Neurosciences-Neurological disorders; Methods Development and Modelling-Quantitative Methods Development for Health Research,2023-04-01,2028-03-31,0,,,"MRI, PET, Neuroanatomy"
"Rudnicki, Michael A",Ottawa Hospital Research Institute,Ontario,Operating Grant,201309MOP,Cancer Biology & Therapeutics,Genomic Analysis of Rhabdomyosarcoma Tumor Initiating Cells,"$1,207,800",$0,,,5 yrs 0 mth ,Cancer Research,"MUSCULO SKELETAL; NEOPLASMS; GENOMICS, PROTEOMICS, AND BIOINFORMATICS; CANCER",2014-04-01,2016-06-30,1,,,"Genomic, Rhabdomyosarcoma, Tumor Cells"
"Ruel, Marc",Ottawa Heart Institute Research Corporation (Ontario),Ontario,Operating Grant,201303MOP,Biomedical Engineering,"Optimizing Signaling, Cells, and Host Environment in Matrix-based Cardiac Regenerative Therapy: Towards Pre-clinical Application","$619,261",$0,,,5 yrs 0 mth ,Circulatory and Respiratory Health,CARDIOLOGY; CARDIOVASCULAR,2013-10-01,2018-09-30,1,,,"Signaling, Cells, Cardiac"
"Russell, James A",University of British Columbia,British Columbia,Operating Grant: COVID-19 Rapid Research Funding Opportunity - Therapeutics,202005VR3,COVID-19 Rapid Research - Therapeutics,HOST RESPONSE MEDIATORS IN CORONAVIRUS (COVID-19) INFECTION - IS THERE A PROTECTIVE EFFECT OF ARBs ON OUTCOMES OF CORONAVIRUS INFECTION? (ARBs CORONA II),"$3,456,541",$0,,,1 yr 0 mth ,Circulatory and Respiratory Health,INFECTIOUS AND PARASITIC; HEALTH RESEARCH,2020-06-01,2021-05-31,0,,,"host response, coronavirus, ARBs"
"Ruthazer, Edward S",McGill University,Quebec,"Catalyst Grant: Invention and High-Risk, High-Benefit Research",200903NHG,"Inventions, Technologies, or High Risk Grants",Transcellular Complementation of Split GFPs and Split Inteins for Mapping Neuronal Circuitry,"$298,212",$0,,,3 yrs 0 mth ,"Neurosciences, Mental Health and Addiction",CNS ORGANIC; SCHIZOPHRENIA; CELL BIOLOGY; NERVOUS SYSTEM,2009-10-01,2013-03-31,0,,,"GFPs, Inteins, Neuronal Circuitry"
"Rutka, James T",Hospital for Sick Children (Toronto),Ontario,Project Grant,201709PJT,Cancer Biology & Therapeutics 2,Enhancing the Delivery of Novel Chemotherapeutics to Diffuse Intrinsic Pontine Glioma,"$623,476",$0,,,4 yrs 0 mth ,Cancer Research,Cancer-Cancer Drug Development and Therapeutics,2018-04-01,2022-03-31,0,,,"Chemotherapeutics, Diffuse Intrinsic Pontine Glioma, Delivery"
"Rutka, James T",Hospital for Sick Children (Toronto),Ontario,Project Grant,202210PJT,Cancer Progression & Therapeutics,Establishment of a drug discovery and delivery platform for diffuse intrinsic pontine glioma (DIPG).,"$100,000",$0,,,1 yr 0 mth ,Cancer Research,Cancer-Cancer Drug Development and Therapeutics,2023-04-01,2024-03-31,0,,,"drug delivery, diffuse intrinsic pontine glioma, drug discovery"
"Rutka, James T",Hospital for Sick Children (Toronto),Ontario,Operating Grant,200909MOP,Cancer Biology & Therapeutics,Molecular targeting of the Rho-GTPase pathway in human astrocytomas,"$797,005",$0,,,5 yrs 0 mth ,Cancer Research,BRAIN TUMORS (INCL. RETINAL TUMORS); BRAIN TUMORS THERAPY; CANCER; CELL BIOLOGY,2010-04-01,2015-03-31,0,,,"Rho-GTPase, molecular targeting, astrocytomas"
"Sacher, Adrian G",University Health Network (Toronto),Ontario,Project Grant,201909PJT,Cancer Biology & Therapeutics,Mucosal Associated Invariant T-cells (MAIT cells) as Key Mediators of Anti-Tumor Immune Responses and the Microbiome Effect in Non-Small Cell Lung Cancer (NSCLC),"$283,051",$0,,,3 yrs 0 mth ,Cancer Research,"Cancer-Cancer Drug Development and Therapeutics; Immunology and Infection-Transplantation, Immune Tolerance and Tumor Immunology; Genetics-Genomics, Transcriptomics and Proteomics",2020-04-01,2023-03-31,0,,,"MAIT cells, immune response, lung cancer"
"Sachlos, Eleftherios","York University (Toronto, Ontario)",Ontario,Project Grant,202209PJT,Biomedical Engineering,Tissue Engineering of 3D bone marrow niche for hematopoietic stem cells vs acute myeloid leukemia stem cell molecular target and therapeutics discovery,"$730,575",$0,,,5 yrs 0 mth ,Cancer Research,Biomedical Engineering-Regenerative Medicine and Tissue Engineering; Cancer-Cancer Drug Development and Therapeutics,2023-04-01,2028-03-31,0,,,"tissue engineering, bone marrow, hematopoietic stem cells"
"Sadar, Marianne D",University of British Columbia,British Columbia,Operating Grant,201009MOP,Cancer Progression & Therapeutics,Characterization of EPI-001 for the treatment of prostate cancer,"$498,929",$0,,,3 yrs 0 mth ,Cancer Research,PROSTATE AND BLADDER CANCER; PROSTATE AND BLADDER CANCER THERAPY; CANCER; MOLECULAR BIOLOGY,2011-04-01,2014-03-31,9,,,"EPI-001, prostate cancer"
"Sadar, Marianne D",University of British Columbia,British Columbia,Operating Grant,201303MOP,Cancer Progression & Therapeutics 2,Reversible inhibitors of the N-terminal domain of the androgen receptor,"$467,474",$0,,,3 yrs 0 mth ,Cancer Research,DRUGS- PHARMACEUTICAL SCIENCE/CHEMISTRY & NON MEDICAL USE OF DRUGS; PROSTATE AND BLADDER CANCER THERAPY; CANCER; ENDOCRINOLOGY,2013-10-01,2016-09-30,20,,,"inhibitors, androgen receptor, N-terminal"
"Sadar, Marianne D",University of British Columbia,British Columbia,Operating Grant,200903MOP,Cancer Biology & Therapeutics,Targeting interleukin-6 and the amino-terminus of the androgen receptor in osseous prostate cancer,"$362,448",$0,,,3 yrs 0 mth ,Cancer Research,PROSTATE AND BLADDER CANCER; CANCER; MOLECULAR BIOLOGY,2009-10-01,2012-09-30,27,,,"interleukin-6, androgen receptor, prostate cancer"
"Sadatsafavi, Mohsen",University of British Columbia,British Columbia,Catalyst Grant: Personalized Health Catalyst Grants,201706PCG,Personalized Health - novel e-health applications,"Development, validation, and dissemination of an individualized prediction tool for acute exacerbations of chronic obstructive pulmonary disease","$198,305",$0,,,2 yrs 0 mth ,Population and Public Health,CHRONIC OBSTRUCTIVE LUNG DISEASE; EPIDEMIOLOGY; RESPIRATION; POPULATION HEALTH,2017-09-01,2019-08-31,0,,,"prediction, COPD, exacerbations"
"Sadikot, Abbas F",McGill University,Quebec,Operating Grant,201503MOP,Medical Physics & Imaging,"Development of Novel Methods for Analyzing the Structure and Connectivity of the Human Basal Ganglia, Thalamus and Brainstem","$645,025",$0,,,5 yrs 0 mth ,Aging,PARKINSON'S DISEASE; MUSCULO SKELETAL; AGING; NERVOUS SYSTEM,2015-07-01,2020-06-30,0,,,"Basal Ganglia, Connectivity, Brainstem"
"Sage, Andrew T",University Health Network (Toronto),Ontario,Project Grant,202309PJT,Biomedical Engineering,'Smart Ventilation' - Novel Real-Time Biosensors and Artificial Intelligence for Optimized Mechanical Ventilation in Human Lungs,"$692,325",$0,,,5 yrs 0 mth ,Circulatory and Respiratory Health,"Biomedical Engineering-Biophysics, Medical Technologies and Instrumentation; Cardiovascular, Respiratory and Circulatory Systems-Respiratory Sciences; Artificial Intelligence-Machine Learning",2024-04-01,2029-03-31,0,,,"Biosensors, Artificial Intelligence, Mechanical Ventilation"
"Sage, Andrew T",University Health Network (Toronto),Ontario,Project Grant,202209PJT,Biomedical Engineering 2,Advanced Artificial Intelligence for Human Ex Vivo Lung Perfusion using Digital Twins,"$726,750",$0,,,5 yrs 0 mth ,Circulatory and Respiratory Health,"Artificial Intelligence-Machine Learning; Biomedical Engineering-Biophysics, Medical Technologies and Instrumentation; Cardiovascular, Respiratory and Circulatory Systems-Respiratory Sciences",2023-04-01,2028-03-31,1,,,"Artificial Intelligence, Lung Perfusion, Digital Twins"
"Saibil, Samuel D",University Health Network (Toronto),Ontario,Project Grant,202203PJT,Cancer Biology & Therapeutics,Modulating T cell metabolism to enhance the efficacy of adoptive cell therapy,"$516,376",$0,,,5 yrs 0 mth ,Cancer Research,"Cancer-Cancer Drug Development and Therapeutics; Immunology and Infection-Transplantation, Immune Tolerance and Tumor Immunology",2022-10-01,2027-09-30,0,,,"T cell, metabolism, adoptive cell therapy"
"Salcudean, Septimiu E",University of British Columbia,British Columbia,Operating Grant,201503MOP,Medical Physics & Imaging,Image guidance for radical prostatectomy,"$667,966",$0,,,5 yrs 0 mth ,Cancer Research,"PROSTATE AND BLADDER CANCER THERAPY; PROSTATE AND BLADDER CANCER; IMAGING; RENAL FUNCTION, NEPHROLOGY, UROLOGY",2015-07-01,2020-06-30,3,,,"Image guidance, prostatectomy"
"Salcudean, Septimiu E",University of British Columbia,British Columbia,Project Grant,202303PJT,Medical Physics & Imaging,"Multi-modal, multi-parametric liver imaging for ultrasound-based stratification of patients with non-alcoholic fatty liver disease","$625,770",$0,,,5 yrs 0 mth ,"Nutrition, Metabolism and Diabetes","Biomedical Engineering-Biomedical Imaging; Artificial Intelligence-Machine Learning; Digestive, Endocrine and Excretory Systems-Gastroenterology and Hepatology",2023-10-01,2028-09-30,0,,,"liver imaging, ultrasound, fatty liver"
"Salmena, Leonardo L",University of Toronto,Ontario,Project Grant,202010PJT,Cancer Progression & Therapeutics 2,Identification and characterization of microRNAs essential for the development and fitness of chemoresistant AML,"$898,875",$0,,,5 yrs 0 mth ,Cancer Research,Cancer-Cancer Drug Development and Therapeutics,2021-04-01,2026-03-31,0,,,"microRNAs, chemoresistant AML, characterization"
"Salmena, Leonardo L",University of Toronto,Ontario,Project Grant,201803PJT,Cancer Progression & Therapeutics 2,Investigating INPP4B signalling as a target for therapy in leukaemia,"$745,876",$0,,,5 yrs 0 mth ,Cancer Research,Cancer-Cancer Drug Development and Therapeutics,2018-10-01,2023-09-30,0,,,"INPP4B, signalling, leukaemia"
"Salmena, Leonardo L",University of Toronto,Ontario,Project Grant,202210PJT,Cancer Progression & Therapeutics 2,Investigating a novel phosphoinositide-lysosomal signalling axis for pancreatic cancer therapy,"$100,000",$0,,,1 yr 0 mth ,Cancer Research,Cancer-Cancer Progression and Metastasis,2023-04-01,2024-03-31,0,,,"phosphoinositide, lysosomal, pancreatic cancer"
"Salmena, Leonardo L",University of Toronto,Ontario,Project Grant,202403PJT,Cancer Progression & Therapeutics,Targeting a novel phosphoinositide-lysosomal signalling axis for pancreatic cancer therapy,"$1,071,000",$0,,,5 yrs 0 mth ,Cancer Research,Cancer-Cancer Progression and Metastasis; Cancer-Cancer Drug Development and Therapeutics,2024-10-01,2029-09-30,0,,,"phosphoinositide, lysosomal, pancreatic cancer"
"Sanati Nezhad, Amir",University of Calgary,Alberta,Project Grant,202109PJT,Biomedical Engineering,"RACE Concussion Study: Rapid, accurate cost-effective assessment of fluid biomarkers using a hand-held biosensor in patients with concussion","$608,175",$0,,,5 yrs 0 mth ,"Neurosciences, Mental Health and Addiction","Biomedical Engineering-Biophysics, Medical Technologies and Instrumentation; Artificial Intelligence-Machine Learning; Neurosciences-Neurological disorders",2022-04-01,2027-03-31,1,,,"biosensor, biomarkers, concussion"
"Sanati Nezhad, Amir",University of Calgary,Alberta,Operating Grant: COVID-19 - Diagnostics,202002OV1,Canadian 2019 Novel Coronavirus (2019-nCoV) Rapid Research,"Rapid, Ultrasensitive Clinical Detection of 2019 Novel Coronavirus (nCOVID-19) by Novel Microfluidic Electrochemical Nano-Biosensors","$795,560",$0,,,2 yrs 0 mth ,Population and Public Health,VIRAL; INFECTIOUS AND PARASITIC; VIROLOGY; INTERNATIONAL HEALTH,2020-04-01,2022-03-31,2,,,"microfluidic, electrochemical, biosensors"
"Sanche, Leon",Universite de Sherbrooke,Quebec,Operating Grant,201003MOP,Medical Physics & Imaging,Investigations of low energy electron damage to cellular constituents: application to Chemoradiation therapy.,"$753,239",$0,,,5 yrs 0 mth ,Cancer Research,CANCER THERAPY GENERAL; BRAIN TUMORS THERAPY; CANCER; DRUG RESEARCH,2010-10-01,2015-09-30,0,,,"electron, damage, chemoradiation"
"Sanche, Leon",Universite de Sherbrooke,Quebec,Project Grant,201809PJT,Medical Physics & Imaging,Secondary electron collision cross sections for micro- and nano-dosimetry of emerging radiation and chemo-radiation therapies.,"$634,950",$0,,,5 yrs 0 mth ,Cancer Research,"Biomedical Engineering-Biophysics, Medical Technologies and Instrumentation; Cancer-Cancer Drug Development and Therapeutics",2019-04-01,2024-03-31,0,,,"electron, dosimetry, radiation"
"Sanche, Leon",Universite de Sherbrooke,Quebec,Operating Grant,201209MOP,Medical Physics & Imaging,Secondary electron collision cross sections for use in radiotherapy and radioprotection/Sections efficaces de diffusion des electrons secondaires pour utilisation en radiotherapie et radioprotection.,"$670,172",$0,,,5 yrs 0 mth ,Cancer Research,POPULATION HEALTH; CANCER THERAPY GENERAL; CANCER,2013-04-01,2018-03-31,0,,,"electron, radiotherapy, radioprotection"
"Sanderson, J. Thomas","INRS - (Quebec, QC)",Quebec,Operating Grant,201103MOP,Cancer Progression & Therapeutics,"Antiandrogenic and antiproliferative effects of diindolylmethane (DIM) and ring-substituted analogs (ring-DIMs) in androgen -ependent and -independent human prostate cancer cells in vitro, and in vivo using real-time imaging technology.","$345,661",$0,,,3 yrs 0 mth ,Gender and Health,PROSTATE AND BLADDER CANCER; PROSTATE AND BLADDER CANCER THERAPY; HEALTH RESEARCH; CANCER,2011-10-01,2014-09-30,0,,,"antiandrogenic, antiproliferative, prostate cancer"
"Santerre, Paul",University of Toronto,Ontario,Project Grant,201909PJT,Biomedical Engineering,Enabling the Engineering of Vascular Grafts with Human Cells-Appliations to Pulmonary Arterial Grafting,"$852,975",$0,,,5 yrs 0 mth ,Circulatory and Respiratory Health,"Biomedical Engineering-Regenerative Medicine and Tissue Engineering; Cardiovascular, Respiratory and Circulatory Systems-Vascular and Endothelial Biology; Molecular, Cellular and Systems Biology-Cell Signaling",2020-04-01,2025-03-31,1,,,"Vascular Grafts, Human Cells, Pulmonary Arterial"
"Santerre, Paul",University of Toronto,Ontario,Operating Grant,201009MOP,Biomedical Engineering,Monocyte directed tissue regeneration of a blood vessel substitute using a pro-cellular degradable tubular scaffold,"$379,080",$0,,,3 yrs 0 mth ,Circulatory and Respiratory Health,CORONARY CIRCULATION (INCL. INSUFFICIENCY); ATHEROSCLEROSIS; CARDIOVASCULAR; HEALTH RESEARCH,2014-07-01,2018-06-30,5,,,"monocyte, tissue regeneration, blood vessel"
"Santerre, Paul",University of Toronto,Ontario,Operating Grant,201403MOP,Biomedical Engineering,Monocyte directed tissue regeneration of a blood vessel substitute using a pro-cellular degradable tubular scaffold,"$482,574",$0,,,4 yrs 0 mth ,Circulatory and Respiratory Health,CORONARY CIRCULATION (INCL. INSUFFICIENCY); ATHEROSCLEROSIS; CARDIOVASCULAR; HEALTH RESEARCH,2014-07-01,2018-06-30,5,,,"monocyte, tissue regeneration, blood vessel"
"Santyr, Giles E",Western University (Ontario),Ontario,Operating Grant,201009MOP,Medical Physics & Imaging,Functional and Metabolic Magnetic Resonance Imaging of Lung Inflammation,"$367,905",$0,,,3 yrs 0 mth ,Circulatory and Respiratory Health,RESPIRATION; NONE OF THE ABOVE; IMAGING,2011-04-01,2014-03-31,0,,,"Magnetic Resonance Imaging, Lung Inflammation"
"Santyr, Giles E",Western University (Ontario),Ontario,Operating Grant,201203MOP,Medical Physics & Imaging,Hyperpolarized Xenon-129 Magnetic Resonance Imaging of Radiation-Induced Lung Injury,"$500,264",$0,,,5 yrs 0 mth ,Circulatory and Respiratory Health,CANCER THERAPY GENERAL; LUNG CANCER THERAPY; IMAGING; CANCER,2012-10-01,2018-03-31,0,,,"Hyperpolarized, Xenon-129, MRI"
"Santyr, Giles E",Hospital for Sick Children (Toronto),Ontario,Project Grant,202010PJT,Medical Physics & Imaging,Magnetic Resonance Imaging Toolbox for Assessment of Lung Structure and Function in the Early Years of Life,"$627,635",$0,,,5 yrs 0 mth ,Circulatory and Respiratory Health,"Methods Development and Modelling-Quantitative Methods Development for Health Research; Cardiovascular, Respiratory and Circulatory Systems-Respiratory System Pathologies and Clinical Interventions",2021-04-01,2026-03-31,0,,,"Magnetic Resonance Imaging, Lung, Structure"
"Saragovi, Horacio U",CIUSSS de Centre-Ouest-de-l'Ile-de-Montreal-Jewish General,Quebec,Project Grant,202203PJT,Cancer Progression & Therapeutics,"Development of effective targeted anti-GD2 cancer immunotherapies, that synergize with immune-checkpoint inhibitor blockades","$1,109,251",$0,,,4 yrs 0 mth ,Cancer Research,Cancer-Cancer Drug Development and Therapeutics,2022-10-01,2026-09-30,2,,,"anti-GD2, immunotherapies, immune-checkpoint"
"Saucier, Caroline",Universite de Sherbrooke,Quebec,Operating Grant,201003MOP,Cancer Progression & Therapeutics,The role of receptor tyrosine kinases in the initiation and progression of colorectal cancer,"$657,991",$0,,,5 yrs 0 mth ,Cancer Research,GASTRO-INTESTINAL CANCER; NEOPLASMS; CANCER; GASTROINTESTINAL (LIVER),2010-10-01,2015-09-30,0,,,"receptor tyrosine kinases, colorectal cancer"
"Sauvageau, Guy",Universite de Montreal,Quebec,Project Grant,202109PJT,Cancer Progression & Therapeutics 2,Understanding the GR/PLZF axis in acute myeloid leukemia,"$908,438",$0,,,5 yrs 0 mth ,Cancer Research,Cancer-Cancer Drug Development and Therapeutics; Genetics-Molecular and Functional Genetics and Epigenetics,2022-04-01,2027-03-31,0,,,"GR, PLZF, leukemia"
"Savas, Sevtap",Memorial University of Newfoundland,Newfoundland and Labrador,Operating Grant - PA: Regional Partnership Program - Newfoundland and Labrador,201003RNL,Cancer Progression & Therapeutics,Identification of genetic factors correlated with survival in colorectal cancer: Investigation of genetic markers from angiogenesis/lymphangiogenesis and metastasis pathways,"$114,190",$0,,,2 yrs 6 mths ,Cancer Research,GASTRO-INTESTINAL CANCER; NONE OF THE ABOVE; CANCER; GENETICS,2010-12-01,2013-05-31,0,,,"genetic factors, colorectal cancer, metastasis"
"Schild-Poulter, Caroline",Western University (Ontario),Ontario,Operating Grant,201503MOP,Cancer Biology & Therapeutics,Cell signaling pathway regulation by the RanBPM/CTLH complex in cancer development,"$711,895",$0,,,5 yrs 0 mth ,Cancer Research,MULTIPLE DISEASE RELEVANCE; NEOPLASMS; CANCER; MOLECULAR BIOLOGY,2015-07-01,2020-06-30,0,,,"cell signaling, RanBPM, cancer"
"Schild-Poulter, Caroline",Western University (Ontario),Ontario,Operating Grant,201103MOP,Cancer Biology & Therapeutics,Characterization of RanBPM function in apoptosis and cell transformation,"$335,472",$0,,,3 yrs 0 mth ,Cancer Research,MULTIPLE DISEASE RELEVANCE; BREAST CANCER; CANCER; MOLECULAR BIOLOGY,2011-10-01,2014-09-30,0,,,"RanBPM, apoptosis, cell transformation"
"Schild-Poulter, Caroline",Western University (Ontario),Ontario,Operating Grant - PA: Cancer Research (bridge funding),200909IC1,Cancer Biology & Therapeutics,Mechanisms of RanBPM-mediated cell death,"$100,000",$0,,,1 yr 0 mth ,Cancer Research,MULTIPLE DISEASE RELEVANCE; BREAST CANCER; CANCER; MOLECULAR BIOLOGY,2010-04-01,2011-03-31,0,,,"RanBPM, cell death, mechanisms"
"Schild-Poulter, Caroline",Western University (Ontario),Ontario,Project Grant,201909PJT,Cancer Biology & Therapeutics 2,Tumour-suppressive regulation of the Wnt/e-catenin signaling pathway by the CTLH complex,"$807,075",$0,,,5 yrs 0 mth ,Cancer Research,Cancer-Mechanisms of Carcinogenesis,2020-04-01,2025-03-31,0,,,"Wnt, e-catenin, CTLH"
"Schimmer, Aaron D",University Health Network (Toronto),Ontario,Operating Grant,201209MOP,Cancer Progression & Therapeutics 2,Inhibiting oncogenic kinases to target metabolism in AML,"$714,400",$0,,,5 yrs 0 mth ,Cancer Research,LEUKAEMIAS; CANCER THERAPY GENERAL; CANCER; BLOOD,2013-04-01,2017-06-30,1,,,"kinases, metabolism, AML"
"Schimmer, Aaron D",University Health Network (Toronto),Ontario,Operating Grant,201403MOP,Cancer Biology & Therapeutics,"Targeting the mitochondrial proteasome, ClpP, in AML","$707,495",$0,,,5 yrs 0 mth ,Cancer Research,LEUKAEMIAS; CANCER THERAPY GENERAL; CANCER; BLOOD,2014-07-01,2017-06-30,0,,,"mitochondrial proteasome, ClpP, AML"
"Schimmer, Aaron D",University Health Network (Toronto),Ontario,Operating Grant - PA: Genetics (Bridge Funding: Research Priorities),202303OGB,Cancer Progression & Therapeutics,The IL23 Receptor (IL23R) regulates mitotic spindle formation and is a novel therapeutic target for AML,"$100,000",$0,,,1 yr 0 mth ,Genetics,Cancer-Cancer Drug Development and Therapeutics; Cancer-Mechanisms of Carcinogenesis,2023-10-01,2024-09-30,0,,,"IL23R, mitotic spindle, AML"
"Schimmer, Aaron D",University Health Network (Toronto),Ontario,Project Grant,202409PJT,Cancer Progression & Therapeutics 2,The IL23 Receptor (IL23R) regulates mitotic spindle formation and is a novel therapeutic target for AML,"$1,067,175",$0,,,5 yrs 0 mth ,Genetics,Cancer-Cancer Drug Development and Therapeutics; Cancer-Mechanisms of Carcinogenesis,2023-10-01,2024-09-30,0,,,"IL23R, mitotic spindle, AML"
"Schirrmacher, Ralf",CIUSSS de Centre-Ouest-de-l'Ile-de-Montreal-Jewish General,Quebec,"Operating Grant - PA: Inst of Nutrition, Metabolism and Diabetes -Bridge Funding",200809NMD,Medical Physics & Imaging,Beta-cell imaging with 18F-labeled glibenclamide-glucose conjugates by positron emission tomography,"$81,155",$0,,,1 yr 0 mth ,"Nutrition, Metabolism and Diabetes",DIABETES MELLITUS; ENDOCRINOLOGY; IMAGING; METABOLISM/DIABETES,2009-01-01,2009-09-30,4,,,"beta-cell, imaging, positron emission tomography"
"Schirrmacher, Ralf",CIUSSS de Centre-Ouest-de-l'Ile-de-Montreal-Jewish General,Quebec,Operating Grant,200903MOP,Medical Physics & Imaging,Beta-cell imaging with 18F-labeled glibenclamide-glucose conjugates by positron emission tomography,"$238,386",$0,,,3 yrs 0 mth ,"Nutrition, Metabolism and Diabetes",DIABETES MELLITUS; ENDOCRINOLOGY; IMAGING; METABOLISM/DIABETES,2009-01-01,2009-09-30,4,,,"beta-cell, imaging, positron emission tomography"
"Schramek, Daniel",Sinai Health System (Toronto),Ontario,Project Grant,202303PJT,Cancer Progression & Therapeutics,Identifying and characterizing essential genes and cancer driver genes in HNSCC using in vivo CRISPR screens.,"$1,063,350",$0,,,5 yrs 0 mth ,Cancer Research,Cancer-Cancer Drug Development and Therapeutics; Cancer-Mechanisms of Carcinogenesis,2023-10-01,2028-09-30,0,,,"CRISPR, genes, cancer"
"Schramek, Daniel",Sinai Health System (Toronto),Ontario,Project Grant,202210PJT,Cancer Progression & Therapeutics 2,Identifying essential genes for epithelial homeostasis and KRas-driven carcinomas using in vivo CRISPR screens.,"$100,000",$0,,,1 yr 0 mth ,Cancer Research,Cancer-Cancer Drug Development and Therapeutics; Cancer-Mechanisms of Carcinogenesis,2023-04-01,2024-03-31,0,,,"CRISPR, genes, carcinomas"
"Schramek, Daniel",Sinai Health System (Toronto),Ontario,Project Grant,202003PJT,Cancer Biology & Therapeutics 2,In vivo CRISPR screen to identify clinically relevant therapeutic targets for lung cancer,"$1,071,000",$0,,,5 yrs 0 mth ,Cancer Research,Cancer-Cancer Drug Development and Therapeutics,2020-10-01,2025-09-30,0,,,"CRISPR, lung cancer, targets"
"Schreiner, L. John","Queen's University (Kingston, Ontario)",Ontario,Operating Grant - PA: Cancer Research (bridge funding),201009IC1,Medical Physics & Imaging,Advancing gel dosimetry for clinical radiation therapy,"$60,388",$0,,,1 yr 0 mth ,Cancer Research,CANCER THERAPY GENERAL; NONE OF THE ABOVE; CANCER; IMAGING,2011-10-01,2016-09-30,0,,,"gel, dosimetry, radiation"
"Schreiner, L. John","Queen's University (Kingston, Ontario)",Ontario,Operating Grant,201103MOP,Medical Physics & Imaging,Advancing gel dosimetry for clinical radiation therapy,"$369,252",$0,,,5 yrs 0 mth ,Cancer Research,CANCER THERAPY GENERAL; NONE OF THE ABOVE; CANCER; IMAGING,2011-10-01,2016-09-30,0,,,"gel, dosimetry, radiation"
"Schultz, Kirk R",University of British Columbia,British Columbia,Operating Grant,200810MOP,Cancer Progression & Therapeutics,Biomarkers for Chronic Graft-Versus-Host disease,"$100,000",$0,,,1 yr 0 mth ,Cancer Research,LEUKAEMIAS; CANCER THERAPY GENERAL; CANCER; IMMUNOLOGY-TRANSPLANTATION,2009-10-01,2014-09-30,1,,,"biomarkers, Graft-Versus-Host, disease"
"Schultz, Kirk R",University of British Columbia,British Columbia,Operating Grant,200903MOP,Cancer Progression & Therapeutics,Biomarkers for Chronic Graft-Versus-Host disease,"$972,275",$0,,,5 yrs 0 mth ,Cancer Research,LEUKAEMIAS; CANCER THERAPY GENERAL; CANCER; IMMUNOLOGY-TRANSPLANTATION,2009-10-01,2014-09-30,1,,,"biomarkers, Graft-Versus-Host, disease"
"Scott, Mark D",Canadian Blood Services (Ottawa),Ontario,Operating Grant,201203MOP,Biomedical Engineering,Polymer-Grafted Allogeneic Leukocytes and Systemic Immune Modulation,"$822,276",$0,,,5 yrs 0 mth ,Circulatory and Respiratory Health,MULTIDISCIPLINARY; BLOOD,2012-10-01,2018-03-31,9,,,"Polymer-Grafted, Leukocytes, Immune"
"Sebag, Michael",Research Institute of the McGill University Health Centre,Quebec,Operating Grant,201203MOP,Cancer Progression & Therapeutics 2,Development of a Transgenic Mouse Model and Testing Platform of Multiple Myeloma Bone Disease,"$331,788",$0,,,3 yrs 0 mth ,Cancer Research,"CANCER THERAPY GENERAL; BLOOD; CANCER; MUSCLE, BONE, OR JOINT",2012-10-01,2015-09-30,1,,,"Transgenic, Mouse Model, Multiple Myeloma"
"Sefton, Michael V",University of Toronto,Ontario,Operating Grant,201103MOP,Biomedical Engineering,Modular Tissue Engineering for Islet Transplantation,"$346,262",$0,,,3 yrs 0 mth ,"Nutrition, Metabolism and Diabetes",DIABETES MELLITUS; SKIN AND SUBCUTANEOUS TISSUS; METABOLISM/DIABETES; IMMUNOLOGY-TRANSPLANTATION,2011-10-01,2014-09-30,1,,,"Tissue engineering, Islet transplantation"
"Sefton, Michael V",University of Toronto,Ontario,Operating Grant,201503MOP,Biomedical Engineering,Robust vascularization using modular tissue engineering,"$619,244",$0,,,5 yrs 0 mth ,Circulatory and Respiratory Health,DIABETES MELLITUS; SKIN AND SUBCUTANEOUS TISSUS; CARDIOVASCULAR; IMMUNOLOGY-TRANSPLANTATION,2015-07-01,2017-06-30,0,,,"vascularization, tissue engineering, modular"
"Segura, Mariela A",Universite de Montreal,Quebec,Vaccines of the 21st Century,200903CVC,Catalyst Grant: Vaccines of the 21st Century,Effect of sialic acid of Gram-positive bacteria capsular polysaccharides on the immunogenic capacity of conjugate vaccines,"$98,222",$0,,,1 yr 0 mth ,Infection and Immunity,INFECTIOUS AND PARASITIC; IMMUNOLOGY-TRANSPLANTATION; BACTERIOLOGY,2009-10-01,2010-09-30,1,,,"sialic acid, Gram-positive bacteria, capsular polysaccharides"
"Selvaganapathy, Ponnambalam R",McMaster University,Ontario,Project Grant,201909PJT,Biomedical Engineering,Artificial Placenta: A biomimetic approach to support neonates with respiratory distress,"$761,176",$0,,,4 yrs 0 mth ,"Human Development, Child and Youth Health","Biomedical Engineering-Biophysics, Medical Technologies and Instrumentation; Biomedical Engineering-Biomaterials, Nanotechnology and Biomechanics",2020-04-01,2024-03-31,0,,,"Artificial placenta, biomimetic, respiratory"
"Seth, Arun K","Sunnybrook Health Sciences Centre (Toronto, Ontario)",Ontario,Operating Grant,200903MOP,Cancer Progression & Therapeutics,Impact of insulin like growth factor binding protein 7 (IGFBP7) on breast tumor suppression,"$340,026",$0,,,3 yrs 0 mth ,Cancer Research,BREAST CANCER; CANCER,2009-10-01,2012-09-30,0,,,"IGFBP7, breast tumor, suppression"
"Seto, Emily",University of Toronto,Ontario,Catalyst Grant: Personalized Health Catalyst Grants,201706PCG,Personalized Health - novel e-health applications,Development of a telemonitoring app for management of patients with multiple chronic conditions within an integrated care model,"$199,800",$0,,,2 yrs 0 mth ,Health Services and Policy Research,HEALTH CARE DELIVERY; HEALTH SERVICES RESEARCH,2017-09-01,2019-08-31,0,,,"telemonitoring, app, chronic conditions"
"Seuntjens, Jan P",Research Institute of the McGill University Health Centre,Quebec,Operating Grant,200909MOP,Medical Physics & Imaging,"Monte Carlo-based mixed electron/photon beam inverse treatment planning, delivery and verification","$300,000",$0,,,5 yrs 0 mth ,Cancer Research,CANCER THERAPY GENERAL; MULTIDISCIPLINARY; CANCER; HEALTH RESEARCH,2010-04-01,2015-03-31,2,,,"Monte Carlo, electron/photon, beam"
"Seuntjens, Jan P",University Health Network (Toronto),Ontario,Project Grant,202203PJT,Medical Physics & Imaging,"Towards a low-cost, optimized proton therapy accelerator","$1,369,352",$0,,,4 yrs 0 mth ,Cancer Research,"Biomedical Engineering-Biophysics, Medical Technologies and Instrumentation",2022-10-01,2026-09-30,0,,,"proton therapy, accelerator"
"Shadgan, Babak",University of British Columbia,British Columbia,Project Grant,202303PJT,Biomedical Engineering,Advanced optical monitoring of free tissue transfer hemodynamics,"$669,376",$0,,,4 yrs 0 mth ,Circulatory and Respiratory Health,"Cardiovascular, Respiratory and Circulatory Systems-Cardiovascular and Circulatory Sciences; Biomedical Engineering-Biophysics, Medical Technologies and Instrumentation; Health Services and Systems-Emergency Care and Critical Care",2023-10-01,2027-09-30,0,,,"optical, monitoring, hemodynamics"
"Shafey, Mona",University of Calgary,Alberta,Project Grant,202303PJT,Cancer Biology & Therapeutics,"A Phase I Feasibility and Safety Study of GCAR1, a Chimeric Antigen Receptor (CAR) T-cell Therapy for Patients with Relapsed/Refractory GPNMB-Expressing Solid Tumors","$2,796,075",$0,,,4 yrs 0 mth ,Cancer Research,Cancer-Cancer Drug Development and Therapeutics,2023-10-01,2027-09-30,0,,,"Chimeric Antigen Receptor, T-cell Therapy, GPNMB"
"Shah, Girish M",Universite Laval,Quebec,"Operating Grant - PA: Musculoskeletal Health, Arthritis, Skin and Oral Health",201303IMH,Cancer Biology & Therapeutics,Roles of poly(ADP-ribose)polymerase-1 in cellular responses to ultraviolet radiations,"$100,000",$0,,,1 yr 0 mth ,Cancer Research,SKIN AND SUBCUTANEOUS TISSUS; ENVIRONMENTAL INFLUENCES ON HEALTH; CANCER; MOLECULAR BIOLOGY,2013-10-01,2014-09-30,0,,,"poly(ADP-ribose)polymerase-1, cellular responses, ultraviolet radiations"
"Shah, Sohrab P",University of British Columbia,British Columbia,Operating Grant,201103MOP,Cancer Progression & Therapeutics 2,Genomic Disruption in High-Grade Serous Ovarian Carcinomas: Steady State or Continuous Drift?,"$563,330",$0,,,4 yrs 0 mth ,Cancer Research,NEOPLASMS; CANCER; GENETICS,2011-10-01,2015-06-30,4,,,"Genomic, Ovarian, Carcinomas"
"Shahriari, Dena",University of British Columbia,British Columbia,Project Grant,202309PJT,Biomedical Engineering 2,Optogenetic stimulation after spinal cord injury in rodents,"$956,250",$0,,,5 yrs 0 mth ,"Neurosciences, Mental Health and Addiction","Biomedical Engineering-Regenerative Medicine and Tissue Engineering; Biomedical Engineering-Biomaterials, Nanotechnology and Biomechanics",2024-04-01,2029-03-31,1,,,"Optogenetic, spinal cord injury, stimulation"
"Shakiba, Nika",University of British Columbia,British Columbia,Operating Grant - PA: Genetics (Bridge Funding: Research Priorities),202109OGB,Biomedical Engineering,A bioengineering platform to promote safe cell therapies,"$100,000",$0,,,1 yr 0 mth ,Genetics,Biomedical Engineering-Regenerative Medicine and Tissue Engineering,2022-10-01,2027-09-30,0,,,"bioengineering, cell therapies, platform"
"Shakiba, Nika",University of British Columbia,British Columbia,Project Grant,202203PJT,Biomedical Engineering 2,A bioengineering platform to promote safe cell therapies,"$963,900",$0,,,5 yrs 0 mth ,Genetics,Biomedical Engineering-Regenerative Medicine and Tissue Engineering,2022-10-01,2027-09-30,0,,,"bioengineering, cell therapies, platform"
"Sharif, Tanveer",University of Manitoba,Manitoba,Project Grant,202109PJT,Cancer Biology & Therapeutics 2,Taking down the 'undruggable' oncogene: therapeutic implications for novel mechanism-based targeting of MYC,"$956,250",$0,,,5 yrs 0 mth ,Cancer Research,Cancer-Pediatric Cancer; Cancer-Cancer Drug Development and Therapeutics,2022-04-01,2027-03-31,0,,,"MYC, oncogene, targeting"
"Shaw, Tony",University of Manitoba,Manitoba,Operating Grant,201009MOP,Medical Physics & Imaging,Point of care diagnostic and analytical metabolomic testing.,"$289,018",$0,,,3 yrs 0 mth ,Population and Public Health,"MULTIDISCIPLINARY; MULTIPLE DISEASE RELEVANCE; GENOMICS, PROTEOMICS, AND BIOINFORMATICS; BIOPHYSICS",2008-04-01,2010-03-31,0,,,"point of care, diagnostic, metabolomic"
"Sheardown, Heather D",McMaster University,Ontario,Project Grant,202003PJT,Biomedical Engineering,A Degradable Sustained Release Mucoadhesive Drug Delivery System to Regulate Intraocular Pressure (IOP) in Glaucoma,"$699,976",$0,,,5 yrs 0 mth ,Aging,"Biomedical Engineering-Biomaterials, Nanotechnology and Biomechanics; Pharmacological, Toxicological and Pharmaceutical Sciences-Drug Discovery, Design and Delivery; Neurosciences-Sensory Systems (including visual, auditory and pain)",2020-10-01,2025-09-30,0,,,"Degradable, Mucoadhesive, Intraocular Pressure"
"Shoichet, Molly S",University of Toronto,Ontario,Operating Grant,201203MOP,Biomedical Engineering,Local Delivery of Therapeutic Biomolecules to the Injured Spinal Cord,"$756,107",$0,,,5 yrs 0 mth ,"Neurosciences, Mental Health and Addiction","SPINAL CORD DISEASE; INJURY, REGENERATION; NERVOUS SYSTEM",2012-10-01,2015-06-30,3,,,"biomolecules, spinal cord, delivery"
"Shoichet, Molly S",University of Toronto,Ontario,Project Grant,202209PJT,Biomedical Engineering 2,Overcoming ER+ Breast Cancer with Fulvestrant-siRNA co-delivery,"$665,552",$0,,,4 yrs 0 mth ,Cancer Research,"Biomedical Engineering-Biomaterials, Nanotechnology and Biomechanics; Cancer-Cancer Drug Development and Therapeutics",2023-04-01,2027-03-31,0,,,"ER+, breast cancer, siRNA"
"Shoichet, Molly S",University of Toronto,Ontario,Operating Grant,201009MOP,Biomedical Engineering,Polymeric Nanospheres Designed for Targeted Delivery in Breast Cancer,"$586,822",$0,,,4 yrs 0 mth ,Cancer Research,BREAST CANCER; CANCER,2011-04-01,2015-03-31,3,,,"Polymeric, Nanospheres, Breast Cancer"
"Shoichet, Molly S",University of Toronto,Ontario,Project Grant,202109PJT,Biomedical Engineering,Vision Rescue: Transforming Therapeutics with Hydrogel Delivery,"$573,752",$0,,,4 yrs 0 mth ,"Neurosciences, Mental Health and Addiction",Biomedical Engineering-Regenerative Medicine and Tissue Engineering,2022-07-01,2026-06-30,0,,,"Vision, Hydrogel, Delivery"
"Shrive, Nigel G",University of Calgary,Alberta,"Operating Grant - PA: Musculoskeletal Health, Arthritis, Skin and Oral Health",201109IMH,Biomedical Engineering,Investigating the Mechanisims of Osteoarthritis in an Ovine Model,"$100,000",$0,,,1 yr 0 mth ,Musculoskeletal Health and Arthritis,"MUSCULO SKELETAL; ARTHRITIS/OSTEOARTHRITIS; MUSCLE, BONE, OR JOINT",2012-03-01,2013-02-28,0,,,"Osteoarthritis, Ovine, Mechanisms"
"Shrive, Nigel G",University of Calgary,Alberta,Operating Grant,201209MOP,Biomedical Engineering,The mechanical causes of osteoarthritis,"$665,010",$0,,,5 yrs 0 mth ,Musculoskeletal Health and Arthritis,MUSCULO SKELETAL; ARTHRITIS/OSTEOARTHRITIS; HEALTH RESEARCH; AGING,2013-04-01,2018-03-31,0,,,"mechanical, osteoarthritis, causes"
"Sicheri, Frank",Sinai Health System (Toronto),Ontario,Project Grant,202109PJT,Cancer Progression & Therapeutics 2,Induced proximity therapeutics for the difficult-to-drug RAS and RAF oncoproteins,"$1,300,882",$0,,,5 yrs 0 mth ,Cancer Research,"Cancer-Cancer Drug Development and Therapeutics; Molecular, Cellular and Systems Biology-Biochemistry; Molecular, Cellular and Systems Biology-Structure and Function of Macromolecules",2022-04-01,2027-03-31,0,,,"induced proximity, RAS, RAF"
"Sidhu, Sachdev S",University of Toronto,Ontario,Project Grant,201803PJT,Cancer Progression & Therapeutics,Engineering therapeutics for the treatment of anemia in oncology patients,"$623,476",$0,,,5 yrs 0 mth ,Cancer Research,"Cancer-Cancer Drug Development and Therapeutics; Cancer-Cancer Progression and Metastasis; Cardiovascular, Respiratory and Circulatory Systems-Hematology",2018-10-01,2023-09-30,5,,,"therapeutics, anemia, oncology"
"Sidhu, Sachdev S",University of Toronto,Ontario,Operating Grant: COVID-19 - Therapeutics,202002OV3,Canadian 2019 Novel Coronavirus (2019-nCoV) Rapid Research,Rapid development of antiviral compounds to fight the COVID-19 outbreak,"$886,090",$0,,,2 yrs 0 mth ,Genetics,VIRAL; INFECTIOUS AND PARASITIC; MOLECULAR BIOLOGY; DRUG RESEARCH,2020-02-01,2022-01-31,3,,,"antiviral, compounds, COVID-19"
"Sidhu, Sachdev S",University of Toronto,Ontario,Operating Grant,201009MOP,Cancer Progression & Therapeutics,Specific inhibitors of deubiquitinating enzymes,"$485,957",$0,,,3 yrs 0 mth ,Cancer Research,MOLECULAR BIOLOGY; CANCER,2011-04-01,2014-03-31,2,,,"deubiquitinating enzymes, inhibitors"
"Sidhu, Sachdev S",University of Toronto,Ontario,Operating Grant,201403MOP,Cancer Progression & Therapeutics 2,Specific inhibitors of ubiquitin ligases and deubiquitinases,"$919,406",$0,,,5 yrs 0 mth ,Genetics,MOLECULAR BIOLOGY; CANCER,2014-07-01,2019-06-30,4,,,"ubiquitin, ligases, deubiquitinases"
"Siegel, Peter M",McGill University,Quebec,Operating Grant,201403MOP,Cancer Progression & Therapeutics,Claudin-2 as a Prognostic and Therapeutic Target in Breast Cancer Liver Metastasis,"$761,594",$0,,,5 yrs 0 mth ,Cancer Research,BREAST CANCER; BREAST CANCER THERAPY; CANCER; MOLECULAR BIOLOGY,2014-07-01,2019-06-30,0,,,"Claudin-2, Breast Cancer, Liver Metastasis"
"Siegel, Peter M",McGill University,Quebec,Project Grant,202209PJT,Cancer Biology & Therapeutics,Defining the Immunomodulatory Role of GPNMB in Triple Negative Breast Cancer,"$994,500",$0,,,5 yrs 0 mth ,Cancer Research,Cancer-Cancer Progression and Metastasis,2023-04-01,2028-03-31,0,,,"GPNMB, Immunomodulatory, Breast Cancer"
"Siegel, Peter M",McGill University,Quebec,Operating Grant,201109MOP,Cancer Progression & Therapeutics 2,GPNMB as an emerging therapeutic target in metastatic breast cancer,"$729,830",$0,,,5 yrs 0 mth ,Cancer Research,BREAST CANCER; BREAST CANCER THERAPY; CANCER; MOLECULAR BIOLOGY,2012-04-01,2017-03-31,0,,,"GPNMB, metastatic breast cancer, therapeutic target"
"Siegel, Peter M",McGill University,Quebec,Project Grant,202010PJT,Cancer Progression & Therapeutics 2,Identifying tumor-derived and microenvironmental factors that drive invasive growth of brain metastases,"$1,032,750",$0,,,5 yrs 0 mth ,Cancer Research,Cancer-Cancer Progression and Metastasis,2021-04-01,2026-03-31,0,,,"tumor, microenvironment, metastases"
"Silva Wurzba, Sabrina Daniela",McGill University,Quebec,Project Grant,202109PJT,Cancer Biology & Therapeutics 2,Identification of biological properties and molecular signatures to predict treatment response in patients with advanced HPV positive oropharyngeal cancer,"$665,550",$0,,,5 yrs 0 mth ,Cancer Research,Musculoskeletal Health-Oral Health,2022-04-01,2027-03-31,0,,,"biological properties, molecular signatures, HPV"
"Simmons, Craig A",University of Toronto,Ontario,Project Grant,201903PJT,Biomedical Engineering,Dissecting the role of hemodynamics in ascending aorta aneurysm development,"$860,626",$0,,,5 yrs 0 mth ,Circulatory and Respiratory Health,"Cardiovascular, Respiratory and Circulatory Systems-Vascular and Endothelial Biology",2019-10-01,2024-09-30,0,,,"hemodynamics, ascending aorta, aneurysm"
"Simmons, Craig A",University of Toronto,Ontario,Project Grant,202010PJT,Biomedical Engineering,Optimization of cell culture media and substrates to mature pluripotent stem cell-derived cardiomyoctyes for improved cardiac cell therapy,"$929,475",$0,,,5 yrs 0 mth ,Circulatory and Respiratory Health,"Biomedical Engineering-Regenerative Medicine and Tissue Engineering; Cardiovascular, Respiratory and Circulatory Systems-Cardiovascular and Circulatory Sciences",2021-04-01,2026-03-31,1,,,"cell culture, pluripotent stem cells, cardiomyocytes"
"Simmons, Craig A",University of Toronto,Ontario,Operating Grant,201303MOP,Biomedical Engineering,Systematic screening of engineered microenvironments for improved heart valve tissue regeneration,"$411,566",$0,,,3 yrs 0 mth ,Circulatory and Respiratory Health,CARDIOLOGY; CARDIOVASCULAR; BIOPHYSICS,2013-10-01,2016-09-30,0,,,"microenvironments, heart valve, tissue regeneration"
"Singh, Sheila K",McMaster University,Ontario,Operating Grant,201303MOP,Cancer Biology & Therapeutics,Clonal evolution of medulloblastoma BTICs (brain tumor initiating cells) in response to therapy: Discovering the refractory BTIC population through genes regulating stem cell self-renewal,"$554,057",$0,,,5 yrs 0 mth ,Cancer Research,BRAIN TUMORS (INCL. RETINAL TUMORS); BRAIN TUMORS THERAPY; CANCER; MOLECULAR BIOLOGY,2013-10-01,2018-09-30,4,,,"medulloblastoma, BTICs, stem cell"
"Singh, Sheila K",McMaster University,Ontario,Project Grant,202209PJT,Cancer Biology & Therapeutics,Dynamic metabolic reprogramming drives myc-amplified medulloblastoma recurrence,"$841,500",$0,,,5 yrs 0 mth ,Cancer Research,Cancer-Pediatric Cancer,2023-04-01,2028-03-31,1,,,"metabolic reprogramming, myc-amplified, medulloblastoma"
"Singh, Sheila K",McMaster University,Ontario,Project Grant - Priority Announcement: Early Detection/Cancer Prevention,202309DCP,Cancer Progression & Therapeutics,Targeting BACE1 for the prevention and treatment of Brain metastases,"$100,000",$0,,,1 yr 0 mth ,Cancer Research,Cancer-Cancer Drug Development and Therapeutics; Cancer-Cancer Progression and Metastasis,2024-03-01,2025-02-28,0,,,"BACE1, brain metastases"
"Singh, Sheila K",McMaster University,Ontario,Project Grant,202409PJT,Cancer Progression & Therapeutics 2,Targeting BACE1 for the prevention and treatment of Brain metastases,"$975,375",$0,,,5 yrs 0 mth ,Cancer Research,Cancer-Cancer Drug Development and Therapeutics; Cancer-Cancer Progression and Metastasis,2024-03-01,2025-02-28,0,,,"BACE1, brain metastases"
"Singh, Sheila K",McMaster University,Ontario,Project Grant,201803PJT,Cancer Progression & Therapeutics,Wnt activation as a therapeutic strategy for treatment-refractory childhood medulloblastoma,"$860,626",$0,,,5 yrs 0 mth ,Cancer Research,"Cancer-Cancer Drug Development and Therapeutics; Molecular, Cellular and Systems Biology-Cell Signaling",2018-10-01,2023-09-30,2,,,"Wnt, medulloblastoma, activation"
"Sinnett, Daniel","Centre hospitalier universitaire Sainte-Justine (Montreal, Quebec)",Quebec,Operating Grant,201003MOP,Cancer Progression & Therapeutics 2,Investigation of the genomic determinants of childhood leukemia using next-generation sequencing,"$647,040",$0,,,5 yrs 0 mth ,Genetics,"LEUKAEMIAS; BIOSTATISTICS; CANCER; GENOMICS, PROTEOMICS, AND BIOINFORMATICS",2010-10-01,2015-09-30,0,,,"genomic, leukemia, sequencing"
"Sinnett, Daniel","Centre hospitalier universitaire Sainte-Justine (Montreal, Quebec)",Quebec,Operating Grant,200809MOP,Cancer Progression & Therapeutics,Regulatory polymorphisms in apoptosis genes and susceptibility to childhood leukemia,"$410,877",$0,,,3 yrs 0 mth ,Genetics,LEUKAEMIAS; MULTIDISCIPLINARY; GENETICS; CANCER,2009-04-01,2012-03-31,0,,,"polymorphisms, apoptosis, leukemia"
"Siu, K. W. Michael","York University (Toronto, Ontario)",Ontario,Operating Grant,200810MOP,Cancer Progression & Therapeutics,"From Tumors to Blood: Biomarker-Based Diagnostics, and Implications in Prognostics and Therapeutics of Glioblastoma Multiforme","$100,000",$0,,,1 yr 0 mth ,Cancer Research,"BRAIN TUMORS (INCL. RETINAL TUMORS); NONE OF THE ABOVE; CANCER; GENOMICS, PROTEOMICS, AND BIOINFORMATICS",2009-03-01,2009-09-30,1,,,"Biomarkers, Glioblastoma, Diagnostics"
"Siu, K. W. Michael","York University (Toronto, Ontario)",Ontario,Operating Grant,200903MOP,Cancer Progression & Therapeutics,"From Tumors to Blood: Biomarker-Based Diagnostics, and Implications in Prognostics and Therapeutics of Glioblastoma Multiforme","$385,416",$0,,,3 yrs 0 mth ,Cancer Research,"BRAIN TUMORS (INCL. RETINAL TUMORS); NONE OF THE ABOVE; CANCER; GENOMICS, PROTEOMICS, AND BIOINFORMATICS",2009-03-01,2009-09-30,1,,,"Biomarkers, Glioblastoma, Diagnostics"
"Skowronski, Danuta Maria",University of British Columbia,British Columbia,Vaccines of the 21st Century,200903CVC,Catalyst Grant: Vaccines of the 21st Century,TITRE II: TIV Infant/Toddler Response Evaluation (TITRE) - follow-up & focus on influenza B,"$100,000",$0,,,1 yr 0 mth ,Infection and Immunity,EPIDEMIOLOGY; VIRAL; POPULATION HEALTH; VIROLOGY,2009-10-01,2010-09-30,0,,,"Infant, Response, Influenza B"
"Sled, John G",Hospital for Sick Children (Toronto),Ontario,Operating Grant,201303MOP,Medical Physics & Imaging,Advanced MRI methods for early detection and characterization of placental dysfunction and the monitoring of therapy,"$470,585",$0,,,3 yrs 0 mth ,"Human Development, Child and Youth Health",PREGNANCY/BIRTH; MULTIDISCIPLINARY,2013-10-01,2016-09-30,0,,,"MRI, placental dysfunction, detection"
"Sled, John G",Hospital for Sick Children (Toronto),Ontario,Operating Grant,201009MOP,Medical Physics & Imaging,Neurovascular Adaptation,"$793,339",$0,,,5 yrs 0 mth ,"Neurosciences, Mental Health and Addiction",MULTIPLE DISEASE RELEVANCE; ALZHEIMER'S DISEASE; IMAGING; NERVOUS SYSTEM,2011-04-01,2016-03-31,0,,,"Neurovascular, Adaptation"
"Sled, John G",Hospital for Sick Children (Toronto),Ontario,Project Grant,201909PJT,Medical Physics & Imaging,Predicting and preventing brain injury in the antenatal period,"$891,225",$0,,,5 yrs 0 mth ,"Human Development, Child and Youth Health","Biomedical Engineering-Biomedical Imaging; Reproduction and Development-Clinical Embryology, Neonatology and Pediatrics; Cardiovascular, Respiratory and Circulatory Systems-Cardiovascular and Circulatory Sciences",2020-04-01,2025-03-31,0,,,"brain injury, antenatal, prediction"
"Snider, Denis P",McMaster University,Ontario,Catalyst Grant: HIV/AIDS Vaccine Discovery Research (Can HIV Vaccine Initiative),200811CHV,HIV Vaccine Discovery,Functional correlate of mucosal antibody response to HIV infection in blood.,"$100,000",$0,,,1 yr 0 mth ,Infection and Immunity,AIDS; IMMUNOLOGY-TRANSPLANTATION; VIROLOGY,2009-03-01,2010-02-28,0,,,"mucosal antibody, HIV, blood"
"So, Aaron",London Health Sciences Centre Res. Inc. (Ont.),Ontario,Project Grant,201909PJT,Medical Physics & Imaging,Multi-centre diagnostic performance of dynamic CT perfusion for functional assessment of multi-vessel coronary artery disease with dense coronary calcification,"$581,246",$0,,,3 yrs 0 mth ,Circulatory and Respiratory Health,"Cardiovascular, Respiratory and Circulatory Systems-Clinical and Translational Cardiovascular Sciences",2020-04-01,2023-03-31,1,,,"CT perfusion, coronary artery disease, calcification"
"So, Alan I",University of British Columbia,British Columbia,Project Grant,201803PJT,Biomedical Engineering,Novel 3D personalized bladder cancer model on demand: A new era for personalized medicine.,"$248,625",$0,,,2 yrs 0 mth ,Cancer Research,Biomedical Engineering-Regenerative Medicine and Tissue Engineering; Cancer-Cancer Drug Development and Therapeutics,2018-10-01,2021-09-30,0,,,"3D, bladder cancer, personalized"
"Sonenberg, Nahum",McGill University,Quebec,Operating Grant: COVID-19 Rapid Research Funding Opportunity - Therapeutics,202005VR3,COVID-19 Rapid Research - Therapeutics,INTERCEPTORs: engINeered ThERapeutiC dEfensive Particles TO SARS-CoV-2,"$745,124",$0,,,1 yr 0 mth ,Infection and Immunity,MULTIDISCIPLINARY; MOLECULAR BIOLOGY; VIROLOGY,2020-06-01,2021-05-31,0,,,"interceptor, engineered particles, SARS-CoV-2"
"Sorensen, Poul H",University of British Columbia,British Columbia,Operating Grant,201109MOP,Cancer Biology & Therapeutics,Regulation of fusion oncoprotein stability by the IGF1 receptor axis,"$409,800",$0,,,3 yrs 0 mth ,Cancer Research,NEOPLASMS; CANCER THERAPY GENERAL; CANCER; BIOCHEMISTRY,2012-04-01,2015-03-31,0,,,"fusion,oncoprotein,IGF1 receptor"
"Sorensen, Poul H",University of British Columbia,British Columbia,Project Grant,202309PJT,Cancer Biology & Therapeutics 2,Targeting metabolic vulnerabilities in childhood cancers using immunotherapy,"$956,250",$0,,,5 yrs 0 mth ,Cancer Research,Cancer-Pediatric Cancer,2024-04-01,2029-03-31,0,,,"metabolic vulnerabilities, childhood cancers, immunotherapy"
"Sorensen, Poul H",University of British Columbia,British Columbia,Advancing Technology Innovation through Discovery - Institute of Cancer Research,201010AT1,Special Cases,The Canadian Pediatric Cancer Genome Consortium: Translating next-generation sequencing technologies into improved therapies for high-risk childhood cancer,"$500,000",$0,,,1 yr 0 mth ,,"GENOMICS, PROTEOMICS, AND BIOINFORMATICS",2010-12-01,2012-05-31,1,,,"pediatric cancer, genome sequencing, childhood cancer"
"Sorensen, Poul H",University of British Columbia,British Columbia,Advancing Technology Innovation Through Discovery,201010ATE,Special Cases,The Canadian Pediatric Cancer Genome Consortium: Translating next-generation sequencing technologies into improved therapies for high-risk childhood cancer,"$775,000",$0,,,1 yr 0 mth ,,"GENOMICS, PROTEOMICS, AND BIOINFORMATICS",2010-12-01,2012-05-31,1,,,"pediatric cancer, genome sequencing, childhood cancer"
"Sorensen, Poul H",University of British Columbia,British Columbia,Operating Grant,201203MOP,Cancer Biology & Therapeutics,The Hace1 tumour suppressor--a novel regulator of the oxidative stress response,"$458,026",$0,,,3 yrs 0 mth ,Cancer Research,NEOPLASMS; LUNG CANCER; MOLECULAR BIOLOGY; CANCER,2012-10-01,2015-06-30,0,,,"Hace1, tumour suppressor, oxidative stress"
"Soulez, Gilles",Centre hospitalier de l'Universite de Montreal (CHUM),Quebec,Project Grant,202003PJT,Medical Physics & Imaging,Magnetic resonance navigation of drug eluting beads for liver cancer therapy: in-vitro optimization and preclinical safety efficacy study,"$619,651",$0,,,4 yrs 0 mth ,Cancer Research,"Biomedical Engineering-Biomaterials, Nanotechnology and Biomechanics",2020-10-01,2024-09-30,0,,,"magnetic resonance, drug eluting beads, liver cancer"
"Soulez, Gilles",Centre hospitalier de l'Universite de Montreal (CHUM),Quebec,Operating Grant,201103MOP,Medical Physics & Imaging,"Monitoring of abdominal aortic aneurysm after endovascular repair by ultrasound elastography: feasibility, optimization and validation","$631,588",$0,,,4 yrs 0 mth ,Circulatory and Respiratory Health,ATHEROSCLEROSIS; MULTIDISCIPLINARY; CARDIOVASCULAR; IMAGING,2011-10-01,2015-09-30,0,,,"abdominal aortic aneurysm, ultrasound elastography, endovascular repair"
"Spagnuolo, Paul",University of Guelph,Ontario,Operating Grant: COVID-19 Rapid Research Funding Opportunity - Therapeutics,202005VR3,COVID-19 Rapid Research - Therapeutics,Identification and validation of nutraceuticals that prevent SARS-CoV-2 infection,"$211,250",$0,,,1 yr 0 mth ,Infection and Immunity,VIRAL; DRUG RESEARCH,2020-06-01,2021-05-31,0,,,"nutraceuticals, SARS-CoV-2, infection"
"Spagnuolo, Paul",University of Guelph,Ontario,Project Grant,202003PJT,Cancer Progression & Therapeutics 2,Targeting mitochondria metabolism to selectively kill leukemia cells,"$367,200",$0,,,3 yrs 0 mth ,Cancer Research,Cancer-Cancer Drug Development and Therapeutics,2020-10-01,2023-09-30,1,,,"mitochondria, metabolism, leukemia"
"Spaner, David E","Sunnybrook Health Sciences Centre (Toronto, Ontario)",Ontario,Operating Grant,201303MOP,Cancer Progression & Therapeutics,Improving Glucocorticoid Therapy in Leukemia,"$377,124",$0,,,3 yrs 0 mth ,Cancer Research,CANCER THERAPY GENERAL; LEUKAEMIAS; CANCER; DRUG RESEARCH,2013-10-01,2016-09-30,0,,,"Glucocorticoid, Leukemia"
"Spaner, David E","Sunnybrook Health Sciences Centre (Toronto, Ontario)",Ontario,Operating Grant,200809MOP,Cancer Biology & Therapeutics,Metabolic Regulation of Toll-like Receptor Agonist Therapy in Leukemia,"$380,709",$0,,,3 yrs 0 mth ,Cancer Research,LEUKAEMIAS; CANCER THERAPY GENERAL; CANCER; IMMUNOLOGY-TRANSPLANTATION,2009-04-01,2012-03-31,0,,,"Metabolic, Toll-like Receptor, Leukemia"
"Spicer, Jonathan D",Research Institute of the McGill University Health Centre,Quebec,Project Grant,202303PJT,Cancer Progression & Therapeutics,Role of the circadian rhythm in the regulation of the tumor microenvironment of non-small cell cancer,"$1,162,800",$0,,,5 yrs 0 mth ,Cancer Research,"Cancer-Cancer Progression and Metastasis; Cancer-Mechanisms of Carcinogenesis; Immunology and Infection-Transplantation, Immune Tolerance and Tumor Immunology",2023-10-01,2028-09-30,0,,,"circadian rhythm, tumor microenvironment, non-small cell cancer"
"St-Pierre, Julie",McGill University,Quebec,Operating Grant - PA: Cancer Research (bridge funding),200909IC1,Cancer Biology & Therapeutics,The role of the PGC-1 transcriptional coactivators in the regulation of breast cancer metabolism,"$100,000",$0,,,1 yr 0 mth ,Cancer Research,BREAST CANCER; METABOLISM AND NUTRITION; CANCER; METABOLISM/DIABETES,2010-10-01,2015-09-30,0,,,"PGC-1, transcriptional coactivators, breast cancer"
"St. Lawrence, Keith S",London Health Sciences Centre Res. Inc. (Ont.),Ontario,Operating Grant,200903MOP,Medical Physics & Imaging,Continuous monitoring of cerebral blood flow and metabolism in the critically ill newborn,"$215,912",$0,,,3 yrs 0 mth ,Circulatory and Respiratory Health,"STROKE, HEART FAILURE; PERINATAL; IMAGING; BIOPHYSICS",2009-10-01,2012-09-30,0,,,"cerebral blood flow, metabolism, newborn"
"St. Lawrence, Keith S",London Health Sciences Centre Res. Inc. (Ont.),Ontario,Operating Grant,201109MOP,Medical Physics & Imaging,Development of a Perfusion MRI Technique to Investigate Longitudinal Effects of Chronic Pain on Brain Function,"$451,668",$0,,,4 yrs 0 mth ,"Neurosciences, Mental Health and Addiction",CNS ORGANIC; IMAGING; NERVOUS SYSTEM,2012-04-01,2016-03-31,0,,,"Perfusion MRI, Chronic Pain, Brain Function"
"St. Lawrence, Keith S",London Health Sciences Centre Res. Inc. (Ont.),Ontario,Project Grant,202010PJT,Medical Physics & Imaging,Development of a non-invasive optical device to guide individualized neurointensive care,"$631,125",$0,,,5 yrs 0 mth ,Circulatory and Respiratory Health,"Biomedical Engineering-Biomedical Imaging; Biomedical Engineering-Biophysics, Medical Technologies and Instrumentation",2021-04-01,2026-03-31,0,,,"optical device, neurointensive care, non-invasive"
"St. Lawrence, Keith S",London Health Sciences Centre Res. Inc. (Ont.),Ontario,Project Grant,202109PJT,Medical Physics & Imaging,Does Impaired Cerebral Metabolism Link Vascular Dysfunction to Cognitive Decline?,"$612,000",$0,,,5 yrs 0 mth ,Aging,Biomedical Engineering-Biomedical Imaging,2022-04-01,2027-03-31,0,,,"Cerebral Metabolism, Vascular Dysfunction, Cognitive Decline"
"St. Lawrence, Keith S",London Health Sciences Centre Res. Inc. (Ont.),Ontario,Operating Grant,201303MOP,Medical Physics & Imaging,Improving neurological outcome of intensive care by bedside monitoring of cerebral perfusion,"$459,168",$0,,,4 yrs 0 mth ,Circulatory and Respiratory Health,"STROKE, HEART FAILURE; NONE OF THE ABOVE; IMAGING; NERVOUS SYSTEM",2013-10-01,2018-03-31,0,,,"neurological, perfusion, monitoring"
"Stagg, John",Centre hospitalier de l'Universite de Montreal (CHUM),Quebec,Project Grant,202309PJT,Cancer Biology & Therapeutics,Deciphering the role of protease-activated receptor 2 in immuno-oncology,"$1,013,625",$0,,,5 yrs 0 mth ,Cancer Research,Cancer-Cancer Drug Development and Therapeutics,2024-04-01,2029-03-31,0,,,"protease-activated receptor, immuno-oncology, receptor"
"Stagg, John",Centre hospitalier de l'Universite de Montreal (CHUM),Quebec,Operating Grant,201103MOP,Cancer Progression & Therapeutics 2,Remodeling of the tumor microenvironment by CD73: a therapeutic target,"$497,491",$0,,,4 yrs 0 mth ,Cancer Research,CANCER THERAPY GENERAL; BREAST CANCER; CANCER; IMMUNOLOGY-TRANSPLANTATION,2016-03-01,2021-02-28,0,,,"tumor microenvironment, CD73, remodeling"
"Stagg, John",Centre hospitalier de l'Universite de Montreal (CHUM),Quebec,Project Grant,202109PJT,Cancer Progression & Therapeutics,Targeting the extracellular adenosine pathway in pancreatic and liver cancers,"$765,000",$0,,,5 yrs 0 mth ,Cancer Research,Cancer-Cancer Drug Development and Therapeutics,2022-04-01,2027-03-31,0,,,"adenosine, pancreatic, liver"
"Stagljar, Igor",University of Toronto,Ontario,"Catalyst Grant: Invention and High-Risk, High-Benefit Research",200902NHG,"Inventions, Technologies, or High Risk Grants",Development of the mammalian membrane two-hybrid technology,"$99,519",$0,,,1 yr 0 mth ,Genetics,NONE OF THE ABOVE; GENETICS; MOLECULAR BIOLOGY,2009-10-01,2012-09-30,3,,,"mammalian, membrane, two-hybrid"
"Stagljar, Igor",University of Toronto,Ontario,"Catalyst Grant: Invention and High-Risk, High-Benefit Research",200903NHG,"Inventions, Technologies, or High Risk Grants",Development of the mammalian membrane two-hybrid technology.,"$298,557",$0,,,3 yrs 0 mth ,Genetics,NONE OF THE ABOVE; GENETICS; MOLECULAR BIOLOGY,2009-02-01,2010-01-31,3,,,"mammalian, membrane, two-hybrid"
"Stagljar, Igor",University of Toronto,Ontario,Project Grant,201903PJT,Cancer Biology & Therapeutics 2,Identification and analysis of new small-molecules active against drug-resistant non-small cell lung cancer,"$749,700",$0,,,3 yrs 0 mth ,Cancer Research,"Cancer-Cancer Drug Development and Therapeutics; Molecular, Cellular and Systems Biology-Cell Signaling",2019-10-01,2022-09-30,2,,,"small-molecules, drug-resistant, lung cancer"
"Stambolic, Vuk",University Health Network (Toronto),Ontario,Operating Grant - Priority Announcement: Breast Cancer,201003COP,Cancer Biology & Therapeutics,Functional characterization of the NIMA-related kinase 10 (Nek10) in development and disease,"$481,140",$0,,,4 yrs 0 mth ,Cancer Research,BREAST CANCER; MULTIPLE DISEASE RELEVANCE; MOLECULAR BIOLOGY; CANCER,2010-10-01,2014-09-30,0,,,"NIMA-related kinase, Nek10, disease"
"Stambolic, Vuk",University Health Network (Toronto),Ontario,Project Grant,202010PJT,Cancer Biology & Therapeutics,The Function of Protein Kinase NEK10 in tumour suppression,"$1,224,000",$0,,,5 yrs 0 mth ,Cancer Research,Cancer-Cancer Progression and Metastasis; Genetics-Molecular and Functional Genetics and Epigenetics,2021-04-01,2026-03-31,0,,,"Protein Kinase, NEK10, Tumour suppression"
"Stanescu, Teodor",University Health Network (Toronto),Ontario,Project Grant,202309PJT,Medical Physics & Imaging,Generative Adversarial Networks for MRI-driven Radiation Therapy,"$604,352",$0,,,4 yrs 0 mth ,Cancer Research,Cancer-Clinical Oncology; Artificial Intelligence-Machine Learning; Biomedical Engineering-Biomedical Imaging,2024-04-01,2028-03-31,0,,,"Generative Adversarial Networks, MRI, Radiation Therapy"
"Stanford, William L",Ottawa Hospital Research Institute,Ontario,Operating Grant,201503MOP,Cancer Biology & Therapeutics,The role of PCL2/PRC2 in hematopoietic stem cells and leukemia,"$1,163,874",$0,,,5 yrs 0 mth ,Cancer Research,BLOOD; LEUKAEMIAS; CANCER,2015-07-01,2021-06-30,1,,,"PCL2, PRC2, hematopoietic stem cells"
"Stanisz, Greg J","Sunnybrook Health Sciences Centre (Toronto, Ontario)",Ontario,Project Grant,202403PJT,Medical Physics & Imaging,"""Combining Advanced Metabolic MRI with Genomics to Refine the Treatment Paradigm for Grade 2/3 IDH-wildtype Astrocytoma (""""Molecular Glioblastoma"""")""","$787,950",$0,,,5 yrs 0 mth ,Cancer Research,Cancer-Cancer Progression and Metastasis; Neurosciences-Neurological disorders,2024-10-01,2029-09-30,0,,,"Metabolic MRI, Genomics, Astrocytoma"
"Stanisz, Greg J","Sunnybrook Health Sciences Centre (Toronto, Ontario)",Ontario,Operating Grant,201209MOP,Medical Physics & Imaging,Evaluation of MR Chemical Exchange Saturation Transfer Imaging as a marker of tumour environment and pH,"$540,084",$0,,,4 yrs 0 mth ,Cancer Research,CANCER THERAPY GENERAL; BREAST CANCER THERAPY; BIOPHYSICS; CANCER,2013-04-01,2017-03-31,0,,,"MR, Chemical Exchange Saturation Transfer, tumor environment"
"Stanisz, Greg J","Sunnybrook Health Sciences Centre (Toronto, Ontario)",Ontario,Project Grant,202109PJT,Medical Physics & Imaging,Redefining the paradigm for surveillance in patients with low-grade glioma using saturation transfer magnetic resonance imaging,"$830,024",$0,,,6 yrs 0 mth ,Cancer Research,Cancer-Cancer Progression and Metastasis; Neurosciences-Neurological disorders,2022-04-01,2028-03-31,0,,,"glioma, magnetic resonance imaging, saturation transfer"
"Stanisz, Greg J","Sunnybrook Health Sciences Centre (Toronto, Ontario)",Ontario,Project Grant,201709PJT,Medical Physics & Imaging,Saturation Transfer MRI as a biomarker of tumour response to radiation treatment in patients with glioblastoma multiforme,"$650,250",$0,,,5 yrs 0 mth ,Cancer Research,Biomedical Engineering-Biomedical Imaging,2018-04-01,2023-03-31,0,,,"Saturation Transfer, MRI, glioblastoma"
"Stefanovic, Bojana","Sunnybrook Health Sciences Centre (Toronto, Ontario)",Ontario,Operating Grant,200809MOP,Medical Physics & Imaging,Biophysics of Functional MRI,"$276,264",$0,,,3 yrs 0 mth ,"Neurosciences, Mental Health and Addiction",MULTIDISCIPLINARY; IMAGING; BIOPHYSICS,2010-07-01,2015-06-30,0,,,"Biophysics, Functional MRI"
"Stefanovic, Bojana","Sunnybrook Health Sciences Centre (Toronto, Ontario)",Ontario,Project Grant,202309PJT,Medical Physics & Imaging,Imaging metrics of neuronal stochasticity and brain resilience,"$975,375",$0,,,5 yrs 0 mth ,"Neurosciences, Mental Health and Addiction",Biomedical Engineering-Biomedical Imaging,2024-04-01,2029-03-31,0,,,"Imaging, neuronal, resilience"
"Stefanovic, Bojana","Sunnybrook Health Sciences Centre (Toronto, Ontario)",Ontario,Project Grant,201709PJT,Medical Physics & Imaging,Modulating peri-ischemic neuronal hyperexcitability,"$918,000",$0,,,5 yrs 0 mth ,"Neurosciences, Mental Health and Addiction",Biomedical Engineering-Biomedical Imaging,2018-04-01,2023-03-31,0,,,"peri-ischemic, neuronal, hyperexcitability"
"Stefanovic, Bojana","Sunnybrook Health Sciences Centre (Toronto, Ontario)",Ontario,Project Grant,202003PJT,Medical Physics & Imaging,Rescuing Neurovascular Network Function with Transcranial Neuromodulation,"$849,150",$0,,,5 yrs 0 mth ,"Neurosciences, Mental Health and Addiction",Biomedical Engineering-Biomedical Imaging,2020-10-01,2025-09-30,0,,,"Neurovascular, Neuromodulation, Transcranial"
"Stefanovic, Bojana","Sunnybrook Health Sciences Centre (Toronto, Ontario)",Ontario,Operating Grant,201203MOP,Medical Physics & Imaging,The mechanism of neurovascular remodelling after focal ischemia,"$621,248",$0,,,5 yrs 0 mth ,"Neurosciences, Mental Health and Addiction","STROKE, HEART FAILURE; INJURY, REGENERATION; IMAGING; BIOPHYSICS",2012-10-01,2018-03-31,0,,,"neurovascular, remodelling, ischemia"
"Steidl, Christian",University of British Columbia,British Columbia,Project Grant,202309PJT,Cancer Progression & Therapeutics,Cytokine receptor common beta chain alterations in mediastinal lymphomas,"$1,048,050",$0,,,5 yrs 0 mth ,Cancer Research,"Cancer-Cancer Progression and Metastasis; Molecular, Cellular and Systems Biology-Cell Signaling; Genetics-Genomics, Transcriptomics and Proteomics",2024-04-01,2029-03-31,0,,,"cytokine receptor, beta chain, lymphomas"
"Steidl, Christian",University of British Columbia,British Columbia,Operating Grant,201203MOP,Cancer Progression & Therapeutics 2,Prognostic markers and biology of relapsed Hodgkin lymphoma,"$502,157",$0,,,3 yrs 0 mth ,Cancer Research,NEOPLASMS; BLOOD; CANCER,2012-10-01,2015-09-30,2,,,"prognostic markers, Hodgkin lymphoma, relapsed"
"Steidl, Christian",University of British Columbia,British Columbia,Project Grant,202010PJT,Cancer Progression & Therapeutics,Somatic mutations in the JAK-STAT and IRF signaling pathways in Non-Hodgkin lymphoma,"$1,120,725",$0,,,5 yrs 0 mth ,Cancer Research,"Cancer-Cancer Progression and Metastasis; Molecular, Cellular and Systems Biology-Cell Signaling; Genetics-Genomics, Transcriptomics and Proteomics",2021-04-01,2026-03-31,0,,,"JAK-STAT, IRF, lymphoma"
"Steidl, Christian",University of British Columbia,British Columbia,Operating Grant,201403MOP,Cancer Biology & Therapeutics,Somatic mutations in the JAK-STAT signaling pathway in primary mediastinal large B cell lymphoma,"$855,882",$0,,,5 yrs 0 mth ,Cancer Research,BLOOD; NEOPLASMS; CANCER,2014-07-01,2016-06-30,0,,,"JAK-STAT, mutations, lymphoma"
"Stein, Lincoln","Ontario Institute for Cancer Research (Toronto, Ontario)",Ontario,Project Grant,202309PJT,Cancer Progression & Therapeutics,Identifying Cancer Tissue of Origin using Plasma Whole Genome Sequencing,"$979,200",$0,,,4 yrs 0 mth ,Cancer Research,Cancer-Cancer Progression and Metastasis; Artificial Intelligence-Machine Learning,2024-04-01,2028-03-31,0,,,"Cancer, Genome Sequencing, Tissue"
"Stein, Lincoln","Ontario Institute for Cancer Research (Toronto, Ontario)",Ontario,Project Grant,202003PJT,Cancer Biology & Therapeutics,Immunotherapeutic Targeting of the U1 snRNA Mutation in Cancer,"$1,013,626",$0,,,5 yrs 0 mth ,Cancer Research,Cancer-Cancer Drug Development and Therapeutics; Cancer-Mechanisms of Carcinogenesis,2020-10-01,2025-09-30,0,,,"Immunotherapy, U1 snRNA, Cancer"
"Stein, Lincoln","Ontario Institute for Cancer Research (Toronto, Ontario)",Ontario,Project Grant,202104PJT,Cancer Progression & Therapeutics,Probing the developmental origins of pediatric cerebellar brain cancers using single cell profiling,"$1,128,376",$0,,,5 yrs 0 mth ,Cancer Research,Cancer-Pediatric Cancer; Methods Development and Modelling-Quantitative Methods Development for Health Research; Genetics-Molecular and Functional Genetics and Epigenetics,2021-10-01,2026-09-30,0,,,"pediatric, cerebellar, single cell profiling"
"Stewart, Duncan J",Ottawa Hospital Research Institute,Ontario,Operating Grant: COVID-19 Rapid Research Funding Opportunity - Therapeutics,202005VR3,COVID-19 Rapid Research - Therapeutics,Cellular Immuno-Therapy for COVID-19 Induced Acute Respiratory Distress Syndrome: the CIRCA-19 Trial,"$1,860,523",$0,,,1 yr 0 mth ,Circulatory and Respiratory Health,,2020-06-01,2021-05-31,0,,,"Cellular, Immuno-Therapy, COVID-19"
"Stirling, Peter C",University of British Columbia,British Columbia,Project Grant,202403PJT,Cancer Progression & Therapeutics,Development and application of novel FEN1 endonuclease inhibitors,"$1,044,226",$0,,,5 yrs 0 mth ,Cancer Research,"Molecular, Cellular and Systems Biology-Biochemistry; Pharmacological, Toxicological and Pharmaceutical Sciences-Drug Discovery, Design and Delivery; Genetics-Molecular and Functional Genetics and Epigenetics",2024-10-01,2029-09-30,0,,,"FEN1, endonuclease, inhibitors"
"Stojdl, David F",Children's Hospital of Eastern Ontario Research Institute Inc,Ontario,Operating Grant,201405MOP,Cancer Biology & Therapeutics,Oncolytic Virus Immunotherapy for Brain Cancer,"$100,000",$0,,,1 yr 0 mth ,Cancer Research,BRAIN TUMORS THERAPY; CANCER THERAPY GENERAL; CANCER; MOLECULAR BIOLOGY,2014-10-01,2015-09-30,7,,,"Oncolytic virus, Immunotherapy, Brain cancer"
"Strynadka, Natalie C",University of British Columbia,British Columbia,Operating Grant: COVID-19 Rapid Research Funding Opportunity - Therapeutics,202005VR3,COVID-19 Rapid Research - Therapeutics,Bespoke transition state analog inhibitors of SARS-CoV-2 3CL and PL proteases,"$403,065",$0,,,1 yr 0 mth ,Infection and Immunity,INFECTIOUS AND PARASITIC; DRUGS- PHARMACEUTICAL SCIENCE/CHEMISTRY & NON MEDICAL USE OF DRUGS; DRUG RESEARCH; BIOPHYSICS,2020-06-01,2021-05-31,0,,,"transition state, inhibitors, proteases"
"Sung, Lillian",Hospital for Sick Children (Toronto),Ontario,Catalyst Grant: Personalized Health Catalyst Grants,201706PCG,Personalized Health - novel e-health applications,"Longitudinal symptom screening and symptom reporting, and development and access to supportive care clinical practice guidelines using SPARK (Supportive care Prioritization, Assessment and Recommendations for Kids) in children receiving cancer treatment","$199,906",$0,,,2 yrs 0 mth ,Cancer Research,CANCER,2017-09-01,2019-08-31,0,,,"symptom screening, supportive care, clinical guidelines"
"Sussman, Dafna",Toronto Metropolitan University,Ontario,Project Grant,202303PJT,Medical Physics & Imaging,FetAS: Fetal Assessment Suite to Facilitate Rapid Fetal MRI Diagnosis using Artificial Intelligence,"$906,526",$0,,,5 yrs 0 mth ,"Human Development, Child and Youth Health","Artificial Intelligence-Machine Learning; Biomedical Engineering-Biomedical Imaging; Reproduction and Development-Clinical Embryology, Neonatology and Pediatrics",2023-10-01,2028-09-30,0,,,"Fetal MRI, Artificial Intelligence, Diagnosis"
"Tabori, Uri",Hospital for Sick Children (Toronto),Ontario,Project Grant,201709PJT,Cancer Progression & Therapeutics 2,Biological and translational implications of replication repair deficiency and hypermutation in human cancer,"$956,250",$0,,,5 yrs 0 mth ,Cancer Research,"Cancer-Cancer Drug Development and Therapeutics; Genetics-Genomics, Transcriptomics and Proteomics",2018-04-01,2023-03-31,2,,,"replication repair, hypermutation, cancer"
"Tabori, Uri",Hospital for Sick Children (Toronto),Ontario,Operating Grant,201203MOP,Cancer Progression & Therapeutics,Clinical and biological implications of monoallelic gene expression in pediatric malignant brain tumors.,"$573,543",$0,,,4 yrs 0 mth ,Cancer Research,BRAIN TUMORS (INCL. RETINAL TUMORS); BRAIN TUMORS THERAPY; CANCER; MOLECULAR BIOLOGY,2012-10-01,2016-09-30,2,,,"monoallelic gene expression, pediatric brain tumors, malignancy"
"Tabori, Uri",Hospital for Sick Children (Toronto),Ontario,Project Grant,202104PJT,Cancer Progression & Therapeutics 2,Dissecting the origins and microenvironment of replication repair deficient hypermutant gliomas for novel immune based therapies,"$1,300,500",$0,,,5 yrs 0 mth ,Cancer Research,Cancer-Cancer Drug Development and Therapeutics,2021-10-01,2026-09-30,1,,,"replication, repair, gliomas"
"Tabori, Uri",Hospital for Sick Children (Toronto),Ontario,Operating Grant,201403MOP,Cancer Progression & Therapeutics,Novel implications of THOR hypermethylation in telomere maintenance and gliomageneis.,"$911,430",$0,,,5 yrs 0 mth ,Cancer Research,CANCER THERAPY GENERAL; NEOPLASMS; CANCER; NERVOUS SYSTEM,2014-07-01,2019-06-30,1,,,"THOR, hypermethylation, telomere"
"Tabori, Uri",Hospital for Sick Children (Toronto),Ontario,Operating Grant,201009MOP,Cancer Progression & Therapeutics,Prediction and Prevention of glioma recurrence by targeting telomere dependent self-renewal capacity of tumor initiating cells.,"$757,479",$0,,,5 yrs 0 mth ,Cancer Research,BRAIN TUMORS THERAPY; CANCER THERAPY GENERAL; CANCER; MOLECULAR BIOLOGY,2011-04-01,2016-03-31,0,,,"glioma, telomere, self-renewal"
"Tabori, Uri",Hospital for Sick Children (Toronto),Ontario,Project Grant,202209PJT,Cancer Progression & Therapeutics 2,Uncovering the mechanism and impact of novel genetic and epigenetic promoter alterations on tissue-specific mismatch repair deficient cancers,"$1,147,500",$0,,,5 yrs 0 mth ,Population and Public Health,Cancer-Mechanisms of Carcinogenesis; Genetics-Molecular and Functional Genetics and Epigenetics; Methods Development and Modelling-Quantitative Methods Development for Health Research,2023-04-01,2028-03-31,1,,,"genetic, epigenetic, mismatch repair"
"Tabrizian, Maryam",McGill University,Quebec,Project Grant,202104PJT,Biomedical Engineering,Conformal coating using layer-by-layer self-assembly of polyelectrolytes for immunomodulation of pancreatic islets,"$849,150",$0,,,5 yrs 0 mth ,"Nutrition, Metabolism and Diabetes","Biomedical Engineering-Biomaterials, Nanotechnology and Biomechanics; Digestive, Endocrine and Excretory Systems-Metabolism and Disease (including Obesity, Diabetes and Metabolomics); Molecular, Cellular and Systems Biology-Cell Signaling",2021-10-01,2026-09-30,0,,,"conformal coating, layer-by-layer, polyelectrolytes"
"Tabrizian, Maryam",McGill University,Quebec,Project Grant,202309PJT,Biomedical Engineering 2,Engineering bacteria-based nanoplexes for melanoma immunomodulation,"$1,002,150",$0,,,5 yrs 0 mth ,Cancer Research,"Biomedical Engineering-Biomaterials, Nanotechnology and Biomechanics; Cancer-Cancer Drug Development and Therapeutics; Pharmacological, Toxicological and Pharmaceutical Sciences-Drug Discovery, Design and Delivery",2024-04-01,2029-03-31,0,,,"bacteria, nanoplexes, melanoma"
"Tabrizian, Maryam",McGill University,Quebec,Project Grant,201809PJT,Biomedical Engineering,Nanoplexes for Targeted Anti-Inflammatory Gene Therapy in Atherosclerosis,"$707,625",$0,,,5 yrs 0 mth ,Circulatory and Respiratory Health,"Biomedical Engineering-Biomaterials, Nanotechnology and Biomechanics; Biomedical Engineering-Regenerative Medicine and Tissue Engineering; Cardiovascular, Respiratory and Circulatory Systems-Vascular and Endothelial Biology",2019-04-01,2024-03-31,0,,,"Nanoplexes, Anti-Inflammatory, Gene Therapy"
"Tai, Isabella T",University of British Columbia,British Columbia,Operating Grant,200909MOP,Cancer Progression & Therapeutics,The role of SPARC in chemotherapy sensitization,"$1,030,027",$0,,,5 yrs 0 mth ,Cancer Research,GASTRO-INTESTINAL CANCER; CANCER THERAPY GENERAL; CANCER; GASTROINTESTINAL (LIVER),2010-04-01,2015-09-30,4,,,"SPARC, chemotherapy, sensitization"
"Tai, Lee-Hwa",Universite de Sherbrooke,Quebec,Project Grant,202403PJT,Cancer Biology & Therapeutics,Precision virotherapy to treat bladder cancer,"$814,726",$0,,,5 yrs 0 mth ,Cancer Research,Cancer-Cancer Drug Development and Therapeutics,2024-10-01,2029-09-30,0,,,"virotherapy, bladder cancer, precision"
"Tai, Lee-Hwa",Universite de Sherbrooke,Quebec,Project Grant,201809PJT,Cancer Progression & Therapeutics,Targeting metastatic disease of triple negative breast cancer with an immunogenic cancer vaccine,"$703,800",$0,,,5 yrs 0 mth ,Cancer Research,"Cancer-Cancer Progression and Metastasis; Immunology and Infection-Transplantation, Immune Tolerance and Tumor Immunology",2019-04-01,2024-03-31,1,,,"metastatic disease, triple negative breast cancer, immunogenic vaccine"
"Tandon, Puneeta",University of Alberta,Alberta,Catalyst Grant: Personalized Health Catalyst Grants,201706PCG,Personalized Health - novel e-health applications,HEAL-C : Home-based eHealth App for Cirrhosis,"$200,000",$0,,,2 yrs 0 mth ,"Nutrition, Metabolism and Diabetes","LIVER DISEASE; MUSCULO SKELETAL; GASTROINTESTINAL (LIVER); MUSCLE, BONE, OR JOINT",2017-09-01,2019-08-31,0,,,"eHealth, Cirrhosis, App"
"Tang, Damu",McMaster University,Ontario,Project Grant,202309PJT,Cancer Biology & Therapeutics 2,Characterization of a novel prostate cancer factor contactin 1 (CNTN1)-derived tumorigenesis through establishing a new transgenic mouse model for prostate cancer,"$837,675",$0,,,5 yrs 0 mth ,Cancer Research,Cancer-Cancer Progression and Metastasis,2024-04-01,2029-03-31,0,,,"prostate cancer, contactin 1, tumorigenesis"
"Tang, Damu",McMaster University,Ontario,Project Grant,201809PJT,Cancer Progression & Therapeutics 2,"PCSK9, a novel contributor to the development of castration resistant prostate cancer","$577,574",$0,,,3 yrs 0 mth ,Cancer Research,Cancer-Cancer Progression and Metastasis,2019-04-01,2022-03-31,0,,,"PCSK9, prostate cancer, castration resistant"
"Tannock, Ian F",University Health Network (Toronto),Ontario,Operating Grant,200909MOP,Cancer Progression & Therapeutics,Distribution of anticancer drugs and target cells within solid tumours,"$379,994",$0,,,3 yrs 0 mth ,Cancer Research,CANCER THERAPY GENERAL; NEOPLASMS; CANCER; CELL BIOLOGY,2010-04-01,2013-03-31,0,,,"anticancer, drugs, tumours"
"Tannock, Ian F",University Health Network (Toronto),Ontario,Operating Grant,201109MOP,Cancer Progression & Therapeutics,Phase II clinical trial of pantoprazole and docetaxel for men with metastatic castration-resistant prostate cancer,"$297,244",$0,,,3 yrs 0 mth ,Cancer Research,PROSTATE AND BLADDER CANCER THERAPY; CANCER,2012-04-01,2015-03-31,0,,,"pantoprazole, docetaxel, prostate cancer"
"Taylor, Michael D",Hospital for Sick Children (Toronto),Ontario,Operating Grant,200909MOP,Cancer Progression & Therapeutics,Role of Histone Lysine Methylation in Medulloblastoma and Cerebellar Development,"$540,219",$0,,,3 yrs 0 mth ,Cancer Research,BRAIN TUMORS (INCL. RETINAL TUMORS); NEOPLASMS; CANCER; NERVOUS SYSTEM,2010-04-01,2013-03-31,0,,,"Histone, Methylation, Medulloblastoma"
"Teodoro, Jose G",McGill University,Quebec,Project Grant,202210PJT,Cancer Progression & Therapeutics 2,Targeting the RNA translatome to enhance anti-mitotic chemotherapy.,"$100,000",$0,,,1 yr 0 mth ,Cancer Research,"Cancer-Cancer Drug Development and Therapeutics; Cancer-Cancer Progression and Metastasis; Pharmacological, Toxicological and Pharmaceutical Sciences-Drug Discovery, Design and Delivery",2023-10-01,2028-09-30,0,,,"RNA, translatome, chemotherapy"
"Teodoro, Jose G",McGill University,Quebec,Project Grant,202303PJT,Cancer Progression & Therapeutics,Targeting the RNA translatome to enhance anti-mitotic chemotherapy.,"$1,120,726",$0,,,5 yrs 0 mth ,Cancer Research,"Cancer-Cancer Drug Development and Therapeutics; Cancer-Cancer Progression and Metastasis; Pharmacological, Toxicological and Pharmaceutical Sciences-Drug Discovery, Design and Delivery",2023-10-01,2028-09-30,0,,,"RNA, translatome, chemotherapy"
"Teodoro, Jose G",McGill University,Quebec,Operating Grant,201103MOP,Cancer Progression & Therapeutics 2,Tumour suppressor mediated mechanisms of angiogenesis inhibition,"$377,699",$0,,,3 yrs 0 mth ,Cancer Research,CANCER THERAPY GENERAL; LUNG CANCER,2011-10-01,2014-09-30,0,,,"tumour suppressor, angiogenesis"
"Thiel, Alexander",CIUSSS de Centre-Ouest-de-l'Ile-de-Montreal-Jewish General,Quebec,Project Grant,201909PJT,Medical Physics & Imaging,Non-invasive PET imaging of tropomyosin related kinase B/C receptor in humans,"$579,106",$0,,,3 yrs 0 mth ,"Neurosciences, Mental Health and Addiction","Pharmacological, Toxicological and Pharmaceutical Sciences-Drug Discovery, Design and Delivery; Neurosciences-Neurogenesis, Neurodifferentiation and Plasticity; Neuroimaging",2020-04-01,2023-03-31,0,,,"PET, imaging, kinase"
"Thompson, Richard B",University of Alberta,Alberta,Operating Grant,201403MOP,Medical Physics & Imaging,Imaging Diffuse Fibrosis in Acute Myocardial Infarction,"$462,429",$0,,,4 yrs 0 mth ,Circulatory and Respiratory Health,CARDIOLOGY; MULTIDISCIPLINARY; IMAGING; CARDIOVASCULAR,2014-07-01,2018-06-30,0,,,"Imaging, Fibrosis, Myocardial Infarction"
"Thompson, Richard B",University of Alberta,Alberta,Project Grant,202403PJT,Medical Physics & Imaging,Imaging of Long Term Tissue Damage from COVID-19 and Cardiometabolic Disease,"$887,400",$0,,,5 yrs 0 mth ,Circulatory and Respiratory Health,Biomedical Engineering-Biomedical Imaging; Musculoskeletal Health-Skeletal Muscle Biology and Physiology,2024-10-01,2029-09-30,0,,,"Imaging, Tissue Damage, COVID-19"
"Thompson, Richard B",University of Alberta,Alberta,Operating Grant,201003MOP,Medical Physics & Imaging,Imaging the Mechanisms of Diastolic Dysfunction and its Role in Cardiovascular Performance,"$281,098",$0,,,3 yrs 0 mth ,Circulatory and Respiratory Health,CARDIOLOGY; MULTIDISCIPLINARY; IMAGING; CARDIOVASCULAR,2010-10-01,2013-09-30,1,,,"Imaging, Diastolic Dysfunction, Cardiovascular"
"Thompson, Richard B",University of Alberta,Alberta,Project Grant,202104PJT,Medical Physics & Imaging,Quantitative Imaging of the Evolution of the Whole-Body Fat Profile in Breast Cancer Survivors,"$755,440",$0,,,5 yrs 0 mth ,Cancer Research,Biomedical Engineering-Biomedical Imaging,2021-10-01,2026-09-30,1,,,"Imaging, Fat Profile, Breast Cancer"
"Thompson, Richard B",University of Alberta,Alberta,Project Grant,201709PJT,Medical Physics & Imaging,Quantitative Magnetic Resonance Imaging of Pulmonary Edema: Application in Acute Heart Failure,"$608,175",$0,,,5 yrs 0 mth ,Circulatory and Respiratory Health,"Cardiovascular, Respiratory and Circulatory Systems-Cardiovascular and Circulatory Sciences; Biomedical Engineering-Biomedical Imaging",2018-04-01,2023-03-31,2,,,"Magnetic Resonance Imaging, Pulmonary Edema, Heart Failure"
"Thornton, Gail M",University of Calgary,Alberta,"Operating Grant - PA: Musculoskeletal Health, Arthritis, Skin and Oral Health",200809IMH,Biomedical Engineering,Damage Mechanics and Mechanisms in Ligament and Tendon,"$73,019",$0,,,1 yr 0 mth ,Musculoskeletal Health and Arthritis,"MUSCULO SKELETAL; AGING; MUSCLE, BONE, OR JOINT",2009-01-01,2009-12-31,0,,,"Damage, Mechanics, Ligament"
"Thu, Kelsie L",Unity Health Toronto,Ontario,Project Grant,202104PJT,Cancer Biology & Therapeutics,Investigation of centrosome amplification as a therapeutic vulnerability in non-small cell lung cancer,"$841,500",$0,,,5 yrs 0 mth ,Cancer Research,"Cancer-Mechanisms of Carcinogenesis; Molecular, Cellular and Systems Biology-Molecular Biology",2021-10-01,2026-09-30,0,,,"centrosome amplification, non-small cell lung cancer"
"Tiedemann, Rodger",University Health Network (Toronto),Ontario,Operating Grant,201109MOP,Cancer Progression & Therapeutics 2,A small molecule inhibitor of G protein-coupled Receptor Kinase 6 (GRK6) to treat human Multiple Myeloma and related diseases,"$361,800",$0,,,3 yrs 0 mth ,Cancer Research,CANCER THERAPY GENERAL; BONE CANCER THERAPY; CANCER; DRUG RESEARCH,2012-04-01,2015-03-31,1,,,"small molecule, G protein-coupled Receptor Kinase 6, Multiple Myeloma"
"Tikhonova, Anastasia",University Health Network (Toronto),Ontario,Project Grant,202109PJT,Cancer Progression & Therapeutics 2,Identification of microenvironmental cues that promote acute lymphoblastic leukemia,"$1,128,375",$0,,,5 yrs 0 mth ,Cancer Research,Cancer-Mechanisms of Carcinogenesis,2022-04-01,2027-03-31,0,,,"microenvironmental cues, acute lymphoblastic leukemia"
"Tonin, Patricia N",Research Institute of the McGill University Health Centre,Quebec,Operating Grant - PA: Cancer Research (bridge funding),200903IC1,Cancer Progression & Therapeutics,An integrated functional and genomics approach at elucidating the chromosome 3 genes important in ovarian cancer,"$100,000",$0,,,1 yr 0 mth ,Cancer Research,NEOPLASMS; GENITO/URINARY SYSTEM; CANCER; MOLECULAR BIOLOGY,2009-10-01,2009-12-31,0,,,"chromosome 3, genomics, ovarian cancer"
"Tonin, Patricia N",Research Institute of the McGill University Health Centre,Quebec,Project Grant,201709PJT,Cancer Biology & Therapeutics 2,Discovering new high-risk ovarian cancer predisposing genes through targeted genetic analyses of a Canadian founder population,"$680,850",$0,,,5 yrs 0 mth ,Cancer Research,Cancer-Mechanisms of Carcinogenesis; Genetics-Clinical Genetics,2018-04-01,2023-03-31,0,,,"ovarian cancer, genetic analyses, predisposing genes"
"Tonin, Patricia N",Research Institute of the McGill University Health Centre,Quebec,Operating Grant,200909MOP,Cancer Progression & Therapeutics,Elucidating the tumor suppressor genes involved in reprogramming an ovarian cancer cell line model modified by chromosome 3 transfer,"$404,578",$0,,,3 yrs 0 mth ,Cancer Research,NEOPLASMS; GENITO/URINARY SYSTEM; CANCER; MOLECULAR BIOLOGY,2010-04-01,2013-03-31,0,,,"tumor suppressor, reprogramming, ovarian cancer"
"Too, Catherine K",Dalhousie University (Nova Scotia),Nova Scotia,Operating Grant - PA: Regional Partnership Program - Nova Scotia,201203RNS,Cancer Progression & Therapeutics,The Role of Carboxypeptidase-D in Prostate Cancer Growth and Progression,"$174,874",$0,,,3 yrs 0 mth ,Cancer Research,PROSTATE AND BLADDER CANCER; PROSTATE AND BLADDER CANCER THERAPY; CANCER; ENDOCRINOLOGY,2012-10-01,2015-09-30,0,,,"Carboxypeptidase-D, Prostate Cancer, Growth"
"Toren, Paul",Universite Laval,Quebec,Project Grant,202104PJT,Cancer Progression & Therapeutics 2,Targeting sex steroids to improve the response to bladder cancer immunotherapy,"$822,376",$0,,,5 yrs 0 mth ,Cancer Research,"Cancer-Clinical Oncology; Sex-and-Gender Health-Sex Differences in Cells, Tissues and Animals; Immunology and Infection-Transplantation, Immune Tolerance and Tumor Immunology",2021-10-01,2026-09-30,0,,,"sex steroids, bladder cancer, immunotherapy"
"Tremblay, Michel J",Universite Laval,Quebec,Operating Grant - Priority Announcement: Canadian HIV Vaccine Initiative,200903HVI,Virology & Viral Pathogenesis,"A comparative immunogenicity study of HIV-1 Pr160Gag-Pol virus-like particles bearing gp120, CD40L and/or TLR5 agonist flagellin","$391,824",$0,,,3 yrs 0 mth ,Infection and Immunity,AIDS; VIRAL; VIROLOGY; MOLECULAR BIOLOGY,2009-10-01,2012-09-30,0,,,"HIV-1, virus-like particles, immunogenicity"
"Tremblay, Michel J",Universite Laval,Quebec,Catalyst Grant: HIV/AIDS Vaccine Discovery Research (Can HIV Vaccine Initiative),200811CHV,HIV Vaccine Discovery,A new human cell experimental system for evaluating prototype HIV-1 vaccines,"$100,000",$0,,,1 yr 0 mth ,Infection and Immunity,AIDS; VIRAL; VIROLOGY; IMMUNOLOGY-TRANSPLANTATION,2009-03-01,2010-02-28,5,,,"human cell, HIV-1, vaccines"
"Tremblay, Michel L",McGill University,Quebec,Operating Grant,201503MOP,Cancer Biology & Therapeutics,"The PRL-CNNM-Magnesium cascade, a new paradigm in oncogenesis.","$778,857",$0,,,5 yrs 0 mth ,Cancer Research,CANCER THERAPY GENERAL; BREAST CANCER; CANCER; CELL BIOLOGY,2015-07-01,2018-06-30,0,,,"PRL-CNNM, Magnesium, oncogenesis"
"Trifiro, Mark A",CIUSSS de Centre-Ouest-de-l'Ile-de-Montreal-Jewish General,Quebec,Operating Grant: COVID-19 - Diagnostics,202002OV1,Canadian 2019 Novel Coronavirus (2019-nCoV) Rapid Research,Plasmonic PCR: Rapid Point-of-Care COVID-19 Diagnostic Platform.,"$717,700",$0,,,2 yrs 0 mth ,Infection and Immunity,INFECTIOUS AND PARASITIC; VIROLOGY,2020-04-01,2022-03-31,0,,,"Plasmonic, PCR, COVID-19"
"Tron, Victor A","Queen's University (Kingston, Ontario)",Ontario,Operating Grant,200903MOP,Cancer Progression & Therapeutics,The role of microRNAs in Malignant Melanoma,"$397,897",$0,,,3 yrs 0 mth ,Cancer Research,CANCER THERAPY GENERAL; NONE OF THE ABOVE; CANCER; HEALTH RESEARCH,2009-10-01,2012-09-30,0,,,"microRNAs, Malignant Melanoma"
"Troyer, Ryan",Western University (Ontario),Ontario,Operating Grant: COVID-19 Rapid Research Funding Opportunity - Diagnostics,202005VR2,COVID-19 Rapid Research - Diagnostics,Simple assay to assess antibody-dependent enhancement of SARS-CoV-2,$0,$0,"$151,050",Public Health Agency of Canada,1 yr 0 mth ,Infection and Immunity,VIRAL; VIROLOGY; IMMUNOLOGY-TRANSPLANTATION,2020-09-01,2021-08-31,0,,,"assay, antibody, SARS-CoV-2"
"Trudel, Dominique",Centre hospitalier de l'Universite de Montreal (CHUM),Quebec,Project Grant,201909PJT,Cancer Progression & Therapeutics 2,Diagnosis of Aggressive Prostate Cancer Using Key Features of Raman Spectroscopy,"$765,000",$0,,,5 yrs 0 mth ,Cancer Research,"Cancer-Cancer Progression and Metastasis; Molecular, Cellular and Systems Biology-Biochemistry",2020-04-01,2025-03-31,0,,,"Prostate Cancer, Raman Spectroscopy, Diagnosis"
"Trudel, Guy",University of Ottawa,Ontario,Operating Grant,201009MOP,Biomedical Engineering,Autologous Bone Marrow-Derived Cellular Augmentation in Rotator Cuff Repair,"$866,864",$0,,,5 yrs 0 mth ,Musculoskeletal Health and Arthritis,"MUSCULO SKELETAL; INJURY, REGENERATION; MUSCLE, BONE, OR JOINT",2011-04-01,2016-03-31,0,,,"Bone Marrow, Cellular, Rotator Cuff"
"Tsai, Scott",Toronto Metropolitan University,Ontario,Project Grant,202303PJT,Biomedical Engineering 2,Aqueous two-phase system technology for biomarker isolation and next-generation non-invasive active surveillance of prostate cancer,"$749,700",$0,,,5 yrs 0 mth ,Cancer Research,"Biomedical Engineering-Biomaterials, Nanotechnology and Biomechanics",2023-10-01,2028-09-30,1,,,"Aqueous two-phase system, biomarker isolation, prostate cancer"
"Tsakiridis, Theodoros",McMaster University,Ontario,Operating Grant,201303MOP,Cancer Biology & Therapeutics,A phase II study to investigate combination of chemo-radiotherapy with metformin in patients with Locally Advanced Non-Small Cell Lung Cancer (LA-NSCLC).,"$568,514",$0,,,4 yrs 0 mth ,Cancer Research,LUNG CANCER THERAPY; CANCER THERAPY GENERAL; CANCER; HEALTH RESEARCH,2013-10-01,2018-03-31,0,,,"chemo-radiotherapy, metformin, lung cancer"
"Tsang, Teresa S",University of British Columbia,British Columbia,Operating Grant: COVID-19 Rapid Research Funding Opportunity - Diagnostics,202005VR2,COVID-19 Rapid Research - Diagnostics,Point of Care Heart-Lung Imaging for Patients Presenting with COVID-19 Symptoms: Artificial Intelligence Precision Modeling for Prediction of Outcomes,"$260,326",$0,,,1 yr 0 mth ,Circulatory and Respiratory Health,INFECTIOUS AND PARASITIC; CARDIOLOGY; CARDIOVASCULAR; IMAGING,2020-06-01,2021-05-31,0,,,"Heart-Lung, Imaging, COVID-19"
"Tsao, Ming-Sound",University Health Network (Toronto),Ontario,Project Grant,202403PJT,Cancer Progression & Therapeutics 2,Discovering pathways to drug tolerance and therapeutic vulnerabilities of persister cells in lung cancer,"$1,292,850",$0,,,5 yrs 0 mth ,Cancer Research,"Cancer-Cancer Drug Development and Therapeutics; Molecular, Cellular and Systems Biology-Cell Biology and Physiology; Cardiovascular, Respiratory and Circulatory Systems-Respiratory System Pathologies and Clinical Interventions",2024-10-01,2029-09-30,0,,,"drug tolerance, persister cells, lung cancer"
"Tsao, Ming-Sound",University Health Network (Toronto),Ontario,Operating Grant,201403MOP,Cancer Progression & Therapeutics 2,Functional Genomics and in vitro Modeling of Human Pancreatic Carcinogenesis,"$754,235",$0,,,5 yrs 0 mth ,Cancer Research,NEOPLASMS; GASTRO-INTESTINAL CANCER; CANCER; CELL BIOLOGY,2014-07-01,2016-06-30,3,,,"Genomics, in vitro, Pancreatic Carcinogenesis"
"Tsao, Ming-Sound",University Health Network (Toronto),Ontario,Project Grant,202209PJT,Cancer Progression & Therapeutics 2,Predictive biomarkers for adjuvant immune checkpoint inhibitor therapy in non-small cell lung cancer,"$1,224,000",$0,,,5 yrs 0 mth ,Cancer Research,Cancer-Cancer Progression and Metastasis,2023-07-01,2028-06-30,0,,,"biomarkers, immune checkpoint, lung cancer"
"Tsao, Ming-Sound",University Health Network (Toronto),Ontario,Operating Grant,201103MOP,Cancer Progression & Therapeutics,Roles of carcinoma associated fibroblasts and tumor stromal genes in lung cancer,"$812,446",$0,,,5 yrs 0 mth ,Cancer Research,LUNG CANCER; LUNG CANCER THERAPY; CANCER; CELL BIOLOGY,2011-10-01,2016-06-30,1,,,"carcinoma associated fibroblasts, tumor stromal genes, lung cancer"
"Turcotte, Sandra",Universite de Moncton (New Brunswick),New Brunswick,Project Grant - Priority Announcement: Cancer Research,202209PJS,Cancer Progression & Therapeutics 2,Characterization of PIKfyve as novel therapeutic target in clear cell Renal Cell Carcinoma,"$100,000",$0,,,1 yr 0 mth ,Cancer Research,Cancer-Cancer Drug Development and Therapeutics,2023-03-01,2024-02-29,0,,,"PIKfyve, renal cell carcinoma, characterization"
"Turcotte, Sandra",Universite de Moncton (New Brunswick),New Brunswick,Operating Grant,201403MOP,Cancer Progression & Therapeutics,Exploiting synthetic lethality in Renal Cell Carcinoma: Targeting the loss of the von Hippel-Lindau tumor suppressor gene through autophagy for the development of anticancer therapy,"$495,930",$0,,,5 yrs 0 mth ,Cancer Research,CANCER; BIOCHEMISTRY,2014-07-01,2019-06-30,0,,,"synthetic lethality, renal cell carcinoma, autophagy"
"Turgeon, Alexis F",Universite Laval,Quebec,Operating Grant: COVID-19 Rapid Research Funding Opportunity - Therapeutics,202005VR3,COVID-19 Rapid Research - Therapeutics,Anticoagulation and Convalescent Plasma ICU Trials in REMAP-CAP,"$2,176,566",$0,,,1 yr 0 mth ,Health Services and Policy Research,HEALTH SERVICES RESEARCH,2020-06-01,2021-05-31,0,,,"Anticoagulation, Convalescent Plasma, ICU"
"Tyrrell, D. Lorne J",University of Alberta,Alberta,Operating Grant: COVID-19 Rapid Research Funding Opportunity - Therapeutics,202005VR3,COVID-19 Rapid Research - Therapeutics,Advancing a Potent Inhibitor of SARS-CoV-2 3CL Protease into Clinical Trials,"$904,236",$0,,,1 yr 0 mth ,Infection and Immunity,DRUGS- PHARMACEUTICAL SCIENCE/CHEMISTRY & NON MEDICAL USE OF DRUGS; VIRAL; DRUG RESEARCH,2020-06-01,2021-05-31,2,,,"SARS-CoV-2, 3CL Protease, Inhibitor"
"Tyrrell, D. Lorne J",University of Alberta,Alberta,Operating Grant: COVID-19 Rapid Research Funding Opportunity - Therapeutics,202005VR3,COVID-19 Rapid Research - Therapeutics,Characterization of interferon-lambda 1 as a treatment for COVID-19,"$499,775",$0,,,1 yr 0 mth ,Infection and Immunity,VIRAL; VIROLOGY; IMMUNOLOGY-TRANSPLANTATION,2020-06-01,2021-05-31,0,,,"interferon-lambda, COVID-19"
"Uludag, Hasan",University of Alberta,Alberta,Operating Grant,201109MOP,Biomedical Engineering,Designing Amphiphilic Polymeric Carriers of DNA for Gene Therapy,"$513,029",$0,,,4 yrs 0 mth ,Musculoskeletal Health and Arthritis,MUSCULO SKELETAL; SKIN AND SUBCUTANEOUS TISSUS; CELL BIOLOGY; DRUG RESEARCH,2008-04-01,2012-03-31,2,,,"Amphiphilic, Polymeric, DNA"
"Uludag, Hasan",University of Alberta,Alberta,Project Grant,201709PJT,Biomedical Engineering,Engineering Biomimetic Gene Activated Matrices for Bone Tissue Regeneration,"$504,900",$0,,,4 yrs 0 mth ,Musculoskeletal Health and Arthritis,"Biomedical Engineering-Regenerative Medicine and Tissue Engineering; Musculoskeletal Health-Bone, Skin and Cartilage Sciences; Pharmacological, Toxicological and Pharmaceutical Sciences-Drug Discovery, Design and Delivery",2018-04-01,2022-03-31,0,,,"Biomimetic, Gene Activated, Bone Tissue"
"Uludag, Hasan",University of Alberta,Alberta,Project Grant,202010PJT,Biomedical Engineering,Synthetic Biomaterials to Package and Deliver siRNA Nanoparticles in order to Curb Uncontrolled Growth of Leukemic Cells,"$757,350",$0,,,5 yrs 0 mth ,Cancer Research,"Biomedical Engineering-Biomaterials, Nanotechnology and Biomechanics; Cancer-Cancer Drug Development and Therapeutics; Genetics-Molecular and Functional Genetics and Epigenetics",2021-04-01,2026-03-31,0,,,"biomaterials, siRNA, nanoparticles"
"Uludag, Hasan",University of Alberta,Alberta,Operating Grant,201503MOP,Biomedical Engineering,siRNA Therapy for Leukemia: Synthetic Biomaterials to Deliver siRNA and Curb Uncontrolled Growth of Leukemic Cells,"$597,400",$0,,,5 yrs 0 mth ,Cancer Research,LEUKAEMIAS; DRUGS- PHARMACEUTICAL SCIENCE/CHEMISTRY & NON MEDICAL USE OF DRUGS; CANCER; DRUG RESEARCH,2015-07-01,2021-06-30,1,,,"siRNA, Biomaterials, Leukemia"
"Underhill, Michael",University of British Columbia,British Columbia,Project Grant,202203PJT,Cancer Progression & Therapeutics,Fate and function of mesenchymal progenitors within the medulloblastoma tumour microenvironment,"$841,500",$0,,,5 yrs 0 mth ,Cancer Research,Cancer-Cancer Progression and Metastasis; Cancer-Cancer Drug Development and Therapeutics; Cancer-Pediatric Cancer,2022-10-01,2027-09-30,0,,,"mesenchymal progenitors, medulloblastoma, microenvironment"
"Ungrin, Mark D",University of Calgary,Alberta,Operating Grant,201403MOP,Biomedical Engineering,Optimizing the size and composition of beta cell aggregates to improve islet graft survival,"$586,594",$0,,,5 yrs 0 mth ,"Nutrition, Metabolism and Diabetes",DIABETES MELLITUS; METABOLISM/DIABETES; CELL BIOLOGY,2014-07-01,2019-06-30,0,,,"beta cell, islet graft, aggregates"
"Ungrin, Mark D",University of Calgary,Alberta,"Project Grant - PA: Nutrition, Metabolism and Diabetes",201809PJ9,Biomedical Engineering,"Scalable production, delivery and assessment of human pseudoislets for research and clinical applications","$100,000",$0,,,1 yr 0 mth ,"Nutrition, Metabolism and Diabetes","Biomedical Engineering-Regenerative Medicine and Tissue Engineering; Digestive, Endocrine and Excretory Systems-Metabolism and Disease (including Obesity, Diabetes and Metabolomics)",2019-03-01,2020-02-29,0,,,"pseudoislets, production, delivery"
"Unrau, Peter J","Simon Fraser University (Burnaby, B.C.)",British Columbia,Operating Grant: COVID-19 Rapid Research Funding Opportunity - Diagnostics,202005VR2,COVID-19 Rapid Research - Diagnostics,General and Inexpensive Saliva-based Viral RNA Testing by Direct Imaging,"$82,026",$0,,,1 yr 0 mth ,Infection and Immunity,VIRAL; MULTIDISCIPLINARY; IMAGING; BIOCHEMISTRY,2020-06-01,2021-05-31,1,,,"Saliva, Viral RNA, Imaging"
"Unrau, Peter J","Simon Fraser University (Burnaby, B.C.)",British Columbia,Operating Grant: COVID-19 - Diagnostics,202002OV1,Canadian 2019 Novel Coronavirus (2019-nCoV) Rapid Research,SARS-CoV-2 Rapid Research: Fast track isothermal viral diagnostics,"$516,980",$0,,,2 yrs 0 mth ,Infection and Immunity,VIRAL; RESPIRATION; BIOCHEMISTRY; VIROLOGY,2020-04-01,2022-03-31,1,,,"SARS-CoV-2, isothermal, diagnostics"
"Unsworth, Larry D",University of Alberta,Alberta,Project Grant,201709PJT,Biomedical Engineering,Delivery platforms for treating perinatal brain injury,"$218,025",$0,,,3 yrs 0 mth ,"Human Development, Child and Youth Health","Biomedical Engineering-Biomaterials, Nanotechnology and Biomechanics",2018-04-01,2021-03-31,0,,,"delivery, brain injury, perinatal"
"Unsworth, Larry D",University of Alberta,Alberta,Project Grant,202104PJT,Biomedical Engineering,Peptide decorated magnetic nanoparticle strategies for minimally invasive targeting and removing exfoliation materials from the anterior lens capsule,"$589,050",$0,,,5 yrs 0 mth ,Aging,"Biomedical Engineering-Biomaterials, Nanotechnology and Biomechanics",2021-10-01,2026-09-30,1,,,"peptide, magnetic nanoparticle, lens capsule"
"Ursini-Siegel, Giuseppina",CIUSSS de Centre-Ouest-de-l'Ile-de-Montreal-Jewish General,Quebec,Project Grant,201909PJT,Cancer Progression & Therapeutics 2,Capitalizing on an oxidative stress response to sensitize poor outcome cancers to PARP inhibitors,"$948,600",$0,,,5 yrs 0 mth ,Cancer Research,Cancer-Cancer Drug Development and Therapeutics,2020-04-01,2025-03-31,0,,,"oxidative stress, cancer, PARP inhibitors"
"Ursini-Siegel, Giuseppina",CIUSSS de Centre-Ouest-de-l'Ile-de-Montreal-Jewish General,Quebec,Operating Grant,201309MOP,Cancer Progression & Therapeutics,Defining the Molecular Mechanisms and Clinical Implications of p66ShcA as a Driver of the Epithelial to Mesenchymal Transition in Breast Cancer,"$685,520",$0,,,5 yrs 0 mth ,Cancer Research,BREAST CANCER; NEOPLASMS; CANCER; MOLECULAR BIOLOGY,2014-04-01,2019-03-31,0,,,"p66ShcA, Epithelial to Mesenchymal Transition, Breast Cancer"
"Ursini-Siegel, Giuseppina",CIUSSS de Centre-Ouest-de-l'Ile-de-Montreal-Jewish General,Quebec,Operating Grant,201503MOP,Cancer Progression & Therapeutics 2,Defining the mechanisms and therapeutic potential of ShcA-mediated angiogenesis and metabolism that fuel breast tumorigenesis,"$817,643",$0,,,5 yrs 0 mth ,Cancer Research,BREAST CANCER; NEOPLASMS; CANCER; MOLECULAR BIOLOGY,2015-07-01,2020-06-30,0,,,"ShcA, angiogenesis, tumorigenesis"
"Ursini-Siegel, Giuseppina",CIUSSS de Centre-Ouest-de-l'Ile-de-Montreal-Jewish General,Quebec,Project Grant - PA: Breast Cancer Research,202109PLL,Cancer Progression & Therapeutics,Inducing oxidative stress as a mechanism to increase the clinical impact of complex I inhibitors in treating aggressive breast cancers.,"$100,000",$0,,,1 yr 0 mth ,Cancer Research,Cancer-Cancer Drug Development and Therapeutics; Cancer-Cancer Progression and Metastasis,2022-03-01,2023-02-28,0,,,"oxidative stress, complex I inhibitors, breast cancers"
"Ursini-Siegel, Giuseppina",CIUSSS de Centre-Ouest-de-l'Ile-de-Montreal-Jewish General,Quebec,Operating Grant,201009MOP,Cancer Progression & Therapeutics 2,Mechanisms through which ShcA integrates tyrosine kinase signaling to promote breast cancer progression,"$681,336",$0,,,5 yrs 0 mth ,Cancer Research,BREAST CANCER; CANCER; MOLECULAR BIOLOGY,2011-07-01,2016-06-30,0,,,"ShcA, tyrosine kinase, breast cancer"
"Ursini-Siegel, Giuseppina",CIUSSS de Centre-Ouest-de-l'Ile-de-Montreal-Jewish General,Quebec,Project Grant,201909PJT,Cancer Biology & Therapeutics,Understanding how oxidative stress influences tumor evolution via metabolic reprogramming,"$975,375",$0,,,5 yrs 0 mth ,Cancer Research,Cancer-Cancer Progression and Metastasis,2020-04-01,2025-03-31,0,,,"oxidative stress, tumor, metabolic reprogramming"
"Vahidi, Siavash",University of Guelph,Ontario,Project Grant,202309PJT,Cancer Progression & Therapeutics,Developing allosteric inhibitors of mitochondrial ClpP protease for acute myeloid leukemia,"$1,143,675",$0,,,5 yrs 0 mth ,Cancer Research,"Cancer-Cancer Drug Development and Therapeutics; Molecular, Cellular and Systems Biology-Structure and Function of Macromolecules; Pharmacological, Toxicological and Pharmaceutical Sciences-Drug Discovery, Design and Delivery",2024-04-01,2029-03-31,0,,,"allosteric, inhibitors, ClpP"
"Vahidi, Siavash",University of Guelph,Ontario,Project Grant - Priority Announcement: Cancer Research,202209PJS,Cancer Progression & Therapeutics,Development of boron-based inhibitors of the mitochondrial ClpXP protease to combat AML,"$100,000",$0,,,1 yr 0 mth ,Cancer Research,"Cancer-Cancer Drug Development and Therapeutics; Molecular, Cellular and Systems Biology-Structure and Function of Macromolecules",2023-03-01,2024-02-29,0,,,"boron, ClpXP, AML"
"Valliant, John F",McMaster University,Ontario,Project Grant,201903PJT,Cancer Biology & Therapeutics 2,Getting to the heart of hard-to-treat cancers: Anti-CD133 theranostics for molecular imaging and treatment of GBM,"$860,624",$0,,,4 yrs 0 mth ,Cancer Research,"Cancer-Cancer Drug Development and Therapeutics; Pharmacological, Toxicological and Pharmaceutical Sciences-Drug Discovery, Design and Delivery",2019-10-01,2023-09-30,0,,,"CD133, theranostics, GBM"
"Valliant, John F",McMaster University,Ontario,Alternative Radiopharmaceuticals for Medical Imaging,200909MIS,Strategic Initiative: Medical Isotope committee,The formulation and clinical testing of I-123 Iodohippuran as an alternative to Tc-99m MAG3 for assessment of renal function in patients with kidney disease,"$189,472","$49,441",,,2 yrs 0 mth ,"Nutrition, Metabolism and Diabetes","METABOLISM AND NUTRITION; IMAGING; RENAL FUNCTION, NEPHROLOGY, UROLOGY",2009-11-01,2011-10-31,0,,,"I-123, Iodohippuran, renal function"
"Van Houten, Elijah E",Universite de Sherbrooke,Quebec,Op Gr: Spark Grants in Novel Technologies in Cancer Prevention & Early Detection,202010SGN,Special Cases,Wearable Technology for Early Detection of Breast Cancer,"$150,000",$0,,,1 yr 0 mth ,Cancer Research,BREAST CANCER; MULTIDISCIPLINARY; IMAGING; CANCER,2021-01-01,2021-12-31,0,,,"Wearable, Detection, Breast Cancer"
"Vanderhyden, Barbara C",Ottawa Hospital Research Institute,Ontario,Project Grant,201709PJT,Cancer Biology & Therapeutics,Enhancing ovarian cancer immunogenicity by increasing antitumoral responses using engineered oncolytic vaccines,"$910,350",$0,,,5 yrs 0 mth ,Cancer Research,"Cancer-Cancer Drug Development and Therapeutics; Immunology and Infection-Antiviral Drug Resistance, Viral Vaccine Development and Therapeutics (including vaccines); Immunology and Infection-Transplantation, Immune Tolerance and Tumor Immunology",2018-04-01,2023-03-31,0,,,"ovarian cancer, immunogenicity, oncolytic vaccines"
"Vanderhyden, Barbara C",Ottawa Hospital Research Institute,Ontario,Project Grant,202209PJT,Cancer Biology & Therapeutics,Increasing anti-tumoral responses to ovarian cancer using engineered viruses,"$906,525",$0,,,5 yrs 0 mth ,Cancer Research,"Cancer-Cancer Drug Development and Therapeutics; Immunology and Infection-Antiviral Drug Resistance, Viral Vaccine Development and Therapeutics (including vaccines); Immunology and Infection-Transplantation, Immune Tolerance and Tumor Immunology",2023-04-01,2028-03-31,0,,,"anti-tumoral, engineered viruses, ovarian cancer"
"Veillette, Andre",Institut de recherches cliniques de Montreal,Quebec,Project Grant,202203PJT,Cancer Biology & Therapeutics,SLAMF7 in innate immune cells and anti-cancer immunotherapy,"$956,250",$0,,,5 yrs 0 mth ,Infection and Immunity,"Cancer-Cancer Drug Development and Therapeutics; Immunology and Infection-Transplantation, Immune Tolerance and Tumor Immunology",2022-10-01,2027-09-30,0,,,"SLAMF7, immune cells, immunotherapy"
"Veillette, Andre",Institut de recherches cliniques de Montreal,Quebec,Project Grant,202104PJT,Cancer Biology & Therapeutics,Targeting inhibitory immune checkpoints in macrophages for anti-cancer therapy,"$956,250",$0,,,5 yrs 0 mth ,Infection and Immunity,"Cancer-Cancer Drug Development and Therapeutics; Immunology and Infection-Transplantation, Immune Tolerance and Tumor Immunology; Immunology and Infection-Immunology and Autoimmune Diseases (including rheumatology)",2022-07-01,2027-06-30,0,,,"immune checkpoints, macrophages, cancer"
"Velenosi, Thomas J",University of British Columbia,British Columbia,Project Grant - PA: Breast Cancer Research,202209PLL,Cancer Progression & Therapeutics 2,Characterizing and validating diacetylspermine as a metabolic biomarker of drug response and precision treatment in triple-negative breast cancer,"$100,000",$0,,,1 yr 0 mth ,Cancer Research,Cancer-Cancer Drug Development and Therapeutics,2023-03-01,2024-02-29,0,,,"diacetylspermine, biomarker, breast cancer"
"Velenosi, Thomas J",University of British Columbia,British Columbia,Project Grant - PA: Breast Cancer Research,202309PLL,Cancer Progression & Therapeutics 2,Characterizing diacetylspermine as a biomarker of drug response and precision treatment in triple-negative breast cancer,"$100,000",$0,,,1 yr 0 mth ,Cancer Research,Cancer-Cancer Drug Development and Therapeutics,2024-03-01,2025-02-28,0,,,"diacetylspermine, biomarker, breast cancer"
"Velenosi, Thomas J",University of British Columbia,British Columbia,Project Grant,202403PJT,Cancer Progression & Therapeutics 2,Characterizing diacetylspermine as a biomarker of drug response and precision treatment in triple-negative breast cancer,"$979,200",$0,,,5 yrs 0 mth ,Cancer Research,Cancer-Cancer Drug Development and Therapeutics,2024-03-01,2025-02-28,0,,,"diacetylspermine, biomarker, breast cancer"
"Venturutti, Leandro",University of British Columbia,British Columbia,Project Grant,202109PJT,Cancer Biology & Therapeutics,Self reactivity as a driver of extranodal diffuse large B-cell lymphoma transformation and progression.,"$1,139,850",$0,,,5 yrs 0 mth ,Cancer Research,Cancer-Cancer Progression and Metastasis; Cancer-Mechanisms of Carcinogenesis; Immunology and Infection-Immunology and Autoimmune Diseases (including rheumatology),2022-04-01,2027-03-31,0,,,"self reactivity, extranodal, B-cell lymphoma"
"Vitkin, I. Alex",University Health Network (Toronto),Ontario,Operating Grant,201209MOP,Medical Physics & Imaging,Optical coherence tomography for assessment of early radiobiological response in-vivo,"$500,960",$0,,,5 yrs 0 mth ,Cancer Research,CANCER THERAPY GENERAL; BIOPHYSICS; IMAGING,2013-04-01,2018-03-31,0,,,"Optical coherence tomography, radiobiological response, in-vivo"
"Vitkin, I. Alex",University Health Network (Toronto),Ontario,Project Grant,202010PJT,Medical Physics & Imaging,Shedding light on SBRT: functional optical coherence tomography and MR imaging for in vivo monitoring of high-dose few-fractions radiotherapy of pancreatic cancer,"$956,250",$0,,,5 yrs 0 mth ,Cancer Research,Biomedical Engineering-Biomedical Imaging; Biophysics and bioimaging,2021-04-01,2026-03-31,0,,,"optical coherence tomography, MR imaging, radiotherapy"
"Vitkin, I. Alex",University Health Network (Toronto),Ontario,Project Grant,201709PJT,Medical Physics & Imaging 2,Wide-field polarimetric imaging for targeted and rapid high-sensitivity analysis of breast cancer margins and heterogeneity with mass spectrometry,"$795,600",$0,,,5 yrs 0 mth ,Cancer Research,Cancer-Cancer Progression and Metastasis; Biomedical Engineering-Biomedical Imaging,2018-04-01,2023-03-31,0,,,"polarimetric, imaging, mass spectrometry"
"Vizeacoumar, Franco J",University of Saskatchewan,Saskatchewan,Project Grant,202104PJT,Cancer Progression & Therapeutics,Identification of therapeutically relevant targets in telomerase overexpressing prostate cancers,"$983,026",$0,,,5 yrs 0 mth ,Cancer Research,Cancer-Cancer Drug Development and Therapeutics,2021-10-01,2026-09-30,0,,,"telomerase, prostate cancer, targets"
"Waisman, David M",Dalhousie University (Nova Scotia),Nova Scotia,Project Grant,201809PJT,Cancer Progression & Therapeutics 2,Significance of S100A10 (p11) in breast cancer tumor progression,"$516,375",$0,,,3 yrs 0 mth ,Cancer Research,Cancer-Cancer Progression and Metastasis,2019-04-01,2022-03-31,0,,,"S100A10, breast cancer, tumor progression"
"Waldman, Stephen D",Toronto Metropolitan University,Ontario,Project Grant,201809PJT,Biomedical Engineering,Controlling Glucose Metabolism to Develop Superior Tissue Engineered Cartilage,"$631,125",$0,,,5 yrs 0 mth ,Musculoskeletal Health and Arthritis,"Biomedical Engineering-Regenerative Medicine and Tissue Engineering; Musculoskeletal Health-Bone, Skin and Cartilage Sciences",2019-04-01,2024-03-31,0,,,"Glucose, Metabolism, Cartilage"
"Waldman, Stephen D",Toronto Metropolitan University,Ontario,Operating Grant,201403MOP,Biomedical Engineering,Tissue engineering of auricular cartilage implants for external ear reconstruction,"$339,992",$0,,,4 yrs 0 mth ,Musculoskeletal Health and Arthritis,"SKIN AND SUBCUTANEOUS TISSUS; CONGENITAL ANOMALIES; MUSCLE, BONE, OR JOINT; BIOPHYSICS",2014-07-01,2018-06-30,1,,,"tissue engineering, auricular cartilage, ear reconstruction"
"Walsh, Logan A",McGill University,Quebec,Project Grant,202403PJT,Cancer Progression & Therapeutics 2,Combining highly multiplexed imaging data with AI to unlock new predictive biomarkers for lung cancer,"$1,109,250",$0,,,5 yrs 0 mth ,Cancer Research,Cancer-Cancer Progression and Metastasis,2024-10-01,2029-09-30,0,,,"multiplexed imaging, AI, biomarkers"
"Walsh, Logan A",McGill University,Quebec,Project Grant,202309PJT,Cancer Biology & Therapeutics,Enhancing immunotherapy through the food-gut-axis in non-small cell lung cancer,"$1,109,250",$0,,,5 yrs 0 mth ,Cancer Research,Cancer-Cancer Progression and Metastasis,2024-04-01,2029-03-31,0,,,"immunotherapy, gut-axis, lung cancer"
"Wan, Yonghong",McMaster University,Ontario,Operating Grant,201203MOP,Cancer Biology & Therapeutics,Potentiation of cancer immunotherapy by HDAC inhibition,"$724,820",$0,,,5 yrs 0 mth ,Cancer Research,CANCER THERAPY GENERAL; CANCER; IMMUNOLOGY-TRANSPLANTATION,2012-10-01,2018-03-31,1,,,"cancer, immunotherapy, HDAC"
"Wang, Jun",IWK Health Centre (Halifax),Nova Scotia,Vaccines of the 21st Century,200903CVC,Catalyst Grant: Vaccines of the 21st Century,Development of Novel Molecular Adjuvants for Genetic Vaccination,"$99,252",$0,,,1 yr 0 mth ,Infection and Immunity,INFECTIOUS AND PARASITIC; VIRAL; VIROLOGY; IMMUNOLOGY-TRANSPLANTATION,2009-10-01,2010-09-30,40,,,"Molecular adjuvants, genetic vaccination"
"Wang, Rizhi",University of British Columbia,British Columbia,Project Grant,202104PJT,Biomedical Engineering,A comprehensive study on bone quality for the prediction of second hip fractures,"$833,850",$0,,,5 yrs 0 mth ,Musculoskeletal Health and Arthritis,"Musculoskeletal Health-Bone, Skin and Cartilage Sciences",2021-10-01,2026-09-30,0,,,"bone, fracture, prediction"
"Wang, Rizhi",University of British Columbia,British Columbia,"Project Grant - PA: MSK, Skin and Oral Health: Clinical Research - MSK Health",201809PJ5,Biomedical Engineering,Bone hypermineralization in older men and women and its impact on hip fragility,"$100,000",$0,,,1 yr 0 mth ,Musculoskeletal Health and Arthritis,"Musculoskeletal Health-Bone, Skin and Cartilage Sciences",2019-03-01,2020-02-29,0,,,"bone, hypermineralization, fragility"
"Wang, Rizhi",University of British Columbia,British Columbia,Operating Grant,200903MOP,Biomedical Engineering,Mechanisms of Bone Fracture and their Clinical Applications,"$511,717",$0,,,4 yrs 0 mth ,Musculoskeletal Health and Arthritis,"OSTEOPOROSIS; AGING; MUSCLE, BONE, OR JOINT",2009-10-01,2013-09-30,0,,,"Bone, Fracture, Mechanisms"
"Wang, Yemin",University of British Columbia,British Columbia,Project Grant,202104PJT,Cancer Biology & Therapeutics 2,Exploit the metabolic vulnerabilities in SWI/SNF-deficient cancer,"$688,501",$0,,,4 yrs 0 mth ,Cancer Research,Cancer-Cancer Drug Development and Therapeutics,2021-10-01,2025-09-30,0,,,"metabolic, vulnerabilities, SWI/SNF-deficient"
"Wang, Yuzhuo",University of British Columbia,British Columbia,Project Grant - Priority Announcement: Cancer Research,202209PJS,Cancer Progression & Therapeutics,A master transcription factor driving cell lineage reprogramming in neuroendocrine prostate cancer development and progression,"$100,000",$0,,,1 yr 0 mth ,Cancer Research,Cancer-Cancer Progression and Metastasis,2023-03-01,2024-02-29,0,,,"transcription factor, cell reprogramming, neuroendocrine prostate cancer"
"Wang, Yuzhuo",University of British Columbia,British Columbia,Project Grant,201809PJT,Cancer Biology & Therapeutics 2,Function and therapeutic potential of SUV420H2 in neuroendocrine prostate cancer,"$956,250",$0,,,5 yrs 0 mth ,Cancer Research,Cancer-Cancer Progression and Metastasis,2019-04-01,2024-03-31,0,,,"SUV420H2, neuroendocrine, prostate cancer"
"Wang, Yuzhuo",University of British Columbia,British Columbia,Operating Grant,200809MOP,Cancer Progression & Therapeutics,Identification and functional analysis of a novel metastasis-associated gene in prostate cancer,"$541,348",$0,,,4 yrs 0 mth ,Cancer Research,PROSTATE AND BLADDER CANCER; PROSTATE AND BLADDER CANCER THERAPY; CANCER; CELL BIOLOGY,2009-04-01,2013-03-31,5,,,"metastasis, gene, prostate cancer"
"Wang, Yuzhuo",University of British Columbia,British Columbia,Operating Grant,201203MOP,Cancer Progression & Therapeutics 2,Identification of miRNAs and their Specific Gene Targets that are Critical for Prostate Cancer Metastases,"$775,000",$0,,,4 yrs 0 mth ,Cancer Research,PROSTATE AND BLADDER CANCER; PROSTATE AND BLADDER CANCER THERAPY; CANCER; CELL BIOLOGY,2012-10-01,2016-09-30,1,,,"miRNAs, gene targets, prostate cancer"
"Wang, Yuzhuo",University of British Columbia,British Columbia,Operating Grant,200909MOP,Cancer Progression & Therapeutics,Prostate Cancer Metastasis-Associated Serum miRNAs,"$363,690",$0,,,3 yrs 0 mth ,Cancer Research,PROSTATE AND BLADDER CANCER; CANCER; ENDOCRINOLOGY,2010-04-01,2013-03-31,1,,,"Prostate, Cancer, miRNAs"
"Wang, Yuzhuo",University of British Columbia,British Columbia,Project Grant,202003PJT,Cancer Biology & Therapeutics 2,The role of PRDM16 in neuroendocrine prostate cancer development and aggressiveness,"$765,000",$0,,,4 yrs 0 mth ,Cancer Research,Cancer-Cancer Progression and Metastasis,2020-10-01,2024-09-30,0,,,"PRDM16, neuroendocrine, prostate cancer"
"Ward, Aaron",Western University (Ontario),Ontario,Project Grant,202303PJT,Medical Physics & Imaging,Histopathology image analysis for prostate cancer prognosis after radical prostatectomy,"$592,876",$0,,,5 yrs 0 mth ,Cancer Research,"Cancer-Clinical Oncology; Biomedical Engineering-Biophysics, Medical Technologies and Instrumentation; Artificial Intelligence-Machine Learning",2023-10-01,2028-09-30,0,,,"histopathology, image analysis, prostate cancer"
"Watson, Ian R",McGill University,Quebec,Project Grant,202109PJT,Cancer Progression & Therapeutics,Defining the distinct roles of MAPK pathway mutations in immune and targeted therapy response in melanoma,"$990,675",$0,,,5 yrs 0 mth ,Cancer Research,"Cancer-Cancer Drug Development and Therapeutics; Molecular, Cellular and Systems Biology-Cell Signaling",2022-04-01,2027-03-31,0,,,"MAPK, mutations, melanoma"
"Watson, Ian R",McGill University,Quebec,Project Grant,202209PJT,Cancer Progression & Therapeutics 2,Identification of biomarkers using single cell technology that inform on optimal duration of immunotherapy treatment in melanoma,"$1,422,900",$0,,,5 yrs 0 mth ,Cancer Research,Cancer-Cancer Progression and Metastasis,2023-04-01,2028-03-31,0,,,"biomarkers, single cell, immunotherapy"
"Watson, Ian R",McGill University,Quebec,Project Grant,202104PJT,Cancer Progression & Therapeutics 2,Investigation of the sexual dimorphic role of DDX3X in melanoma,"$803,250",$0,,,5 yrs 0 mth ,Cancer Research,"Cancer-Mechanisms of Carcinogenesis; Molecular, Cellular and Systems Biology-Cell Signaling; Genetics-Genomics, Transcriptomics and Proteomics",2021-10-01,2026-09-30,0,,,"DDX3X, melanoma, sexual dimorphism"
"Watts, Tania H",University of Toronto,Ontario,Operating Grant: COVID-19 Rapid Research Funding Opportunity - Vaccines,202005VR1,COVID-19 Rapid Research - Vaccines,Towards a comprehensive understanding of adaptive immunity to SARS-CoV-2,"$1,069,730",$0,,,1 yr 0 mth ,Infection and Immunity,INFECTIOUS AND PARASITIC; VIRAL; IMMUNOLOGY-TRANSPLANTATION,2020-06-01,2021-05-31,0,,,"adaptive immunity, SARS-CoV-2"
"Weersink, Robert A",University Health Network (Toronto),Ontario,Operating Grant,201503MOP,Medical Physics & Imaging,Improving Target Definition in Radiation Therapy Planning by the Spatial Registration of Optical Endoscopy Imaging with Volumetric Imaging,"$280,582",$0,,,3 yrs 0 mth ,Cancer Research,CANCER THERAPY GENERAL; GASTRO-INTESTINAL CANCER THERAPY; CANCER; IMAGING,2015-07-01,2018-06-30,0,,,"Radiation Therapy, Optical Endoscopy, Volumetric Imaging"
"Weinfeld, Michael",University of Alberta,Alberta,Project Grant,201909PJT,Cancer Biology & Therapeutics,Polynucleotide kinase/phosphatase: its role in DNA strand break repair and a potential therapeutic target to enhance radio- and chemotherapy,"$940,950",$0,,,5 yrs 0 mth ,Cancer Research,Cancer-Cancer Drug Development and Therapeutics,2020-04-01,2025-03-31,0,,,"Polynucleotide kinase, DNA repair, chemotherapy"
"Weinfeld, Michael",University of Alberta,Alberta,Operating Grant,200909MOP,Cancer Biology & Therapeutics,Polynucleotide kinase: its role in DNA single-strand break repair and a potential therapeutic target to enhance radio- and chemotherapy.,"$531,872",$0,,,4 yrs 0 mth ,Cancer Research,CANCER THERAPY GENERAL; CANCER; BIOCHEMISTRY,2010-04-01,2014-03-31,3,,,"Polynucleotide kinase, DNA repair, chemotherapy"
"Weinfeld, Michael",University of Alberta,Alberta,Operating Grant,201309MOP,Cancer Biology & Therapeutics,Polynucleotide kinase: its role in DNA strand break repair and a potential therapeutic target to enhance radio- and chemotherapy,"$952,465",$0,,,5 yrs 0 mth ,Cancer Research,CANCER THERAPY GENERAL; CARCINOGENS (INCL ENVIRONMENTAL); CANCER; MOLECULAR BIOLOGY,2014-04-01,2019-03-31,3,,,"Polynucleotide kinase, DNA repair, chemotherapy"
"Weinfeld, Michael",University of Alberta,Alberta,Operating Grant,201103MOP,Cancer Biology & Therapeutics,Preclinical evaluation of polynucleotide kinase/phosphatase as a therapeutic target.,"$357,058",$0,,,3 yrs 0 mth ,Cancer Research,CANCER THERAPY GENERAL; CANCER; DRUG RESEARCH,2011-10-01,2014-09-30,3,,,"polynucleotide kinase, phosphatase, therapeutic target"
"Weng, Andrew P",University of British Columbia,British Columbia,Operating Grant,201203MOP,Cancer Progression & Therapeutics 2,Adult vs. Fetal Programs in Leukemia Pathogenesis,"$351,308",$0,,,3 yrs 0 mth ,Cancer Research,LEUKAEMIAS; CANCER THERAPY GENERAL; CANCER,2012-10-01,2015-09-30,0,,,"Leukemia, Pathogenesis, Fetal"
"Weng, Andrew P",University of British Columbia,British Columbia,Operating Grant,201303MOP,Cancer Progression & Therapeutics 2,Regulation of Leukemia Stem Cell Activity by Signaling through PKC[theta],"$868,690",$0,,,5 yrs 0 mth ,Cancer Research,LEUKAEMIAS; CANCER THERAPY GENERAL; CANCER,2013-10-01,2018-09-30,0,,,"Leukemia, Stem Cell, PKC theta"
"Werbowetski-Ogilvie, Tamra E",University of Manitoba,Manitoba,Operating Grant,201309MOP,Cancer Progression & Therapeutics 2,Functional characterization of novel biomarkers for subtype-specific medulloblastoma cell phenotypes,"$614,472",$0,,,5 yrs 0 mth ,Cancer Research,BRAIN TUMORS (INCL. RETINAL TUMORS); MULTIDISCIPLINARY; CANCER; CELL BIOLOGY,2014-04-01,2019-03-31,1,,,"biomarkers, medulloblastoma, phenotypes"
"Werbowetski-Ogilvie, Tamra E",University of Manitoba,Manitoba,Project Grant,202003PJT,Cancer Progression & Therapeutics,Novel therapeutic targets for Group 3 medulloblastoma stem cells,"$1,208,700",$0,,,5 yrs 0 mth ,Cancer Research,Cancer-Pediatric Cancer; Cancer-Cancer Progression and Metastasis; Cancer-Cancer Drug Development and Therapeutics,2020-10-01,2025-09-30,0,,,"medulloblastoma, stem cells, therapeutic targets"
"Whelan, Timothy J",McMaster University,Ontario,Operating Grant,201109MOP,Cancer Biology & Therapeutics,Avoidance of Radiotherapy in Luminal A Breast Cancer,"$339,130",$0,,,2 yrs 0 mth ,Cancer Research,BREAST CANCER; BREAST CANCER THERAPY; CANCER; MOLECULAR BIOLOGY,2012-04-01,2014-03-31,0,,,"Radiotherapy, Luminal A, Breast Cancer"
"Whelan, William M",University of Prince Edward Island (Charlottetown),Prince Edward Island,Operating Grant: COVID-19 - Diagnostics,202002OV1,Canadian 2019 Novel Coronavirus (2019-nCoV) Rapid Research,LabAnywhere: Technology for Detection of Coronavirus in Remote Settings,"$355,982",$0,,,2 yrs 0 mth ,Infection and Immunity,VIRAL; BIOPHYSICS; MOLECULAR BIOLOGY,2020-04-01,2022-03-31,0,,,"Coronavirus, Detection, Remote"
"White, John H",McGill University,Quebec,Operating Grant,201303MOP,Cancer Biology & Therapeutics,FBW7-dependent regulation of cMYC and MXD1 function by the vitamin D receptor,"$380,219",$0,,,3 yrs 0 mth ,Cancer Research,CANCER THERAPY GENERAL; ENDOCRINOLOGY; MOLECULAR BIOLOGY; CELL BIOLOGY,2013-10-01,2016-09-30,0,,,"FBW7, cMYC, vitamin D receptor"
"White, John H",McGill University,Quebec,Operating Grant - PA: Cancer Research (bridge funding),201109IC1,Cancer Biology & Therapeutics,Regulation of FoxO protein and cMYC function by the vitamin D receptor,"$100,000",$0,,,1 yr 0 mth ,Cancer Research,CANCER THERAPY GENERAL; ENDOCRINOLOGY; CANCER,2012-03-01,2013-02-28,0,,,"FoxO, cMYC, vitamin D receptor"
"Whyne, Cari M","Sunnybrook Health Sciences Centre (Toronto, Ontario)",Ontario,Operating Grant - Priority Announcement: Breast Cancer,201203COP,Biomedical Engineering,Implications of pathologic changes to bone material properties on the skeletal stability of the metastatic spine,"$100,000",$0,,,1 yr 0 mth ,Cancer Research,"BONE CANCER; MUSCULO SKELETAL; CANCER; MUSCLE, BONE, OR JOINT",2013-04-01,2018-03-31,2,,,"bone, metastasis, stability"
"Whyne, Cari M","Sunnybrook Health Sciences Centre (Toronto, Ontario)",Ontario,Operating Grant,201209MOP,Biomedical Engineering,Implications of pathologic changes to bone material properties on the skeletal stability of the metastatic spine,"$720,465",$0,,,5 yrs 0 mth ,Cancer Research,"BONE CANCER; MUSCULO SKELETAL; CANCER; MUSCLE, BONE, OR JOINT",2013-04-01,2018-03-31,2,,,"bone, metastasis, stability"
"Whyne, Cari M","Sunnybrook Health Sciences Centre (Toronto, Ontario)",Ontario,Project Grant - Priority Announcement - Cancer Survivorship,202403CSV,Cancer Biology & Therapeutics,Stereotactic Radiotherapy for Spinal Metastases: Quantifying the Impact on Musculoskeletal Health,"$100,000",$0,,,1 yr 0 mth ,Cancer Research,"Cancer-Cancer Progression and Metastasis; Musculoskeletal Health-Bone, Skin and Cartilage Sciences; Artificial Intelligence-Machine Learning",2024-10-01,2025-09-30,0,,,"Stereotactic Radiotherapy, Spinal Metastases, Musculoskeletal Health"
"Whyne, Cari M","Sunnybrook Health Sciences Centre (Toronto, Ontario)",Ontario,Project Grant,201709PJT,Biomedical Engineering,Treatment induced changes to bone quality: Impact on the skeletal stability of the metastatic spine,"$966,960",$0,,,4 yrs 0 mth ,Musculoskeletal Health and Arthritis,"Biomedical Engineering-Biomaterials, Nanotechnology and Biomechanics; Musculoskeletal Health-Bone, Skin and Cartilage Sciences; Cancer-Cancer Progression and Metastasis",2018-04-01,2022-03-31,1,,,"bone, skeletal, metastasis"
"Wille, Holger",University of Alberta,Alberta,Operating Grant - E-Rare-2: Innovative Therapeutic Approaches,201405ERL,Special Cases,Immunotherapy of familial prion diseases,"$423,000",$0,,,3 yrs 0 mth ,Genetics,NONE OF THE ABOVE; AGING; GENETICS,2015-04-01,2018-03-31,0,,,"Immunotherapy, prion diseases, familial"
"Willett, Thomas",University of Waterloo (Ontario),Ontario,Project Grant,201709PJT,Biomedical Engineering,Bone-mimetic nanocomposite biomaterials for critically-sized skeletal defect reconstruction,"$665,552",$0,,,4 yrs 0 mth ,Musculoskeletal Health and Arthritis,"Biomedical Engineering-Biomaterials, Nanotechnology and Biomechanics; Biomedical Engineering-Regenerative Medicine and Tissue Engineering; Cancer-Clinical Oncology; Cancer - Orthopaedic Oncology",2018-04-01,2022-03-31,0,,,"bone, nanocomposite, biomaterials"
"Willett, Thomas",Sinai Health System (Toronto),Ontario,Operating Grant,201103MOP,Biomedical Engineering,Engineering of Irradiation-Sterilized Musculoskeletal Allografts for Improved Biomechanical Performance,"$230,350",$0,,,3 yrs 0 mth ,Musculoskeletal Health and Arthritis,"MUSCULO SKELETAL; INJURY, REGENERATION; MUSCLE, BONE, OR JOINT",2011-10-01,2014-09-30,1,,,"Irradiation, Allografts, Biomechanical"
"Willett, Thomas",Sinai Health System (Toronto),Ontario,Operating Grant - PA: IMHA - New Invest.- Musculoskeletal Health Bridge Funding,201403ONM,Biomedical Engineering,Engineering of Irradiation-Sterilized Skeletal Allograft for Improved Clinical Outcomes,"$100,000",$0,,,1 yr 0 mth ,Musculoskeletal Health and Arthritis,"MUSCULO SKELETAL; INJURY, REGENERATION; MUSCLE, BONE, OR JOINT",2014-10-01,2015-09-30,0,,,"Irradiation, Sterilization, Allograft"
"Willett, Thomas",University of Waterloo (Ontario),Ontario,Project Grant,201803PJT,Biomedical Engineering,Oxidative Damage of Bone Collagen As A Mechanism Of Bone Fragility,"$653,157",$0,,,4 yrs 0 mth ,Musculoskeletal Health and Arthritis,"Biomedical Engineering-Biomaterials, Nanotechnology and Biomechanics; Musculoskeletal Health-Bone, Skin and Cartilage Sciences; Aging-Aging Process and Biological Determinants of Aging",2018-10-01,2022-09-30,0,,,"oxidative damage, bone collagen, bone fragility"
"Wilman, Alan H",University of Alberta,Alberta,Operating Grant,201403MOP,Medical Physics & Imaging,"Imaging Brain Iron in Multiple Sclerosis: Development, Validation and Clinical Implementation","$678,786",$0,,,5 yrs 0 mth ,"Neurosciences, Mental Health and Addiction",MULTIPLE SCLEROSIS; IMAGING,2014-10-01,2019-09-30,0,,,"Brain imaging, Iron detection, Multiple sclerosis"
"Wilman, Alan H",University of Alberta,Alberta,Project Grant,201803PJT,Medical Physics & Imaging,New Quantitative MRI for Human Stroke,"$768,826",$0,,,5 yrs 0 mth ,Circulatory and Respiratory Health,Biomedical Engineering-Biomedical Imaging; Neurosciences-Neurological disorders,2018-10-01,2023-09-30,0,,,"MRI, Stroke"
"Wilman, Alan H",University of Alberta,Alberta,Operating Grant,200909MOP,Medical Physics & Imaging,Quantitative MRI for Multiple Sclerosis,"$664,475",$0,,,5 yrs 0 mth ,"Neurosciences, Mental Health and Addiction",MULTIPLE SCLEROSIS; IMAGING; MENTAL HEALTH,2010-04-01,2014-09-30,0,,,"MRI, Multiple Sclerosis"
"Wilman, Alan H",University of Alberta,Alberta,Project Grant,202109PJT,Medical Physics & Imaging,Relaxation Mapping for the Clinic: Application to Multiple Sclerosis,"$753,525",$0,,,5 yrs 0 mth ,"Neurosciences, Mental Health and Addiction",Biomedical Engineering-Biomedical Imaging; Methods Development and Modelling-Quantitative Methods Development for Health Research; Neurosciences-Neurological disorders,2022-04-01,2027-03-31,0,,,"Relaxation, Mapping, Multiple Sclerosis"
"Wilson, Brian C",University Health Network (Toronto),Ontario,Project Grant,201803PJT,Medical Physics & Imaging,Nuclear-targeted X-ray activated photodynamic therapy of pancreatic cancer,"$371,024",$0,,,4 yrs 0 mth ,Cancer Research,"Cancer-Cancer Drug Development and Therapeutics; Biomedical Engineering-Biophysics, Medical Technologies and Instrumentation; Methods Development and Modelling-Quantitative Methods Development for Health Research",2018-10-01,2022-09-30,3,,,"Nuclear, X-ray, photodynamic"
"Wilson, David R",University of British Columbia,British Columbia,Project Grant,201710PJT,Biomedical Engineering,"Development, assessment and application of a new method for characterizing degenerative lumbar spondylolisthesis in the symptomatic upright posture.","$100,000",$0,,,1 yr 0 mth ,Musculoskeletal Health and Arthritis,"Biomedical Engineering-Biomaterials, Nanotechnology and Biomechanics; Biomedical Engineering-Biomedical Imaging",2018-04-01,2019-03-31,0,,,"lumbar spondylolisthesis, degenerative, characterization"
"Wilson, David R",University of British Columbia,British Columbia,Project Grant,201903PJT,Biomedical Engineering,"Development, assessment and application of a new method for characterizing degenerative lumbar spondylolisthesis in the symptomatic upright posture.","$550,800",$0,,,4 yrs 0 mth ,Musculoskeletal Health and Arthritis,"Biomedical Engineering-Biomaterials, Nanotechnology and Biomechanics; Biomedical Engineering-Biomedical Imaging",2018-04-01,2019-03-31,0,,,"lumbar spondylolisthesis, degenerative, characterization"
"Wilson, David R",University of British Columbia,British Columbia,Operating Grant,201003MOP,Biomedical Engineering,Imaging-based assessments of knee mechanics,"$676,920",$0,,,5 yrs 0 mth ,Musculoskeletal Health and Arthritis,"ARTHRITIS/OSTEOARTHRITIS; MUSCULO SKELETAL; MUSCLE, BONE, OR JOINT; IMAGING",2010-10-01,2015-09-30,2,,,"Imaging, knee, mechanics"
"Wilson, Joyce A",University of Saskatchewan,Saskatchewan,Operating Grant: COVID-19 Rapid Research Funding Opportunity - Therapeutics,202005VR3,COVID-19 Rapid Research - Therapeutics,SARS-CoV2 therapeutic discovery through genetic screens and repurposing drugs that target essential virus-host interactions.,"$449,276",$0,,,1 yr 0 mth ,Infection and Immunity,VIRAL; INFECTIOUS AND PARASITIC; VIROLOGY; DRUG RESEARCH,2020-06-01,2021-05-31,0,,,"SARS-CoV2, genetic screens, virus-host interactions"
"Wisnovsky, Simon",University of British Columbia,British Columbia,Project Grant,202403PJT,Cancer Biology & Therapeutics,T-cell glyco-immune checkpoints as next-generation targets for cancer immunotherapy,"$918,000",$0,,,5 yrs 0 mth ,Infection and Immunity,"Immunology and Infection-Transplantation, Immune Tolerance and Tumor Immunology; Cancer-Cancer Drug Development and Therapeutics",2024-10-01,2029-09-30,0,,,"T-cell, glyco-immune, checkpoints"
"Witcher, Michael",CIUSSS de Centre-Ouest-de-l'Ile-de-Montreal-Jewish General,Quebec,Project Grant,201803PJT,Cancer Progression & Therapeutics 2,Epigenetic characterization and therapeutic targeting of cancers harboring dysfunctional CTCF.,"$726,750",$0,,,5 yrs 0 mth ,Cancer Research,Cancer-Cancer Progression and Metastasis,2018-10-01,2023-09-30,0,,,"Epigenetic, CTCF, cancers"
"Witcher, Michael",CIUSSS de Centre-Ouest-de-l'Ile-de-Montreal-Jewish General,Quebec,Project Grant,201803PJT,Cancer Biology & Therapeutics,Oncogenic activity of poly (ADP-ribose) polymerase.,"$665,550",$0,,,5 yrs 0 mth ,Cancer Research,Cancer-Cancer Progression and Metastasis,2018-10-01,2023-09-30,0,,,"oncogenic, poly (ADP-ribose), polymerase"
"Witcher, Michael",CIUSSS de Centre-Ouest-de-l'Ile-de-Montreal-Jewish General,Quebec,Project Grant - PA: Breast Cancer Research,202209PLL,Cancer Progression & Therapeutics,Targeting changes to chromatin architecture that promote breast cancer metastasis.,"$100,000",$0,,,1 yr 0 mth ,Cancer Research,Cancer-Cancer Progression and Metastasis,2023-10-01,2024-09-30,0,,,"chromatin, breast cancer, metastasis"
"Witcher, Michael",CIUSSS de Centre-Ouest-de-l'Ile-de-Montreal-Jewish General,Quebec,Project Grant - PA: Breast Cancer Research,202303PLL,Cancer Progression & Therapeutics,Targeting changes to chromatin architecture that promote breast cancer metastasis.,"$100,000",$0,,,1 yr 0 mth ,Cancer Research,Cancer-Cancer Progression and Metastasis,2023-10-01,2024-09-30,0,,,"chromatin, breast cancer, metastasis"
"Witcher, Michael",CIUSSS de Centre-Ouest-de-l'Ile-de-Montreal-Jewish General,Quebec,Project Grant,202309PJT,Cancer Progression & Therapeutics 2,Targeting changes to chromatin architecture that promote breast cancer metastasis.,"$1,097,775",$0,,,5 yrs 0 mth ,Cancer Research,Cancer-Cancer Progression and Metastasis,2023-10-01,2024-09-30,0,,,"chromatin, breast cancer, metastasis"
"Witcher, Michael",CIUSSS de Centre-Ouest-de-l'Ile-de-Montreal-Jewish General,Quebec,Operating Grant,201203MOP,Cancer Biology & Therapeutics,The epigenetic impact of deregulated poly(ADP)ribosylation in breast cancer.,"$695,970",$0,,,5 yrs 0 mth ,Cancer Research,BREAST CANCER; CANCER; MOLECULAR BIOLOGY,2012-10-01,2018-03-31,0,,,"epigenetic, poly(ADP)ribosylation, breast cancer"
"Wong, Judy M",University of British Columbia,British Columbia,Project Grant,202109PJT,Cancer Biology & Therapeutics,Molecular and Functional Genomic Characterization of G-quadruplex in Cancers with the Alternate Lengthening of Telomere (ALT) Mechanism,"$948,600",$0,,,5 yrs 0 mth ,Cancer Research,"Cancer-Cancer Drug Development and Therapeutics; Genetics-Molecular and Functional Genetics and Epigenetics; Molecular, Cellular and Systems Biology-Biochemistry",2022-04-01,2027-03-31,0,,,"G-quadruplex, Genomic, Telomere"
"Woodside, Michael T",University of Alberta,Alberta,Operating Grant: COVID-19 - Therapeutics,202002OV3,Canadian 2019 Novel Coronavirus (2019-nCoV) Rapid Research,Targeting programmed ribosomal frameshifting as a therapeutic strategy against 2019-nCoV,"$296,560",$0,,,2 yrs 0 mth ,Infection and Immunity,VIRAL; BIOPHYSICS; VIROLOGY,2020-04-01,2022-03-31,0,,,"programmed ribosomal frameshifting, 2019-nCoV, therapeutic"
"Workenhe, Samuel Tekeste",University of Guelph,Ontario,Project Grant,202210PJT,Cancer Biology & Therapeutics,Unraveling how programmed cell death shapes anticancer immunity,"$100,000",$0,,,1 yr 0 mth ,Cancer Research,Cancer-Cancer Drug Development and Therapeutics,2023-10-01,2028-09-30,0,,,"programmed cell death, anticancer immunity"
"Workenhe, Samuel Tekeste",University of Guelph,Ontario,Project Grant,202303PJT,Cancer Biology & Therapeutics,Unraveling how programmed cell death shapes anticancer immunity,"$925,650",$0,,,5 yrs 0 mth ,Cancer Research,Cancer-Cancer Drug Development and Therapeutics,2023-10-01,2028-09-30,0,,,"programmed cell death, anticancer immunity"
"Wouters, Bradly",University Health Network (Toronto),Ontario,Operating Grant,200903MOP,Cancer Biology & Therapeutics,Adaptation to hypoxia in cancer through the unfolded protein response,"$845,046",$0,,,5 yrs 0 mth ,Cancer Research,CANCER THERAPY GENERAL; CANCER; CELL BIOLOGY,2009-10-01,2014-09-30,0,,,"hypoxia, unfolded protein response, cancer"
"Wouters, Bradly",University Health Network (Toronto),Ontario,Operating Grant,201405MOP,Cancer Biology & Therapeutics,Targeting hypoxia in pancreatic cancer through the unfolded protein response,"$100,000",$0,,,1 yr 0 mth ,Cancer Research,CANCER THERAPY GENERAL; NEOPLASMS,2015-07-01,2020-06-30,0,,,"hypoxia, pancreatic cancer, unfolded protein response"
"Wouters, Bradly",University Health Network (Toronto),Ontario,Operating Grant,201503MOP,Cancer Biology & Therapeutics,Targeting hypoxia in pancreatic cancer through the unfolded protein response,"$738,505",$0,,,5 yrs 0 mth ,Cancer Research,CANCER THERAPY GENERAL; NEOPLASMS,2015-07-01,2020-06-30,0,,,"hypoxia, pancreatic cancer, unfolded protein response"
"Wright, Gerard D",McMaster University,Ontario,Operating Grant: COVID-19 - Therapeutics,202002OV3,Canadian 2019 Novel Coronavirus (2019-nCoV) Rapid Research,Targeting genetic and chemical vulnerabilities of novel coronavirus SARS-CoV-2,"$982,704",$0,,,2 yrs 0 mth ,Infection and Immunity,"DRUGS- PHARMACEUTICAL SCIENCE/CHEMISTRY & NON MEDICAL USE OF DRUGS; VIRAL; VIROLOGY; GENOMICS, PROTEOMICS, AND BIOINFORMATICS",2020-04-01,2022-03-31,0,,,"genetic, chemical, coronavirus"
"Wright, Graham A","Sunnybrook Health Sciences Centre (Toronto, Ontario)",Ontario,Project Grant,201709PJT,Medical Physics & Imaging,MR-Guided Management of Occlusive Peripheral Arterial Disease,"$791,775",$0,,,5 yrs 0 mth ,Circulatory and Respiratory Health,"Cardiovascular, Respiratory and Circulatory Systems-Cardiovascular and Circulatory Sciences",2018-04-01,2023-03-31,2,,,"MR, Peripheral Arterial Disease, Occlusive"
"Wright, Graham A","Sunnybrook Health Sciences Centre (Toronto, Ontario)",Ontario,Operating Grant,201209MOP,Medical Physics & Imaging,MR-Guided Revascularization of Occlusive Peripheral Arterial Disease,"$562,215",$0,,,5 yrs 0 mth ,Circulatory and Respiratory Health,ATHEROSCLEROSIS; IMAGING; CARDIOVASCULAR,2013-04-01,2018-03-31,0,,,"MR, Revascularization, Peripheral Arterial Disease"
"Wright, Graham A","Sunnybrook Health Sciences Centre (Toronto, Ontario)",Ontario,Operating Grant,201309MOP,Medical Physics & Imaging,MRI for Arrhythmia Management in Ischemic Heart Disease,"$820,920",$0,,,5 yrs 0 mth ,Circulatory and Respiratory Health,CARDIOLOGY; MYOCARDIAL INFARCTION; IMAGING; CARDIOVASCULAR,2014-04-01,2019-03-31,3,,,"MRI, Arrhythmia, Heart Disease"
"Wright, Graham A","Sunnybrook Health Sciences Centre (Toronto, Ontario)",Ontario,Project Grant,202104PJT,Medical Physics & Imaging,MRI for Arrhythmia Management in Ischemic Heart Disease,"$925,650",$0,,,5 yrs 0 mth ,Circulatory and Respiratory Health,CARDIOLOGY; MYOCARDIAL INFARCTION; IMAGING; CARDIOVASCULAR,2014-04-01,2019-03-31,3,,,"MRI, Arrhythmia, Heart Disease"
"Wright, Graham A","Sunnybrook Health Sciences Centre (Toronto, Ontario)",Ontario,Operating Grant,200809MOP,Medical Physics & Imaging,Magnetic Resonance Imaging for Ischemic Heart Disease,"$830,540",$0,,,5 yrs 0 mth ,Circulatory and Respiratory Health,MYOCARDIAL INFARCTION; CARDIOLOGY; IMAGING; CARDIOVASCULAR,2003-10-01,2007-09-30,13,,,"Magnetic Resonance, Imaging, Ischemic Heart Disease"
"Wu, Jian Hui",CIUSSS de Centre-Ouest-de-l'Ile-de-Montreal-Jewish General,Quebec,Operating Grant: COVID-19 - Therapeutics,202002OV3,Canadian 2019 Novel Coronavirus (2019-nCoV) Rapid Research,Repurposing of FDA-approved drugs as novel therapeutics for COVID-19,"$478,000",$0,,,2 yrs 0 mth ,Cancer Research,DRUGS- PHARMACEUTICAL SCIENCE/CHEMISTRY & NON MEDICAL USE OF DRUGS; DRUG RESEARCH,2020-04-01,2022-03-31,0,,,"FDA-approved, drugs, COVID-19"
"Wu, Robert",University Health Network (Toronto),Ontario,Catalyst Grant: Personalized Health Catalyst Grants,201706PCG,Personalized Health - novel e-health applications,"Developing a wearable device and a mobile application that aids patients in self-management of their COPD by providing biofeedback, education and guidance","$197,304",$0,,,2 yrs 0 mth ,Circulatory and Respiratory Health,RESPIRATION; HEALTH RESEARCH,2017-09-01,2019-08-31,1,,,"wearable device, mobile application, COPD"
"Wu, Xiao Yu S",University of Toronto,Ontario,Operating Grant,201403MOP,Biomedical Engineering,Engineering Transformable Polymer-lipid Nanoparticles for Cascade Drug Delivery to Brain Cancer Cells,"$512,205",$0,,,5 yrs 0 mth ,Cancer Research,CANCER THERAPY GENERAL; BRAIN TUMORS THERAPY; CANCER,2014-07-01,2019-06-30,3,,,"Polymer-lipid, Nanoparticles, Drug delivery"
"Wuest, Frank",University of Alberta,Alberta,Operating Grant,200903MOP,Medical Physics & Imaging,Molecular imaging of cyclooxygenase-2 (COX-2) expression in vivo by means of positron emission tomography (PET),"$321,076",$0,,,3 yrs 0 mth ,Cancer Research,GASTRO-INTESTINAL CANCER; DRUGS- PHARMACEUTICAL SCIENCE/CHEMISTRY & NON MEDICAL USE OF DRUGS; IMAGING; CANCER,2009-10-01,2012-09-30,0,,,"molecular imaging, cyclooxygenase-2, positron emission tomography"
"Wurtele, Hugo",CIUSSS Est-de-l'Ile-de- Montreal-Maisonneuve Rosemont,Quebec,Project Grant,201709PJT,Cancer Biology & Therapeutics,Modulation of UV damage repair by replicative stress-induced RPA exhaustion during skin cancer development,"$791,775",$0,,,5 yrs 0 mth ,Cancer Research,"Cancer-Mechanisms of Carcinogenesis; Molecular, Cellular and Systems Biology-Molecular Biology; Genetics-Genomics, Transcriptomics and Proteomics",2018-04-01,2023-03-31,0,,,"UV damage, RPA exhaustion, skin cancer"
"Wyatt, Alexander W",University of British Columbia,British Columbia,Project Grant,202104PJT,Cancer Progression & Therapeutics 2,Genomic dissection of de novo metastatic prostate cancer prior to treatment,"$734,400",$0,,,3 yrs 0 mth ,Cancer Research,Cancer-Cancer Progression and Metastasis,2021-10-01,2024-09-30,1,,,"genomic, metastatic, prostate cancer"
"Wyatt, Alexander W",University of British Columbia,British Columbia,Project Grant,201709PJT,Cancer Progression & Therapeutics 2,Predicting therapy resistance in castration-resistant prostate cancer with circulating tumor DNA,"$516,375",$0,,,3 yrs 0 mth ,Cancer Research,Cancer-Cancer Progression and Metastasis,2018-04-01,2021-03-31,1,,,"therapy resistance, circulating tumor DNA, prostate cancer"
"Wyatt, Alexander W",University of British Columbia,British Columbia,Project Grant,202109PJT,Cancer Progression & Therapeutics 2,Refining the clinical utility of circulating tumour DNA in metastatic bladder cancer,"$841,500",$0,,,4 yrs 0 mth ,Cancer Research,Cancer-Cancer Progression and Metastasis,2022-04-01,2026-03-31,1,,,"circulating tumour DNA, metastatic bladder cancer"
"Wylie, Ryan G",McMaster University,Ontario,Project Grant,202003PJT,Biomedical Engineering,Engineering solid tumors for bispecific immunotherapies through controlled delivery,"$692,326",$0,,,5 yrs 0 mth ,Cancer Research,"Biomedical Engineering-Biomaterials, Nanotechnology and Biomechanics",2021-10-01,2026-09-30,0,,,"solid tumors, bispecific, immunotherapies"
"Xiang, Jim",University of Saskatchewan,Saskatchewan,Vaccines of the 21st Century,200903CVC,Catalyst Grant: Vaccines of the 21st Century,Acombined early and late HIV-1 protein-specific exosome-targeted T cell vaccine capable of stimulating HIV-1 specific CD8+ CTL responses in absence of CD4+ T cells and counteracting immune suppression.,"$89,482",$0,,,1 yr 0 mth ,Infection and Immunity,VIRAL; INFECTIOUS AND PARASITIC; VIROLOGY; HEALTH RESEARCH,2009-10-01,2010-09-30,0,,,"HIV-1, exosome, T cell"
"Xiao, Wei",University of Saskatchewan,Saskatchewan,Operating Grant,200809MOP,Cancer Biology & Therapeutics,Molecular mechanisms of DNA damage tolerance - A yeast model,"$492,133",$0,,,4 yrs 0 mth ,Cancer Research,CARCINOGENS (INCL ENVIRONMENTAL); CANCER THERAPY GENERAL; CANCER; GENETICS,2009-04-01,2013-03-31,1,,,"DNA, damage, yeast"
"Xing, Zhou",McMaster University,Ontario,Operating Grant: COVID-19 Rapid Research Funding Opportunity - Vaccines,202005VR1,COVID-19 Rapid Research - Vaccines,Rapid bench-to-human development of safe and effective aerosol vaccine strategies against Covid-19,"$1,920,985",$0,,,1 yr 0 mth ,Infection and Immunity,INFECTIOUS AND PARASITIC; RESPIRATION; HEALTH RESEARCH,2020-06-01,2021-05-31,2,,,"aerosol, vaccine, Covid-19"
"Yang, Victor X",Toronto Metropolitan University,Ontario,Operating Grant,201009MOP,Medical Physics & Imaging,Optical Coherence Tomography for Intraoperative Imaging During Skull Base Neurosurgical Procedures,"$379,765",$0,,,3 yrs 0 mth ,Circulatory and Respiratory Health,MULTIDISCIPLINARY; MULTIPLE DISEASE RELEVANCE; BIOPHYSICS; NERVOUS SYSTEM,2011-04-01,2014-03-31,5,,,"Optical Coherence Tomography, Intraoperative Imaging, Skull Base"
"Yang, Xiaolong","Queen's University (Kingston, Ontario)",Ontario,Project Grant,202209PJT,Cancer Progression & Therapeutics 2,Investigating the PTK-Hippo axis in breast cancer metastasis,"$956,250",$0,,,5 yrs 0 mth ,Cancer Research,Cancer-Cancer Progression and Metastasis,2023-04-01,2028-03-31,0,,,"PTK, Hippo, metastasis"
"Yao, Xiao-Jian",University of Manitoba,Manitoba,Operating Grant: COVID-19 - Vaccines,202002OV5,Canadian 2019 Novel Coronavirus (2019-nCoV) Rapid Research,Development of a novel DC-targeting vaccine that targets COVID-19 spike protein to control COVID-19 infection,"$326,578",$0,,,2 yrs 0 mth ,Infection and Immunity,VIRAL; INFECTIOUS AND PARASITIC; VIROLOGY; IMMUNOLOGY-TRANSPLANTATION,2020-04-01,2022-03-31,0,,,"DC-targeting, vaccine, COVID-19"
"Yasufuku, Kazuhiro",University Health Network (Toronto),Ontario,Project Grant,201709PJT,Cancer Progression & Therapeutics 2,Improving lung cancer patient bronchoscopy efficiency through a novel pairing of biosensors with EBUS-TBNA,"$688,500",$0,,,5 yrs 0 mth ,Cancer Research,"Cancer-Cancer Progression and Metastasis; Cancer-Clinical Oncology; Cardiovascular, Respiratory and Circulatory Systems-Clinical and Translational Cardiovascular Sciences",2018-04-01,2023-03-31,1,,,"lung, biosensors, EBUS-TBNA"
"Yim, Evelyn K",University of Waterloo (Ontario),Ontario,Project Grant,202303PJT,Biomedical Engineering,Bioengineered self-sealing synthetic arteriovenous graft for hemodialysis access,"$1,086,300",$0,,,5 yrs 0 mth ,Circulatory and Respiratory Health,"Biomedical Engineering-Biomaterials, Nanotechnology and Biomechanics; Cardiovascular, Respiratory and Circulatory Systems-Vascular and Endothelial Biology; Biomedical Engineering-Regenerative Medicine and Tissue Engineering",2023-10-01,2028-09-30,0,,,"bioengineering, arteriovenous graft, hemodialysis"
"Yip, Christopher M",University of Toronto,Ontario,Operating Grant,201203MOP,Medical Physics & Imaging,"Super-Resolution Imaging of Receptor Dynamics and Structure: Self-Association of CEACAM and Its Implications for Cancer,Infection, and Inflammation","$592,876",$0,,,5 yrs 0 mth ,Infection and Immunity,MULTIPLE DISEASE RELEVANCE; MULTIDISCIPLINARY; BIOPHYSICS; CELL BIOLOGY,2012-10-01,2018-03-31,0,,,"Super-Resolution, Receptor, CEACAM"
"Yong, Voon W",University of Calgary,Alberta,Project Grant,201709PJT,Cancer Progression & Therapeutics 2,Mobilizing anti-tumor microglia/macrophages with niacin to improve the prognosis of glioblastoma: Bench to clinical trial and back.,"$1,243,125",$0,,,5 yrs 0 mth ,Cancer Research,"Cancer-Cancer Drug Development and Therapeutics; Neurosciences-Neuroinflammation; Immunology and Infection-Transplantation, Immune Tolerance and Tumor Immunology",2018-04-01,2019-06-30,0,,,"microglia, glioblastoma, niacin"
"Yousef, George M",Unity Health Toronto,Ontario,Operating Grant,201109MOP,Cancer Progression & Therapeutics,The Role of microRNAs in Renal Cell Carcinoma Pathogenesis and their Clinical Utility as Tumor Markers,"$493,169",$0,,,3 yrs 0 mth ,Cancer Research,NEOPLASMS; GENITO/URINARY SYSTEM; CANCER; MOLECULAR BIOLOGY,2012-04-01,2015-03-31,1,,,"microRNAs, renal cell carcinoma, tumor markers"
"Yun, Jihyun",University of Alberta,Alberta,Project Grant,202003PJT,Medical Physics & Imaging,"Towards the non-invasive, most accurate radiotherapy of mobile tumours in a hybrid linac-MR system","$550,800",$0,,,5 yrs 0 mth ,Cancer Research,"Cancer-Cancer Drug Development and Therapeutics; Biomedical Engineering-Biophysics, Medical Technologies and Instrumentation",2020-10-01,2025-09-30,0,,,"radiotherapy, mobile tumours, linac-MR"
"Zabel, Pamela L",London Health Sciences Centre Res. Inc. (Ont.),Ontario,Alternative Radiopharmaceuticals for Medical Imaging,200909MIS,Strategic Initiative: Medical Isotope committee,Seventy-to-Ninety % Reduction of Tc-99m Required for Breast Cancer Lymphoscintigraphy,"$499,948","$41,391",,,2 yrs 0 mth ,Cancer Research,DRUGS- PHARMACEUTICAL SCIENCE/CHEMISTRY & NON MEDICAL USE OF DRUGS; BREAST CANCER; IMAGING; CANCER,2009-11-01,2011-10-31,0,,,"Tc-99m, lymphoscintigraphy, breast cancer"
"Zacksenhaus, Eldad",University Health Network (Toronto),Ontario,Project Grant,202104PJT,Cancer Progression & Therapeutics,New mouse models and targeted therapies for aggressive forms of germline and sporadic pineoblastoma,"$956,250",$0,,,5 yrs 0 mth ,Cancer Research,Cancer-Pediatric Cancer; Cancer-Cancer Progression and Metastasis; Cancer-Cancer Drug Development and Therapeutics,2021-10-01,2026-09-30,0,,,"mouse models, targeted therapies, pineoblastoma"
"Zadeh, Gelareh",University Health Network (Toronto),Ontario,Project Grant,202003PJT,Cancer Progression & Therapeutics 2,Establishing the epigenetic drivers of aggressive behaviour in meningiomas,"$902,700",$0,,,5 yrs 0 mth ,Cancer Research,Cancer-Cancer Drug Development and Therapeutics; Health Services and Systems-Personalized Medicine; Cancer-Clinical Oncology,2020-10-01,2025-09-30,0,,,"epigenetic, meningiomas, behaviour"
"Zadeh, Gelareh",University Health Network (Toronto),Ontario,Project Grant,202010PJT,Cancer Progression & Therapeutics 2,Liquid biopsy-based DNA methylation profiling for improved diagnosis and prognostication of primary and metastatic CNS tumors,"$1,147,500",$0,,,5 yrs 0 mth ,Cancer Research,"Cancer-Cancer Progression and Metastasis; Genetics-Genomics, Transcriptomics and Proteomics",2021-04-01,2026-03-31,1,,,"liquid biopsy, DNA methylation, CNS tumors"
"Zadeh, Gelareh",University Health Network (Toronto),Ontario,Operating Grant,201109MOP,Cancer Progression & Therapeutics 2,Role of Bone Marrow Derived Progenitor Cells in Brain Tumor Neovascularizatoin,"$385,251",$0,,,3 yrs 0 mth ,Cancer Research,BRAIN TUMORS (INCL. RETINAL TUMORS); BRAIN TUMORS THERAPY; CANCER; NERVOUS SYSTEM,2012-04-01,2015-03-31,0,,,"Bone Marrow, Progenitor Cells, Brain Tumor"
"Zadeh, Gelareh",University Health Network (Toronto),Ontario,Operating Grant,201203MOP,Cancer Progression & Therapeutics,Role of HK2 in Regulating Brain Tumor Metabolism and Angiogenesis,"$560,636",$0,,,4 yrs 0 mth ,Cancer Research,BRAIN TUMORS (INCL. RETINAL TUMORS); BRAIN TUMORS THERAPY; CANCER; NERVOUS SYSTEM,2012-10-01,2016-09-30,0,,,"HK2, Brain Tumor, Angiogenesis"
"Zadeh, Gelareh",University Health Network (Toronto),Ontario,Project Grant,202203PJT,Cancer Progression & Therapeutics 2,Uncovering the molecular biomarkers of radiation responsiveness in meningiomas,"$1,051,876",$0,,,5 yrs 0 mth ,Cancer Research,Cancer-Cancer Progression and Metastasis,2022-10-01,2027-09-30,0,,,"molecular biomarkers, radiation, meningiomas"
"Zadeh, Gelareh",University Health Network (Toronto),Ontario,Project Grant,201803PJT,Cancer Progression & Therapeutics,Understanding the mechanisms of treatment response in glioblastoma,"$1,503,226",$0,,,5 yrs 0 mth ,Cancer Research,Cancer-Clinical Oncology,2018-10-01,2023-09-30,1,,,"glioblastoma, response, mechanisms"
"Zandstra, Peter W",University of Toronto,Ontario,Operating Grant,201203MOP,Biomedical Engineering,Engineering niches to support the development of definitive blood progenitors from human pluripotent stem cells,"$819,405",$0,,,5 yrs 0 mth ,Circulatory and Respiratory Health,BLOOD; LEUKAEMIAS; CELL BIOLOGY,2012-10-01,2017-06-30,4,,,"blood progenitors, pluripotent stem cells, niches"
"Zandstra, Peter W",University of British Columbia,British Columbia,Project Grant,202403PJT,Biomedical Engineering 2,Gastruloid Engineering: Precision Organoid Design for Developmental and Disease Modeling,"$1,208,700",$0,,,5 yrs 0 mth ,Genetics,"Biomedical Engineering-Regenerative Medicine and Tissue Engineering; Molecular, Cellular and Systems Biology-Cell Biology and Physiology; Reproduction and Development-Developmental Biology and Organogenesis; Computational Biology",2024-10-01,2029-09-30,0,,,"Gastruloid, Organoid, Disease Modeling"
"Zandstra, Peter W",University of Toronto,Ontario,Operating Grant,201309MOP,Biomedical Engineering,Regulatory control of pluripotent cell identity and fate,"$917,420",$0,,,5 yrs 0 mth ,"Human Development, Child and Youth Health",MULTIPLE DISEASE RELEVANCE; MULTIDISCIPLINARY; CELL BIOLOGY; HEALTH RESEARCH,2014-04-01,2017-06-30,5,,,"regulatory control, pluripotent cell, cell identity"
"Zaph, Colby",University of British Columbia,British Columbia,Operating Grant,201309MOP,Cancer Biology & Therapeutics,Regulation of intestinal homeostasis and cancer by the lysine methyltransferase Set7,"$795,064",$0,,,5 yrs 0 mth ,Cancer Research,GASTRO-INTESTINAL DISEASE; LIVER DISEASE; CANCER; GASTROINTESTINAL (LIVER),2014-04-01,2018-06-30,0,,,"intestinal, methyltransferase, cancer"
"Zariffa, Jose",University of Toronto,Ontario,Project Grant,202203PJT,Biomedical Engineering,"Bidirectional, selective, and implantable peripheral nerve interface for restoring function after spinal cord injury","$822,376",$0,,,5 yrs 0 mth ,"Neurosciences, Mental Health and Addiction","Biomedical Engineering-Biophysics, Medical Technologies and Instrumentation; Neurosciences-Motor Systems",2022-10-01,2027-09-30,0,,,"nerve interface, spinal cord, implantable"
"Zarrine-Afsar, Arash",University Health Network (Toronto),Ontario,Project Grant,202109PJT,Medical Physics & Imaging,Picosecond InfraRed Laser Mass Spectrometry (PIRL-MS) for Rapid Determination of Pediatric Brain Tumour Pathology,"$677,025",$0,,,5 yrs 0 mth ,Cancer Research,Cancer-Pediatric Cancer,2022-04-01,2027-03-31,1,,,"Picosecond, InfraRed, Mass Spectrometry"
"Zarrine-Afsar, Arash",University Health Network (Toronto),Ontario,Project Grant,202309PJT,Medical Physics & Imaging,Rapid high sensitivity and specificity diagnosis of melanoma with Picosecond infrared laser mass spectrometry,"$619,650",$0,,,5 yrs 0 mth ,Cancer Research,Cancer-Clinical Oncology,2024-04-01,2029-03-31,0,,,"melanoma, infrared laser, mass spectrometry"
"Zarychanski, Ryan",University of Manitoba,Manitoba,Operating Grant: COVID-19 Rapid Research Funding Opportunity - Therapeutics,202005VR3,COVID-19 Rapid Research - Therapeutics,"ANTI-THROMBOTIC THERAPY TO AMELIORATE COMPLICATIONS OF COVID-19 (ATTACC): A randomized, international, multi-centre, adaptive, controlled clinical trial","$3,573,336",$0,,,1 yr 0 mth ,Circulatory and Respiratory Health,INFECTIOUS AND PARASITIC; HEALTH RESEARCH,2020-06-01,2021-05-31,0,,,"anti-thrombotic, COVID-19, clinical trial"
"Zemp, Roger J",University of Alberta,Alberta,Project Grant,201909PJT,Medical Physics & Imaging,Photoacoustic Remote Sensing Virtual Histology for Tumor Margin Assessment,"$551,542",$0,,,4 yrs 0 mth ,Cancer Research,Biomedical Engineering-Biomedical Imaging,2020-04-01,2024-03-31,1,,,"Photoacoustic, Virtual Histology, Tumor Margin"
"Zeng, Haishan",University of British Columbia,British Columbia,Project Grant - Priority Announcement: Early Detection/Cancer Prevention,202309DCP,Medical Physics & Imaging,Advanced Raman Spectroscopy for Exhaled Breath Analysis for Lung Cancer Detection,"$100,000",$0,,,1 yr 0 mth ,Cancer Research,"Biomedical Engineering-Biophysics, Medical Technologies and Instrumentation; Cancer-Clinical Oncology; Cardiovascular, Respiratory and Circulatory Systems-Respiratory Sciences",2024-03-01,2025-02-28,0,,,"Raman spectroscopy, exhaled breath, lung cancer"
"Zeng, Haishan",University of British Columbia,British Columbia,Operating Grant,201303MOP,Medical Physics & Imaging,Integrated In Vivo Multiphoton Microscopy and Confocal Raman Spectroscopy for Skin Cancer Detection and Evaluation,"$493,204",$0,,,5 yrs 0 mth ,Cancer Research,SKIN AND SUBCUTANEOUS TISSUS; MULTIDISCIPLINARY; IMAGING; CANCER,2013-10-01,2018-09-30,2,,,"Multiphoton Microscopy, Raman Spectroscopy, Skin Cancer"
"Zeng, Haishan",University of British Columbia,British Columbia,Operating Grant,200909MOP,Medical Physics & Imaging,MEMS Enabled Reflectance Confocal Microscopy for Early GI Cancer Detection,"$293,915",$0,,,3 yrs 0 mth ,Cancer Research,GASTRO-INTESTINAL CANCER; MULTIDISCIPLINARY; IMAGING; CANCER,2010-04-01,2013-03-31,2,,,"MEMS, Confocal Microscopy, GI Cancer"
"Zeng, Haishan",University of British Columbia,British Columbia,Project Grant,201903PJT,Medical Physics & Imaging,Multiphoton Photothermolysis Based Laser Therapy for Precision Treatment of Neovascular Eye Diseases,"$711,451",$0,,,4 yrs 0 mth ,"Neurosciences, Mental Health and Addiction","Biomedical Engineering-Biophysics, Medical Technologies and Instrumentation; Biomedical Engineering-Biomedical Imaging; Neurosciences-Sensory Systems (including visual, auditory and pain)",2019-10-01,2023-09-30,0,,,"Multiphoton, Photothermolysis, Laser"
"Zhang, Boyang",McMaster University,Ontario,Project Grant,201809PJT,Biomedical Engineering,Pre-clinical evaluation of micro-tissue injection and self-assembly in vivo for cardiac repairs.,"$386,324",$0,,,4 yrs 0 mth ,Circulatory and Respiratory Health,"Cardiovascular, Respiratory and Circulatory Systems-Cardiovascular and Circulatory Sciences; Biomedical Engineering-Regenerative Medicine and Tissue Engineering",2019-04-01,2023-03-31,6,,,"micro-tissue, injection, cardiac"
"Zhang, Boyang",McMaster University,Ontario,Project Grant,201903PJT,Biomedical Engineering,SynoPlate - Human physiology on demand,"$684,675",$0,,,4 yrs 0 mth ,Circulatory and Respiratory Health,Biomedical Engineering-Regenerative Medicine and Tissue Engineering,2019-10-01,2023-09-30,0,,,"SynoPlate, physiology, on demand"
"Zhang, Haibo",Unity Health Toronto,Ontario,Operating Grant: COVID-19 - Therapeutics,202002OV3,Canadian 2019 Novel Coronavirus (2019-nCoV) Rapid Research,Molecular and cellular therapies against COVID-19 using  angiotensin-converting enzyme 2 (ACE2),"$1,000,000",$0,,,2 yrs 0 mth ,Circulatory and Respiratory Health,RESPIRATION,2020-02-01,2022-01-31,0,,,"molecular, ACE2, COVID-19"
"Zhang, Jinyi",Sinai Health System (Toronto),Ontario,Operating Grant,200903MOP,Cancer Biology & Therapeutics,Studies of the role of an Ets family protein in prostate cancer,"$694,200",$0,,,5 yrs 0 mth ,Cancer Research,PROSTATE AND BLADDER CANCER; CANCER; MOLECULAR BIOLOGY,2009-10-01,2014-09-30,0,,,"Ets, prostate cancer"
"Zhang, Li",University Health Network (Toronto),Ontario,Operating Grant,201109MOP,Cancer Progression & Therapeutics 2,Development of personalized immunotherapy to treat lung cancer using gamma-delta-T cells,"$785,005",$0,,,5 yrs 0 mth ,Cancer Research,LUNG CANCER THERAPY; CANCER THERAPY GENERAL; CANCER; IMMUNOLOGY-TRANSPLANTATION,2012-04-01,2017-03-31,8,,,"immunotherapy, gamma-delta-T cells, lung cancer"
"Zhang, Wei",University of Guelph,Ontario,Project Grant,201809PJT,Cancer Progression & Therapeutics,Development of allosteric inhibitors for HECT E3 ligases,"$745,875",$0,,,5 yrs 0 mth ,Cancer Research,"Cancer-Cancer Drug Development and Therapeutics; Molecular, Cellular and Systems Biology-Cell Signaling",2019-04-01,2024-03-31,1,,,"allosteric, inhibitors, E3 ligases"
"Zhang, Yunyan",University of Calgary,Alberta,"Project Grant - PA: Neurosciences, Mental Health and Addiction",201909PJ8,Medical Physics & Imaging,Prediction of multiple sclerosis disability worsening scores using multi-stream deep learning,"$100,000",$0,,,1 yr 0 mth ,"Neurosciences, Mental Health and Addiction",Neurosciences-Neurological disorders; Biomedical Engineering-Biomedical Imaging,2020-03-01,2021-02-28,0,,,"multiple sclerosis, deep learning, disability scoring"
"Zhang, Yunyan",University of Calgary,Alberta,Project Grant,202003PJT,Medical Physics & Imaging,Prediction of multiple sclerosis disability worsening scores using multi-stream deep learning,"$711,450",$0,,,5 yrs 0 mth ,"Neurosciences, Mental Health and Addiction",Neurosciences-Neurological disorders; Biomedical Engineering-Biomedical Imaging,2020-03-01,2021-02-28,0,,,"multiple sclerosis, deep learning, disability scoring"
"Zhang, Ze",Universite Laval,Quebec,Operating Grant,201003MOP,Biomedical Engineering,Cell Response to Electrical Stimulation Mediated by Conductive Scaffold,"$459,471",$0,,,5 yrs 0 mth ,Musculoskeletal Health and Arthritis,"INJURY, REGENERATION; MULTIDISCIPLINARY; MUSCLE, BONE, OR JOINT; CELL BIOLOGY",2010-10-01,2015-09-30,0,,,"Cell, Electrical Stimulation, Conductive Scaffold"
"Zheng, Gang",University Health Network (Toronto),Ontario,Operating Grant,201309MOP,Cancer Progression & Therapeutics 2,Improving cure rate of early stage lung cancer with personalized nanomedicine,"$695,400",$0,,,5 yrs 0 mth ,Cancer Research,LUNG CANCER THERAPY; MULTIDISCIPLINARY; CANCER,2014-04-01,2017-06-30,3,,,"lung cancer, nanomedicine, cure rate"
"Zheng, Gang",University Health Network (Toronto),Ontario,Project Grant,202303PJT,Biomedical Engineering 2,New nanotechnology for non-invasive deep lung-activatable antimicrobial photodynamic therapy of hospital-associated pneumonia,"$837,676",$0,,,5 yrs 0 mth ,Infection and Immunity,"Biomedical Engineering-Biomaterials, Nanotechnology and Biomechanics; Biomedical Engineering-Biophysics, Medical Technologies and Instrumentation; Immunology and Infection-Antimicrobial Drug Resistance, Drug Discovery and Therapeutics (including vaccines)",2023-10-01,2028-09-30,0,,,"nanotechnology, photodynamic, pneumonia"
"Zheng, Gang",University Health Network (Toronto),Ontario,Operating Grant,201109MOP,Cancer Biology & Therapeutics,Porphysome nanoparticle-enabled minimally invasive transbronchial photothermal ablation of lung cancer,"$756,699",$0,,,5 yrs 0 mth ,Cancer Research,LUNG CANCER THERAPY; MULTIDISCIPLINARY; CANCER; IMAGING,2012-04-01,2017-03-31,8,,,"Porphysome, nanoparticle, photothermal"
"Zheng, Gang",University Health Network (Toronto),Ontario,Project Grant,202303PJT,Cancer Progression & Therapeutics,Synergistic Radiosensitization of Hypoxic Pancreatic Adenocarcinoma using Gd-Texaphyrin Oxygen-Loaded Nanodroplets,"$994,500",$0,,,5 yrs 0 mth ,Cancer Research,"Cancer-Cancer Drug Development and Therapeutics; Biomedical Engineering-Biomaterials, Nanotechnology and Biomechanics; Pharmacological, Toxicological and Pharmaceutical Sciences-Drug Discovery, Design and Delivery",2024-07-01,2029-06-30,0,,,"Radiosensitization, Hypoxic, Nanodroplets"
"Zhou, Youwen",University of British Columbia,British Columbia,Operating Grant,201103MOP,Cancer Progression & Therapeutics 2,Abnormal Activation of Thymocytes High-Mobility Group Box Protein (TOX) in Cutaneous T Cell Lymphomas: Pathogenic Significance and Clinical Applications,"$340,314",$0,,,3 yrs 0 mth ,Musculoskeletal Health and Arthritis,SKIN AND SUBCUTANEOUS TISSUS; BLOOD; CANCER; MOLECULAR BIOLOGY,2011-10-01,2014-09-30,2,,,"Thymocytes, TOX, T Cell Lymphomas"
"Zhu, Xu-Dong",McMaster University,Ontario,Project Grant,201803PJT,Cancer Biology & Therapeutics,Elucidating the Role of CSB in the Maintenance of Genomic Stability,"$902,700",$0,,,5 yrs 0 mth ,Cancer Research,Cancer-Mechanisms of Carcinogenesis,2018-10-01,2023-09-30,0,,,"CSB, Genomic Stability, DNA Repair"
"Zhu, Xu-Dong",McMaster University,Ontario,Operating Grant,201209MOP,Cancer Biology & Therapeutics,Functional Analysis of Proteins Involved in Telomere Maintenance and Genome Integrity,"$813,505",$0,,,5 yrs 0 mth ,Cancer Research,CANCER THERAPY GENERAL; AGING; CANCER,2013-04-01,2018-03-31,0,,,"Proteins, Telomere, Genome"
"Zoubeidi, Amina",University of British Columbia,British Columbia,Project Grant,201803PJT,Cancer Biology & Therapeutics 2,Hormone therapy induces reprogramming to drive aggressive prostate cancer,"$669,376",$0,,,5 yrs 0 mth ,Cancer Research,Cancer-Mechanisms of Carcinogenesis; Cancer-Cancer Drug Development and Therapeutics,2018-10-01,2023-09-30,0,,,"hormone therapy, reprogramming, prostate cancer"
"Zoubeidi, Amina",University of British Columbia,British Columbia,Project Grant,201909PJT,Cancer Progression & Therapeutics 2,The role of the lineage oncogene ASCL1 in treatment-induced neuroendocrine prostate cancer,"$841,500",$0,,,5 yrs 0 mth ,Cancer Research,Cancer-Cancer Progression and Metastasis,2020-04-01,2025-03-31,0,,,"ASCL1, neuroendocrine, prostate cancer"
"de Kemp, Robert",Ottawa Heart Institute Research Corporation (Ontario),Ontario,Alternative Radiopharmaceuticals for Medical Imaging,200909MIS,Strategic Initiative: Medical Isotope committee,Rubidium-82 - An Alternative Radiopharmaceutical for Myocardial Imaging (Rb-ARMI),"$1,121,700",$0,,,2 yrs 0 mth ,Circulatory and Respiratory Health,CARDIOLOGY; CARDIOVASCULAR; IMAGING,2009-11-01,2011-10-31,0,,,"Rubidium-82, Radiopharmaceutical, Myocardial Imaging"
"de Kemp, Robert",Ottawa Heart Institute Research Corporation (Ontario),Ontario,Operating Grant,201309MOP,Medical Physics & Imaging,Translational Imaging of Coronary Endothelial Function with Positron Tomography,"$391,460",$0,,,4 yrs 0 mth ,Circulatory and Respiratory Health,ATHEROSCLEROSIS; CORONARY CIRCULATION (INCL. INSUFFICIENCY); CARDIOVASCULAR; IMAGING,2014-04-01,2018-03-31,0,,,"Imaging, Coronary, Positron"
"Chan, Steven M",University Health Network (Toronto),Ontario,Project Grant - Priority Announcement: Early Detection/Cancer Prevention,202303DCP,Cancer Progression & Therapeutics,Inhibiting Thrombopoietin Receptor (TPO-R) Signaling as a Novel Approach to Target TET2 Mutation-Driven Clonal Hematopoiesis,"$100,000",$0,,,1 yr 0 mth ,Cancer Research,Cancer-Cancer Progression and Metastasis; Cancer-Mechanisms of Carcinogenesis; Cancer-Cancer Drug Development and Therapeutics,2024-04-01,2027-03-31,0,,,"Thrombopoietin, TPO-R, TET2"
"Chan, Steven M",University Health Network (Toronto),Ontario,Project Grant,202309PJT,Cancer Biology & Therapeutics 2,Inhibiting Thrombopoietin Receptor (TPO-R) Signaling as a Novel Approach to Target TET2 Mutation-Driven Clonal Hematopoiesis,"$409,276",$0,,,3 yrs 0 mth ,Cancer Research,Cancer-Cancer Progression and Metastasis; Cancer-Mechanisms of Carcinogenesis; Cancer-Cancer Drug Development and Therapeutics,2024-04-01,2027-03-31,0,,,"Thrombopoietin, TPO-R, TET2"
"Chan, Warren C",University of Toronto,Ontario,Operating Grant - Priority Announcement: Breast Cancer,201209COP,Biomedical Engineering,Engineering DNA-nanosystems for tumor targeting,"$100,000",$0,,,1 yr 0 mth ,Cancer Research,BREAST CANCER,2013-10-01,2018-06-30,6,,,"DNA, nanosystems, tumor"
"Chan, Warren C",University of Toronto,Ontario,Operating Grant,201303MOP,Biomedical Engineering,Engineering DNA-nanosystems for tumor targeting,"$632,126",$0,,,5 yrs 0 mth ,Cancer Research,BREAST CANCER,2013-10-01,2018-06-30,6,,,"DNA, nanosystems, tumor"
"Gauthier, Lynn R",Universite Laval,Quebec,Catalyst Grant: Personalized Health Catalyst Grants,201706PCG,Personalized Health - novel e-health applications,PainQuILT: A patient-centred e-health solution to empower older adults and improve pain assessment and management,"$162,027",$0,,,2 yrs 0 mth ,Aging,AGING; NONE OF THE ABOVE; GERIATRICS; NERVOUS SYSTEM,2017-09-01,2019-08-31,0,,,"e-health, pain assessment, older adults"
"King, Graham John W",Western University (Ontario),Ontario,Operating Grant,201503MOP,Biomedical Engineering,The Biomechanical Assessment and Optimization of Minimally Invasive Implants for the Elbow and Shoulder,"$242,575",$0,,,4 yrs 0 mth ,Musculoskeletal Health and Arthritis,MUSCULO SKELETAL; ARTHRITIS/OSTEOARTHRITIS,2015-07-01,2019-06-30,0,,,"Biomechanical, Implants, Elbow"
"Kolios, Michael C",Toronto Metropolitan University,Ontario,Operating Grant,200903MOP,Medical Physics & Imaging,Mid to High frequency ultrasound imaging and spectroscopy for cancer treatment monitoring,"$427,592",$0,,,3 yrs 0 mth ,Cancer Research,CANCER THERAPY GENERAL; MULTIDISCIPLINARY; BIOPHYSICS; IMAGING,2009-10-01,2012-09-30,11,,,"ultrasound, imaging, spectroscopy"
"Nichols, Anthony C",Western University (Ontario),Ontario,Project Grant,202209PJT,Cancer Progression & Therapeutics,Targeted and immuno-therapy to overcome innate and acquired resistance in aggressive MAPK-addicted cancers.,"$990,675",$0,,,5 yrs 0 mth ,Cancer Research,Cancer-Cancer Drug Development and Therapeutics; Cancer-Cancer Progression and Metastasis,2023-04-01,2028-03-31,0,,,"immuno-therapy, MAPK, resistance"
"Poirier, Guy G",Universite Laval,Quebec,Project Grant,201903PJT,Cancer Biology & Therapeutics,"Poly(ADP-ribose) writers, readers, and erasers: Functions in DNA double-strand break repair and synthetic lethality.","$956,250",$0,,,5 yrs 0 mth ,Genetics,"Molecular, Cellular and Systems Biology-Molecular Biology; Cancer-Mechanisms of Carcinogenesis",2019-10-01,2024-09-30,0,,,"Poly(ADP-ribose), DNA repair, synthetic lethality"
"Price, Eric W",University of Saskatchewan,Saskatchewan,Project Grant,202303PJT,Medical Physics & Imaging,"Tumor targeted, radiolabeled, mimetic nanovesicle theranostics for imaging and treating head and neck cancer","$963,900",$0,,,5 yrs 0 mth ,Cancer Research,"Pharmacological, Toxicological and Pharmaceutical Sciences-Drug Discovery, Design and Delivery; Cancer-Cancer Drug Development and Therapeutics; Biomedical Engineering-Biomaterials, Nanotechnology and Biomechanics",2023-10-01,2028-09-30,0,,,"tumor, radiolabeled, nanovesicle"
"Wellington, Cheryl L",University of British Columbia,British Columbia,Project Grant,202209PJT,Biomedical Engineering,Using translational biomarkers to define whether plane of motion and complexity of head kinematics modifies biomarker and neuropathological responses to concussion in mice and humans.,"$1,293,201",$0,,,4 yrs 0 mth ,"Neurosciences, Mental Health and Addiction","Biomedical Engineering-Biomaterials, Nanotechnology and Biomechanics; Biomedical Engineering-Biomedical Imaging",2023-04-01,2027-03-31,0,,,"biomarkers, head kinematics, concussion"
"Zacksenhaus, Eldad",University Health Network (Toronto),Ontario,Operating Grant,201309MOP,Cancer Biology & Therapeutics,A model for Group C Medulloblastoma induced by deletion of RB1 and p53 tumor suppressors,"$486,928",$0,,,4 yrs 0 mth ,Cancer Research,BRAIN TUMORS (INCL. RETINAL TUMORS); BRAIN TUMORS THERAPY; CANCER; NERVOUS SYSTEM,2014-04-01,2018-03-31,0,,,"Medulloblastoma,RB1,p53"
"Adachi, Jonathan D",McMaster University,Ontario,Operating Grant,201103MOP,Medical Physics & Imaging,On the development of bone quality parameters for assessing osteoporosis using peripheral quantitative computed tomography,"$657,828",$0,,,5 yrs 0 mth ,Musculoskeletal Health and Arthritis,"OSTEOPOROSIS; AGING; MUSCLE, BONE, OR JOINT; IMAGING",2011-10-01,2016-09-30,0,,,"bone, osteoporosis, computed tomography"
"Acker, Jason P",University of Alberta,Alberta,Project Grant,202010PJT,Biomedical Engineering,Enabling liver cryopreservation by controlling ice recrystallization with small molecule inhibitors,"$600,524",$0,,,4 yrs 0 mth ,Infection and Immunity,"Digestive, Endocrine and Excretory Systems-Gastroenterology and Hepatology; Pharmacological, Toxicological and Pharmaceutical Sciences-Drug Action, Toxicology and Metabolism; Biomedical Engineering-Regenerative Medicine and Tissue Engineering",2018-10-01,2019-09-30,0,"{""level1_ip"": []}",2025-06-16 20:31:53.596797,"liver, cryopreservation, ice recrystallization"
"Acker, Jason P",University of Alberta,Alberta,Project Grant,201804PJT,Biomedical Engineering,Enabling liver cryopreservation by controlling ice recrystallization with small molecule inhibitors,"$100,000",$0,,,1 yr 0 mth ,Infection and Immunity,"Digestive, Endocrine and Excretory Systems-Gastroenterology and Hepatology; Pharmacological, Toxicological and Pharmaceutical Sciences-Drug Action, Toxicology and Metabolism; Biomedical Engineering-Regenerative Medicine and Tissue Engineering",2018-10-01,2019-09-30,0,"{""level1_ip"": []}",2025-06-16 20:36:00.047795,"liver, cryopreservation, ice recrystallization"
"Abolmaesumi, Purang",University of British Columbia,British Columbia,Project Grant,202203PJT,Medical Physics & Imaging,Automatic Assessment of Aortic Stenosis with Point of Care Ultrasound,"$1,005,976",$0,,,5 yrs 0 mth ,Aging,"Artificial Intelligence-Machine Learning; Biomedical Engineering-Biomedical Imaging; Cardiovascular, Respiratory and Circulatory Systems-Clinical and Translational Cardiovascular Sciences",2022-10-01,2027-09-30,0,"{""level1_ip"": []}",2025-06-16 20:36:00.047483,"Aortic Stenosis, Ultrasound, Point of Care"
"Abolmaesumi, Purang",University of British Columbia,British Columbia,Operating Grant,201103MOP,Medical Physics & Imaging,Needle Guidance System for Neuraxial Analgesia and Anesthesia,"$449,365",$0,,,4 yrs 0 mth ,Musculoskeletal Health and Arthritis,"MUSCULO SKELETAL; AGING; IMAGING; MUSCLE, BONE, OR JOINT",2011-10-01,2015-09-30,1,"{""level1_ip"": [{""title"": ""Real-time generation of three-dimensional ultrasound image using a two-dimensional ultrasound transducer in a robotic system"", ""type"": ""Patent"", ""filing_year"": 2013, ""inventor"": ""Abolmaesumi, Purang"", ""code"": ""US9232984B2"", ""connection"": ""This patent involves medical imaging technology relevant to the researcher's expertise in robotic ultrasound systems.""}, {""title"": ""Medical robotic system with coupled control modes"", ""type"": ""Patent"", ""filing_year"": 2014, ""inventor"": ""Abolmaesumi, Purang"", ""code"": ""US9333042B2"", ""connection"": ""This patent covers robotic control systems in medical applications, directly related to the researcher's work in medical robotics.""}]}",2025-06-16 20:36:00.047684,"Needle guidance, Neuraxial, Analgesia"
"Abraham, Sheela A","Queen's University (Kingston, Ontario)",Ontario,Project Grant,202010PJT,Cancer Biology & Therapeutics 2,Elucidating the role extracellular vesicles play in leukaemogenesis,"$1,071,000",$0,,,5 yrs 0 mth ,Cancer Research,Cancer-Cancer Drug Development and Therapeutics; Cancer-Cancer Progression and Metastasis,2021-04-01,2026-03-31,0,"{""level1_ip"": []}",2025-06-16 20:36:00.047745,"extracellular vesicles, leukaemogenesis"
"Abolmaesumi, Purang",University of British Columbia,British Columbia,Project Grant,201803PJT,Medical Physics & Imaging,Multi-centre Temporal Ultrasound Image Analysis for Prostate Cancer Diagnosis,"$1,158,976",$0,,,5 yrs 0 mth ,Cancer Research,Biomedical Engineering-Biomedical Imaging,2018-10-01,2023-09-30,2,"{""level1_ip"": [{""title"": ""Real-time generation of three-dimensional ultrasound image using a two-dimensional ultrasound transducer in a robotic system"", ""type"": ""Patent"", ""filing_year"": 2013, ""inventor"": ""Abolmaesumi, Purang"", ""code"": ""US9232984B2"", ""connection"": ""This patent involves medical imaging technology, aligning with Purang Abolmaesumi's expertise in medical robotics and imaging.""}, {""title"": ""Medical robotic system with coupled control modes"", ""type"": ""Patent"", ""filing_year"": 2014, ""inventor"": ""Abolmaesumi, Purang"", ""code"": ""US9333042B2"", ""connection"": ""This patent covers robotic control systems in medical applications, directly related to Purang Abolmaesumi's research in medical robotics.""}]}",2025-06-16 20:36:00.047571,"Ultrasound, Image Analysis, Prostate Cancer"
"Adamson, Robert B",Dalhousie University (Nova Scotia),Nova Scotia,Project Grant,202109PJT,Medical Physics & Imaging,Clinical optical coherence tomography of the middle ear,"$313,652",$0,,,4 yrs 0 mth ,"Human Development, Child and Youth Health",Biomedical Engineering-Biomedical Imaging,2022-04-01,2026-03-31,2,,,"optical coherence tomography, middle ear"
"Agarwal, Gina (Ragini)",McMaster University,Ontario,Catalyst Grant: Personalized Health Catalyst Grants,201706PCG,Personalized Health - novel e-health applications,Developing a Community Paramedicine @Home myCarePlan (myCP) app for frequent users of emergency services: Empowering clients in using appropriate healthcare resources,"$199,494",$0,,,2 yrs 0 mth ,Health Services and Policy Research,HEALTH SERVICES RESEARCH; HEALTH CARE DELIVERY; HEALTH RESEARCH,2017-09-01,2019-08-31,0,,,"Community paramedicine, mobile app, healthcare resources"
"Ahmed, Shahid",University of Saskatchewan,Saskatchewan,Project Grant,201809PJT,Cancer Biology & Therapeutics 2,Conversion From Unresectable To Resectable Liver Metastases In Patients With Liver-Only Metastatic Colorectal Cancer Treated With FOLFOXIRI Plus Bevacizumab. The Conversion Trial.,"$100,000",$0,,,3 yrs 0 mth ,Cancer Research,Cancer-Clinical Oncology,2019-04-01,2022-03-31,0,,,"liver metastases, colorectal cancer, FOLFOXIRI"
"Ailles, Laurie E",University Health Network (Toronto),Ontario,Project Grant,201909PJT,Cancer Progression & Therapeutics,Prognostic Biomarkers and Novel Therapies for Oral Squamous Cell Carcinoma Patients,"$1,051,875",$0,,,5 yrs 0 mth ,Cancer Research,"Cancer-Cancer Progression and Metastasis; Genetics-Genomics, Transcriptomics and Proteomics; Cancer-Cancer Drug Development and Therapeutics",2020-04-01,2025-03-31,0,,,"Biomarkers, Oral Squamous Cell Carcinoma, Prognostic"
"Ailles, Laurie E",University Health Network (Toronto),Ontario,Project Grant,202210PJT,Cancer Progression & Therapeutics,Targeting PRMT1 in Clear Cell Renal Cell Carcinoma,"$100,000",$0,,,1 yr 0 mth ,Cancer Research,"Cancer-Cancer Drug Development and Therapeutics; Molecular, Cellular and Systems Biology-Molecular Biology",2023-04-01,2024-03-31,0,,,"PRMT1, Renal Cell Carcinoma, Targeting"
"Ailles, Laurie E",University Health Network (Toronto),Ontario,Project Grant,202309PJT,Cancer Progression & Therapeutics 2,Targeting PRMT1 in Clear Cell Renal Cell Carcinoma,"$776,475",$0,,,5 yrs 0 mth ,Cancer Research,"Cancer-Cancer Drug Development and Therapeutics; Molecular, Cellular and Systems Biology-Molecular Biology",2023-04-01,2024-03-31,0,,,"PRMT1, Renal Cell Carcinoma, Targeting"
"Alhazzani, Waleed",McMaster University,Ontario,Operating Grant: COVID-19 Rapid Research Funding Opportunity - Therapeutics,202005VR3,COVID-19 Rapid Research - Therapeutics,Awake Prone Position in Hypoxemic Patients with Coronavirus Disease 19,"$1,089,205",$0,,,0 yr 6 mths ,Circulatory and Respiratory Health,RESPIRATION; VIRAL; VIROLOGY,2020-06-01,2021-05-31,0,,,"Prone Position, Hypoxemic, Coronavirus"
"Allan, Alison L",Western University (Ontario),Ontario,Project Grant,202010PJT,Cancer Progression & Therapeutics 2,Influence of breast cancer-derived extracellular vesicles (BCEVs) on lung metastasis of triple negative breast cancer,"$872,100",$0,,,5 yrs 0 mth ,Cancer Research,"Cancer-Cancer Progression and Metastasis; Molecular, Cellular and Systems Biology-Cell Biology and Physiology; Molecular, Cellular and Systems Biology-Biochemistry",2021-04-01,2026-03-31,0,,,"extracellular vesicles, breast cancer, metastasis"
"Allen, Christine J",University of Toronto,Ontario,Project Grant,201709PJT,Medical Physics & Imaging 2,Heat Activated Liposomal Delivery of Chemo and Molecular Therapy in Combination with Radiotherapy for Treatment of Breast Cancer Recurrence at the Chest Wall,"$459,000",$0,,,4 yrs 0 mth ,Cancer Research,"Cancer-Cancer Drug Development and Therapeutics; Pharmacological, Toxicological and Pharmaceutical Sciences-Drug Discovery, Design and Delivery; Biomedical Engineering-Biomedical Imaging",2018-04-01,2022-03-31,0,,,"Liposomal, Chemotherapy, Radiotherapy"
"Allen, Christine J",University of Toronto,Ontario,Operating Grant - Priority Announcement: Breast Cancer,201309COP,Cancer Progression & Therapeutics,Targeted Polymeric Nanotechnology for Multi-Modality Treatment of HER2 Positive Breast Cancer,$0,$0,"$100,000",Avon Foundation for Women - Canada,1 yr 0 mth ,Cancer Research,BREAST CANCER THERAPY; CANCER THERAPY GENERAL; CANCER; DRUG RESEARCH,2014-07-01,2018-06-30,0,,,"Polymeric, Nanotechnology, HER2"
"Allen, Christine J",University of Toronto,Ontario,Operating Grant,201403MOP,Cancer Progression & Therapeutics,Targeted Polymeric Nanotechnology for Multi-Modality Treatment of HER2 Positive Breast Cancer,"$492,845",$0,,,4 yrs 0 mth ,Cancer Research,BREAST CANCER THERAPY; CANCER THERAPY GENERAL; CANCER; DRUG RESEARCH,2014-07-01,2018-06-30,0,,,"Polymeric, Nanotechnology, HER2"
"Alman, Benjamin A",Hospital for Sick Children (Toronto),Ontario,Operating Grant,201203MOP,Cancer Progression & Therapeutics,Characterizing the Sarcoma Tumor Initiating Cell: Implications for the Development of Novel Treatments for Undifferentiated Pleomorphic Sarcoma,"$732,722",$0,,,5 yrs 0 mth ,Musculoskeletal Health and Arthritis,"BONE CANCER; BONE CANCER THERAPY; CANCER; MUSCLE, BONE, OR JOINT",2012-10-01,2018-03-31,0,,,"Sarcoma, Tumor, Cell"
"Amed, Shazhan",University of British Columbia,British Columbia,Catalyst Grant: Personalized Health Catalyst Grants,201706PCG,Personalized Health - novel e-health applications,The Live 5-2-1-0 eHealth App - Supporting health professionals and educators to raise a healthier generation of kids,"$199,870",$0,,,2 yrs 0 mth ,"Nutrition, Metabolism and Diabetes",POPULATION HEALTH; HEALTH RESEARCH,2017-09-01,2019-08-31,0,,,"eHealth, app, health"
"Amsden, Brian G","Queen's University (Kingston, Ontario)",Ontario,"Operating Grant - PA: Musculoskeletal Health, Arthritis, Skin and Oral Health",201109IMH,Biomedical Engineering,Biomimetic Scaffold for Ligament Tissue Engineering,"$100,000",$0,,,1 yr 0 mth ,Musculoskeletal Health and Arthritis,"INJURY, REGENERATION; MUSCULO SKELETAL",2014-07-01,2018-06-30,0,,,"Biomimetic, Scaffold, Ligament"
"Amsden, Brian G","Queen's University (Kingston, Ontario)",Ontario,Operating Grant,201403MOP,Biomedical Engineering,Biomimetic Scaffold for Ligament Tissue Engineering,"$409,478",$0,,,4 yrs 0 mth ,Musculoskeletal Health and Arthritis,"INJURY, REGENERATION; MUSCULO SKELETAL",2014-07-01,2018-06-30,0,,,"Biomimetic, Scaffold, Ligament"
"Ancuta, Petronela",Centre hospitalier de l'Universite de Montreal (CHUM),Quebec,Catalyst Grant: Innovation in HIV Vaccine and HIV Cure Research,201211CHR,HIV Vaccine and Cure Research,Establishment of Long-Lived HIV-1 Reservoirs in Naive Th17 Precursors: Implications for the Cure,"$100,000",$0,,,1 yr 0 mth ,Infection and Immunity,VIRAL; AIDS; VIROLOGY; IMMUNOLOGY-TRANSPLANTATION,2013-03-01,2014-02-28,0,,,"HIV-1, Reservoirs, Th17"
"Anderson, Deborah H",University of Saskatchewan,Saskatchewan,Operating Grant,201405MOP,Cancer Progression & Therapeutics,Targeting Metastatic Breast Cancer,"$100,000",$0,,,1 yr 0 mth ,Cancer Research,BREAST CANCER; BREAST CANCER THERAPY; CANCER,2014-10-01,2015-09-30,1,,,"Metastatic, Breast Cancer"
"Anderson, Deborah H",University of Saskatchewan,Saskatchewan,Project Grant - PA: Breast Cancer Research,202109PLL,Cancer Progression & Therapeutics,Targeting metastatic breast cancer,"$100,000",$0,,,1 yr 0 mth ,Cancer Research,"Cancer-Cancer Drug Development and Therapeutics; Pharmacological, Toxicological and Pharmaceutical Sciences-Drug Discovery, Design and Delivery",2024-04-01,2026-03-31,0,,,"metastatic, breast, cancer"
"Anderson, Deborah H",University of Saskatchewan,Saskatchewan,Project Grant,202309PJT,Cancer Progression & Therapeutics,Targeting metastatic breast cancer,"$504,900",$0,,,2 yrs 0 mth ,Cancer Research,"Cancer-Cancer Drug Development and Therapeutics; Pharmacological, Toxicological and Pharmaceutical Sciences-Drug Discovery, Design and Delivery",2024-04-01,2026-03-31,0,,,"metastatic, breast, cancer"
"Andrulis, Irene L",Sinai Health System (Toronto),Ontario,Operating Grant,200809MOP,Cancer Progression & Therapeutics,Discovery and characterization of clinically important changes in axillary node-negative breast cancer.,"$866,726",$0,,,5 yrs 0 mth ,Cancer Research,BREAST CANCER; CANCER; GENETICS,2009-04-01,2014-03-31,0,,,"axillary node, breast cancer, characterization"
"Andrysek, Jan",Holland Bloorview Kids Rehabilitation Hospital (Toronto),Ontario,Project Grant,202309PJT,Biomedical Engineering,Feasibility RCT evaluating digitally and traditionally produced ankle foot orthoses for individuals with impaired lower limb function,"$470,475",$0,,,3 yrs 0 mth ,Musculoskeletal Health and Arthritis,Musculoskeletal Health-Rehabilitation and Physical Therapy; Health Services and Systems-Management of Chronic Diseases and Conditions,2024-04-01,2027-03-31,0,,,"ankle foot orthoses, lower limb, digital fabrication"
"Angers, Stephane",University of Toronto,Ontario,Project Grant,201909PJT,Cancer Biology & Therapeutics 2,Targeting Glioblastoma Heterogeneity through identification of subtype-specific genetic vulnerabilities,"$818,550",$0,,,5 yrs 0 mth ,Cancer Research,Cancer-Mechanisms of Carcinogenesis,2020-04-01,2025-03-31,0,,,"Glioblastoma, genetic vulnerabilities, heterogeneity"
"Anglesio, Michael S",University of British Columbia,British Columbia,Project Grant,202209PJT,Cancer Progression & Therapeutics,Deconvoluting Prognostic and Targetable Features of Endometrioid Ovarian Carcinomas of No Specific Molecular Profile,"$646,424",$0,,,3 yrs 0 mth ,Cancer Research,Cancer-Cancer Progression and Metastasis; Cancer-Mechanisms of Carcinogenesis; Reproduction and Development-Reproductive Sciences,2023-04-01,2026-03-31,0,,,"Deconvoluting, Prognostic, Ovarian Carcinomas"
"Ansermino, John M",University of British Columbia,British Columbia,Operating Grant,200909MOP,Biomedical Engineering,eVENT: An expert system for detecting ventilatory events during anesthesia,"$299,186",$0,,,3 yrs 0 mth ,Circulatory and Respiratory Health,NONE OF THE ABOVE; HEALTH RESEARCH; NOT CLASSIFIED,2006-04-01,2008-03-31,1,,,"ventilatory events, expert system, anesthesia"
"Antoniou, John",CIUSSS de Centre-Ouest-de-l'Ile-de-Montreal-Jewish General,Quebec,Project Grant,202109PJT,Biomedical Engineering,Role of Link N in Osteoarthritis,"$699,975",$0,,,5 yrs 0 mth ,Musculoskeletal Health and Arthritis,Biomedical Engineering-Regenerative Medicine and Tissue Engineering,2022-04-01,2027-03-31,0,,,"Link N, Osteoarthritis"
"Antoniou, John",CIUSSS de Centre-Ouest-de-l'Ile-de-Montreal-Jewish General,Quebec,Operating Grant,201009MOP,Biomedical Engineering,Tissue Engineering of Intervertebral Discs,"$328,001",$0,,,3 yrs 0 mth ,Musculoskeletal Health and Arthritis,"MUSCULO SKELETAL; ARTHRITIS/OSTEOARTHRITIS; MUSCLE, BONE, OR JOINT; CELL BIOLOGY",2007-07-01,2010-06-30,1,,,"Tissue engineering, Intervertebral discs"
