Project_Title,Name,Institution_Paid,Location,Program_Name,Competition_CD,PRC_Name,CIHR_Contribution,CIHR_Equipment,Term_Years_Months,Primary_Institute,Research_Categories,Funding_Start,Funding_End,title_keywords,patents
Buccal Lamin A as a Novel Biomarker for Frailty,"Afilalo, Jonathan",McGill University,Quebec,Proof of Principle Program - Phase I,201209PPP,Proof of Principle,160000,0,1 yr 0 mth ,Aging,AGING; CARDIOLOGY; CELL BIOLOGY,4/1/2013,2014-03-31,"Buccal, Lamin A, Biomarker",2
Novel cross-protective (universal) vaccine for influenza infections,"Agrawal, Babita",University of Alberta,Alberta,Proof of Principle Program - Phase I,201202PPP,Proof of Principle,159990,0,1 yr 0 mth ,Infection and Immunity,VIRAL; IMMUNOLOGY-TRANSPLANTATION,10/1/2012,2013-09-30,"cross-protective, influenza, vaccine",2
New dual-mode antiviral agents for the treatment of hepatitis C virus infection,"Agrawal, Babita",University of Alberta,Alberta,Proof of Principle Program - Phase I,201302PPP,Proof of Principle,159984,0,1 yr 0 mth ,Infection and Immunity,VIRAL; DRUG RESEARCH; VIROLOGY,10/1/2013,2014-09-30,"antiviral agents, hepatitis C virus, infection",3
Development of a novel universal (cross-protective) vaccine technology for influenza viruses,"Agrawal, Babita",University of Alberta,Alberta,Project Grant,201903PJT,Commercialization,367200,0,3 yrs 0 mth ,Infection and Immunity,"Commercialization-Intellectual Property; Immunology and Infection-Antiviral Drug Resistance, Viral Vaccine Development and Therapeutics (including vaccines)",10/1/2019,2022-09-30,"vaccine, influenza, cross-protective",0
Towards commercialization of GelDerm-a smart dressing for continuous wound monitoring,"Akbari, Mohsen",University of Victoria (British Columbia),British Columbia,Project Grant,202303PJT,Commercialization,332776,0,2 yrs 0 mth ,Musculoskeletal Health and Arthritis,Commercialization-Industry Research & Development,10/1/2023,2025-09-30,"GelDerm, smart dressing, wound monitoring",0
Viralyzing transgenes to improve oncolytic immunotherapy.,"Alain, Tommy",Children's Hospital of Eastern Ontario Research Institute Inc,Ontario,Project Grant - PA: Breast Cancer Research,202309PLL,Commercialization,100000,0,1 yr 0 mth ,Cancer Research,"Biomedical Engineering-Biomaterials, Nanotechnology and Biomechanics; Genetics-Genomics, Transcriptomics and Proteomics; Immunology and Infection-Virology",4/1/2024,2025-03-31,"Viralyzing, transgenes, immunotherapy",0
Viralyzing transgenes to improve oncolytic immunotherapy.,"Alain, Tommy",Children's Hospital of Eastern Ontario Research Institute Inc,Ontario,Project Grant - PA: Breast Cancer Research,202403PLL,Commercialization,100000,0,1 yr 0 mth ,Cancer Research,"Biomedical Engineering-Biomaterials, Nanotechnology and Biomechanics; Genetics-Genomics, Transcriptomics and Proteomics; Immunology and Infection-Virology",10/1/2024,2025-09-30,"Viralyzing, transgenes, immunotherapy",0
Triple Targeted Kinase Inhibitors Capable of Inhibiting Breast Cancer Metastases,"Alaoui-Jamali, Moulay A",McGill University,Quebec,Proof of Principle Program - Phase I,201102PPP,Proof of Principle,160000,0,1 yr 0 mth ,Cancer Research,BREAST CANCER THERAPY; BREAST CANCER; CANCER; DRUG RESEARCH,10/1/2011,2012-09-30,"Kinase inhibitors, breast cancer, metastases",3
Development of a peptide mimetic vaccine for prevention of Epstein-Barr virus infectious mononucleosis and related cancers.,"Alfieri, Carolina","Centre hospitalier universitaire Sainte-Justine (Montreal, Quebec)",Quebec,Proof of Principle Program - Phase I,201402PPP,Proof of Principle,159612,0,1 yr 0 mth ,Infection and Immunity,VIRAL; INFECTIOUS AND PARASITIC; VIROLOGY; IMMUNOLOGY-TRANSPLANTATION,10/1/2014,2015-09-30,"peptide, vaccine, Epstein-Barr virus",0
Modulation of heart metabolism by hydrophobically modified hyperbranched polyglycerols,"Allard, Michael F",University of British Columbia,British Columbia,Proof of Principle Program - Phase I,200904PPP,Proof of Principle,150000,0,1 yr 0 mth ,Circulatory and Respiratory Health,MYOCARDIAL INFARCTION; DRUGS- PHARMACEUTICAL SCIENCE/CHEMISTRY & NON MEDICAL USE OF DRUGS; CARDIOVASCULAR; DRUG RESEARCH,7/1/2009,2010-06-30,"heart, metabolism, polyglycerols",0
Nefopam as an agent to prevent and treat hyperplastic scars,"Alman, Benjamin A",Hospital for Sick Children (Toronto),Ontario,Proof of Principle Program - Phase I,201003PPP,Proof of Principle,159975,0,1 yr 0 mth ,Musculoskeletal Health and Arthritis,"SKIN AND SUBCUTANEOUS TISSUS; MUSCULO SKELETAL; MUSCLE, BONE, OR JOINT; DRUG RESEARCH",10/1/2010,2011-09-30,"Nefopam, hyperplastic scars",1
"Latonduine A, A Potent delF508-CFTR Trafficking Defect Corrector With Potential for Treating Cystic Fibrosis","Andersen, Raymond J",University of British Columbia,British Columbia,Proof of Principle Program - Phase I,201003PPP,Proof of Principle,159750,0,1 yr 0 mth ,Circulatory and Respiratory Health,RESPIRATION; INFECTIOUS AND PARASITIC; DRUG RESEARCH,10/1/2010,2011-09-30,"Latonduine, CFTR, Cystic Fibrosis",0
Preclinical development of glycerophosphocarbamates as prostate-selective anticancer drugs,"Arthur, Gilbert",University of Manitoba,Manitoba,Proof of Principle Program - Phase I,200904PPP,Proof of Principle,137617,0,1 yr 0 mth ,Cancer Research,PROSTATE AND BLADDER CANCER THERAPY; CANCER THERAPY GENERAL; CANCER; DRUG RESEARCH,7/1/2009,2010-06-30,"glycerophosphocarbamates, prostate, anticancer",0
Validation of Tissue and Cytology Microarray Spotter (TCMS) for Simultaneous Multiple Biomarker Detection in Cells,"Banerjee, Diponkar",University of British Columbia,British Columbia,Proof of Principle Program - Phase I,200810PPP,Proof of Principle,150000,0,1 yr 0 mth ,Cancer Research,NEOPLASMS; NONE OF THE ABOVE; CANCER; MOLECULAR BIOLOGY,1/1/2009,2009-12-31,"Tissue, Cytology, Microarray",0
Preclinical studies of a novel CFTR potentiator for commercialization as a therapy for chronic obstructive pulmonary disease.,"Bear, Christine E",Hospital for Sick Children (Toronto),Ontario,Project Grant,202403PJT,Commercialization,325125,0,2 yrs 0 mth ,Circulatory and Respiratory Health,Commercialization-Technology Transfer,10/1/2024,2026-09-30,"CFTR, potentiator, pulmonary disease",0
Improving the diagnosis of colorectal cancer using fecal mRNA and protein markers: The integrin alpha 6A subunit,"Beaulieu, Jean-Franeois",Universite de Sherbrooke,Quebec,Proof of Principle Program - Phase I,201309PPP,Proof of Principle,160000,0,1 yr 0 mth ,Cancer Research,GASTRO-INTESTINAL CANCER; GASTRO-INTESTINAL CANCER THERAPY; GASTROINTESTINAL (LIVER); CANCER,4/1/2014,2015-03-31,"colorectal cancer, fecal mRNA, integrin alpha 6A",0
Cells lines for screening GPCR/Nav signaling compound,"Beaulieu, Martin",Universite Laval,Quebec,Proof of Principle Program - Phase I,201302PPP,Proof of Principle,160000,0,1 yr 0 mth ,"Neurosciences, Mental Health and Addiction",DRUGS- PHARMACEUTICAL SCIENCE/CHEMISTRY & NON MEDICAL USE OF DRUGS; DRUG RESEARCH; CELL BIOLOGY,10/1/2013,2014-09-30,"cells, GPCR, signaling",1
Novel end-to-end platform for extraction of body composition measurements from CT images for research and integration into clinical workflows for precision medicine,"Beg, Mirza Faisal","Simon Fraser University (Burnaby, B.C.)",British Columbia,Project Grant - Priority Announcement: Cancer Research,202209PJS,Commercialization,100000,0,1 yr 0 mth ,Cancer Research,Biomedical Engineering-Biomedical Imaging; Artificial Intelligence-Machine Learning; Commercialization-Industry Research & Development,3/1/2023,2024-02-29,"body composition, CT images, precision medicine",0
Staging the host in Cancer: AI-based automated comprehensive body composition assessment for Precision Medicine,"Beg, Mirza Faisal","Simon Fraser University (Burnaby, B.C.)",British Columbia,Project Grant,202303PJT,Commercialization,956250,0,3 yrs 0 mth ,Cancer Research,Biomedical Engineering-Biomedical Imaging; Artificial Intelligence-Machine Learning; Commercialization-Industry Research & Development,10/1/2023,2026-09-30,"AI, body composition, cancer",0
Increasing vaccine manufacturing output using viral sensitizer technology,"Bell, John C",Ottawa Hospital Research Institute,Ontario,Proof of Principle Program - Phase I,201009PPP,Proof of Principle,136750,0,1 yr 0 mth ,Infection and Immunity,INFECTIOUS AND PARASITIC; VIRAL; HEALTH RESEARCH; VIROLOGY,4/1/2011,2012-03-31,"vaccine, manufacturing, viral sensitizer",7
Biological Viral Sensitizers for GMP Manufacturing,"Bell, John C",Ottawa Hospital Research Institute,Ontario,Proof of Principle Program - Phase I,201309PPP,Proof of Principle,123000,37000,1 yr 0 mth ,Cancer Research,CANCER THERAPY GENERAL; VIRAL; CANCER; VIROLOGY,4/1/2014,2015-03-31,"Viral, Sensitizers, Manufacturing",5
"Advancing the clinical development of [18F]AMBF3-TATE, a novel imaging probe for neuroendocrine tumours","Benard, Francois",University of British Columbia,British Columbia,Proof of Principle Program - Phase I,201502PPP,Proof of Principle,160000,0,1 yr 0 mth ,Cancer Research,CANCER THERAPY GENERAL; CANCER; IMAGING,10/1/2015,2016-09-30,"[18F], imaging, neuroendocrine",8
"Developpement, optimisation et multiplexage d'un oligonucleotide synthetique permettant l'amplification d'ADN et l'hybridation sur support solide en une seule etape. PDP PhaseI","Bergeron, Michel G",Universite Laval,Quebec,Proof of Principle Program - Phase I,201409PPP,Proof of Principle,160000,0,1 yr 0 mth ,Infection and Immunity,INFECTIOUS AND PARASITIC; MOLECULAR BIOLOGY; BACTERIOLOGY,4/1/2015,2016-03-31,"oligonucleotide, amplification, hybridation",0
Novel compounds for treatment of pulmonary hypertension,"Bernatchez, Pascal N",University of British Columbia,British Columbia,Proof of Principle Program - Phase I,201209PPP,Proof of Principle,158389,0,1 yr 0 mth ,Circulatory and Respiratory Health,HYPERTENSION; CARDIOVASCULAR; RESPIRATION,4/1/2013,2014-03-31,"compounds,pulmonary hypertension",0
"BootleBlast, a movement tracking video game for home-based motor therapy - Navigating gaps to market readiness","Biddiss, Elaine A",Holland Bloorview Kids Rehabilitation Hospital (Toronto),Ontario,Project Grant,201909PJT,Commercialization,409276,0,3 yrs 0 mth ,"Human Development, Child and Youth Health",Commercialization-Technology Transfer,4/1/2020,2023-03-31,"movement tracking, video game, motor therapy",0
Development of Tdp1 inhibitors for treating cancer,"Boerkoel, Cornelius F",University of British Columbia,British Columbia,Proof of Principle Program - Phase I,201102PPP,Proof of Principle,159927,0,1 yr 0 mth ,Cancer Research,CANCER THERAPY GENERAL; NEOPLASMS; DRUG RESEARCH; CANCER,10/1/2011,2012-09-30,"Tdp1, inhibitors, cancer",0
Validation of a fully automated virtual reality based spatial memory improvement program that promotes healthy aging,"Bohbot, Veronique",CIUSSS de l'Ouest-de-l'Ile-de-Montreal-Douglas Hospital,Quebec,Proof of Principle Program - Phase I,201402PPP,Proof of Principle,160000,0,1 yr 0 mth ,Aging,ALZHEIMER'S DISEASE; HEALTH PROMOTION,10/1/2014,2015-09-30,"virtual reality, spatial memory, aging",1
Un nouveau vecteur de medicaments ophtalmiques e base de nanoparticules d'or,"Boisselier Mailfait, Elodie",Universite Laval,Quebec,Project Grant,202003PJT,Commercialization,550800,0,5 yrs 0 mth ,"Neurosciences, Mental Health and Addiction",Commercialization-Intellectual Property,10/1/2020,2025-09-30,"vecteur, nanoparticules, ophtalmiques",0
New antiviral agents against herpes simplex viruses,"Boivin, Guy",Universite Laval,Quebec,Proof of Principle Program - Phase I,200910PPP,Proof of Principle,150000,0,1 yr 0 mth ,Infection and Immunity,VIRAL; DRUGS- PHARMACEUTICAL SCIENCE/CHEMISTRY & NON MEDICAL USE OF DRUGS; VIROLOGY; DRUG RESEARCH,4/1/2010,2011-03-31,"antiviral, herpes simplex, viruses",4
HLA Peptide Development as a Therapeutic for Psoriasis,"Booth, Valerie K",Memorial University of Newfoundland,Newfoundland and Labrador,Proof of Principle Program - Phase I,201009PPP,Proof of Principle,156920,0,1 yr 0 mth ,Infection and Immunity,SKIN AND SUBCUTANEOUS TISSUS; BIOCHEMISTRY; DRUG RESEARCH,4/1/2011,2012-03-31,"HLA, Peptide, Psoriasis",0
Prognostic gene signature for stage I lung adenocarcinoma,"Bosse, Yohan",Universite Laval,Quebec,Proof of Principle Program - Phase I,201302PPP,Proof of Principle,148348,0,1 yr 0 mth ,Cancer Research,LUNG CANCER; SUPPLEMENTARY CLASSIFICATIONS; CANCER; GENETICS,10/1/2013,2014-09-30,"gene signature, lung adenocarcinoma, prognostic",0
Commercialization of a Radiopaque Spherical Embolic Agent.,"Boyd, Daniel",Dalhousie University (Nova Scotia),Nova Scotia,Proof of Principle Program - Phase I,201202PPP,Proof of Principle,159097,0,1 yr 0 mth ,"Human Development, Child and Youth Health",NOT CLASSIFIED,10/1/2012,2013-09-30,"Radiopaque, Embolic, Agent",3
Enabling commercialization of retinal gene therapy for Zellweger Spectrum Disorder,"Braverman, Nancy E",Research Institute of the McGill University Health Centre,Quebec,Project Grant,202209PJT,Commercialization,1503225,0,5 yrs 0 mth ,Genetics,"Commercialization-Technology Transfer; Neurosciences-Sensory Systems (including visual, auditory and pain); Genetic disease",4/1/2023,2028-03-31,"retinal gene therapy, Zellweger Spectrum Disorder",0
Machine Learning for Flow Cytometry Clinical Data and Trial Analysis,"Brinkman, Ryan",University of British Columbia,British Columbia,Project Grant,201909PJT,Commercialization,317475,0,1 yr 10 mths ,Infection and Immunity,Commercialization-Technology Transfer; Methods Development and Modelling-Quantitative Methods Development for Health Research,4/1/2020,2022-01-31,"Machine Learning, Flow Cytometry, Clinical Data",0
An IGF-Trap for the treatment of breast cancer: consolidation of the pre-clinical profile and commercialization.,"Brodt, Pnina",Research Institute of the McGill University Health Centre,Quebec,Proof of Principle Program - Phase II,201502PP2,Proof of Principle,299934,0,1 yr 0 mth ,Cancer Research,BREAST CANCER; BREAST CANCER THERAPY; CANCER; DRUG RESEARCH,10/1/2015,2016-09-30,"IGF, breast cancer, trap",1
Device for recanalization of peripheral and coronary arteries,"Brouillette, Martin",Universite de Sherbrooke,Quebec,Proof of Principle Program - Phase I,201302PPP,Proof of Principle,155180,0,1 yr 0 mth ,Circulatory and Respiratory Health,CORONARY CIRCULATION (INCL. INSUFFICIENCY); CARDIOLOGY; CARDIOVASCULAR,10/1/2013,2014-09-30,"recanalization, arteries, device",2
A High-Resolution Ultrasonic Endoscope for the Auditory System,"Brown, Jeremy A",Dalhousie University (Nova Scotia),Nova Scotia,Proof of Principle Program - Phase I,201003PPP,Proof of Principle,108000,10600,1 yr 0 mth ,Aging,DEAFNESS; DISEASES AFFECTING SPEECH/VISION/HEARING; IMAGING; HEARING,10/1/2010,2011-09-30,"Ultrasonic, Endoscope, Auditory",1
A new qPCR method for the assessment of total/relative bacterial load from stool samples: C difficile show case,"Brukner, Ivan",CIUSSS de Centre-Ouest-de-l'Ile-de-Montreal-Jewish General,Quebec,Proof of Principle Program - Phase I,201502PPP,Proof of Principle,131513,0,1 yr 0 mth ,Infection and Immunity,INFECTIOUS AND PARASITIC; MULTIDISCIPLINARY; BACTERIOLOGY; MOLECULAR BIOLOGY,10/1/2015,2016-09-30,"qPCR, bacterial load, stool samples",0
Smart Ultrasonic Hydrogel Sensors for Point of Care Analysis,"Burns, David H",McGill University,Quebec,Proof of Principle Program - Phase I,200810PPP,Proof of Principle,150000,0,1 yr 0 mth ,Circulatory and Respiratory Health,null,1/1/2009,2009-12-31,"Ultrasonic, Hydrogel, Sensors",1
Intravesical Taxanes,"Burt, Helen M",University of British Columbia,British Columbia,Proof of Principle Program - Phase I,201109PPP,Proof of Principle,157412,0,1 yr 0 mth ,Cancer Research,PROSTATE AND BLADDER CANCER THERAPY; DRUG RESEARCH,4/1/2012,2013-03-31,"Intravesical, Taxanes",2
Intravesical Docetaxel Formulation for the Treatment of Ta/T1 Stage Bladder Cancer,"Burt, Helen M",University of British Columbia,British Columbia,Proof of Principle Program - Phase II,201302PP2,Proof of Principle,294600,0,1 yr 0 mth ,Cancer Research,"PROSTATE AND BLADDER CANCER THERAPY; CANCER; RENAL FUNCTION, NEPHROLOGY, UROLOGY",10/1/2013,2014-09-30,"Docetaxel, Bladder Cancer, Intravesical",2
Optimization and Validation of Highly Cytocidal Substituted Phenyl Imidazolidin-2-one as Antimicrotubule Agents for Cancer Chemotherapy,"C.-Gaudreault, Rene",Universite Laval,Quebec,Proof of Principle Program - Phase I,201102PPP,Proof of Principle,160000,0,1 yr 0 mth ,Cancer Research,DRUGS- PHARMACEUTICAL SCIENCE/CHEMISTRY & NON MEDICAL USE OF DRUGS; CANCER THERAPY GENERAL; DRUG RESEARCH; CANCER,10/1/2011,2012-09-30,"Cytocidal, Phenyl Imidazolidin-2-one, Antimicrotubule",0
Validation of Highly Potent Substituted Phenyl Alkylureas as Antipsoriatic Agents,"C.-Gaudreault, Rene",Universite Laval,Quebec,Project Grant,201709PJT,Commercialization,497250,0,3 yrs 0 mth ,Cancer Research,"Pharmacological, Toxicological and Pharmaceutical Sciences-Drug Action, Toxicology and Metabolism; Pharmacological, Toxicological and Pharmaceutical Sciences-Drug Discovery, Design and Delivery",4/1/2018,2021-03-31,"Potent, Phenyl Alkylureas, Antipsoriatic",0
A defined cyclic peptide epitope specific to Abeta oligomers:   Active and passive vaccination in mouse models of Alzheimer's disease,"Cashman, Neil R",University of British Columbia,British Columbia,Proof of Principle Program - Phase II,201209PP2,Proof of Principle,300000,0,1 yr 0 mth ,Aging,ALZHEIMER'S DISEASE; AGING; NERVOUS SYSTEM,4/1/2013,2014-03-31,"cyclic peptide, Abeta oligomers, vaccination",17
Evaluation of novel flavonoids in models of hematological cancer,"Chan, Tak Hang",McGill University,Quebec,Proof of Principle Program - Phase II,201109PP2,Proof of Principle,300000,0,1 yr 0 mth ,Cancer Research,CANCER THERAPY GENERAL; NEOPLASMS; DRUG RESEARCH; CANCER,4/1/2012,2013-03-31,"flavonoids, hematological cancer, models",4
Innovative device to reduce myocardial infarct size and no-reflow : Proof of concepts in humans,"Charron, Thierry",CIUSSS du Nord-de-l'Ile-de Montreal - Hepital Sacre Coeur,Quebec,Proof of Principle Program - Phase I,201309PPP,Proof of Principle,159300,0,1 yr 0 mth ,Circulatory and Respiratory Health,MYOCARDIAL INFARCTION; CARDIOLOGY; CARDIOVASCULAR,4/1/2014,2015-03-31,"myocardial infarct, no-reflow, device",2
Rotor Mapping in Human Atrial Fibrillation,"Chauhan, Vijay S",University Health Network (Toronto),Ontario,Proof of Principle Program - Phase I,201409PPP,Proof of Principle,149015,10634,1 yr 0 mth ,Circulatory and Respiratory Health,ARRHYTHMIAS; CARDIOLOGY; CARDIOVASCULAR; HEALTH RESEARCH,4/1/2015,2016-03-31,"Rotor, Mapping, Atrial Fibrillation",1
IL-1  Allosteramers to treat diabetes and its complications,"Chemtob, Sylvain","Centre hospitalier universitaire Sainte-Justine (Montreal, Quebec)",Quebec,Proof of Principle Program - Phase II,201003PP2,Proof of Principle,300000,0,1 yr 0 mth ,"Nutrition, Metabolism and Diabetes",DRUGS- PHARMACEUTICAL SCIENCE/CHEMISTRY & NON MEDICAL USE OF DRUGS; METABOLISM/DIABETES; VISION,10/1/2010,2011-09-30,"IL-1, Allosteramers, diabetes",1
A novel through-the-scope exchangeable double balloon catheter to guide endoscopic bypass:  a practice-changing technology in the management of malignant gastric outlet obstruction,"Chen, Yen-I",Research Institute of the McGill University Health Centre,Quebec,Project Grant,202309PJT,Commercialization,451350,0,2 yrs 0 mth ,"Nutrition, Metabolism and Diabetes",null,3/1/2024,2025-02-28,"double balloon, endoscopic, gastric outlet obstruction",0
First-in-Class Small-molecule Inhibitors Selectively Targeting the DNA-binding Domain of Human Androgen Receptor and Its Splice Variants for the Treatment of Resistant Prostate Cancer,"Cherkasov, Artem",University of British Columbia,British Columbia,Proof of Principle Program - Phase I,201402PPP,Proof of Principle,150030,0,1 yr 0 mth ,Cancer Research,PROSTATE AND BLADDER CANCER THERAPY; CANCER THERAPY GENERAL; CANCER; DRUG RESEARCH,10/1/2014,2015-09-30,"small-molecule, androgen receptor, prostate cancer",2
Development of endorectal MR elastography for prostate cancer detection,"Chopra, Rajiv","Sunnybrook Health Sciences Centre (Toronto, Ontario)",Ontario,Proof of Principle Program - Phase I,201009PPP,Proof of Principle,153344,0,1 yr 0 mth ,Cancer Research,PROSTATE AND BLADDER CANCER; IMAGING; CANCER,4/1/2011,2012-03-31,"MR elastography, prostate cancer, detection",0
Evaluation of MRI-controlled interstitial ultrasound therapy for the treatment of cerebral neoplasms,"Chopra, Rajiv","Sunnybrook Health Sciences Centre (Toronto, Ontario)",Ontario,Proof of Principle Program - Phase II,201102PP2,Proof of Principle,147500,0,1 yr 0 mth ,Cancer Research,BRAIN TUMORS THERAPY; IMAGING; CANCER,10/1/2011,2012-09-30,"MRI, ultrasound, neoplasms",0
Synergistic topical combinations for chronic pain aimed at treating microvascular dysfunction.,"Coderre, Terence J",McGill University,Quebec,Proof of Principle Program - Phase I,201202PPP,Proof of Principle,160000,0,1 yr 0 mth ,"Neurosciences, Mental Health and Addiction",MULTIPLE DISEASE RELEVANCE; DRUGS- PHARMACEUTICAL SCIENCE/CHEMISTRY & NON MEDICAL USE OF DRUGS; DRUG RESEARCH; NERVOUS SYSTEM,10/1/2012,2013-09-30,"topical, microvascular, pain",0
Integrin Linked Kinase as a Novel Therapeutic Target for Heart Failure,"Coles, John G",Hospital for Sick Children (Toronto),Ontario,Project Grant,201709PJT,Commercialization,512550,0,3 yrs 0 mth ,Circulatory and Respiratory Health,"Cardiovascular, Respiratory and Circulatory Systems-Cardiovascular and Circulatory Sciences",4/1/2018,2021-03-31,"Integrin, Kinase, Heart Failure",0
Novel therapeutic approach for 'wet' and 'dry' age-related macular degeneration,"Conway, Edward M",University of British Columbia,British Columbia,Proof of Principle Program - Phase I,201402PPP,Proof of Principle,160000,0,1 yr 0 mth ,Aging,DISEASES AFFECTING SPEECH/VISION/HEARING; DRUGS- PHARMACEUTICAL SCIENCE/CHEMISTRY & NON MEDICAL USE OF DRUGS; DRUG RESEARCH; AGING,10/1/2014,2015-09-30,"age-related macular degeneration, therapeutic, dry wet",0
Pro-Neck-Tor: A helmet to prevent spinal cord injuries occuring during sports and transportation,"Cripton, Peter A",University of British Columbia,British Columbia,Proof of Principle Program - Phase I,200904PPP,Proof of Principle,149752,0,1 yr 0 mth ,Musculoskeletal Health and Arthritis,"INJURY, REGENERATION; MUSCULO SKELETAL; MUSCLE, BONE, OR JOINT; NERVOUS SYSTEM",7/1/2009,2010-06-30,"helmet, spinal cord, injuries",2
Three-dimensional Catheter Tracking using a Single Two-dimensional Image,"Crystal, Eugene","Sunnybrook Health Sciences Centre (Toronto, Ontario)",Ontario,Proof of Principle Program - Phase I,200910PPP,Proof of Principle,130077,12873,1 yr 0 mth ,Circulatory and Respiratory Health,CARDIOLOGY; ARRHYTHMIAS; IMAGING; CARDIOVASCULAR,4/1/2010,2011-03-31,"catheter, tracking, imaging",4
Developing a Novel Therapeutic for Cushing's Syndrome,"Cummins, Carolyn L",University of Toronto,Ontario,Proof of Principle Program - Phase I,201309PPP,Proof of Principle,160000,0,1 yr 0 mth ,"Nutrition, Metabolism and Diabetes",ENDOCRINOLOGY; MUSCULO SKELETAL; DRUG RESEARCH,4/1/2014,2015-03-31,"Cushing's Syndrome, Therapeutic",0
Wire for MRI-Guided Interventions,"Cunningham, Charles H","Sunnybrook Health Sciences Centre (Toronto, Ontario)",Ontario,Proof of Principle Program - Phase I,201003PPP,Proof of Principle,139840,8395,1 yr 0 mth ,Circulatory and Respiratory Health,CORONARY CIRCULATION (INCL. INSUFFICIENCY); IMAGING; CARDIOVASCULAR,10/1/2010,2011-09-30,"Wire, MRI, Interventions",1
Novel peptide as potential therapeutic for treatment of ischemic stroke,"Cynader, Max S",University of British Columbia,British Columbia,Proof of Principle Program - Phase I,201109PPP,Proof of Principle,160000,0,1 yr 0 mth ,"Neurosciences, Mental Health and Addiction","STROKE, HEART FAILURE",4/1/2012,2013-03-31,"peptide, ischemic stroke",1
"Development of PRODIGI, a Handheld Optical Imaging Technology for Real-time Intraoperative-guidance of Breast Tumour Resection","Dacosta, Ralph S",University Health Network (Toronto),Ontario,Proof of Principle Program - Phase I,201102PPP,Proof of Principle,121250,24000,1 yr 0 mth ,Cancer Research,BREAST CANCER; BREAST CANCER THERAPY; IMAGING; CANCER,10/1/2011,2012-09-30,"Optical imaging, Intraoperative guidance, Breast tumor",9
An integrated AI-powered platform for cell analytics,"Daugaard, Mads",University of British Columbia,British Columbia,Project Grant,202403PJT,Commercialization,730576,0,4 yrs 0 mth ,Cancer Research,Commercialization-Technology Transfer; Artificial Intelligence-Machine Learning; Methods Development and Modelling-Qualitative Methods Development for Health Research,10/1/2024,2028-09-30,"AI, cell, analytics",0
A Non-Traumatic Binder for Temporary Abdominal Wall Closure,"de Rezende, Joao B",Unity Health Toronto,Ontario,Proof of Principle Program - Phase I,201502PPP,Proof of Principle,115768,0,1 yr 0 mth ,Infection and Immunity,NONE OF THE ABOVE; NOT CLASSIFIED,10/1/2015,2016-09-30,"Binder, Abdominal Wall, Closure",0
Developing intranasal dsRNA molecules as broadly effective therapeutics against highly pathogenic coronaviruses,"DeWitte-Orr, Stephanie","Wilfrid Laurier University (Waterloo, Ontario)",Ontario,Project Grant - PA: Pandemic Preparedness and Health Emergencies Research,202209PPE,Commercialization,100000,0,1 yr 0 mth ,Infection and Immunity,"Immunology and Infection-Virology; Commercialization-Intellectual Property; Biomedical Engineering-Biomaterials, Nanotechnology and Biomechanics",3/1/2023,2024-02-29,"intranasal, dsRNA, coronaviruses",0
Evaluation of viral sensitizer technology in improving egg-based influenza vaccine manufacturing processes,"Diallo, Jean-Simon",Ottawa Hospital Research Institute,Ontario,Proof of Principle Program - Phase II,201402PP2,Proof of Principle,222143,77857,1 yr 0 mth ,Infection and Immunity,VIRAL; NONE OF THE ABOVE; VIROLOGY; BIOCHEMISTRY,10/1/2014,2015-09-30,"viral, sensitizer, influenza",5
"KaliDerm Therapeutics: A research/commercialization plan to validate, better define and add value to our proprietary dual KLK5/7 inhibitor as a novel topical therapeutic for Netherton Syndrome.","Diamandis, Eleftherios P",Sinai Health System (Toronto),Ontario,Project Grant,202203PJT,Commercialization,336600,0,2 yrs 0 mth ,Infection and Immunity,"Pharmacological, Toxicological and Pharmaceutical Sciences-Drug Discovery, Design and Delivery",10/1/2022,2024-09-30,"KLK5, KLK7, Netherton Syndrome",0
Novel beta lactamase inhibitors to combat antibiotic resistance,"Dmitrienko, Gary I",University of Waterloo (Ontario),Ontario,Proof of Principle Program Phase I - Drug Development,200904PDD,Proof of Principle,150000,0,1 yr 0 mth ,Infection and Immunity,INFECTIOUS AND PARASITIC; DRUG RESEARCH; BACTERIOLOGY,7/1/2009,2010-06-30,"beta lactamase, antibiotics, resistance",1
New drugs for antibiotic resistant bacterial infections,"Dmitrienko, Gary I",University of Waterloo (Ontario),Ontario,Proof of Principle Program - Phase II,201009PP2,Proof of Principle,133277,0,1 yr 0 mth ,Infection and Immunity,INFECTIOUS AND PARASITIC; DRUG RESEARCH; BIOCHEMISTRY,4/1/2011,2012-03-31,"antibiotic, resistant bacteria, infections",0
Bisphosphonate-conjugated Calcitonin,"Doschak, Michael R",University of Alberta,Alberta,Proof of Principle Program Phase I - Drug Development,201003PDD,Proof of Principle,117929,0,1 yr 0 mth ,Musculoskeletal Health and Arthritis,"DRUGS- PHARMACEUTICAL SCIENCE/CHEMISTRY & NON MEDICAL USE OF DRUGS; MUSCULO SKELETAL; DRUG RESEARCH; MUSCLE, BONE, OR JOINT",10/1/2010,2011-09-30,"Bisphosphonate, Calcitonin",2
Bone-Seeking Iron Oxide Nanoparticles for Imaging Bone Metabolism,"Doschak, Michael R",University of Alberta,Alberta,Proof of Principle Program - Phase I,201509PPP,Proof of Principle,160000,0,1 yr 0 mth ,Musculoskeletal Health and Arthritis,"DRUGS- PHARMACEUTICAL SCIENCE/CHEMISTRY & NON MEDICAL USE OF DRUGS; MUSCULO SKELETAL; DRUG RESEARCH; MUSCLE, BONE, OR JOINT",4/1/2016,2017-03-31,"Iron oxide, nanoparticles, imaging",0
Contact-force controller to eliminate the effects of motion during cardiac radiofrequency ablation,"Drangova, Maria",Western University (Ontario),Ontario,Project Grant,202010PJT,Commercialization,367200,0,2 yrs 0 mth ,Circulatory and Respiratory Health,"Biomedical Engineering-Biophysics, Medical Technologies and Instrumentation",4/1/2021,2023-03-31,"contact-force, radiofrequency, ablation",1
Preclinical Development of a Novel Organ Transplant Solution,"Du, Caigan",University of British Columbia,British Columbia,Proof of Principle Program - Phase I,201409PPP,Proof of Principle,160000,0,1 yr 0 mth ,"Nutrition, Metabolism and Diabetes","GENITO/URINARY SYSTEM; MULTIPLE DISEASE RELEVANCE; RENAL FUNCTION, NEPHROLOGY, UROLOGY; DRUG RESEARCH",4/1/2015,2016-03-31,"organ transplant, solution",2
Certifiably safe closed-loop control of anesthesia,"Dumont, Guy A",University of British Columbia,British Columbia,Proof of Principle Program - Phase I,201502PPP,Proof of Principle,158740,0,1 yr 0 mth ,Circulatory and Respiratory Health,HEALTH RESEARCH,10/1/2015,2016-09-30,"closed-loop, control, anesthesia",2
Pressure ulcer prevention: a novel prompting system for patient repositioning,"Dutta, Tilak",University Health Network (Toronto),Ontario,Proof of Principle Program - Phase I,201509PPP,Proof of Principle,137401,0,1 yr 0 mth ,Aging,SKIN AND SUBCUTANEOUS TISSUS; MULTIPLE DISEASE RELEVANCE; AGING; GERIATRICS,4/1/2016,2017-03-31,"pressure ulcer, prompting system, repositioning",0
Preclinical Development and Optimization of Small Molecules for the Treatment of Atrial Fibrillation,"Dyck, Jason R",University of Alberta,Alberta,Proof of Principle Program - Phase I,201409PPP,Proof of Principle,160000,0,1 yr 0 mth ,Circulatory and Respiratory Health,ARRHYTHMIAS; CARDIOLOGY; CARDIOVASCULAR; DRUG RESEARCH,4/1/2015,2016-03-31,"Small Molecules, Atrial Fibrillation, Preclinical",0
3D Ultrasound Scanner System For Management Of Intraventricular Hemorrhage In Preterm Neonates,"Fenster, Aaron",Western University (Ontario),Ontario,Proof of Principle Program - Phase I,201309PPP,Proof of Principle,148062,0,1 yr 0 mth ,"Human Development, Child and Youth Health",MULTIDISCIPLINARY; NONE OF THE ABOVE; IMAGING; BIOPHYSICS,4/1/2014,2015-03-31,"3D Ultrasound, Intraventricular Hemorrhage, Neonates",1
MR-Guided Focal Ablation of Prostate Cancer,"Fenster, Aaron",Western University (Ontario),Ontario,Proof of Principle Program - Phase I,201509PPP,Proof of Principle,143110,10313,1 yr 0 mth ,Cancer Research,PROSTATE AND BLADDER CANCER THERAPY; IMAGING; CANCER,4/1/2016,2017-03-31,"MR, Ablation, Prostate Cancer",0
A novel point-of-care method of handling human waste in healthcare institutions: technical improvements and evaluation.,"Fernie, Geoffrey R",University Health Network (Toronto),Ontario,Proof of Principle Program - Phase II,201202PP2,Proof of Principle,51544,0,1 yr 0 mth ,Infection and Immunity,INFECTIOUS AND PARASITIC; NONE OF THE ABOVE; NOT CLASSIFIED,10/1/2012,2013-09-30,"point-of-care, human waste, healthcare",0
A sub-unit based vaccine for Salmonella,"Finlay, Barton B",University of British Columbia,British Columbia,Proof of Principle Program - Phase II,201009PP2,Proof of Principle,149685,0,1 yr 0 mth ,Infection and Immunity,GASTRO-INTESTINAL DISEASE; INFECTIOUS AND PARASITIC; BACTERIOLOGY; GASTROINTESTINAL (LIVER),4/1/2011,2012-03-31,"sub-unit, vaccine, Salmonella",1
Development of novel porous extracellular matrix-derived bioscaffolds for cutaneous wound healing,"Flynn, Lauren E",Western University (Ontario),Ontario,Proof of Principle Program - Phase I,201409PPP,Proof of Principle,160000,0,1 yr 0 mth ,Musculoskeletal Health and Arthritis,"SKIN AND SUBCUTANEOUS TISSUS; INJURY, REGENERATION; HEALTH RESEARCH; CELL BIOLOGY",4/1/2015,2016-03-31,"porous, extracellular matrix, bioscaffolds",1
Targeting Alpha-Synuclein Propagation in the Treatment of Parkinson's Disease and Other Synucleinopathies,"Fon, Edward A",McGill University,Quebec,Proof of Principle Program - Phase I,201402PPP,Proof of Principle,159946,0,1 yr 0 mth ,"Neurosciences, Mental Health and Addiction",PARKINSON'S DISEASE; AGING; NERVOUS SYSTEM; DRUG RESEARCH,10/1/2014,2015-09-30,"Alpha-Synuclein, Propagation, Parkinson's Disease",0
Development and Commercialization of a Safe and Effective Mpox Subunit Vaccine witheGlobaleImpact,"Foster, Leonard J",University of British Columbia,British Columbia,Project Grant - PA: Pandemic Preparedness and Health Emergencies Research,202309PPE,Commercialization,100000,0,1 yr 0 mth ,Population and Public Health,"Population and Health-Health Promotion and Disease Prevention; Immunology and Infection-Antiviral Drug Resistance, Viral Vaccine Development and Therapeutics (including vaccines)",3/1/2024,2025-02-28,"Mpox, Subunit, Vaccine",0
Development and Commercialization of a Safe and Effective Mpox Subunit Vaccine witheGlobaleImpact,"Foster, Leonard J",University of British Columbia,British Columbia,Project Grant - PA: Pandemic Preparedness and Health Emergencies Research,202403PPE,Commercialization,100000,0,1 yr 0 mth ,Population and Public Health,"Population and Health-Health Promotion and Disease Prevention; Immunology and Infection-Antiviral Drug Resistance, Viral Vaccine Development and Therapeutics (including vaccines); Commercialization-Industry Research & Development",1/1/2009,2009-12-31,"Mpox, Subunit, Vaccine",0
Amyloid-Based Therapies for Type 2 Diabetes,"Fraser, Paul E",University of Toronto,Ontario,Proof of Principle Program - Phase I,200810PPP,Proof of Principle,150000,0,1 yr 0 mth ,"Nutrition, Metabolism and Diabetes",DIABETES MELLITUS; METABOLISM AND NUTRITION; METABOLISM/DIABETES; BIOCHEMISTRY,1/1/2009,2009-12-31,"Amyloid, Therapies, Diabetes",3
"Simultaneous Influenza A detection, subtyping, and oseltamivir resistance determination","Frost, Eric H",Universite de Sherbrooke,Quebec,Proof of Principle Program - Phase I,201102PPP,Proof of Principle,95000,65000,1 yr 0 mth ,Infection and Immunity,INFECTIOUS AND PARASITIC; MULTIPLE DISEASE RELEVANCE; VIROLOGY; HEALTH RESEARCH,10/1/2011,2012-09-30,"Influenza, detection, resistance",0
Blood based biomarker for the early detection of recurrent head and neck cancer,"Garnis, Cathie",University of British Columbia,British Columbia,Project Grant,201809PJT,Commercialization,539324,0,4 yrs 0 mth ,Cancer Research,Cancer-Clinical Oncology,4/1/2019,2023-03-31,"blood, biomarker, cancer",0
Blood based biomarker for the early detection of recurrent oropharyngeal cancer,"Garnis, Cathie",University of British Columbia,British Columbia,Project Grant,202309PJT,Commercialization,474300,0,4 yrs 0 mth ,Cancer Research,Cancer-Cancer Progression and Metastasis; Cancer-Clinical Oncology,4/1/2024,2028-03-31,"blood, biomarker, oropharyngeal cancer",0
Development of antisense-based small RNA agents targeting the GAG open reading frame of HIV-1 RNA for use in gene and drug therapy against HIV-1 infection.,"Gatignol, Anne",CIUSSS de Centre-Ouest-de-l'Ile-de-Montreal-Jewish General,Quebec,Proof of Principle Program - Phase I,201309PPP,Proof of Principle,159550,0,1 yr 0 mth ,Infection and Immunity,AIDS; VIRAL; VIROLOGY; MOLECULAR BIOLOGY,4/1/2014,2015-03-31,"antisense, RNA, HIV-1",1
Discovery of a Novel Anti-fibrogenic factor and its Therapeutic evaluation,"Ghahary, Aziz",University of British Columbia,British Columbia,Proof of Principle Program - Phase I,201109PPP,Proof of Principle,150932,0,1 yr 0 mth ,Musculoskeletal Health and Arthritis,"SKIN AND SUBCUTANEOUS TISSUS; INJURY, REGENERATION",4/1/2012,2013-03-31,"Anti-fibrogenic, factor, therapeutic",3
Re -constitutable skin substitute powder kit,"Ghahary, Aziz",University of British Columbia,British Columbia,Proof of Principle Program - Phase I,201309PPP,Proof of Principle,147089,0,1 yr 0 mth ,Musculoskeletal Health and Arthritis,"SKIN AND SUBCUTANEOUS TISSUS; INJURY, REGENERATION",4/1/2014,2015-03-31,"skin, substitute, powder",2
Technology to build a drug delivery platform for silencing RNAs using exosomes,"Gibbings, Derrick J",University of Ottawa,Ontario,Proof of Principle Program - Phase I,201502PPP,Proof of Principle,159941,0,1 yr 0 mth ,Aging,MULTIPLE DISEASE RELEVANCE; MULTIDISCIPLINARY; HEALTH RESEARCH; DRUG RESEARCH,10/1/2015,2016-09-30,"drug delivery, exosomes, RNAs",3
Preclinical development of a novel androgen receptor antagonist to treat castration-resistant prostate cancer,"Gleave, Martin E",University of British Columbia,British Columbia,Project Grant,201709PJT,Commercialization,351900,0,2 yrs 0 mth ,Cancer Research,Cancer-Cancer Drug Development and Therapeutics,4/1/2018,2020-03-31,"androgen receptor, prostate cancer, antagonist",3
Clinical Evaluation of a Chair-side In Vitro Rinse Test for Predicting Onset and Recurrent Adult Periodontitis,"Glogauer, Michael",University of Toronto,Ontario,Proof of Principle Program - Phase II,200904PP2,Proof of Principle,88399,0,1 yr 0 mth ,Musculoskeletal Health and Arthritis,DENTAL DISEASE (INCL. ORAL BIOLOGY); DENTAL SCIENCE - Oral Biology; IMMUNOLOGY-TRANSPLANTATION,7/1/2009,2010-06-30,"Chair-side, In Vitro, Periodontitis",0
Novel first-in-class MT2 melatonin receptor partial agonists for neuropathic pain,"Gobbi, Gabriella",McGill University,Quebec,Proof of Principle Program - Phase I,201509PPP,Proof of Principle,160000,0,1 yr 0 mth ,"Neurosciences, Mental Health and Addiction",DRUGS- PHARMACEUTICAL SCIENCE/CHEMISTRY & NON MEDICAL USE OF DRUGS; MENTAL AND BEHAVIOURAL DISEASES; DRUG RESEARCH; NERVOUS SYSTEM,4/1/2016,2017-03-31,"MT2, melatonin receptor, neuropathic pain",4
Agonistes synthetiques de kinines : Optimiser la livraison et l'efficacite des chimiotherapies des tumeurs cerebrales,"Gobeil, Fernand J",Universite de Sherbrooke,Quebec,Proof of Principle Program - Phase I,201109PPP,Proof of Principle,149418,0,1 yr 0 mth ,Cancer Research,BRAIN TUMORS THERAPY; BRAIN TUMORS (INCL. RETINAL TUMORS); CANCER; HEALTH RESEARCH,4/1/2012,2013-03-31,"kinines, livraison, chimiotherapies",0
Streptococcus salivarius Probiotics Against Dental Caries Pathogens,"Gong, Siew-Ging",University of Toronto,Ontario,Project Grant,202203PJT,Commercialization,535501,0,4 yrs 0 mth ,Musculoskeletal Health and Arthritis,"Commercialization-Intellectual Property; Health Determinants-Etiology of Disease and Conditions; Immunology and Infection-Antimicrobial Drug Resistance, Drug Discovery and Therapeutics (including vaccines)",10/1/2022,2026-09-30,"Streptococcus salivarius, Probiotics, Dental Caries",1
Tablet Technology for Assessing Dementia,"Graham, Simon J","Sunnybrook Health Sciences Centre (Toronto, Ontario)",Ontario,Proof of Principle Program - Phase I,201102PPP,Proof of Principle,116402,0,1 yr 0 mth ,"Neurosciences, Mental Health and Addiction",ALZHEIMER'S DISEASE; IMAGING; NERVOUS SYSTEM,10/1/2011,2012-09-30,"Tablet, Dementia, Assessing",1
Therapeutic antibody development towards granzyme B,"Granville, David J",University of British Columbia,British Columbia,Proof of Principle Program - Phase II,200910PP2,Proof of Principle,101240,0,1 yr 0 mth ,Circulatory and Respiratory Health,NONE OF THE ABOVE; AGING; CARDIOVASCULAR,4/1/2010,2011-03-31,"antibody, granzyme B",7
Decellularization of Human Skin,"Gratzer, Paul F",Dalhousie University (Nova Scotia),Nova Scotia,Proof of Principle Program - Phase I,201009PPP,Proof of Principle,149034,10900,1 yr 0 mth ,Musculoskeletal Health and Arthritis,SKIN AND SUBCUTANEOUS TISSUS; IMMUNOLOGY-TRANSPLANTATION; NOT CLASSIFIED,4/1/2011,2012-03-31,"Decellularization, Human Skin",1
Ampakine Therapy for Alleviating Respiratory Depression,"Greer, John J",University of Alberta,Alberta,Proof of Principle Program - Phase II,201502PP2,Proof of Principle,145440,0,1 yr 0 mth ,Circulatory and Respiratory Health,RESPIRATION; NONE OF THE ABOVE; NERVOUS SYSTEM,10/1/2015,2016-09-30,"Ampakine, Respiratory Depression, Therapy",2
Development of Specific Inhibitors of HIV pre-mRNA Alternative Splicing: A New Anti-HIV/AIDS Strategy,"Grierson, David S",University of British Columbia,British Columbia,Proof of Principle Program - Phase I,201409PPP,Proof of Principle,160000,0,1 yr 0 mth ,Infection and Immunity,DRUGS- PHARMACEUTICAL SCIENCE/CHEMISTRY & NON MEDICAL USE OF DRUGS; AIDS; DRUG RESEARCH; VIROLOGY,4/1/2015,2016-03-31,"HIV, pre-mRNA, splicing",4
Benchmarking a point-of-care test kit for detection of direct-oral anticoagulants,"Gross, Peter L",McMaster University,Ontario,Project Grant,202203PJT,Commercialization,279225,0,2 yrs 0 mth ,Circulatory and Respiratory Health,"Cardiovascular, Respiratory and Circulatory Systems-Vascular and Endothelial Biology; Commercialization-Intellectual Property; Cardiovascular, Respiratory and Circulatory Systems-Hematology",10/1/2022,2024-09-30,"point-of-care, anticoagulants, detection",0
"""""""Calcium Polyphosphate Bone Substitutes""""""","Grynpas, Marc D",Sinai Health System (Toronto),Ontario,Proof of Principle Program - Phase I,201009PPP,Proof of Principle,156022,0,1 yr 0 mth ,Musculoskeletal Health and Arthritis,"OSTEOPOROSIS; AGING; MUSCLE, BONE, OR JOINT",4/1/2011,2012-03-31,"Calcium, Polyphosphate, Bone",2
First-in-class Therapeutic Against Urinary Retention (Continence) in Patients with Chronic Spinal Cord Injury and Related Disorders,"Guertin, Pierre",Universite Laval,Quebec,Proof of Principle Program - Phase I,201109PPP,Proof of Principle,160000,0,1 yr 0 mth ,"Neurosciences, Mental Health and Addiction","SPINAL CORD DISEASE; GENITO/URINARY SYSTEM; NERVOUS SYSTEM; RENAL FUNCTION, NEPHROLOGY, UROLOGY",4/1/2012,2013-03-31,"Urinary retention, spinal cord injury, continence",2
A Novel Class of Drug Treatment Against Chronic Constipation in Spinal Cord-Injured People,"Guertin, Pierre",Universite Laval,Quebec,Proof of Principle Program - Phase I,201302PPP,Proof of Principle,160000,0,1 yr 0 mth ,"Neurosciences, Mental Health and Addiction",SPINAL CORD DISEASE; GASTRO-INTESTINAL DISEASE; NERVOUS SYSTEM; GASTROINTESTINAL (LIVER),10/1/2013,2014-09-30,"Drug, Constipation, Spinal Cord",2
Platform of synthetic specific promoters for immunotherapies and regenerative medicine,"Haddad, Elie","Centre hospitalier universitaire Sainte-Justine (Montreal, Quebec)",Quebec,Project Grant - PA: Breast Cancer Research,202109PLL,Commercialization,100000,0,1 yr 0 mth ,Cancer Research,Commercialization-Intellectual Property; Commercialization-Technology Transfer; Cancer-Cancer Drug Development and Therapeutics,3/1/2022,2023-03-31,"synthetic promoters, immunotherapies, regenerative medicine",1
Empowering innovative hematopoietic stem cells (HSC)-based cancer immunotherapy through the creation of synthetic specific promoters,"Haddad, Elie","Centre hospitalier universitaire Sainte-Justine (Montreal, Quebec)",Quebec,Project Grant,202209PJT,Commercialization,765000,0,4 yrs 0 mth ,Cancer Research,Commercialization-Intellectual Property; Commercialization-Technology Transfer; Cancer-Cancer Drug Development and Therapeutics,4/1/2023,2027-03-31,"hematopoietic stem cells, immunotherapy, synthetic promoters",1
Novel anti-inflammatory treatment for Amyotrophic Lateral Sclerosis,"Hancock, Robert Ernest W",University of British Columbia,British Columbia,Proof of Principle Program Phase I - Drug Development,201102PDD,Proof of Principle,160000,0,1 yr 0 mth ,"Neurosciences, Mental Health and Addiction",DRUGS- PHARMACEUTICAL SCIENCE/CHEMISTRY & NON MEDICAL USE OF DRUGS; AMYOTROPHIC LATERAL SCLEROSIS (ALS); DRUG RESEARCH; NERVOUS SYSTEM,10/1/2011,2012-09-30,"anti-inflammatory, Amyotrophic Lateral Sclerosis",0
Anti-Biofilm Therapy,"Hancock, Robert Ernest W",University of British Columbia,British Columbia,Proof of Principle Program - Phase I,201209PPP,Proof of Principle,160000,0,1 yr 0 mth ,Infection and Immunity,DRUGS- PHARMACEUTICAL SCIENCE/CHEMISTRY & NON MEDICAL USE OF DRUGS; INFECTIOUS AND PARASITIC; BACTERIOLOGY; DRUG RESEARCH,4/1/2013,2014-03-31,"Anti-biofilm, Therapy",0
CFTR modulators as a potential new therapeutic paradigm to treat individuals with COPD,"Hanrahan, John W",McGill University,Quebec,Proof of Principle Program - Phase I,201402PPP,Proof of Principle,159665,0,1 yr 0 mth ,Circulatory and Respiratory Health,CHRONIC OBSTRUCTIVE LUNG DISEASE; RESPIRATION; HEALTH RESEARCH,10/1/2014,2015-09-30,"CFTR, modulators, COPD",2
Pre-commercial development of single cell antibody selection process,"Hansen, Carl L",University of British Columbia,British Columbia,Proof of Principle Program - Phase I,201202PPP,Proof of Principle,154120,0,1 yr 0 mth ,Infection and Immunity,MULTIPLE DISEASE RELEVANCE; MULTIDISCIPLINARY; IMMUNOLOGY-TRANSPLANTATION; HEALTH RESEARCH,10/1/2012,2013-09-30,"single cell, antibody, selection",11
Characterization of small molecule sensitizers to chemotherapy,"Hassell, John A",McMaster University,Ontario,Proof of Principle Program - Phase I,201109PPP,Proof of Principle,160000,0,1 yr 0 mth ,Cancer Research,BREAST CANCER THERAPY; BREAST CANCER; CANCER; DRUG RESEARCH,4/1/2012,2013-03-31,"small molecule, sensitizers, chemotherapy",0
"Diagnostic differentiel de la schizophrenie, la depression bipolaire et la depression majeure e l'aide de l'electroretinographie","Hebert, Marc",Universite Laval,Quebec,Proof of Principle Program - Phase I,201309PPP,Proof of Principle,159700,0,1 yr 0 mth ,"Neurosciences, Mental Health and Addiction",DEPRESSION; MENTAL HEALTH,4/1/2014,2015-03-31,"diagnostic, electroretinography, schizophrenia",1
Assessment and Treatment of Binocular Vision in Amblyopia,"Hess, Robert F",McGill University,Quebec,Proof of Principle Program - Phase I,200810PPP,Proof of Principle,126802,0,1 yr 0 mth ,"Neurosciences, Mental Health and Addiction",DISEASES AFFECTING SPEECH/VISION/HEARING; VISION,1/1/2009,2009-12-31,"Binocular vision, Amblyopia",6
Radiotherapie par filamentation laser femtoseconde,"Houde, Daniel",Universite de Sherbrooke,Quebec,Proof of Principle Program - Phase I,201009PPP,Proof of Principle,112602,0,1 yr 0 mth ,Cancer Research,CANCER THERAPY GENERAL; BRAIN TUMORS THERAPY; CANCER; BIOPHYSICS,4/1/2011,2012-03-31,"radiotherapie, laser, femtoseconde",1
Crystal-binding peptides for prevention of kidney stone disease,"Hunter, Graeme K",Western University (Ontario),Ontario,Proof of Principle Program - Phase I,200904PPP,Proof of Principle,116350,6000,1 yr 0 mth ,"Nutrition, Metabolism and Diabetes",GENITO/URINARY SYSTEM; ATHEROSCLEROSIS; DRUG RESEARCH; BIOPHYSICS,7/1/2009,2010-06-30,"crystal-binding, peptides, kidney stone",0
A Diagnostic Test for Granulosa Cell Tumours of the Ovary,"Huntsman, David G",University of British Columbia,British Columbia,Proof of Principle Program - Phase I,200910PPP,Proof of Principle,150000,0,1 yr 0 mth ,Cancer Research,CANCER,4/1/2010,2011-03-31,"Diagnostic, Granulosa Cells, Tumours",3
PrOTYPE: An Enabling Technology to Improve Ovarian Cancer Care,"Huntsman, David G",University of British Columbia,British Columbia,Proof of Principle Program - Phase I,201209PPP,Proof of Principle,154829,0,1 yr 0 mth ,Cancer Research,"NEOPLASMS; NONE OF THE ABOVE; CANCER; GENOMICS, PROTEOMICS, AND BIOINFORMATICS",4/1/2013,2014-03-31,"Ovarian cancer, Enabling technology",1
Development of an anti-proliferative therapeutic that disrupts CaM-cyclin E interactions in vivo.,"Husain, Mansoor",University Health Network (Toronto),Ontario,Proof of Principle Program - Phase II,201202PP2,Proof of Principle,184100,10600,1 yr 0 mth ,Circulatory and Respiratory Health,ATHEROSCLEROSIS; CANCER THERAPY GENERAL; CARDIOVASCULAR; CELL BIOLOGY,10/1/2012,2013-09-30,"anti-proliferative, CaM-cyclin E, interactions",0
Commercialization of H-scan: a new tool for imaging kidney fibrosis,"Hysi, Eno",Unity Health Toronto,Ontario,Project Grant,202403PJT,Commercialization,726750,0,3 yrs 0 mth ,"Nutrition, Metabolism and Diabetes","Commercialization-Intellectual Property; Biomedical Engineering-Biomedical Imaging; Digestive, Endocrine and Excretory Systems-Nephrology and Urology",10/1/2024,2027-09-30,"H-scan, imaging, kidney fibrosis",1
Advanced Handheld SPECT System for Intraoperative Guidance,"Jaffray, David A",University Health Network (Toronto),Ontario,Proof of Principle Program - Phase I,201402PPP,Proof of Principle,159845,0,1 yr 0 mth ,Cancer Research,CANCER THERAPY GENERAL; CANCER,10/1/2014,2015-09-30,"Handheld, SPECT, Guidance",0
"Novel semen biomarkers to identify sperm production in men with infertility: A non-invasive method to characterize men with azoospermia or no sperm in the semen, into those with and without testicular sperm production","Jarvi, Keith A",Sinai Health System (Toronto),Ontario,Proof of Principle Program - Phase I,201009PPP,Proof of Principle,152499,0,1 yr 0 mth ,"Human Development, Child and Youth Health",INFERTILITY MALE; GENITO/URINARY SYSTEM; ENDOCRINOLOGY; REPRODUCTION/PREGNANCY,4/1/2011,2012-03-31,"semen biomarkers, azoospermia, sperm production",1
Prediction of successful sperm retrieval in patients with non-obstructive azoospermia using a panel of protein biomarkers measured in seminal plasma,"Jarvi, Keith A",Sinai Health System (Toronto),Ontario,Proof of Principle Program - Phase I,201302PPP,Proof of Principle,154660,0,1 yr 0 mth ,"Human Development, Child and Youth Health","INFERTILITY MALE; PREGNANCY/BIRTH; GENOMICS, PROTEOMICS, AND BIOINFORMATICS; REPRODUCTION/PREGNANCY",10/1/2013,2014-09-30,"sperm retrieval, azoospermia, protein biomarkers",1
Prediction of successful sperm retrieval in patients with non-obstructive azoospermia using TEX101 protein measured in seminal plasma by ELISA,"Jarvi, Keith A",Sinai Health System (Toronto),Ontario,Proof of Principle Program - Phase I,201509PPP,Proof of Principle,160000,0,1 yr 0 mth ,"Human Development, Child and Youth Health","INFERTILITY MALE; PREGNANCY/BIRTH; GENOMICS, PROTEOMICS, AND BIOINFORMATICS; REPRODUCTION/PREGNANCY",4/1/2016,2017-03-31,"sperm retrieval, TEX101, azoospermia",1
"Minimally Invasive Ready, Highly Expandable Vertebral Body Replacement Device","Jarzem, Peter F",McGill University,Quebec,Proof of Principle Program - Phase I,200910PPP,Proof of Principle,122826,0,1 yr 0 mth ,Cancer Research,"BONE CANCER; MUSCULO SKELETAL; NERVOUS SYSTEM; MUSCLE, BONE, OR JOINT",4/1/2010,2011-03-31,"Vertebral, Expandable, Device",2
Clinical validation of an innovative multiplex antibody microarray platform,"Juncker, David",McGill University,Quebec,Proof of Principle Program - Phase I,200910PPP,Proof of Principle,150000,0,1 yr 0 mth ,Cancer Research,"MULTIDISCIPLINARY; BREAST CANCER; GENOMICS, PROTEOMICS, AND BIOINFORMATICS; CANCER",4/1/2010,2011-03-31,"antibody, microarray, platform",7
Self-Propelling Hemostatic Particles that Treat Severe Bleeding,"Kastrup, Christian J",University of British Columbia,British Columbia,Proof of Principle Program - Phase I,201402PPP,Proof of Principle,159788,0,1 yr 0 mth ,Circulatory and Respiratory Health,CLOTTING DEFECTS/THROMBOSIS; PREGNANCY/BIRTH; CARDIOVASCULAR; BLOOD,10/1/2014,2015-09-30,"Self-Propelling, Hemostatic, Bleeding",1
Acoustical Device for Obstructive Sleep Apnea Severity Prediction during Wakefulness,"Kazem-Moussavi, Zahra M",University of Manitoba,Manitoba,Project Grant,201803PJT,Commercialization,367200,0,3 yrs 0 mth ,Circulatory and Respiratory Health,"Biomedical Engineering-Biophysics, Medical Technologies and Instrumentation; Health Determinants-Etiology of Disease and Conditions",10/1/2018,2021-09-30,"Acoustical, Sleep Apnea, Prediction",0
Clinical validation of low-cost ultrasensitive electronic molecular  diagnostics,"Kelley, Shana O",University of Toronto,Ontario,Proof of Principle Program - Phase I,200810PPP,Proof of Principle,150000,0,1 yr 0 mth ,Genetics,MULTIPLE DISEASE RELEVANCE; GENETICS,1/1/2009,2009-12-31,"ultrasensitive, electronic, diagnostics",4
Preclinical testing of a mitochondrially-targeted anticancer agent,"Kelley, Shana O",University of Toronto,Ontario,Proof of Principle Program - Phase I,201109PPP,Proof of Principle,160000,0,1 yr 0 mth ,Cancer Research,CANCER THERAPY GENERAL; CANCER; GENETICS,4/1/2012,2013-03-31,"mitochondrially-targeted, anticancer, agent",1
The xViva CTC capture chip: a device for tumor cell sorting and classification,"Kelley, Shana O",University of Toronto,Ontario,Proof of Principle Program - Phase I,201402PPP,Proof of Principle,160000,0,1 yr 0 mth ,Genetics,PROSTATE AND BLADDER CANCER; CANCER THERAPY GENERAL; GENETICS; CANCER,10/1/2014,2015-09-30,"CTC, capture, sorting",3
A novel therapeutic treatment for Zellweger Spectrum Disorder,"Kim, Peter K",Hospital for Sick Children (Toronto),Ontario,Proof of Principle Program - Phase I,201502PPP,Proof of Principle,160000,0,1 yr 0 mth ,"Human Development, Child and Youth Health",METABOLISM AND NUTRITION; CONGENITAL ANOMALIES; CELL BIOLOGY; GENETICS,10/1/2015,2016-09-30,"Zellweger, Spectrum, Disorder",0
Novel Polymer Based Glucose-sparing Peritoneal Dialysis Solutions for End-stage Renal Disease,"Kizhakkedathu, Jayachandran N",University of British Columbia,British Columbia,Proof of Principle Program - Phase I,201202PPP,Proof of Principle,160000,0,1 yr 0 mth ,"Nutrition, Metabolism and Diabetes","RENAL FUNCTION, NEPHROLOGY, UROLOGY",10/1/2012,2013-09-30,"Polymer, Glucose-sparing, Dialysis",2
Preclinical Development of a Glucose-Free Peritoneal Dialysis Solution,"Kizhakkedathu, Jayachandran N",University of British Columbia,British Columbia,Proof of Principle Program - Phase II,201402PP2,Proof of Principle,289799,5000,1 yr 0 mth ,"Nutrition, Metabolism and Diabetes","RENAL FUNCTION, NEPHROLOGY, UROLOGY",10/1/2014,2015-09-30,"Glucose-Free, Peritoneal Dialysis, Solution",9
Novel Infection Resistant Coating in an Era of Drug Resistant Bacteria for the Treatment and Prevention of Medical Device Infection,"Kizhakkedathu, Jayachandran N",University of British Columbia,British Columbia,Project Grant,202010PJT,Commercialization,520199,0,3 yrs 0 mth ,Infection and Immunity,"Commercialization-Intellectual Property; Biomedical Engineering-Biomaterials, Nanotechnology and Biomechanics; Immunology and Infection-Antimicrobial Drug Resistance, Drug Discovery and Therapeutics (including vaccines)",4/1/2021,2024-03-31,"Infection, Coating, Bacteria",3
Localized immuno-cloaking organ engineering approach to prevent transplant rejection without immunosuppressants,"Kizhakkedathu, Jayachandran N",University of British Columbia,British Columbia,Project Grant,202209PJT,Commercialization,803250,0,3 yrs 0 mth ,Infection and Immunity,"Biomedical Engineering-Biomaterials, Nanotechnology and Biomechanics; Immunology and Infection-Transplantation, Immune Tolerance and Tumor Immunology; Commercialization-Intellectual Property",4/1/2023,2026-03-31,"immuno-cloaking, organ engineering, transplant rejection",0
Peptide therapeutics for preventing retinal ganglion cell apoptosis,"Koeberle, Paulo D",University of Toronto,Ontario,Proof of Principle Program - Phase I,201409PPP,Proof of Principle,149949,0,1 yr 0 mth ,"Neurosciences, Mental Health and Addiction",GLAUCOMA; DISEASES AFFECTING SPEECH/VISION/HEARING,4/1/2015,2016-03-31,"peptide, retinal ganglion cell, apoptosis",1
In vivo efficacy studies on KP-218 as a potential MS therapeutic agent,"Kotra, Lakshmi P",University Health Network (Toronto),Ontario,Proof of Principle Program - Phase I,201402PPP,Proof of Principle,160000,0,1 yr 0 mth ,"Neurosciences, Mental Health and Addiction",MULTIPLE SCLEROSIS; DRUGS- PHARMACEUTICAL SCIENCE/CHEMISTRY & NON MEDICAL USE OF DRUGS,10/1/2014,2015-09-30,"in vivo, MS, therapeutic",4
Novel methods and compounds for increasing red blood cell survival,"Kouassi, Edouard",CIUSSS Est-de-l'Ile-de- Montreal-Maisonneuve Rosemont,Quebec,Proof of Principle Program - Phase I,201003PPP,Proof of Principle,160000,0,1 yr 0 mth ,Circulatory and Respiratory Health,BLOOD; ANAEMIAS; DRUG RESEARCH,10/1/2010,2011-09-30,"red blood cell, survival, compounds",0
Anti-parathyroid hormone-related protein (PTHrP) monoclonal antibodies against metastatic cancer,"Kremer, Richard B",Research Institute of the McGill University Health Centre,Quebec,Project Grant,202209PJT,Commercialization,665550,0,3 yrs 0 mth ,Cancer Research,"Commercialization-Technology Transfer; Musculoskeletal Health-Bone, Skin and Cartilage Sciences; Pharmacological, Toxicological and Pharmaceutical Sciences-Drug Discovery, Design and Delivery",4/1/2023,2026-03-31,"parathyroid hormone, monoclonal antibodies, metastatic cancer",1
Protective Effects of Potato Polyphenol-Rich Extracts Against Lung Damage Caused by Air Pollutants,"Kubow, Stanley",McGill University,Quebec,Proof of Principle Program - Phase I,201109PPP,Proof of Principle,150525,0,1 yr 0 mth ,Circulatory and Respiratory Health,ENVIRONMENTAL INFLUENCES ON HEALTH; RESPIRATION; NUTRITION,4/1/2012,2013-03-31,"potato polyphenols, lung damage, air pollutants",1
Development of new class of antiviral drugs for influenza A virus infections,"Kumar, Rakesh",University of Alberta,Alberta,Proof of Principle Program - Phase I,201209PPP,Proof of Principle,156590,0,1 yr 0 mth ,Infection and Immunity,DRUGS- PHARMACEUTICAL SCIENCE/CHEMISTRY & NON MEDICAL USE OF DRUGS; INFECTIOUS AND PARASITIC; HEALTH RESEARCH; DRUG RESEARCH,4/1/2013,2014-03-31,"antiviral, influenza, virus",4
Development of novel chemotherapeutics for tuberculosis,"Kumar, Rakesh",University of Alberta,Alberta,Proof of Principle Program - Phase I,201309PPP,Proof of Principle,159850,0,1 yr 0 mth ,Infection and Immunity,DRUGS- PHARMACEUTICAL SCIENCE/CHEMISTRY & NON MEDICAL USE OF DRUGS; INFECTIOUS AND PARASITIC; DRUG RESEARCH; BACTERIOLOGY,4/1/2014,2015-03-31,"chemotherapeutics, tuberculosis",7
A wearable technology approach to managing challenging behaviours in children with autism spectrum disorder (ASD),"Kushki, Azadeh",Holland Bloorview Kids Rehabilitation Hospital (Toronto),Ontario,Project Grant,202003PJT,Commercialization,485774,0,3 yrs 0 mth ,"Human Development, Child and Youth Health",Commercialization-Technology Transfer,10/1/2020,2023-09-30,"wearable, autism, behaviors",0
CTAP III for detection of early lung cancer and monitoring treatment outcome,"Lam, Stephen",University of British Columbia,British Columbia,Proof of Principle Program - Phase I,201003PPP,Proof of Principle,160000,0,1 yr 0 mth ,Cancer Research,LUNG CANCER; CANCER,10/1/2010,2011-09-30,"CTAP, lung cancer, detection",0
Lipid Nanoparticle-Mediated Delivery of CRISPR/Cas9 Gene Editing for Neurological Disorders.,"Leavitt, Blair R",University of British Columbia,British Columbia,Operating Grant - PA: Genetics (Bridge Funding: Research Priorities),202109OGB,Commercialization,100000,0,1 yr 0 mth ,Genetics,"Commercialization-Industry Research & Development; Neurosciences-Neurological disorders; Biomedical Engineering-Biomaterials, Nanotechnology and Biomechanics",3/1/2022,2023-02-28,"Lipid Nanoparticle, CRISPR, Gene Editing",3
Lipid Nanoparticle-Mediated Delivery of CRISPR/Cas9 Gene Editing for Neurological Disorders.,"Leavitt, Blair R",University of British Columbia,British Columbia,Project Grant,202203PJT,Commercialization,761176,0,5 yr 0 mth ,Genetics,"Commercialization-Industry Research & Development; Neurosciences-Neurological disorders; Biomedical Engineering-Biomaterials, Nanotechnology and Biomechanics",10/1/2022,2027-09-30,"Lipid Nanoparticle, CRISPR, Gene Editing",3
The ARiBo technology for isolation of ribonucleoprotein complexes,"Legault, Pascale",Universite de Montreal,Quebec,Proof of Principle Program - Phase I,201202PPP,Proof of Principle,145412,13349,1 yr 0 mth ,Genetics,"CANCER THERAPY GENERAL; MULTIPLE DISEASE RELEVANCE; BIOCHEMISTRY; GENOMICS, PROTEOMICS, AND BIOINFORMATICS",10/1/2012,2013-09-30,"ARiBo, ribonucleoprotein, complexes",0
Commercialization of a diagnostic test for endometriosis,"Leonardi, Mathew",McMaster University,Ontario,Project Grant,202309PJT,Commercialization,634949,0,3 yrs 0 mth ,Gender and Health,"Sex-and-Gender Health-Sex-and-Gender-Based Analysis - Clinical, Health Systems and Population Health Research",4/1/2024,2027-03-31,"diagnostic test, endometriosis",1
A new therapeutic agent for the treatment and prevention of endoleaks after endovascular aneurysm repair,"Lerouge, Sophie",ecole de technologie superieure (Montreal),Quebec,Proof of Principle Program - Phase I,201003PPP,Proof of Principle,155000,0,1 yr 0 mth ,Circulatory and Respiratory Health,ATHEROSCLEROSIS; CARDIOVASCULAR,10/1/2010,2011-09-30,"therapeutic agent, endoleaks, aneurysm repair",3
Injectable thermosensitive hydrogel as delivery vehicle of lymphocytes for cancer immunotherapy,"Lerouge, Sophie",ecole de technologie superieure (Montreal),Quebec,Proof of Principle Program - Phase I,201509PPP,Proof of Principle,141000,0,1 yr 0 mth ,Cancer Research,CANCER THERAPY GENERAL; CANCER,4/1/2016,2017-03-31,"injectable, hydrogel, lymphocytes",0
"Benchmark Cellax, a proprietary nanoparticle formulation for docetaxel, against Taxotere to treat metastatic castration resistant prostate cancer","Li, Shyh-Dar","Ontario Institute for Cancer Research (Toronto, Ontario)",Ontario,Proof of Principle Program - Phase I,201202PPP,Proof of Principle,160000,0,1 yr 0 mth ,Cancer Research,DRUGS- PHARMACEUTICAL SCIENCE/CHEMISTRY & NON MEDICAL USE OF DRUGS; PROSTATE AND BLADDER CANCER THERAPY; DRUG RESEARCH; CANCER,10/1/2012,2013-09-30,"nanoparticle, docetaxel, prostate cancer",3
Heat-triggered Chemotherapy to Treat Refractory Breast Cancer at the Chest Wall,"Li, Shyh-Dar","Ontario Institute for Cancer Research (Toronto, Ontario)",Ontario,Proof of Principle Program - Phase I,201302PPP,Proof of Principle,160000,0,1 yr 0 mth ,Cancer Research,DRUG RESEARCH; CANCER,10/1/2013,2014-09-30,"Heat, Chemotherapy, Breast Cancer",1
Validation and commercialization of an innovative analgesic for chronic pain,"Li, Shyh-Dar",University of British Columbia,British Columbia,Project Grant,201909PJT,Commercialization,524026,0,3 yrs 0 mth ,"Neurosciences, Mental Health and Addiction","Pharmacological, Toxicological and Pharmaceutical Sciences-Drug Discovery, Design and Delivery",4/1/2020,2023-03-31,"analgesic, chronic pain",1
Pre-clinical pharmacokinetic and efficacy assays with an efficient 17beta-hydroxysteroid dehydrogenase type 7 inhibitor for breast cancer therapy,"Lin, Sheng-Xiang",Universite Laval,Quebec,Project Grant - PA: Breast Cancer Research,202309PLL,Commercialization,100000,0,1 yr 0 mth ,Cancer Research,"Cancer-Cancer Drug Development and Therapeutics; Digestive, Endocrine and Excretory Systems-Endocrinology",3/1/2024,2025-02-28,"pharmacokinetic, 17beta-hydroxysteroid dehydrogenase, breast cancer",0
Therapeutics targeting receptor-receptor interactions for Addiction,"Liu, Fang",Centre for Addiction and Mental Health (Toronto),Ontario,Proof of Principle Program - Phase I,200910PPP,Proof of Principle,150000,0,1 yr 0 mth ,"Neurosciences, Mental Health and Addiction",DRUG RESEARCH; MENTAL HEALTH,4/1/2010,2011-03-31,"receptor, interactions, addiction",10
Development of peptide therapeutics via nasal delivery for major depression disorder,"Liu, Fang",Centre for Addiction and Mental Health (Toronto),Ontario,Proof of Principle Program - Phase I,201109PPP,Proof of Principle,150000,0,1 yr 0 mth ,"Neurosciences, Mental Health and Addiction",DEPRESSION; MENTAL AND BEHAVIOURAL DISEASES; MENTAL HEALTH; DRUG RESEARCH,4/1/2012,2013-03-31,"peptide, nasal delivery, depression",3
Development and commercialisation of a novel treatment for multiple sclerosis,"Liu, Fang",Centre for Addiction and Mental Health (Toronto),Ontario,Proof of Principle Program - Phase II,201509PP2,Proof of Principle,299101,0,1 yr 0 mth ,"Neurosciences, Mental Health and Addiction",MULTIPLE SCLEROSIS; MENTAL AND BEHAVIOURAL DISEASES; DRUG RESEARCH; NERVOUS SYSTEM,4/1/2016,2017-03-31,"multiple sclerosis, treatment",8
Targeting UROD As A Novel Anti-Cancer Therapeutic Strategy,"Liu, Fei-Fei",University Health Network (Toronto),Ontario,Proof of Principle Program - Phase I,200910PPP,Proof of Principle,150000,0,1 yr 0 mth ,Cancer Research,CANCER THERAPY GENERAL; CANCER,4/1/2010,2011-03-31,"UROD, Anti-Cancer, Therapeutic",1
The effects of a novel hydrogel coating on commercial antimicrobial dressings.,"Logsetty, Sarvesh",University of Manitoba,Manitoba,Proof of Principle Program - Phase I,201409PPP,Proof of Principle,157633,0,1 yr 0 mth ,Musculoskeletal Health and Arthritis,SKIN AND SUBCUTANEOUS TISSUS; INFECTIOUS AND PARASITIC; BIOCHEMISTRY; DRUG RESEARCH,4/1/2015,2016-03-31,"hydrogel, antimicrobial, dressings",3
"Treating Age-Related Macular Degeneration by Mitigating Inflammation, Oxidative Stress, and Lipid Accumulation through CD36 Modulation","Lubell, William D",Universite de Montreal,Quebec,Project Grant,202209PJT,Commercialization,833851,0,3 yrs 0 mth ,"Neurosciences, Mental Health and Addiction","Commercialization-Industry Research & Development; Pharmacological, Toxicological and Pharmaceutical Sciences-Drug Discovery, Design and Delivery; Aging-Geriatric Medicine and Health Sciences",4/1/2023,2026-03-31,"Age-Related Macular Degeneration, Inflammation, CD36",0
Interleukin-1 Receptor Modulating Therapy for Treating Macular Degeneration,"Lubell, William D",Universite de Montreal,Quebec,Project Grant,202303PJT,Commercialization,516376,0,3 yrs 0 mth ,"Neurosciences, Mental Health and Addiction","Commercialization-Industry Research & Development; Pharmacological, Toxicological and Pharmaceutical Sciences-Drug Discovery, Design and Delivery; Aging-Geriatric Medicine and Health Sciences",10/1/2023,2026-09-30,"Interleukin-1, Receptor, Macular Degeneration",0
Pre-commercial Development of Microfluidic Technology for Deformability based Separation of Circulating Tumor Cells,"Ma, Hongshen",University of British Columbia,British Columbia,Proof of Principle Program - Phase I,201502PPP,Proof of Principle,160000,0,1 yr 0 mth ,Cancer Research,PROSTATE AND BLADDER CANCER; BLOOD; CANCER,10/1/2015,2016-09-30,"microfluidic, deformability, tumor cells",0
Non-contact screening technology to expedite cell line development for antibody production,"Ma, Hongshen",University of British Columbia,British Columbia,Project Grant,201909PJT,Commercialization,524026,0,3 yrs 0 mth ,Cancer Research,"Commercialization-Intellectual Property; Commercialization-Technology Transfer; Biomedical Engineering-Biomaterials, Nanotechnology and Biomechanics",4/1/2020,2023-03-31,"non-contact, screening, antibody",0
A platform enabling personalized medicine through the detection of cells with specific genetic characterization,"Macaulay, Calum E",University of British Columbia,British Columbia,"Proof of Principle - PA: Cancer Early Detection, Imaging/Trans Therapeutics",200904PCA,Proof of Principle,149825,0,1 yr 0 mth ,Cancer Research,"CANCER THERAPY GENERAL; MULTIDISCIPLINARY; CANCER; GENOMICS, PROTEOMICS, AND BIOINFORMATICS",7/1/2009,2010-06-30,"personalized medicine, genetic characterization, cell detection",0
Optically-Guided Biopsy for Improved Diagnosis of Peripheral Pulmonary Nodules,"Macaulay, Calum E",University of British Columbia,British Columbia,Proof of Principle Program - Phase I,201502PPP,Proof of Principle,146470,0,1 yr 0 mth ,Cancer Research,LUNG CANCER; NEOPLASMS; CANCER; HEALTH RESEARCH,10/1/2015,2016-09-30,"Optically-Guided, Biopsy, Pulmonary",1
Evaluation of a Novel Chlamydia Vaccine Based on Type III Secretion Proteins,"Mahony, James B",McMaster University,Ontario,Proof of Principle Program - Phase I,201402PPP,Proof of Principle,159000,0,1 yr 0 mth ,Infection and Immunity,INFECTIOUS AND PARASITIC; INFERTILITY FEMALE; HEALTH RESEARCH; BACTERIOLOGY,10/1/2014,2015-09-30,"Chlamydia, Vaccine, Secretion Proteins",1
Treating Parkinson's Disease with Drugs that Increase Lysosomal B-Glucocerebrosidase Activity,"Mahuran, Don J",Hospital for Sick Children (Toronto),Ontario,Proof of Principle Program - Phase I,201109PPP,Proof of Principle,157606,0,1 yr 0 mth ,"Neurosciences, Mental Health and Addiction",PARKINSON'S DISEASE; MENTAL AND BEHAVIOURAL DISEASES; NERVOUS SYSTEM; BIOCHEMISTRY,4/1/2012,2013-03-31,"Parkinson's, Lysosomal, B-Glucocerebrosidase",2
Riboswitch ligand inhibitors for MRSA and staphylococci / Ligands de riboregulateurs agissant comme antibiotiques contre le SARM et les staphylocoques,"Malouin, Franeois",Universite de Sherbrooke,Quebec,Proof of Principle Program - Phase I,201209PPP,Proof of Principle,157350,0,1 yr 0 mth ,Infection and Immunity,INFECTIOUS AND PARASITIC,4/1/2013,2014-03-31,"riboswitch, ligands, antibiotics",0
"Swallowing Air-Pulse Therapy (SWAPT): Design Specification, Testing, Regulatory Approval, and Pre-launch Market Analysis","Martin, Ruth E",Western University (Ontario),Ontario,Proof of Principle Program - Phase II,200904PP2,Proof of Principle,250000,0,1 yr 0 mth ,Aging,"STROKE, HEART FAILURE; MUSCULO SKELETAL; AGING; DENTAL SCIENCE - Oral Biology",7/1/2009,2010-06-30,"Air-Pulse, Swallowing, Therapy",7
POROUS COMPRESSION SCREW for FRACTURE FIXATION,"Martineau, Paul A",Research Institute of the McGill University Health Centre,Quebec,Proof of Principle Program - Phase I,201009PPP,Proof of Principle,155375,0,1 yr 0 mth ,Musculoskeletal Health and Arthritis,"INJURY, REGENERATION; HEALTH CARE DELIVERY; HEALTH RESEARCH; MUSCLE, BONE, OR JOINT",4/1/2011,2012-03-31,"porous, compression, screw",2
PROMISE: A Proactive Molecular-Based Classification Tool to Improve Endometrial Cancer Management,"Mcalpine, Jessica N",University of British Columbia,British Columbia,Proof of Principle Program - Phase I,201509PPP,Proof of Principle,160000,0,1 yr 0 mth ,Cancer Research,CANCER THERAPY GENERAL; CANCER,4/1/2016,2017-03-31,"Molecular, Classification, Endometrial Cancer",1
CD34 as a therapeutic target for allergic asthma,"McNagny, Kelly M",University of British Columbia,British Columbia,Proof of Principle Program - Phase I,201003PPP,Proof of Principle,160000,0,1 yr 0 mth ,Infection and Immunity,ASTHMA; RESPIRATION; IMMUNOLOGY-TRANSPLANTATION,10/1/2010,2011-09-30,"CD34, allergic asthma, therapeutic",0
Minimally Invasive Curved Intramedullary Fixation (MICIF) for pelvic bone fractures,"Meek, Robert N",University of British Columbia,British Columbia,Proof of Principle Program - Phase II,201302PP2,Proof of Principle,300000,0,1 yr 0 mth ,Health Services and Policy Research,"NONE OF THE ABOVE; MUSCLE, BONE, OR JOINT; HEALTH RESEARCH",10/1/2013,2014-09-30,"Intramedullary, Fixation, Pelvic",4
Targeting the degradation of the cyclin-dependent kinase inhibitor p21 as a novel approach to cancer therapy,"Meloche, Sylvain",Universite de Montreal,Quebec,Proof of Principle Program - Phase I,201009PPP,Proof of Principle,160000,0,1 yr 0 mth ,Cancer Research,CANCER THERAPY GENERAL; NEOPLASMS; DRUG RESEARCH; CANCER,4/1/2011,2012-03-31,"cyclin-dependent kinase, p21, cancer",1
Development and validation of a multiplex blood-based assay for the early detection of ovarian cancer.,"Mes-Masson, Anne-Marie",Centre hospitalier de l'Universite de Montreal (CHUM),Quebec,Proof of Principle Program - Phase I,201003PPP,Proof of Principle,160000,0,1 yr 0 mth ,Cancer Research,GENITO/URINARY SYSTEM; NEOPLASMS; CANCER; HEALTH RESEARCH,10/1/2010,2011-09-30,"multiplex, blood-based, ovarian cancer",0
Hypoxia-activated DNA repair inhibitors to improve cancer therapy,"Minchinton, Andrew I",University of British Columbia,British Columbia,Project Grant,201903PJT,Commercialization,573750,0,3 yrs 0 mth ,Cancer Research,Cancer-Cancer Drug Development and Therapeutics,10/1/2019,2022-09-30,"hypoxia, DNA repair, inhibitors",2
Development of clinical candidate hypoxia-activated DNA-PK inhibitors,"Minchinton, Andrew I",University of British Columbia,British Columbia,Project Grant,202309PJT,Commercialization,979200,0,4 yrs 0 mth ,Cancer Research,Cancer-Cancer Drug Development and Therapeutics,4/1/2024,2028-03-31,"hypoxia, DNA-PK, inhibitors",0
A novel dopamine D2 receptor allosteric modulator: Development and commercialization of a safer more effective generation of antipsychotic drugs,"Mishra, Ram K",McMaster University,Ontario,Proof of Principle Program - Phase I,201102PPP,Proof of Principle,146850,0,1 yr 0 mth ,"Neurosciences, Mental Health and Addiction",SCHIZOPHRENIA; PARKINSON'S DISEASE; MENTAL HEALTH; BIOCHEMISTRY,10/1/2011,2012-09-30,"dopamine D2 receptor, allosteric modulator, antipsychotic",2
Methods of Diagnosing Idiopathic Scoliosis and related Spinal Disorders,"Moreau, Alain","Centre hospitalier universitaire Sainte-Justine (Montreal, Quebec)",Quebec,Proof of Principle Program - Phase II,200904PP2,Proof of Principle,250000,0,1 yr 0 mth ,Musculoskeletal Health and Arthritis,"MUSCULO SKELETAL; MUSCLE, BONE, OR JOINT; MOLECULAR BIOLOGY",7/1/2009,2010-06-30,"Diagnosing, Scoliosis, Spinal Disorders",13
Methods of Diagnosing Primary Osteoarthritis,"Moreau, Alain","Centre hospitalier universitaire Sainte-Justine (Montreal, Quebec)",Quebec,Proof of Principle Program - Phase I,201009PPP,Proof of Principle,160000,0,1 yr 0 mth ,Musculoskeletal Health and Arthritis,"ARTHRITIS/OSTEOARTHRITIS; MUSCULO SKELETAL; MUSCLE, BONE, OR JOINT; CELL BIOLOGY",4/1/2011,2012-03-31,"diagnosing, osteoarthritis, primary",3
Preclinical Validation of a Disease-Modifying Osteoarthritis Drug,"Moreau, Alain","Centre hospitalier universitaire Sainte-Justine (Montreal, Quebec)",Quebec,Proof of Principle Program - Phase I,201409PPP,Proof of Principle,160000,0,1 yr 0 mth ,Musculoskeletal Health and Arthritis,"ARTHRITIS/OSTEOARTHRITIS; DRUGS- PHARMACEUTICAL SCIENCE/CHEMISTRY & NON MEDICAL USE OF DRUGS; MUSCLE, BONE, OR JOINT; DRUG RESEARCH",4/1/2015,2016-03-31,"Osteoarthritis, Drug, Validation",0
Clinical development of oncolytic BHV-1 for cancer therapy,"Mossman, Karen L",McMaster University,Ontario,Project Grant,202104PJT,Commercialization,504900,0,3 yrs 0 mth ,Cancer Research,Commercialization-Intellectual Property; Commercialization-Industry Research & Development; Cancer-Cancer Drug Development and Therapeutics,10/1/2021,2024-09-30,"oncolytic, BHV-1, cancer",0
Using a Liquid Biopsy to Optimize Metastatic Breast Cancer Treatment,"Mueller, Christopher R","Queen's University (Kingston, Ontario)",Ontario,Project Grant,202209PJT,Commercialization,891226,0,3 yrs 0 mth ,Cancer Research,Cancer-Cancer Progression and Metastasis; Cancer-Clinical Oncology; Commercialization-Industry Research & Development,4/1/2023,2026-03-31,"Liquid biopsy, metastatic breast cancer",1
Novel Mapping Methodology for Identifying Arrhythmia Circuit.,"Nanthakumar, Kumaraswamy",University Health Network (Toronto),Ontario,Proof of Principle Program - Phase I,201309PPP,Proof of Principle,158375,0,1 yr 0 mth ,Circulatory and Respiratory Health,CARDIOLOGY; ARRHYTHMIAS; CARDIOVASCULAR,4/1/2014,2015-03-31,"Mapping, Arrhythmia, Circuit",9
Injectable dense collagen-silk fibroin derived polypeptide hydrogels for bone regenerative therapy,"Nazhat, Showan N",McGill University,Quebec,Proof of Principle Program - Phase I,201209PPP,Proof of Principle,156393,0,1 yr 0 mth ,Musculoskeletal Health and Arthritis,"MUSCULO SKELETAL; DENTAL DISEASE (INCL. ORAL BIOLOGY); MUSCLE, BONE, OR JOINT; AGING",4/1/2013,2014-03-31,"collagen, fibroin, hydrogels",4
Bridging the Gap Between Mass Spectrometric Profiling and Practical Diagnostic Tests for Commercialization: Case of Chagas Disease,"Ndao, Momar",Research Institute of the McGill University Health Centre,Quebec,Proof of Principle Program - Phase I,200810PPP,Proof of Principle,150000,0,1 yr 0 mth ,Infection and Immunity,"INFECTIOUS AND PARASITIC; PARASITIC; HEALTH RESEARCH; GENOMICS, PROTEOMICS, AND BIOINFORMATICS",1/1/2009,2009-12-31,"Mass spectrometry, diagnostics, Chagas disease",1
Validation of the CUX1 Expression Signature as an RT-PCR-Based Prognostic Tool,"Nepveu, Alain",McGill University,Quebec,Proof of Principle Program - Phase I,201009PPP,Proof of Principle,159950,0,1 yr 0 mth ,Cancer Research,BREAST CANCER; NEOPLASMS; CANCER; MOLECULAR BIOLOGY,4/1/2011,2012-03-31,"CUX1, RT-PCR, Prognostic",1
Integrated discovery studies and commercialization for a preterm birth diagnostic and a therapeutic,"Olson, David M",University of Alberta,Alberta,Project Grant,202003PJT,Commercialization,558450,0,3 yrs 0 mth ,"Human Development, Child and Youth Health",Commercialization-Industry Research & Development; Reproduction and Development-Fertility and Maternal Health,10/1/2020,2023-09-30,"preterm birth, diagnostic, therapeutic",5
Bioreactor-based large scale production of a Tim-3 pathway inhibitor as a novel immunotherapy against HIV-1 and other chronic viral infections,"Ostrowski, Mario A",University of Toronto,Ontario,Proof of Principle Program - Phase I,200810PPP,Proof of Principle,150000,0,1 yr 0 mth ,Infection and Immunity,AIDS; INFECTIOUS AND PARASITIC; IMMUNOLOGY-TRANSPLANTATION; VIROLOGY,1/1/2009,2009-12-31,"Bioreactor, Tim-3 pathway, immunotherapy",0
Stem cell-derived Encapsulated Liver Tissue to treat liver failure without immunosuppression: technology maturation towards clinical translation,"Paganelli, Massimiliano","Centre hospitalier universitaire Sainte-Justine (Montreal, Quebec)",Quebec,Project Grant,201809PJT,Commercialization,497249,0,3 yrs 0 mth ,"Nutrition, Metabolism and Diabetes","Biomedical Engineering-Regenerative Medicine and Tissue Engineering; Digestive, Endocrine and Excretory Systems-Gastroenterology and Hepatology; Commercialization-Technology Transfer",4/1/2019,2022-03-31,"stem cells, encapsulation, liver tissue",3
Generation of a gene expression-based breast cancer prognostic device,"Park, Morag",McGill University,Quebec,Proof of Principle Program - Phase II,200904PP2,Proof of Principle,73500,0,1 yr 0 mth ,Cancer Research,"BREAST CANCER; BREAST CANCER THERAPY; CANCER; GENOMICS, PROTEOMICS, AND BIOINFORMATICS",7/1/2009,2010-06-30,"gene expression, breast cancer, prognostic",1
Pre-clinical studies of a small-molecule to reverse neurodegenerative disease-causing mutations for its commercialization and application,"Pearson, Christopher E",Hospital for Sick Children (Toronto),Ontario,Project Grant,202309PJT,Commercialization,719101,0,3 yrs 0 mth ,Genetics,Commercialization-Technology Transfer; Genetics-Molecular and Functional Genetics and Epigenetics,4/1/2024,2027-03-31,"small-molecule, neurodegenerative, mutations",0
Chemotherapeutic Agents for Inhibiting Protein Synthesis,"Pelletier, Jerry M",McGill University,Quebec,Proof of Principle Program - Phase I,201102PPP,Proof of Principle,160000,0,1 yr 0 mth ,Cancer Research,CANCER THERAPY GENERAL; NEOPLASMS; DRUG RESEARCH; CANCER,10/1/2011,2012-09-30,"Chemotherapeutic, Protein Synthesis, Inhibition",1
Blocking RA Metabolism: A safer approach to retinoid therapy in skin disease,"Petkovich, Martin","Queen's University (Kingston, Ontario)",Ontario,Proof of Principle Program - Phase I,201109PPP,Proof of Principle,135557,0,1 yr 0 mth ,"Nutrition, Metabolism and Diabetes",SKIN AND SUBCUTANEOUS TISSUS; METABOLISM AND NUTRITION; DRUG RESEARCH; BIOCHEMISTRY,4/1/2012,2013-03-31,"RA, metabolism, skin disease",15
Identification of Novel Compounds Inhibiting Brain Cancer Invasion,"Petrecca, Kevin",McGill University,Quebec,Proof of Principle Program - Phase I,201009PPP,Proof of Principle,120775,0,1 yr 0 mth ,Cancer Research,BRAIN TUMORS THERAPY; NEOPLASMS; CANCER; DRUG RESEARCH,4/1/2011,2012-03-31,"Compounds, Brain Cancer, Invasion",2
Identification of a low molecular weight peptide of CD109 as an anti-scarring agent,"Philip, Anie",Research Institute of the McGill University Health Centre,Quebec,Proof of Principle Program - Phase I,200910PPP,Proof of Principle,150000,0,1 yr 0 mth ,Musculoskeletal Health and Arthritis,MUSCULO SKELETAL; CANCER THERAPY GENERAL; MOLECULAR BIOLOGY; CELL BIOLOGY,4/1/2010,2011-03-31,"peptide, CD109, anti-scarring",1
An Enzyme Inhibitor for Treating Type-2 Diabetes,"Pinto, Mario","Simon Fraser University (Burnaby, B.C.)",British Columbia,Proof of Principle Program - Phase I,200810PPP,Proof of Principle,150000,0,1 yr 0 mth ,"Nutrition, Metabolism and Diabetes",DIABETES MELLITUS; METABOLISM AND NUTRITION; METABOLISM/DIABETES; BIOCHEMISTRY,1/1/2009,2009-12-31,"enzyme, inhibitor, diabetes",2
L'evaluation du potentiel therapeutique in vivo d'une nouvelle famille d'aminosteroides comme agents anticancereux selectifs,"Poirier, Donald",Universite Laval,Quebec,Proof of Principle Program - Phase I,200910PPP,Proof of Principle,149703,0,1 yr 0 mth ,Cancer Research,DRUGS- PHARMACEUTICAL SCIENCE/CHEMISTRY & NON MEDICAL USE OF DRUGS; CANCER THERAPY GENERAL; DRUG RESEARCH; CANCER,4/1/2010,2011-03-31,"aminosteroides, anticancereux, in vivo",0
evaluation du potentiel therapeutique in vivo d'un nouvel inhibiteur de la 17beta-HSD3 e bloquer la croissance de tumeurs xenogreffees du cancer de la prostate,"Poirier, Donald",Universite Laval,Quebec,Proof of Principle Program - Phase I,201202PPP,Proof of Principle,157880,0,1 yr 0 mth ,Cancer Research,DRUGS- PHARMACEUTICAL SCIENCE/CHEMISTRY & NON MEDICAL USE OF DRUGS; PROSTATE AND BLADDER CANCER THERAPY; DRUG RESEARCH; CANCER,10/1/2012,2013-09-30,"17beta-HSD3, inhibiteur, prostate",1
evaluation du potentiel therapeutique in vivo d'un nouvel inhibiteur de la steroede sulfatase combinant des proprietes osteogenique et antiestrogenique pour le traitement des cancers du sein et de la prostate,"Poirier, Donald",Universite Laval,Quebec,Proof of Principle Program - Phase I,201309PPP,Proof of Principle,159756,0,1 yr 0 mth ,Cancer Research,BREAST CANCER THERAPY; OSTEOPOROSIS; CANCER; DRUG RESEARCH,4/1/2014,2015-03-31,"steroide sulfatase, osteogenique, cancer",0
Optimisation du potentiel therapeutique de derives aminosteroedes contre le cancer de l'ovaire,"Poirier, Donald",Universite Laval,Quebec,Proof of Principle Program - Phase I,201509PPP,Proof of Principle,157700,2300,1 yr 0 mth ,Cancer Research,DRUGS- PHARMACEUTICAL SCIENCE/CHEMISTRY & NON MEDICAL USE OF DRUGS; CANCER THERAPY GENERAL; DRUG RESEARCH; CANCER,4/1/2016,2017-03-31,"aminosteroids, ovarian cancer, therapeutic potential",1
Demonstration de l'efficacite du premier inhibiteur irreversible et selectif de la  17beta-HSD1 pour le traitement des cancers du sein sensibles aux estrogenes,"Poirier, Donald",Universite Laval,Quebec,Project Grant,201709PJT,Commercialization,279226,0,2 yrs 0 mth ,Cancer Research,Cancer-Cancer Drug Development and Therapeutics,4/1/2018,2020-03-31,"17beta-HSD1, inhibitor, breast cancer",2
Development of novel OXE receptor antagonists for asthma,"Powell, William S",McGill University,Quebec,Proof of Principle Program - Phase I,200904PPP,Proof of Principle,146000,0,1 yr 0 mth ,Circulatory and Respiratory Health,ASTHMA; DRUGS- PHARMACEUTICAL SCIENCE/CHEMISTRY & NON MEDICAL USE OF DRUGS; DRUG RESEARCH; RESPIRATION,7/1/2009,2010-06-30,"OXE receptor, antagonists, asthma",2
Development of novel OXE receptor antagonists for asthma,"Powell, William S",McGill University,Quebec,Proof of Principle Program - Phase II,201309PP2,Proof of Principle,293133,0,1 yr 0 mth ,Circulatory and Respiratory Health,ASTHMA; DRUGS- PHARMACEUTICAL SCIENCE/CHEMISTRY & NON MEDICAL USE OF DRUGS; DRUG RESEARCH; RESPIRATION,7/1/2009,2010-06-30,"OXE receptor, antagonists, asthma",2
A-CD estrogens as alternatives to Estrogen-based hormone replacement therapy,"Pratt, Christine M",University of Ottawa,Ontario,Proof of Principle Program - Phase I,201202PPP,Proof of Principle,156060,0,1 yr 0 mth ,Gender and Health,DRUGS- PHARMACEUTICAL SCIENCE/CHEMISTRY & NON MEDICAL USE OF DRUGS; ENDOCRINOLOGY; DRUG RESEARCH; HEALTH RESEARCH,10/1/2012,2013-09-30,"A-CD estrogens, hormone replacement",1
Validation of a glycerolipid/ free fatty acid cycling enzyme as a novel therapeutic target for type-2 diabetes,"Prentki, Marc",Centre hospitalier de l'Universite de Montreal (CHUM),Quebec,Proof of Principle Program - Phase I,201102PPP,Proof of Principle,157925,0,1 yr 0 mth ,"Nutrition, Metabolism and Diabetes",DIABETES MELLITUS; METABOLISM AND NUTRITION; METABOLISM/DIABETES; DRUG RESEARCH,10/1/2011,2012-09-30,"glycerolipid, fatty acid, enzyme",4
Development of Novel Polar MAO B Inhibitors for the Treatment of Epithelial Barrier Diseases,"Putnins, Edward E",University of British Columbia,British Columbia,Proof of Principle Program - Phase I,201402PPP,Proof of Principle,160000,0,1 yr 0 mth ,Musculoskeletal Health and Arthritis,DENTAL DISEASE (INCL. ORAL BIOLOGY); DRUGS- PHARMACEUTICAL SCIENCE/CHEMISTRY & NON MEDICAL USE OF DRUGS; DENTAL SCIENCE - Oral Biology; DRUG RESEARCH,10/1/2014,2015-09-30,"MAO B, Inhibitors, Epithelial Barrier",1
Artery Alert - Revolutionizing the Diagnosis of Peripheral Arterial Disease,"Qadura, Mohammad",Unity Health Toronto,Ontario,Project Grant,202109PJT,Commercialization,428400,0,4 yrs 0 mth ,Circulatory and Respiratory Health,"Cardiovascular, Respiratory and Circulatory Systems-Clinical and Translational Cardiovascular Sciences",4/1/2022,2026-03-31,"artery, diagnosis, peripheral arterial disease",0
Monitoring progression of malignant tumors by detection of blood-borne oncogenic epidermal growth factor receptor circulating as cargo of tumor-derived microvesicles,"Rak, Janusz",Research Institute of the McGill University Health Centre,Quebec,Proof of Principle Program - Phase I,200810PPP,Proof of Principle,150000,0,1 yr 0 mth ,Cancer Research,CANCER THERAPY GENERAL; BRAIN TUMORS THERAPY; CANCER; CELL BIOLOGY,1/1/2009,2009-12-31,"malignant tumors, blood-borne, epidermal growth factor receptor",4
INDEL therapeutics for the treatment of infectious disease.,"Reiner, Neil E",University of British Columbia,British Columbia,Proof of Principle Program - Phase II,200810PP2,Proof of Principle,250000,0,1 yr 0 mth ,Infection and Immunity,"INFECTIOUS AND PARASITIC; GENOMICS, PROTEOMICS, AND BIOINFORMATICS; DRUG RESEARCH",1/1/2009,2009-12-31,"INDEL, therapeutics, infectious disease",1
Androgen receptor inhibitors,"Rennie, Paul S",University of British Columbia,British Columbia,"Proof of Principle - PA: Cancer Early Detection, Imaging/Trans Therapeutics",200904PCA,Proof of Principle,150000,0,1 yr 0 mth ,Cancer Research,PROSTATE AND BLADDER CANCER THERAPY; ENDOCRINOLOGY; CANCER; DRUG RESEARCH,7/1/2009,2010-06-30,"Androgen receptor, inhibitors",10
Phase 1 Trial of a novel transvenous phrenic nerve pacer for diaphragm activation in mechanically ventilated critically ill patients.,"Reynolds, Steven C","Fraser Health Authority (Surrey, BC)",British Columbia,Proof of Principle Program - Phase I,201209PPP,Proof of Principle,158464,1536,1 yr 0 mth ,Circulatory and Respiratory Health,RESPIRATION; HEALTH RESEARCH,4/1/2013,2014-03-31,"phrenic nerve, pacer, diaphragm",2
"Development of a novel, temporary, transcutaneously placed, transvenous phrenic nerve pacer for diaphragm activation in critically ill patients","Reynolds, Steven C","Fraser Health Authority (Surrey, BC)",British Columbia,Proof of Principle Program - Phase II,201409PP2,Proof of Principle,268499,2000,1 yr 0 mth ,Circulatory and Respiratory Health,RESPIRATION; HEALTH RESEARCH,4/1/2015,2016-03-31,"phrenic nerve, transvenous, diaphragm",2
Matriptase Inhibitors as a Novel Class of Influenza Antivirals,"Richter, Martin",Universite de Sherbrooke,Quebec,Proof of Principle Program - Phase I,201109PPP,Proof of Principle,143827,0,1 yr 0 mth ,Infection and Immunity,VIRAL; DRUGS- PHARMACEUTICAL SCIENCE/CHEMISTRY & NON MEDICAL USE OF DRUGS; VIROLOGY; DRUG RESEARCH,4/1/2012,2013-03-31,"Matriptase, Inhibitors, Influenza",2
Pharmaceutical intervention to decrease the threat of hypoglycemia in insulin-treated diabetics,"Riddell, Michael C","York University (Toronto, Ontario)",Ontario,Proof of Principle Program Phase I - Drug Development,201102PDD,Proof of Principle,160000,0,1 yr 0 mth ,"Nutrition, Metabolism and Diabetes",DIABETES MELLITUS; ENDOCRINOLOGY; METABOLISM/DIABETES,10/1/2011,2012-09-30,"pharmaceutical, hypoglycemia, insulin",1
Evaluation of the anticancer activity of a new autophagy-inhibitory drug,"Roberge, Michel",University of British Columbia,British Columbia,Proof of Principle Program - Phase I,200910PPP,Proof of Principle,142989,0,1 yr 0 mth ,Cancer Research,BREAST CANCER THERAPY; LUNG CANCER THERAPY; CANCER; BIOCHEMISTRY,4/1/2010,2011-03-31,"autophagy, anticancer, inhibitor",0
Preclinical Development of a novel M2 Channel Inhibitor for the Treatment and Prevention of Influenza,"Roberge, Michel",University of British Columbia,British Columbia,Proof of Principle Program - Phase I,201309PPP,Proof of Principle,160000,0,1 yr 0 mth ,Infection and Immunity,VIRAL; DRUGS- PHARMACEUTICAL SCIENCE/CHEMISTRY & NON MEDICAL USE OF DRUGS; DRUG RESEARCH; VIROLOGY,4/1/2014,2015-03-31,"M2 Channel, Inhibitor, Influenza",0
Preclinical evaluation of a gentamicin analog as a treatment for genetic diseases and cancer due to a premature termination codon.,"Roberge, Michel",University of British Columbia,British Columbia,Proof of Principle Program - Phase I,201509PPP,Proof of Principle,150059,0,1 yr 0 mth ,Genetics,MULTIPLE DISEASE RELEVANCE; CANCER THERAPY GENERAL; CANCER; GENETICS,4/1/2016,2017-03-31,"gentamicin, genetic diseases, cancer",2
Cell therapy for the treatment of type 1 Diabetes,"Rogers, Ian M",Sinai Health System (Toronto),Ontario,Proof of Principle Program - Phase I,200910PPP,Proof of Principle,150000,0,1 yr 0 mth ,"Nutrition, Metabolism and Diabetes",DIABETES MELLITUS; METABOLISM/DIABETES,4/1/2010,2011-03-31,"Cell, therapy, Diabetes",1
The Use of Multipotential Stem Cells for the Treatment of Peripheral Vascular Disease,"Rogers, Ian M",Sinai Health System (Toronto),Ontario,Proof of Principle Program - Phase I,201009PPP,Proof of Principle,160000,0,1 yr 0 mth ,Circulatory and Respiratory Health,NONE OF THE ABOVE; CORONARY CIRCULATION (INCL. INSUFFICIENCY); NOT CLASSIFIED; CARDIOVASCULAR,4/1/2011,2012-03-31,"Stem cells, Vascular disease, Peripheral",1
A Novel Regenerative Drug Therapy to Restore Natural Insulin Secretion in Diabetes Mellitus,"Rosenberg, Lawrence",McGill University,Quebec,Proof of Principle Program - Phase II,201209PP2,Proof of Principle,122670,0,1 yr 0 mth ,"Nutrition, Metabolism and Diabetes",DIABETES MELLITUS; DRUGS- PHARMACEUTICAL SCIENCE/CHEMISTRY & NON MEDICAL USE OF DRUGS; DRUG RESEARCH; METABOLISM/DIABETES,4/1/2013,2014-03-31,"Regenerative, Insulin, Diabetes",1
Development and Testing of Small Molecule Allosteric Modulators for the Treatment of Pain.,"Ross, Ruth A",University of Toronto,Ontario,Proof of Principle Program - Phase I,201209PPP,Proof of Principle,157999,0,1 yr 0 mth ,"Neurosciences, Mental Health and Addiction",MULTIPLE DISEASE RELEVANCE; ARTHRITIS/OSTEOARTHRITIS; DRUG RESEARCH; AGING,4/1/2013,2014-03-31,"Small Molecule, Allosteric Modulators, Pain",2
Development and Commercialisation of Allosteric Modulators for the Treatment of Pain,"Ross, Ruth A",University of Toronto,Ontario,Proof of Principle Program - Phase II,201409PP2,Proof of Principle,189920,0,1 yr 0 mth ,Musculoskeletal Health and Arthritis,MULTIPLE DISEASE RELEVANCE; MUSCULO SKELETAL,4/1/2015,2016-03-31,"Allosteric, Modulators, Pain",2
Development and therapeutic validation of GPR55 modulators for the treatment of osteoclast-mediated disorders,"Ross, Ruth A",University of Toronto,Ontario,Proof of Principle Program - Phase I,201509PPP,Proof of Principle,155600,0,1 yr 0 mth ,Musculoskeletal Health and Arthritis,"OSTEOPOROSIS; BONE CANCER; MUSCLE, BONE, OR JOINT; CANCER",4/1/2016,2017-03-31,"GPR55, modulators, osteoclast",1
Preclinical evaluation of sintokamides as agents for treatment of advanced prostate cancer,"Sadar, Marianne D",University of British Columbia,British Columbia,Proof of Principle Program - Phase I,200910PPP,Proof of Principle,150000,0,1 yr 0 mth ,Cancer Research,PROSTATE AND BLADDER CANCER; PROSTATE AND BLADDER CANCER THERAPY; CANCER; ENDOCRINOLOGY,4/1/2010,2011-03-31,"sintokamides, prostate cancer, preclinical",0
Translational Development Program For Analogues of EPI-001 (PNG01-185) Compounds For the Treatment of Advanced Prostate Cancer,"Sadar, Marianne D",University of British Columbia,British Columbia,Proof of Principle Program - Phase II,201102PP2,Proof of Principle,300000,0,1 yr 0 mth ,Cancer Research,DRUGS- PHARMACEUTICAL SCIENCE/CHEMISTRY & NON MEDICAL USE OF DRUGS; PROSTATE AND BLADDER CANCER THERAPY; CANCER; DRUG RESEARCH,10/1/2011,2012-09-30,"EPI-001, Prostate Cancer, Analogues",7
Real-time Ultrasound Quantitative Elastography of the Prostate,"Salcudean, Septimiu E",University of British Columbia,British Columbia,Proof of Principle Program - Phase I,201209PPP,Proof of Principle,143074,10850,1 yr 0 mth ,Cancer Research,PROSTATE AND BLADDER CANCER; IMAGING; CANCER,4/1/2013,2014-03-31,"Ultrasound, Elastography, Prostate",5
Developpement de composes antineoplasiques radiosensibilisants achemines par nano transporteur liposomal.,"Sanche, Leon",Universite de Sherbrooke,Quebec,Proof of Principle Program - Phase I,201202PPP,Proof of Principle,159149,0,1 yr 0 mth ,Cancer Research,DRUGS- PHARMACEUTICAL SCIENCE/CHEMISTRY & NON MEDICAL USE OF DRUGS; BRAIN TUMORS THERAPY; CANCER; DRUG RESEARCH,10/1/2012,2013-09-30,"antineoplasiques, radiosensibilisants, liposomal",0
Evaluation of Nanoparticles for the Treatment of Autoimmune Conditions,"Santamaria, Pere",University of Calgary,Alberta,Proof of Principle Program - Phase I,200810PPP,Proof of Principle,150000,0,1 yr 0 mth ,Infection and Immunity,ENDOCRINOLOGY; DIABETES MELLITUS; IMMUNOLOGY-TRANSPLANTATION; METABOLISM/DIABETES,1/1/2009,2009-12-31,"Nanoparticles, Autoimmune",3
Neuroprotection Rescue Strategies for Retinal Degeneration Diseases,"Saragovi, Horacio U",CIUSSS de Centre-Ouest-de-l'Ile-de-Montreal-Jewish General,Quebec,Proof of Principle Program - Phase II,200910PP2,Proof of Principle,250000,0,1 yr 0 mth ,Aging,DISEASES AFFECTING SPEECH/VISION/HEARING; AGING; VISION,4/1/2010,2011-03-31,"Neuroprotection, Retinal, Degeneration",5
Cancer vaccines targeting the ganglioside tumor-marker GD2,"Saragovi, Horacio U",CIUSSS de Centre-Ouest-de-l'Ile-de-Montreal-Jewish General,Quebec,Proof of Principle Program - Phase I,201202PPP,Proof of Principle,157600,0,1 yr 0 mth ,Cancer Research,CANCER THERAPY GENERAL; DRUGS- PHARMACEUTICAL SCIENCE/CHEMISTRY & NON MEDICAL USE OF DRUGS; CANCER; IMMUNOLOGY-TRANSPLANTATION,10/1/2012,2013-09-30,"cancer, vaccines, GD2",6
Therapy for motor neuron degeneration diseases targeting the opposing ligand-dependent signals of two TrkC receptor isoforms,"Saragovi, Horacio U",CIUSSS de Centre-Ouest-de-l'Ile-de-Montreal-Jewish General,Quebec,Proof of Principle Program - Phase II,201509PP2,Proof of Principle,300000,0,1 yr 0 mth ,"Neurosciences, Mental Health and Addiction",AMYOTROPHIC LATERAL SCLEROSIS (ALS); DISEASES AFFECTING SPEECH/VISION/HEARING; NERVOUS SYSTEM; DRUG RESEARCH,4/1/2016,2017-03-31,"motor neuron, TrkC, receptor",5
Innovation of Proprietary Liquid Biopsy Assays for Diagnosis of Early Stage Ovarian Cancer,"Saragovi, Horacio U",CIUSSS de Centre-Ouest-de-l'Ile-de-Montreal-Jewish General,Quebec,Project Grant - PA: Cancer Research - Cancer Prevention,202010PXX,Commercialization,100000,0,1 yr 0 mth  ,Cancer Research,"Commercialization-Technology Transfer; Cancer-Cancer Progression and Metastasis; Biomedical Engineering-Biophysics, Medical Technologies and Instrumentation; glycomics. We quantify gangliosides which are glycolipids with a glycan and a lipid component",10/1/2021,2023-09-30,"Liquid biopsy, ovarian cancer, diagnosis",5
Innovation of Proprietary Liquid Biopsy Assays for Diagnosis of Early Stage Ovarian Cancer,"Saragovi, Horacio U",CIUSSS de Centre-Ouest-de-l'Ile-de-Montreal-Jewish General,Quebec,Project Grant,202104PJT,Commercialization,650251,0,2 yr 0 mth  ,Cancer Research,"Commercialization-Technology Transfer; Cancer-Cancer Progression and Metastasis; Biomedical Engineering-Biophysics, Medical Technologies and Instrumentation; glycomics. We quantify gangliosides which are glycolipids with a glycan and a lipid component",10/1/2021,2023-09-30,"Liquid biopsy, ovarian cancer, diagnosis",5
Sensorless Adaptive Optics Optical Coherence Tomography for Clinical Ophthalmology,"Sarunic, Marinko V","Simon Fraser University (Burnaby, B.C.)",British Columbia,Project Grant,201809PJT,Commercialization,493425,0,3 yrs 0 mth ,Aging,Biomedical Engineering-Biomedical Imaging,4/1/2017,2018-03-31,"Adaptive optics, Optical coherence tomography, Ophthalmology",3
Novel Inhibitors of Viral Infectivity,"Schang, Luis M",University of Alberta,Alberta,Proof of Principle Program Phase I - Drug Development,200904PDD,Proof of Principle,150000,0,1 yr 0 mth ,Infection and Immunity,VIRAL; LIVER DISEASE; VIROLOGY; GASTROINTESTINAL (LIVER),7/1/2009,2010-06-30,"Viral, Inhibitors, Infectivity",0
Repositioning tigecycline for the treatment of leukemia,"Schimmer, Aaron D",University Health Network (Toronto),Ontario,Proof of Principle Program - Phase I,201009PPP,Proof of Principle,156750,0,1 yr 0 mth ,Cancer Research,LEUKAEMIAS; CANCER THERAPY GENERAL; CANCER; CELL BIOLOGY,4/1/2011,2012-03-31,"tigecycline, leukemia, repositioning",1
Preclinical evaluation of a truly human monoclonal antibody for the therapy of infections with a broad spectrum of influenza viruses,"Schrader, John W",University of British Columbia,British Columbia,Proof of Principle Program - Phase I,201009PPP,Proof of Principle,160000,0,1 yr 0 mth ,Infection and Immunity,VIRAL; DRUGS- PHARMACEUTICAL SCIENCE/CHEMISTRY & NON MEDICAL USE OF DRUGS; IMMUNOLOGY-TRANSPLANTATION; DRUG RESEARCH,4/1/2011,2012-03-31,"monoclonal antibody, influenza viruses, infections",2
Preclinical evaluation of antimicrobial ultrashort aminoglycoside- peptide conjugates,"Schweizer, Frank",University of Manitoba,Manitoba,Proof of Principle Program - Phase I,200810PPP,Proof of Principle,150000,0,1 yr 0 mth ,Infection and Immunity,INFECTIOUS AND PARASITIC; DRUGS- PHARMACEUTICAL SCIENCE/CHEMISTRY & NON MEDICAL USE OF DRUGS; DRUG RESEARCH; HEALTH RESEARCH,1/1/2009,2009-12-31,"antimicrobial, aminoglycoside, peptide",11
Optimization and preclinical studies on amphiphilic aminoglycoside antimicrobials (AAAs),"Schweizer, Frank",University of Manitoba,Manitoba,Proof of Principle Program - Phase I,201109PPP,Proof of Principle,160000,0,1 yr 0 mth ,Infection and Immunity,INFECTIOUS AND PARASITIC; DRUGS- PHARMACEUTICAL SCIENCE/CHEMISTRY & NON MEDICAL USE OF DRUGS; HEALTH RESEARCH; DRUG RESEARCH,4/1/2012,2013-03-31,"amphiphilic, aminoglycoside, antimicrobials",7
Rescuing beta-lactam antibiotic/beta-lactamase inhibitor combinations from resistance against multidrug-resistant Gram-negative pathogens,"Schweizer, Frank",University of Manitoba,Manitoba,Project Grant - Priority Announcement: Infection and Immunity,201909PJ4,Commercialization,100000,0,1 yr 0 mth  ,Infection and Immunity,"Immunology and Infection-Antimicrobial Drug Resistance, Drug Discovery and Therapeutics (including vaccines)",3/1/2020,2021-02-28,"beta-lactam, beta-lactamase, antibiotic",3
Rescuing beta-lactam antibiotic/beta-lactamase inhibitor combinations from resistance against multidrug-resistant Gram-negative pathogens,"Schweizer, Frank",University of Manitoba,Manitoba,Project Grant,202003PJT,Commercialization,654075,0,4 yrs 0 mth ,Infection and Immunity,"Immunology and Infection-Antimicrobial Drug Resistance, Drug Discovery and Therapeutics (including vaccines)",3/1/2020,2021-02-28,"beta-lactam, beta-lactamase, antibiotic",3
Validation of PCSK9 single domain antibodies in cholesterol regulation in humanized mice,"Seidah, Nabil G",Institut de recherches cliniques de Montreal,Quebec,Proof of Principle Program - Phase II,201209PP2,Proof of Principle,186128,0,1 yr 0 mth ,"Nutrition, Metabolism and Diabetes",DRUGS- PHARMACEUTICAL SCIENCE/CHEMISTRY & NON MEDICAL USE OF DRUGS; METABOLISM AND NUTRITION; CARDIOVASCULAR; METABOLISM/DIABETES,4/1/2013,2014-03-31,"PCSK9, antibodies, cholesterol",2
Preclinical Development of Novel Biomaterials for the Creation of a Deviceless Pre-Vascularized Site for Islet and Cellular Transplantation,"Shapiro, James",University of Alberta,Alberta,Proof of Principle Program - Phase I,201509PPP,Proof of Principle,157126,0,1 yr 0 mth ,"Nutrition, Metabolism and Diabetes",DIABETES MELLITUS; ENDOCRINOLOGY; IMMUNOLOGY-TRANSPLANTATION; METABOLISM/DIABETES,4/1/2016,2017-03-31,"Biomaterials, Prevascularized site, Transplantation",0
A novel eye drop platform to improve ocular therapies,"Sheardown, Heather D",McMaster University,Ontario,Project Grant,202109PJT,Commercialization,531674,0,3 yrs 0 mth ,Aging,"Commercialization-Technology Transfer; Biomedical Engineering-Biomaterials, Nanotechnology and Biomechanics",4/1/2022,2025-03-31,"eye drop, ocular, therapies",0
Recombinant hydrolases as anti-biofilm therapies for Aspergillus infections,"Sheppard, Donald C",Research Institute of the McGill University Health Centre,Quebec,Proof of Principle Program - Phase I,201502PPP,Proof of Principle,151459,0,1 yr 0 mth ,Infection and Immunity,INFECTIOUS AND PARASITIC; PNEUMONIA; BACTERIOLOGY; IMMUNOLOGY-TRANSPLANTATION,10/1/2015,2016-09-30,"recombinant hydrolases, anti-biofilm, Aspergillus",1
Treatment Planning and Guidance Software Platform for Minimally Invasive Ablation Therapies,"Sherar, Michael D",University Health Network (Toronto),Ontario,Proof of Principle Program - Phase I,201209PPP,Proof of Principle,145925,10000,1 yr 0 mth ,Cancer Research,CANCER THERAPY GENERAL; BIOPHYSICS; CANCER,4/1/2013,2014-03-31,"Ablation, Guidance, Software",1
Development of an RNA-based test for diagnosing and monitoring bone and soft tissue cancers,"Shlien, Adam",Hospital for Sick Children (Toronto),Ontario,Project Grant,202303PJT,Commercialization,240976,0,1 yr 0 mth ,Cancer Research,Cancer-Cancer Progression and Metastasis; Commercialization-Technology Transfer; Artificial Intelligence-Machine Learning,10/1/2023,2024-09-30,"RNA, diagnosis, cancers",1
Commercial Development of Bioengineered Therapeutic Strategy for Spinal Cord Injury,"Shoichet, Molly S",University of Toronto,Ontario,Proof of Principle Program - Phase I,201003PPP,Proof of Principle,159996,0,1 yr 0 mth ,"Neurosciences, Mental Health and Addiction",SPINAL CORD DISEASE; NERVOUS SYSTEM,10/1/2010,2011-09-30,"Bioengineered, Therapeutic, Spinal Cord Injury",2
Novel therapeutic targeting for cognitive deficits in depression and aging,"Sibille, Etienne",Centre for Addiction and Mental Health (Toronto),Ontario,Project Grant,201803PJT,Commercialization,550800,0,3 yrs 0 mth ,"Neurosciences, Mental Health and Addiction",Mental Health and Behavioural Conditions-Mental Health and Addiction; Aging-Aging Process and Biological Determinants of Aging,10/1/2018,2021-09-30,"therapeutic, cognitive deficits, depression",4
Highly specific therapeutic-grade anti-FGFR1 antibodies with anti-proliferative effects,"Sidhu, Sachdev S",University of Toronto,Ontario,Proof of Principle Program - Phase I,201502PPP,Proof of Principle,160000,0,1 yr 0 mth ,Cancer Research,CANCER THERAPY GENERAL; MOLECULAR BIOLOGY; CANCER,10/1/2015,2016-09-30,"anti-FGFR1, antibodies, anti-proliferative",0
High Quality Sperm Selection for Assisted Reproductive Technology,"Sinton, David A",University of Toronto,Ontario,Proof of Principle Program - Phase I,201409PPP,Proof of Principle,159904,0,1 yr 0 mth ,"Human Development, Child and Youth Health",INFERTILITY MALE; INFERTILITY FEMALE; REPRODUCTION/PREGNANCY,4/1/2015,2016-03-31,"Sperm, Selection, Reproductive",4
Development of ganglioside-based therapies for Huntington's disease,"Sipione, Simonetta",University of Alberta,Alberta,Proof of Principle Program Phase I - Drug Development,201102PDD,Proof of Principle,159196,0,1 yr 0 mth ,"Neurosciences, Mental Health and Addiction",HUNTINGTON'S DISEASE; MULTIPLE DISEASE RELEVANCE; NERVOUS SYSTEM; CELL BIOLOGY,10/1/2011,2012-09-30,"ganglioside, Huntington's disease, therapies",1
NLRP7-based diagnosis of female reproduction wastage,"Slim, Rima",McGill University,Quebec,Proof of Principle Program - Phase I,201202PPP,Proof of Principle,160000,0,1 yr 0 mth ,Genetics,PREGNANCY/BIRTH; PERINATAL; GENETICS; REPRODUCTION/PREGNANCY,10/1/2012,2013-09-30,"NLRP7, diagnosis, female reproduction",0
Identification of SLC26A11 blockers to prevent neuronal swelling and cell death,"Snutch, Terrance P",University of British Columbia,British Columbia,Proof of Principle Program - Phase I,201509PPP,Proof of Principle,160000,0,1 yr 0 mth ,"Neurosciences, Mental Health and Addiction",CNS ORGANIC; MULTIPLE DISEASE RELEVANCE; DRUG RESEARCH; NERVOUS SYSTEM,4/1/2016,2017-03-31,"SLC26A11, blockers, neuronal swelling",0
Identification of novel compounds inhibiting viral infections,"Sonenberg, Nahum",McGill University,Quebec,Proof of Principle Program - Phase I,200810PPP,Proof of Principle,150000,0,1 yr 0 mth ,Infection and Immunity,VIRAL; MULTIPLE DISEASE RELEVANCE; VIROLOGY; MOLECULAR BIOLOGY,1/1/2009,2009-12-31,"compounds, inhibiting, viral infections",0
GAL-7-specific nanobodies for treatment of triple-negative breast cancer,"St-Pierre, Yves","INRS - (Quebec, QC)",Quebec,Project Grant,201809PJT,Commercialization,371024,0,3 yrs 0 mth ,Cancer Research,Commercialization-Intellectual Property,4/1/2019,2022-03-31,"GAL-7, nanobodies, breast cancer",3
"Development of the Mammalian Membrane Two-Hybrid (MaMTH) technology, a novel protein interaction and drug discovery tool","Stagljar, Igor",University of Toronto,Ontario,Proof of Principle Program - Phase I,201209PPP,Proof of Principle,160000,0,1 yr 0 mth ,Cancer Research,CANCER THERAPY GENERAL; MULTIPLE DISEASE RELEVANCE; MOLECULAR BIOLOGY; BIOCHEMISTRY,4/1/2013,2014-03-31,"Membrane, Two-Hybrid, Protein interaction",3
Development of a new therapy targeting adipose tissue metabolism for the treatment of obesity,"Steinberg, Gregory R",McMaster University,Ontario,Proof of Principle Program - Phase I,201402PPP,Proof of Principle,160000,0,1 yr 0 mth ,"Nutrition, Metabolism and Diabetes",OBESITY; ENDOCRINOLOGY; METABOLISM/DIABETES,10/1/2014,2015-09-30,"adipose tissue, metabolism, obesity",4
Chimeric Oncolytic Virus for Brain Cancer Treatment,"Stojdl, David F",Children's Hospital of Eastern Ontario Research Institute Inc,Ontario,Proof of Principle Program - Phase I,201302PPP,Proof of Principle,160000,0,1 yr 0 mth ,Cancer Research,BRAIN TUMORS THERAPY; CANCER THERAPY GENERAL,10/1/2013,2014-09-30,"Chimeric, Oncolytic Virus, Brain Cancer",3
The SmartForceps System: An intelligent and innovative tool technology for recording surgical performance and skill,"Sutherland, Garnette R",University of Calgary,Alberta,Project Grant,201709PJT,Commercialization,520200,0,3 yrs 0 mth ,Health Services and Policy Research,"Biomedical Engineering-Biophysics, Medical Technologies and Instrumentation; Health Services and Systems-Healthcare Safety & Quality Improvement",4/1/2018,2021-03-31,"SmartForceps, surgical, recording",2
An Intelligent Workstation for Robot-Assisted Microsurgery & Tele-Operations,"Sutherland, Garnette R",University of Calgary,Alberta,Project Grant,202303PJT,Commercialization,780300,0,3 yrs 0 mth ,Health Services and Policy Research,"Biomedical Engineering-Biophysics, Medical Technologies and Instrumentation",10/1/2023,2026-09-30,"Robot-assisted, Microsurgery, Tele-operations",0
A Novel Injectable Chitosan Sponge Containing BMP-7 as a Therapeutic Intervention for Accelerated Bone Formation in a Critical Size Defect Rat Model,"Tabrizian, Maryam",McGill University,Quebec,Proof of Principle Program - Phase I,201402PPP,Proof of Principle,160000,0,1 yr 0 mth ,Musculoskeletal Health and Arthritis,"BONE CANCER; INJURY, REGENERATION; MUSCLE, BONE, OR JOINT; DRUG RESEARCH",10/1/2014,2015-09-30,"Chitosan, BMP-7, Bone Formation",1
Biocompatible inorganic nanogel system for medical applications,"Tamimi, Faleh",McGill University,Quebec,Proof of Principle Program - Phase I,201209PPP,Proof of Principle,150160,0,1 yr 0 mth ,Musculoskeletal Health and Arthritis,"DRUGS- PHARMACEUTICAL SCIENCE/CHEMISTRY & NON MEDICAL USE OF DRUGS; INJURY, REGENERATION; DENTAL SCIENCE - Oral Biology; DRUG RESEARCH",4/1/2013,2014-03-31,"Biocompatible, nanogel, inorganic",0
Design Revisions and Validations of a Catheter Steering and Navigation System For Peripheral Endovascular Revascularization,"Tavallaei, Mohammad A",Toronto Metropolitan University,Ontario,Project Grant,202403PJT,Commercialization,501076,0,3 yrs 0 mth ,Circulatory and Respiratory Health,"Biomedical Engineering-Biophysics, Medical Technologies and Instrumentation",10/1/2024,2027-09-30,"Catheter, Steering, Revascularization",0
Development of anti-S100 proteins for the treatment of arthritis,"Tessier, Philippe A",Universite Laval,Quebec,Proof of Principle Program - Phase I,200904PPP,Proof of Principle,142600,0,1 yr 0 mth ,Musculoskeletal Health and Arthritis,"ARTHRITIS/OSTEOARTHRITIS; CHRONIC INFLAMMATORY BOWEL DISEASE; IMMUNOLOGY-TRANSPLANTATION; MUSCLE, BONE, OR JOINT",7/1/2009,2010-06-30,"S100 proteins, arthritis",6
"Development of a Proprietary, Glass-Based Adhesive for Sternal Fixation and Stabilisation.","Towler, Mark R",Toronto Metropolitan University,Ontario,Project Grant,201803PJT,Commercialization,602438,0,3 yrs 0 mth ,Musculoskeletal Health and Arthritis,"Biomedical Engineering-Biomaterials, Nanotechnology and Biomechanics; Musculoskeletal Health-Bone, Skin and Cartilage Sciences",10/1/2018,2021-09-30,"Glass, Adhesive, Sternal",0
Development of a treatment for Friedreich ataxia based on the administration of TALE proteins targeting the frataxin promoter.,"Tremblay, Jacques P",Universite Laval,Quebec,Proof of Principle Program - Phase I,201209PPP,Proof of Principle,160000,0,1 yr 0 mth ,Genetics,CONGENITAL ANOMALIES; MOLECULAR BIOLOGY,4/1/2013,2014-03-31,"Friedreich ataxia, TALE proteins, frataxin",4
Alzheimer treatment based on the editing of the Amyloid Precursor Protein gene,"Tremblay, Jacques P",Universite Laval,Quebec,Proof of Principle Program - Phase I,201502PPP,Proof of Principle,159931,0,1 yr 0 mth ,Aging,ALZHEIMER'S DISEASE; AGING; MOLECULAR BIOLOGY; GENETICS,10/1/2015,2016-09-30,"Alzheimer, gene editing, Amyloid Precursor Protein",1
Discovery and uses of a new class of small molecule inhibitors of tyrosine phosphatases.,"Tremblay, Michel L",McGill University,Quebec,Proof of Principle Program Phase I - Drug Development,201003PDD,Proof of Principle,158850,0,1 yr 0 mth ,Cancer Research,MULTIPLE DISEASE RELEVANCE; BREAST CANCER THERAPY; BIOCHEMISTRY; DRUG RESEARCH,10/1/2010,2011-09-30,"small molecule, tyrosine phosphatases, inhibitors",4
Targeting novel BioNanofluids for prostate cancer therapy,"Trifiro, Mark A",CIUSSS de Centre-Ouest-de-l'Ile-de-Montreal-Jewish General,Quebec,Proof of Principle Program - Phase I,201409PPP,Proof of Principle,148240,11000,1 yr 0 mth ,Cancer Research,PROSTATE AND BLADDER CANCER; PROSTATE AND BLADDER CANCER THERAPY,4/1/2015,2016-03-31,"BioNanofluids, prostate cancer, targeting",0
Benchmark proprietary pyridine- and thienopyrimidine-based bisphosphonates against the standard of care drug Zometae in the treatment of multiple myeloma,"Tsantrizos, Youla S",McGill University,Quebec,Proof of Principle Program - Phase I,201309PPP,Proof of Principle,160000,0,1 yr 0 mth ,Cancer Research,CANCER THERAPY GENERAL; BONE CANCER THERAPY; DRUG RESEARCH; CANCER,4/1/2014,2015-03-31,"pyridine, bisphosphonates, myeloma",2
Development of a monoclonal antibody for integrin alpha-11 to treat lung cancer,"Tsao, Ming-Sound",University Health Network (Toronto),Ontario,Proof of Principle Program - Phase I,201409PPP,Proof of Principle,160000,0,1 yr 0 mth ,Cancer Research,LUNG CANCER; LUNG CANCER THERAPY; CANCER; DRUG RESEARCH,4/1/2015,2016-03-31,"monoclonal antibody, integrin alpha-11, lung cancer",0
Development of a TLR5 antagonist as a novel anti-inflammatory therapy for cystic fibrosis,"Turvey, Stuart E",University of British Columbia,British Columbia,Proof of Principle Program Phase I - Drug Development,200904PDD,Proof of Principle,150000,0,1 yr 0 mth ,Infection and Immunity,IMMUNOLOGY-TRANSPLANTATION; BIOCHEMISTRY,7/1/2009,2010-06-30,"TLR5, antagonist, cystic fibrosis",0
New Treatment of Blood Cancers with Improved Delivery of Nucleic Acids,"Uludag, Hasan",University of Alberta,Alberta,Project Grant,202210PJT,Commercialization,100000,0,1 yr 0 mth ,Cancer Research,"Biomedical Engineering-Biomaterials, Nanotechnology and Biomechanics; Cancer-Cancer Drug Development and Therapeutics; Pharmacological, Toxicological and Pharmaceutical Sciences-Drug Discovery, Design and Delivery",4/1/2023,2024-03-31,"Blood cancers, Nucleic acids, Delivery",0
Novel Applications of Potassium Channel Blockers in Arthritis,"Underhill, Michael",University of British Columbia,British Columbia,Proof of Principle Program - Phase I,201009PPP,Proof of Principle,146400,0,1 yr 0 mth ,Musculoskeletal Health and Arthritis,"ARTHRITIS/OSTEOARTHRITIS; MUSCULO SKELETAL; MUSCLE, BONE, OR JOINT; AGING",4/1/2011,2012-03-31,"Potassium Channel, Blockers, Arthritis",0
Commercialization of RNA Mango fluorogenic aptamers: RNA Pulldown and Imaging Tools for Therapeutic and Diagnostic pipelines,"Unrau, Peter J","Simon Fraser University (Burnaby, B.C.)",British Columbia,Project Grant,202210PJT,Commercialization,100000,0,1 yr 0 mth ,Infection and Immunity,"Commercialization-Intellectual Property; Commercialization-Technology Transfer; Immunology and Infection-Antimicrobial Drug Resistance, Drug Discovery and Therapeutics (including vaccines)",4/1/2023,2024-03-31,"RNA, Fluorogenic, Imaging",0
Developing a potent non-addictive analgesic as an alternative to conventional opioids,"Vanner, Stephen J","Queen's University (Kingston, Ontario)",Ontario,Project Grant,202303PJT,Commercialization,665550,0,3 yrs 0 mth ,"Neurosciences, Mental Health and Addiction","Commercialization-Industry Research & Development; Neurosciences-Sensory Systems (including visual, auditory and pain)",10/1/2023,2026-09-30,"analgesic, opioids, non-addictive",0
Evaluation of BRCA1 as a Novel Therapeutic Strategy for Endothelial Dysfunction and Atherosclerosis,"Verma, Subodh S",Unity Health Toronto,Ontario,Proof of Principle Program - Phase I,200904PPP,Proof of Principle,149998,0,1 yr 0 mth ,Circulatory and Respiratory Health,ATHEROSCLEROSIS; CARDIOVASCULAR,7/1/2009,2010-06-30,"BRCA1, Endothelial Dysfunction, Atherosclerosis",1
Tissue engineered cartilage suitable for the repair of clinically-relevant sized defects,"Waldman, Stephen D","Queen's University (Kingston, Ontario)",Ontario,Proof of Principle Program - Phase I,200910PPP,Proof of Principle,148139,0,1 yr 0 mth ,Musculoskeletal Health and Arthritis,"INJURY, REGENERATION; ARTHRITIS/OSTEOARTHRITIS; MUSCLE, BONE, OR JOINT; BIOPHYSICS",4/1/2010,2011-03-31,"tissue engineering, cartilage, repair",1
Development of preclinical data for a phase one clinical trial of a micro-RNA-based formulation to treat early sepsis,"Walker, Gilbert C",University of Toronto,Ontario,Project Grant,202403PJT,Commercialization,508725,0,2 yrs 0 mth ,Circulatory and Respiratory Health,"Cardiovascular, Respiratory and Circulatory Systems-Respiratory System Pathologies and Clinical Interventions; Commercialization-Technology Transfer; Cardiovascular, Respiratory and Circulatory Systems-Clinical and Translational Cardiovascular Sciences",10/1/2024,2026-09-30,"micro-RNA, sepsis, formulation",1
Total liquid ventilation improves respiratory and neurological outcomes in newborn lambs with severe respiratory failure,"Walti, Herve",Universite de Sherbrooke,Quebec,Proof of Principle Program - Phase I,201202PPP,Proof of Principle,159252,0,1 yr 0 mth ,Circulatory and Respiratory Health,RESPIRATION; PERINATAL; NOT CLASSIFIED,10/1/2012,2013-09-30,"liquid ventilation, respiratory failure, neurological outcomes",0
Optimization and Validation of MCT4-targeting Small Molecule Inhibitors for Treatment of Advanced Cancers,"Wang, Yuzhuo",University of British Columbia,British Columbia,Project Grant,202109PJT,Commercialization,1147500,0,5 yrs 0 mth ,Cancer Research,Commercialization-Intellectual Property; Cancer-Cancer Drug Development and Therapeutics,4/1/2022,2027-03-31,"MCT4, small molecule, inhibitors",0
Development of a Novel Oral Amphotericin B Formulation for the Treatment of Systemic Fungal Infections,"Wasan, Kishor M",University of British Columbia,British Columbia,Proof of Principle Program - Phase II,200810PP2,Proof of Principle,200000,0,1 yr 0 mth ,Infection and Immunity,null,1/1/2010,2009-12-31,"Amphotericin B, oral formulation, fungal infections",5
Contact Optical Microscopy,"Weaver, Donald F",IWK Health Centre (Halifax),Nova Scotia,Proof of Principle Program - Phase I,200910PPP,Proof of Principle,148684,0,1 yr 0 mth ,"Neurosciences, Mental Health and Addiction",MULTIPLE DISEASE RELEVANCE; MULTIDISCIPLINARY; IMAGING; INTERNATIONAL HEALTH,4/1/2010,2011-03-31,"Contact, Optical, Microscopy",2
Pharmacokinetic Optimization of a New Drug for Alzheimer's Disease,"Weaver, Donald F",IWK Health Centre (Halifax),Nova Scotia,Proof of Principle Program - Phase I,200910PPP,Proof of Principle,150000,0,1 yr 0 mth ,"Neurosciences, Mental Health and Addiction",ALZHEIMER'S DISEASE; DRUGS- PHARMACEUTICAL SCIENCE/CHEMISTRY & NON MEDICAL USE OF DRUGS; DRUG RESEARCH; NERVOUS SYSTEM,4/1/2010,2011-03-31,"Pharmacokinetic, Drug, Alzheimer's",4
"Design and Development of Brain Permeant Indoleamine-2,3-Dioxygenase Inhibitors","Weaver, Donald F",University Health Network (Toronto),Ontario,Project Grant,201709PJT,Commercialization,765000,0,4 yrs 0 mth ,"Neurosciences, Mental Health and Addiction","Pharmacological, Toxicological and Pharmaceutical Sciences-Drug Discovery, Design and Delivery; Neurosciences-Neurological disorders",4/1/2018,2022-03-31,"brain, indoleamine-2,3-dioxygenase, inhibitors",1
Pre-clinical development of Pentarix: a therapeutic vaccine for HPV-associated cancers,"Webb, John R",University of Victoria (British Columbia),British Columbia,Proof of Principle Program - Phase I,201003PPP,Proof of Principle,160000,0,1 yr 0 mth ,Cancer Research,CANCER THERAPY GENERAL; VIRAL; CANCER; IMMUNOLOGY-TRANSPLANTATION,10/1/2010,2011-09-30,"Pentarix, vaccine, HPV",1
Small molecule inhibitor of polynucleotide kinase/phosphatase and uses thereof in cancer treatment.,"Weinfeld, Michael",University of Alberta,Alberta,Proof of Principle Program - Phase I,200910PPP,Proof of Principle,150000,0,1 yr 0 mth ,Cancer Research,CANCER THERAPY GENERAL; CANCER,4/1/2010,2011-03-31,"small molecule, polynucleotide kinase, cancer",3
Implementation and Commercialization of a Novel DNA Methylation-Based Diagnostic Tool,"Weksberg, Rosanna",Hospital for Sick Children (Toronto),Ontario,Proof of Principle Program - Phase I,201502PPP,Proof of Principle,160000,0,1 yr 0 mth ,"Human Development, Child and Youth Health","DETERMINANTS OF HEALTH; MENTAL AND BEHAVIOURAL DISEASES; GENETICS; GENOMICS, PROTEOMICS, AND BIOINFORMATICS",10/1/2015,2016-09-30,"DNA methylation, diagnostic, tool",2
"""""""Bone Tape"""": Optimization of a novel method for reconstructing the craniomaxillofacial skeleton""","Whyne, Cari M","Sunnybrook Health Sciences Centre (Toronto, Ontario)",Ontario,Proof of Principle Program - Phase I,201509PPP,Proof of Principle,160000,0,1 yr 0 mth ,Musculoskeletal Health and Arthritis,"MUSCULO SKELETAL; MUSCLE, BONE, OR JOINT",4/1/2016,2017-03-31,"bone, craniomaxillofacial, reconstruction",2
3D bioprinting next generation brain organoids for identifying drug targets for Alzheimer's disease,"Willerth, Stephanie M",University of Victoria (British Columbia),British Columbia,Project Grant,202104PJT,Commercialization,489600,0,4 yrs 0 mth ,"Neurosciences, Mental Health and Addiction","Biomedical Engineering-Regenerative Medicine and Tissue Engineering; Molecular, Cellular and Systems Biology-Cell Differentiation",10/1/2021,2025-09-30,"bioprinting, brain organoids, Alzheimer's",0
The Production of Decellularized Human Skin to Treat Chronic Diabetic Ulcers,"Williams, Jason",Nova Scotia Health Authority (Halifax),Nova Scotia,Proof of Principle Program - Phase II,201309PP2,Proof of Principle,145760,0,1 yr 0 mth ,Musculoskeletal Health and Arthritis,DIABETES MELLITUS; SKIN AND SUBCUTANEOUS TISSUS; HEALTH RESEARCH; METABOLISM/DIABETES,4/1/2014,2015-03-31,"Decellularized, Human Skin, Diabetic Ulcers",0
Development of a test for the early diagnosis and monitoring of lupus nephritis,"Wither, Joan E",University Health Network (Toronto),Ontario,Proof of Principle Program - Phase I,201509PPP,Proof of Principle,160000,0,1 yr 0 mth ,Musculoskeletal Health and Arthritis,"LUPUS; GENITO/URINARY SYSTEM; MUSCLE, BONE, OR JOINT; RENAL FUNCTION, NEPHROLOGY, UROLOGY",4/1/2016,2017-03-31,"lupus, nephritis, diagnosis",1
Novel mechanism-based inhibitors of influenza neuraminidase as potential anti-viral agents,"Withers, Stephen G",University of British Columbia,British Columbia,Proof of Principle Program - Phase I,200910PPP,Proof of Principle,150000,0,1 yr 0 mth ,Infection and Immunity,INFECTIOUS AND PARASITIC; VIRAL; VIROLOGY; POPULATION HEALTH,4/1/2010,2011-03-31,"neuraminidase, inhibitors, influenza",5
Novel Influenza Neuraminidase Inhibitors - Development of Orally Bioavailable Agents,"Withers, Stephen G",University of British Columbia,British Columbia,Proof of Principle Program - Phase II,201202PP2,Proof of Principle,297000,0,1 yr 0 mth ,Infection and Immunity,VIRAL; DRUGS- PHARMACEUTICAL SCIENCE/CHEMISTRY & NON MEDICAL USE OF DRUGS; VIROLOGY; POPULATION HEALTH,10/1/2012,2013-09-30,"Influenza, Neuraminidase, Inhibitors",5
Extending circulation time of protein therapeutics by capping glycan structures with 7F-Sialic acids,"Withers, Stephen G",University of British Columbia,British Columbia,Proof of Principle Program - Phase I,201409PPP,Proof of Principle,159981,0,1 yr 0 mth ,Genetics,MULTIDISCIPLINARY; BIOCHEMISTRY,4/1/2015,2016-03-31,"protein, glycan, sialic acids",5
Novel bifunctional antiandrogens that suppress oncogenic activation of the androgen receptor in castration-resistant prostate cancer,"Wu, Jian Hui",CIUSSS de Centre-Ouest-de-l'Ile-de-Montreal-Jewish General,Quebec,Proof of Principle Program Phase I - Drug Development,201003PDD,Proof of Principle,159750,0,1 yr 0 mth ,Cancer Research,DRUGS- PHARMACEUTICAL SCIENCE/CHEMISTRY & NON MEDICAL USE OF DRUGS; PROSTATE AND BLADDER CANCER THERAPY; CANCER; ENDOCRINOLOGY,10/1/2010,2011-09-30,"antiandrogens, androgen receptor, prostate cancer",4
Development of novel pan-inhibitors of the androgen receptor variants as effective therapeutics for castration-resistant prostate cancer,"Wu, Jian Hui",CIUSSS de Centre-Ouest-de-l'Ile-de-Montreal-Jewish General,Quebec,Proof of Principle Program - Phase I,201502PPP,Proof of Principle,160000,0,1 yr 0 mth ,Cancer Research,PROSTATE AND BLADDER CANCER; DRUGS- PHARMACEUTICAL SCIENCE/CHEMISTRY & NON MEDICAL USE OF DRUGS,10/1/2015,2016-09-30,"androgen receptor, pan-inhibitors, prostate cancer",2
Preclinical evaluation of multifunctional polymer nanoparticles for targeted brain cancer therapy,"Wu, Xiao Yu S",University of Toronto,Ontario,Proof of Principle Program - Phase I,201309PPP,Proof of Principle,160000,0,1 yr 0 mth ,Cancer Research,BRAIN TUMORS THERAPY; DRUGS- PHARMACEUTICAL SCIENCE/CHEMISTRY & NON MEDICAL USE OF DRUGS; DRUG RESEARCH; CANCER,4/1/2014,2015-03-31,"polymer nanoparticles, brain cancer, targeted",2
Development of a Smart Tumor-Activated Nanodiagnostic System for Sensitive Detection of Solid Tumors and Metastases,"Wu, Xiao Yu S",University of Toronto,Ontario,Project Grant,201809PJT,Commercialization,470475,0,3 yrs 0 mth ,Cancer Research,Commercialization-Intellectual Property; Biomedical Engineering-Biomedical Imaging,4/1/2019,2022-03-31,"Nanodiagnostic, Tumor-Activated, Detection",0
Doppler Optical Coherence Tomography for Intraoperative Imaging During Skull Base Neurosurgical Procedures,"Yang, Victor X",Toronto Metropolitan University,Ontario,Proof of Principle Program - Phase I,200910PPP,Proof of Principle,149984,0,1 yr 0 mth ,Cancer Research,BRAIN TUMORS THERAPY; IMAGING; BIOPHYSICS,4/1/2010,2011-03-31,"Doppler, Optical Coherence Tomography, Neurosurgical",6
Integrated Surgical Lighting and Navigation System,"Yang, Victor X",Toronto Metropolitan University,Ontario,Proof of Principle Program - Phase I,201302PPP,Proof of Principle,156230,2200,1 yr 0 mth ,Musculoskeletal Health and Arthritis,"MUSCULO SKELETAL; MULTIDISCIPLINARY; IMAGING; MUSCLE, BONE, OR JOINT",10/1/2013,2014-09-30,"Surgical lighting, Navigation system",21
A field-deployable malaria and fever diagnostic system,"Yanow, Stephanie K",University of Alberta,Alberta,Proof of Principle Program - Phase II,201309PP2,Proof of Principle,143250,0,1 yr 0 mth ,Infection and Immunity,INFECTIOUS AND PARASITIC; POPULATION HEALTH; INTERNATIONAL HEALTH,4/1/2014,2015-03-31,"malaria, diagnostic, fever",0
Long-term preservation of a whole parasite malaria vaccine for storage and delivery in the tropics,"Yanow, Stephanie K",University of Alberta,Alberta,Proof of Principle Program - Phase I,201409PPP,Proof of Principle,160000,0,1 yr 0 mth ,Infection and Immunity,INFECTIOUS AND PARASITIC; BLOOD; INTERNATIONAL HEALTH; HEALTH RESEARCH,4/1/2015,2016-03-31,"parasite, malaria, vaccine",0
Commercializing a novel platform for delivery of antisense oligonucleotide-mediated therapy,"Yokota, Toshifumi",University of Alberta,Alberta,Project Grant,202203PJT,Commercialization,1009800,0,5 yrs 0 mth ,Genetics,Genetics-Clinical Genetics,10/1/2022,2027-09-30,"antisense, oligonucleotide, delivery",3
Minimally-Invasive Method of Selectively Activating Posterior Tibial Nerve Afferents for Treating Overactive Bladder,"Yoo, Paul",University of Toronto,Ontario,Proof of Principle Program - Phase I,201502PPP,Proof of Principle,155800,4000,1 yr 0 mth ,Aging,"GENITO/URINARY SYSTEM; RENAL FUNCTION, NEPHROLOGY, UROLOGY",10/1/2015,2016-09-30,"Minimally-Invasive, Posterior Tibial Nerve, Overactive Bladder",19
Development of a novel conjugate drug for local delivery in bone grafts: Efficacy study on vascularization and osteogenesis after local delivery in a dental implant jaw model,"Young, Robert N","Simon Fraser University (Burnaby, B.C.)",British Columbia,Proof of Principle Program - Phase I,201409PPP,Proof of Principle,157500,0,1 yr 0 mth ,Musculoskeletal Health and Arthritis,DENTAL DISEASE (INCL. ORAL BIOLOGY); DRUGS- PHARMACEUTICAL SCIENCE/CHEMISTRY & NON MEDICAL USE OF DRUGS; DRUG RESEARCH; DENTAL SCIENCE - Oral Biology,4/1/2015,2016-03-31,"conjugate drug, bone grafts, osteogenesis",6
Development of the first pre-operative serum exosomal miRNA test to guide treatment decision in prostate cancer,"Yousef, George M",Unity Health Toronto,Ontario,Project Grant,201809PJT,Commercialization,573752,0,4 yrs 0 mth ,Cancer Research,Cancer-Cancer Progression and Metastasis,4/1/2019,2023-03-31,"exosomal, miRNA, prostate cancer",1
Arrays of constrained histone tail mimetics for the development of epigenetic anticancer drugs,"Yudin, Andrei",University of Toronto,Ontario,Proof of Principle Program - Phase I,201102PPP,Proof of Principle,85712,74288,1 yr 0 mth ,Cancer Research,DRUGS- PHARMACEUTICAL SCIENCE/CHEMISTRY & NON MEDICAL USE OF DRUGS; CANCER THERAPY GENERAL; DRUG RESEARCH; CANCER,10/1/2011,2012-09-30,"histone, mimetics, epigenetic",0
"Vegaven, a novel lipid emulsion with unique superior biological actions designed for parenteral nutrition","Zaugg, Michael",University of Alberta,Alberta,Project Grant,202303PJT,Commercialization,818550,0,3 yrs 0 mth ,"Nutrition, Metabolism and Diabetes",Commercialization-Intellectual Property,10/1/2023,2026-09-30,"lipid emulsion, parenteral nutrition, biological actions",0
Development of a laser Raman spectroscopy system for melanoma detection,"Zeng, Haishan",University of British Columbia,British Columbia,Proof of Principle Program - Phase II,201009PP2,Proof of Principle,244071,48211,1 yr 0 mth ,Cancer Research,MULTIDISCIPLINARY; SKIN AND SUBCUTANEOUS TISSUS; CANCER; IMAGING,4/1/2011,2012-03-31,"laser, Raman spectroscopy, melanoma",9
Real-time Endoscopic Raman Spectroscopy for Improving Dysplasia/Colorectal Cancer Detection in Patients with Inflammatory Bowel Diseases,"Zeng, Haishan",University of British Columbia,British Columbia,Project Grant,201709PJT,Commercialization,508724,0,4 yrs 0 mth ,Cancer Research,"Biomedical Engineering-Biophysics, Medical Technologies and Instrumentation; Cancer-Clinical Oncology; Digestive, Endocrine and Excretory Systems-Gastroenterology and Hepatology",4/1/2018,2022-03-31,"Raman Spectroscopy, Endoscopic, Colorectal Cancer",1
Autofluorescence Imaging Guided Laser Raman Spectroscopy for Non-invasive Oral Cancer Detection,"Zeng, Haishan",University of British Columbia,British Columbia,Project Grant,202104PJT,Commercialization,742051,0,4 yrs 0 mth ,Cancer Research,"Biomedical Engineering-Biophysics, Medical Technologies and Instrumentation; Cancer-Clinical Oncology; Musculoskeletal Health-Oral Health",10/1/2021,2025-09-30,"Autofluorescence, Raman Spectroscopy, Oral Cancer",0
A new cellular immunotherapy to treat acute myeloid leukemia,"Zhang, Li",University Health Network (Toronto),Ontario,Proof of Principle Program - Phase II,201502PP2,Proof of Principle,183670,35500,1 yr 0 mth ,Cancer Research,MULTIDISCIPLINARY; IMMUNOLOGY-TRANSPLANTATION; CANCER,10/1/2015,2016-09-30,"cellular, immunotherapy, leukemia",7
"""Developing a platform for """"off-the-shelf"""" CAR-T cell therapies for cancer using double negative T cells""","Zhang, Li",University Health Network (Toronto),Ontario,Project Grant,201903PJT,Commercialization,703800,0,4 yrs 0 mth ,Cancer Research,Commercialization-Technology Transfer; Cancer-Cancer Drug Development and Therapeutics,10/1/2019,2023-09-30,"CAR-T, T cells, cancer",5
A diagnostic test for cutaneous T cell lymphomas,"Zhou, Youwen",University of British Columbia,British Columbia,Proof of Principle Program - Phase I,201202PPP,Proof of Principle,151660,0,1 yr 0 mth ,Musculoskeletal Health and Arthritis,"SKIN AND SUBCUTANEOUS TISSUS; BLOOD; CANCER; GENOMICS, PROTEOMICS, AND BIOINFORMATICS",10/1/2012,2013-09-30,"diagnostic, T cell lymphomas, cutaneous",4